[2024-11-07 09:18:36] ,3,47.733,454.024,-78.247,18.014,466.721,19.983,

[2024-11-07 09:19:53] ,3,48.12,454.647,-77.8,18.014,466.721,19.983,

[2024-11-07 09:23:01] ,3,48.459,454.327,-75.779,14.882,490.089,54.728,

[2024-11-07 09:24:35] ,3,49.253,456.18,-75.779,15.744,489.227,54.728,

[2024-11-07 09:25:06] ,3,49.83,456.278,-75.411,15.744,489.227,54.728,

[2024-11-07 09:27:15] ,3,49.253,453.534,-75.779,13.348,490.974,57.674,

[2024-11-07 09:29:37] ,3,50.312,453.534,-75.779,13.348,490.974,57.674,

[2024-11-07 09:30:46] ,2,51.958,451.838,-56.87,14.034,455.132,88.986,

[2024-11-07 09:33:04] ,3,17.9,410.52,-72.532,50.837,424.605,-19.885,

[2024-11-07 09:33:13] ,3,69.094,432.316,-21.092,-3.74,435.296,33.584,

[2024-11-07 09:33:26] ,3,19.453,458.663,37.776,56.94,458.891,69.887,

[2024-11-07 09:33:40] ,3,80.585,460.153,63.947,5.535,481.096,32.125,

[2024-11-07 09:33:53] ,3,57.389,493.638,-46.081,78.189,500.202,0,

[2024-11-07 09:34:06] ,3,12.278,508.199,45,50.294,517.081,-81.107,

[2024-11-07 09:34:23] ,3,-11.485,431.667,-58.97,45.485,463.556,-57.674,

[2024-11-07 09:34:34] ,3,9.266,432.424,-64.799,49.058,457.559,4.194,

[2024-11-07 09:34:47] ,4,83.287,417.717,-5.088,-2.681,480.034,-38.779,

[2024-11-07 09:35:01] ,3,45.828,456.772,87.328,83.078,467.948,-79.902,

[2024-11-07 09:35:13] ,4,36.535,452.352,-9.834,4.281,457.184,76.608,

[2024-11-07 09:35:28] ,3,17.289,469.555,25.545,0.087,510.089,20.511,

[2024-11-07 09:37:18] ,3,6.17,407.792,-71.075,35.55,412.745,74.476,

[2024-11-07 09:37:28] ,3,67.817,413.615,72.784,7.892,443.029,76.519,

[2024-11-07 09:37:41] ,3,71.324,444.06,62.58,51.351,447.221,-76.149,

[2024-11-07 09:37:55] ,3,27.667,449.093,69.044,81.185,474.109,62.063,

[2024-11-07 09:38:07] ,3,49.8,481.965,-72.532,26.882,482.417,78.84,

[2024-11-07 09:38:21] ,3,52.512,509.026,64.983,2.136,514.309,-72.3,

[2024-11-07 09:38:35] ,4,-0.506,476.937,55.039,84.78,504.75,68.488,

[2024-11-07 09:39:58] ,3,40.437,418.977,-77.638,56.432,425.878,79.216,

[2024-11-07 09:40:04] ,3,40.437,418.977,-77.638,56.432,425.878,79.216,

[2024-11-07 09:44:44] ,3,38.274,416.469,-77.179,56.857,425.464,79.592,

[2024-11-07 09:46:44] ,3,1.835,405.678,-69.489,38.348,415.932,-76.804,

[2024-11-07 09:46:50] ,3,1.476,405.668,-69.265,38.364,416.122,-76.891,

[2024-11-07 09:47:22] ,3,1.476,405.668,-69.265,38.364,416.122,-76.891,

[2024-11-07 09:51:12] ,3,-0.145,408.144,-68.27,39.752,419.258,-75.217,

[2024-11-07 09:54:28] ,3,0.388,407.896,-67.913,41.669,419.18,-74.476,

[2024-11-07 09:56:06] ,3,35.04,402.189,65.842,0.478,407.663,-67.913,

[2024-11-07 09:57:37] ,3,33.821,401.06,65.842,0.177,408.38,-67.913,

[2024-11-07 10:01:54] ,3,33.548,401.376,65.333,1.139,407.971,-68.412,

[2024-11-07 10:03:34] ,3,33.393,401.313,65.145,1.797,408.197,-68.057,

[2024-11-07 10:04:52] ,3,33.102,401.188,64.799,2.187,408.126,-67.203,

[2024-11-07 10:05:05] ,3,33.102,401.188,64.799,2.119,408.124,-66.852,

[2024-11-07 10:05:15] ,3,54.731,420.849,79.661,78.227,427.656,78.465,

[2024-11-07 10:05:28] ,3,5.886,433.049,83.911,40.606,439.051,78.914,

[2024-11-07 10:05:40] ,3,75.551,452.592,76.977,15.839,457.809,-76.977,

[2024-11-07 10:05:52] ,3,61.048,467.312,71.445,-11.13,471.932,71.086,

[2024-11-07 10:06:03] ,3,35.46,472.443,-65.462,82.054,480.241,-81.601,

[2024-11-07 10:06:15] ,3,32.178,499.518,81.545,3.896,500.515,76.519,

[2024-11-07 10:06:27] ,3,54.194,501.34,-83.491,75.774,518.543,66.393,

[2024-11-07 10:09:02] ,1,41.755,412.747,-89.484,8.523,436.073,26.792,

[2024-11-07 10:09:47] ,1,41.768,412.687,-88.968,8.523,436.073,26.792,

[2024-11-07 10:09:52] ,1,41.768,412.687,-88.968,8.523,436.073,26.792,

[2024-11-07 10:10:00] ,1,63.623,436.337,-1.521,76.821,464.792,58.426,

[2024-11-07 10:10:12] ,1,-7.819,508.104,-47.899,24.633,510.969,82.875,

[2024-11-07 10:10:24] ,2,-11.545,405.109,-36.56,47.273,425.017,67.068,

[2024-11-07 10:10:36] ,2,23.72,435.929,41.379,-8.11,451.008,-102.693,

[2024-11-07 10:10:48] ,2,15.971,460.855,27.242,55.846,499.543,-168.19,

[2024-11-07 10:11:00] ,3,13.668,413.137,56.416,-8.493,425.58,46.345,

[2024-11-07 10:11:12] ,3,72.047,447.866,-66.652,57.823,478.255,-1.897,

[2024-11-07 10:11:24] ,3,7.337,492.03,-23.348,75.751,496.248,-22.946,

[2024-11-07 10:11:37] ,2,50.293,419.052,45,12.28,499.543,-90,

[2024-11-07 10:11:48] ,1,82.445,430.975,77.082,61.563,452.467,55.049,

[2024-11-07 10:11:58] ,1,25.989,469.752,24.775,-8.517,492.258,-32.005,

[2024-11-07 10:12:10] ,2,42.561,405.93,102.918,-5.78,508.984,56.739,

[2024-11-07 10:12:25] ,1,34.689,494.798,11.31,11.085,510.898,-63.435,

[2024-11-07 10:12:35] ,4,-6.108,405.162,-3.073,8.919,517.998,80.2,

[2024-11-07 10:15:06] ,3,-3.823,414.956,43.379,-7.65,469.431,89.241,

[2024-11-07 10:15:12] ,3,-3.823,414.956,43.379,-7.65,469.431,89.241,

[2024-11-07 10:15:32] ,1,13.402,399.94,-48.281,21.968,492.404,-48.576,

[2024-11-07 10:15:42] ,4,28.93,429.052,42.51,2.394,476.541,18.595,

[2024-11-07 10:15:53] ,2,75.074,416.36,128.82,19.992,453.012,-153.435,

[2024-11-07 10:16:03] ,2,10.583,461.563,135,53.011,474.896,108.435,

[2024-11-07 10:16:15] ,3,2.895,415.065,40.934,5.142,439.906,-81.978,

[2024-11-07 10:16:29] ,1,24.392,413.541,83.884,-7.948,422.394,49.343,

[2024-11-07 10:16:38] ,1,73.759,439.501,-50.782,-4.176,469.161,64.341,

[2024-11-07 10:16:50] ,1,23.221,476.937,-22.736,55.451,507.584,-22.463,

[2024-11-07 10:17:01] ,2,78.37,405.474,45,40.23,430.673,57.295,

[2024-11-07 10:17:13] ,2,39.071,460.211,147.144,30.563,506.409,91.032,

[2024-11-07 10:17:25] ,4,20.585,462.502,5.013,73.707,500.598,-27.013,

[2024-11-07 10:17:38] ,4,-11.22,412.077,-40.992,38.497,516.579,-82.304,

[2024-11-07 10:17:47] ,2,-4.856,430.207,0,-1.758,468.962,152.076,

[2024-11-07 10:17:59] ,4,14.917,479.309,22.852,-4.822,507.589,-80.789,

[2024-11-07 10:18:18] ,1,8.611,418.147,64.341,19.562,444.454,-33.13,

[2024-11-07 10:18:26] ,3,47.247,429.383,-73.374,28.677,501.097,-51.757,

[2024-11-07 10:18:38] ,4,4.239,433.634,-2.045,-6.869,511.819,-11.229,

[2024-11-07 10:18:51] ,2,47.132,481.516,77.8,15.866,491.151,73.009,

[2024-11-07 10:19:01] ,1,46.817,441.214,19.552,-0.506,453.209,18.595,

[2024-11-07 10:19:10] ,2,-8.283,484.187,-4.05,34.821,516.548,178.977,

[2024-11-07 10:19:25] ,1,16.367,454.198,22.932,4.853,496.766,76.209,

[2024-11-07 10:19:34] ,4,68.102,480.301,-68.057,-6.529,483.272,-46.882,

[2024-11-07 10:19:50] ,4,-3.142,473.641,64.96,30.208,514.109,76.584,

[2024-11-07 10:20:07] ,1,8.36,404.394,-53.027,-7.69,409.973,-8.707,

[2024-11-07 10:20:15] ,2,-6.176,425.21,67.341,-6.844,436.885,46.432,

[2024-11-07 10:20:26] ,4,19.042,448.841,39.13,8.068,478.628,86.236,

[2024-11-07 10:20:38] ,4,25.907,399.804,-84.912,82.473,425.593,-21.224,

[2024-11-07 10:20:49] ,4,-5.781,460.873,48.209,10.431,505.199,30.833,

[2024-11-07 10:20:59] ,1,-10.558,415.711,37.073,11.951,481.221,-5.511,

[2024-11-07 10:21:07] ,2,7.667,453.473,17.324,57.23,466.918,4.05,

[2024-11-07 10:21:17] ,3,19.201,442.598,25.04,49.404,516.911,50.981,

[2024-11-07 10:21:30] ,4,-10.195,473.773,71.887,81.155,495.061,-54.162,

[2024-11-07 10:21:49] ,1,29.526,405.602,-51.9,51.622,435.656,81.369,

[2024-11-07 10:21:58] ,1,32.844,445.432,-12.2,61.448,449.255,-17.628,

[2024-11-07 10:22:08] ,1,6.445,488.428,-32.433,38.183,494.336,9.713,

[2024-11-07 10:22:19] ,1,32.613,511.012,-33.69,71.401,518.591,-7.696,

[2024-11-07 10:22:31] ,2,1.82,403.512,-44.265,42.507,411.201,-114.274,

[2024-11-07 10:22:42] ,2,56.327,422.154,68.671,81.381,453.226,-91.521,

[2024-11-07 10:22:53] ,2,-2.681,465.666,-28.811,16.367,506.661,-19.722,

[2024-11-07 10:23:05] ,3,1.273,463.821,0,-6.642,489.936,55.57,

[2024-11-07 10:23:15] ,4,76.805,454.132,71.806,81.089,518.196,38.741,

[2024-11-07 10:23:28] ,3,41.74,480.755,-55.784,-11.249,485.439,-27.759,

[2024-11-07 10:23:36] ,3,40.804,505.662,64.29,9.754,519.653,59.632,

[2024-11-07 10:23:49] ,3,44.02,460.79,-34.315,33.741,488.327,-32.005,

[2024-11-07 10:23:59] ,3,-8.935,464.753,-57.995,17.662,517.221,-47.984,

[2024-11-07 10:24:12] ,2,4.471,481.744,-37.476,48.794,513.582,176.906,

[2024-11-07 10:24:30] ,1,0.585,464.057,31.574,-2.825,488.348,-50.389,

[2024-11-07 10:24:39] ,2,39.589,486.351,76.329,64.085,501.982,8.202,

[2024-11-07 10:24:50] ,3,20.1,472.503,42.879,44.221,503.218,-64.636,

[2024-11-07 10:25:10] ,1,65.689,403.161,-86.392,45.385,403.567,-80.789,

[2024-11-07 10:25:19] ,1,12.677,426.296,48.621,45.802,448.149,83.437,

[2024-11-07 10:25:31] ,1,4.415,448.511,-51.814,72.4,453.494,-46.432,

[2024-11-07 10:25:42] ,1,50.783,462.926,-46.067,84.253,477.332,8.202,

[2024-11-07 10:25:53] ,3,4.108,399.889,14.783,71.688,427.468,-86.186,

[2024-11-07 10:26:10] ,2,-8.394,488.496,109.722,0.392,506.666,60.698,

[2024-11-07 10:26:19] ,3,8.919,440.225,-6.798,-9.733,472.191,-13.305,

[2024-11-07 10:26:38] ,2,8.611,434.229,-115.659,69.226,448.398,11.31,

[2024-11-07 10:26:47] ,1,25.001,408.325,-24.74,20.212,420.293,-65.934,

[2024-11-07 10:26:58] ,2,2.528,452.916,117.474,25.264,497.434,163.985,

[2024-11-07 10:27:10] ,2,63.746,505.277,-68.009,29.63,512.378,-121.574,

[2024-11-07 10:27:21] ,3,65.853,479.882,-75.779,10.516,501.678,65.999,

[2024-11-07 10:27:36] ,1,3.41,412.949,-60.446,35.414,432.052,6.621,

[2024-11-07 10:27:45] ,1,65.667,433.502,24.274,36.909,474.283,-51.73,

[2024-11-07 10:27:56] ,1,65.105,513.307,65.045,-1.754,519.2,-67.141,

[2024-11-07 10:28:08] ,3,64.283,399.559,-6.597,80.585,458.045,-71.806,

[2024-11-07 10:28:20] ,3,15.681,471.869,-81.283,11.129,505.437,-39.075,

[2024-11-07 10:28:34] ,4,-7.199,466.157,-72.646,41.65,487.157,-46.345,

[2024-11-07 10:28:52] ,2,-6.387,412.611,-50.782,69.167,429.215,-95.148,

[2024-11-07 10:29:17] ,1,-4.926,461.274,78.294,2.13,489.196,-18.595,

[2024-11-07 10:29:25] ,2,-6.434,444.778,57.295,16.433,450.441,-172.439,

[2024-11-07 10:29:38] ,4,31.305,413.713,42.839,43.479,482.009,84.703,

[2024-11-07 10:29:51] ,1,14.06,466.062,-90,78.438,490.083,-82.304,

[2024-11-07 10:29:59] ,2,59.188,414.715,-118.856,-8.464,437.243,135,

[2024-11-07 10:30:11] ,2,31.304,462.566,115.442,-2.583,469.658,35.242,

[2024-11-07 10:30:22] ,2,49.864,476.498,87.973,70.769,513.021,-73.698,

[2024-11-07 10:30:35] ,1,12.145,431.452,47.862,-10.029,478.128,33.408,

[2024-11-07 10:30:44] ,2,-8.217,447.409,170.287,8.062,494.007,-25.201,

[2024-11-07 10:30:58] ,2,-1.168,501.35,117.022,22.13,505.213,139.343,

[2024-11-07 10:31:09] ,3,-2.945,477.2,-18.914,49.361,515.644,83.112,

[2024-11-07 10:31:27] ,1,9.022,448.853,41.091,34.426,472.652,4.014,

[2024-11-07 10:31:36] ,2,43.16,439.727,-140.782,1.922,496.626,61.837,

[2024-11-07 10:31:48] ,1,18.805,495.721,16.991,83.821,499.868,-40.992,

[2024-11-07 10:31:58] ,3,30.014,403.689,68.769,47.014,423.616,6.129,

[2024-11-07 10:32:12] ,1,12.148,413.071,-21.991,-10.788,420.321,6.116,

[2024-11-07 10:32:21] ,1,-2.458,463.483,-80.455,3.119,513.582,12.918,

[2024-11-07 10:32:33] ,4,-11.985,478.615,32.208,-6.504,510.55,26.732,

[2024-11-07 10:32:52] ,1,30.265,453.113,-82.011,56.97,506.491,62.978,

[2024-11-07 10:33:00] ,1,13.994,453.407,-4.014,11.458,465.318,86.021,

[2024-11-07 10:33:12] ,3,-2.417,431.789,-19.272,-11.09,494.412,52.292,

[2024-11-07 10:33:25] ,1,2.872,442.452,-80.87,41.544,490.843,-25.201,

[2024-11-07 10:33:36] ,2,74.97,456.606,-86.934,-0.242,464.414,-174.943,

[2024-11-07 10:33:49] ,1,-1.164,420.438,-48.24,54.62,505.339,-30.256,

[2024-11-07 10:34:01] ,3,11.951,446.355,-20.601,62.893,473.746,81.601,

[2024-11-07 10:34:19] ,1,6.436,428.865,-86.424,58.42,447.798,-47.862,

[2024-11-07 10:34:32] ,2,26.682,450.891,-37.875,14.917,472.521,26.114,

[2024-11-07 10:34:43] ,2,57.026,462.038,108.113,62.643,488.274,75.593,

[2024-11-07 10:34:54] ,1,58.805,482.716,81.293,6.151,489.459,-15.876,

[2024-11-07 10:35:06] ,4,82.737,486.164,-53.027,43.851,512.989,63.895,

[2024-11-07 10:35:25] ,1,20.848,460.459,25.894,23.991,487.787,86.455,

[2024-11-07 10:35:41] ,2,15.165,399.965,-63.895,10.139,440.73,-34.951,

[2024-11-07 10:35:50] ,4,-11.112,474.472,-62.312,9.261,480.987,102.095,

[2024-11-07 10:36:02] ,1,-7.931,458.962,-43.199,13.664,465.468,-4.554,

[2024-11-07 10:36:10] ,1,25.198,501.784,-7.125,-9.074,509.43,19.722,

[2024-11-07 10:36:23] ,1,-10.768,416.627,-44.275,-6.453,476.222,-63.886,

[2024-11-07 10:36:34] ,1,70.659,511.258,45,23.717,519.211,-35.838,

[2024-11-07 10:39:20] ,1,31.987,461.975,12.583,70.791,511.127,45,

[2024-11-07 10:39:26] ,1,31.987,461.975,12.583,70.791,511.127,45,

[2024-11-07 10:39:33] ,2,-7.288,422.888,-108.113,73.312,451.496,9.211,

[2024-11-07 10:39:45] ,2,8.765,497.02,-51.814,63.784,497.891,-40.992,

[2024-11-07 10:39:55] ,3,-10.32,440.391,81.978,-2.38,511.94,-35.181,

[2024-11-07 10:40:09] ,1,11.42,426.29,-48.958,22.662,519.343,-35.838,

[2024-11-07 10:40:18] ,2,23.086,416.459,117.022,9.908,483.659,158.199,

[2024-11-07 10:40:29] ,2,3.408,454.24,-65.681,0.12,498.405,-94.05,

[2024-11-07 10:40:42] ,1,9.736,453.054,-65.681,-6.8,461.269,-53.231,

[2024-11-07 10:40:59] ,3,1.788,457.621,-66.652,-4.526,483.593,-1.517,

[2024-11-07 10:41:17] ,1,-5.726,414.606,74.476,31.967,431.25,54.758,

[2024-11-07 10:41:26] ,2,27.475,456.262,-82.999,70.583,466.459,100.214,

[2024-11-07 10:41:39] ,2,22.364,442.73,151.189,47.871,483.659,-168.789,

[2024-11-07 10:41:58] ,4,54.858,414.587,1.014,10.374,436.6,-47.521,

[2024-11-07 10:42:08] ,1,51.562,477.991,0,16.037,492.755,26.792,

[2024-11-07 10:42:15] ,2,32.878,433.4,-140.782,17.612,468.368,122.433,

[2024-11-07 10:42:27] ,2,8.194,482.934,-162.525,47.857,517.02,100.808,

[2024-11-07 10:42:48] ,1,63.968,443.807,87.973,-4.461,465.6,27.711,

[2024-11-07 10:42:56] ,1,12.372,490.591,-88.986,18.542,507.848,23.398,

[2024-11-07 10:43:08] ,2,59.801,431.855,161.887,49.255,436.666,172.372,

[2024-11-07 10:43:21] ,4,6.57,431.308,72.86,8.094,513.923,36.666,

[2024-11-07 10:43:31] ,2,48.365,407.991,-146.023,23.534,433.796,-82.372,

[2024-11-07 10:43:39] ,2,39.363,490.992,101.211,43.076,510.871,-111.516,

[2024-11-07 10:43:51] ,3,14.258,405.491,-24.158,3.106,478.654,71.086,

[2024-11-07 10:44:02] ,4,70.807,465.666,-16.798,27.11,515.427,61.837,

[2024-11-07 10:44:15] ,1,-10.325,496.388,67.537,59.537,511.077,-24.955,

[2024-11-07 10:44:32] ,1,5.558,452.946,-11.211,63.953,453.275,13.299,

[2024-11-07 10:44:40] ,2,35.876,457.625,-14.281,51.496,474.366,-16.991,

[2024-11-07 10:44:51] ,2,27.211,475.014,-65.014,61.876,503.614,-141.9,

[2024-11-07 10:45:10] ,1,24.276,463.952,-90,27.835,508.573,-27.711,

[2024-11-07 10:45:19] ,2,-7.696,410.108,104.534,48.662,413.268,174.852,

[2024-11-07 10:45:31] ,2,35.085,414.323,-154.581,29.061,450.208,-110.026,

[2024-11-07 10:45:42] ,4,25.067,483.066,12.938,70.012,512.118,30.897,

[2024-11-07 10:45:54] ,4,-1.561,453.737,36.666,-0.77,470.807,8.13,

[2024-11-07 10:46:04] ,1,11.625,401.932,71.727,2.887,443.814,35.655,

[2024-11-07 10:46:11] ,3,63.755,488.339,11.535,8.819,497.071,-86.947,

[2024-11-07 10:46:25] ,1,2.987,489.327,21.329,20.034,493.449,-59.123,

[2024-11-07 10:46:34] ,2,30.044,452.4,-76.817,11.633,472.978,-111.801,

[2024-11-07 10:46:47] ,2,13.593,484.942,-49.289,61.778,495.721,176.424,

[2024-11-07 10:46:59] ,2,21.057,488.849,118.163,31.723,510.616,-16.015,

[2024-11-07 10:47:17] ,4,36.424,487.612,-79.357,-6.943,507.015,-71.686,

[2024-11-07 10:47:26] ,4,-9.261,476.081,17.354,74.235,518.855,-25.174,

[2024-11-07 10:47:35] ,1,9.263,405.149,-61.595,-7.954,452.287,20.026,

[2024-11-07 10:47:43] ,2,35.118,409.352,106.65,54.326,435.419,122.705,

[2024-11-07 10:47:54] ,2,-8.832,465.338,115.659,58.944,516.35,-4.122,

[2024-11-07 10:48:07] ,4,1.537,470.148,26.565,13.335,490.316,-22.932,

[2024-11-07 10:48:17] ,2,42.85,401.726,-72.216,-3.043,421.096,-38.1,

[2024-11-07 10:48:28] ,2,-0.619,469.872,-111.329,9.973,507.782,17.14,

[2024-11-07 10:48:37] ,3,32.664,483.419,-60.208,62.767,519.711,14.036,

[2024-11-07 10:48:52] ,4,82.276,501.916,7.253,4.898,513.121,48.621,

[2024-11-07 10:49:03] ,1,-6.767,453.275,7.628,32.712,455.45,-22.736,

[2024-11-07 10:49:19] ,4,3.474,460.212,66.501,52.353,504.948,-28.61,

[2024-11-07 10:49:33] ,2,22.892,489.262,-27.924,1.405,505.014,171.293,

[2024-11-07 10:49:44] ,3,-4.204,489.502,31.483,59.685,506.13,80.036,

[2024-11-07 10:49:55] ,1,20.267,442.871,50.389,24.81,494.316,-81.293,

[2024-11-07 10:50:13] ,2,8.804,422.347,-45,60.592,441.148,-152.076,

[2024-11-07 10:50:24] ,1,31.95,414.105,-31.139,23.794,458.996,-68.749,

[2024-11-07 10:50:33] ,1,38.874,461.884,35.074,34.844,482.095,-43.221,

[2024-11-07 10:50:45] ,2,-10.886,402.27,-146.739,78.453,423.682,-180,

[2024-11-07 10:50:59] ,2,22.133,513.448,37.381,33.701,516.086,-157.341,

[2024-11-07 10:51:11] ,2,23.525,505.619,88.968,11.489,517.932,7.189,

[2024-11-07 10:51:22] ,3,22.352,456.66,73.951,-2.947,507.988,83.871,

[2024-11-07 10:51:41] ,4,57.456,399.318,-49.456,18.871,516.811,-23.334,

[2024-11-07 10:51:59] ,1,75.145,428.811,-58.158,2.811,440.201,-86.455,

[2024-11-07 10:52:08] ,2,-3.076,406.875,-17.292,26.121,462.305,-163.918,

[2024-11-07 10:52:22] ,2,29.048,430.487,96.621,-9.272,456.241,-19.075,

[2024-11-07 10:52:33] ,1,36.996,438.116,-22.463,-2.93,465.609,-83.938,

[2024-11-07 10:52:43] ,1,-4.224,496.132,83.379,5.245,515.015,-45,

[2024-11-07 10:52:56] ,1,57.758,452.155,-6.062,69.003,473.35,-52.214,

[2024-11-07 10:53:07] ,4,14.713,438.347,47.42,9.799,514.92,51.757,

[2024-11-07 10:53:26] ,1,0.551,469.577,-78.395,29.513,510.677,-80.2,

[2024-11-07 10:53:50] ,3,28.23,495.786,-23.148,-5.317,498.093,24.349,

[2024-11-07 10:54:01] ,1,-11.249,421.903,4.594,6.945,516.408,-47.899,

[2024-11-07 10:54:18] ,1,43.263,449.189,-47.49,-1.951,471.233,49.289,

[2024-11-07 10:54:27] ,2,56.439,447.739,-1.023,0.03,491.121,133.199,

[2024-11-07 10:54:41] ,1,15.726,487.196,58.69,19.002,517.646,-48.621,

[2024-11-07 10:54:53] ,1,23.55,449.088,-62.758,-6.162,504.088,68.199,

[2024-11-07 10:55:04] ,4,49.321,410.5,-163.35,34.294,435.018,-169.786,

[2024-11-07 10:55:32] ,1,11.857,458.933,30.619,41.638,460.902,-31.05,

[2024-11-07 10:55:39] ,2,32.213,441.438,59.56,25.33,492.821,90,

[2024-11-07 10:55:59] ,1,43.356,427.028,34.535,44.849,471.922,57.836,

[2024-11-07 10:56:07] ,2,26.055,417.091,-24.528,13.243,446.286,30.184,

[2024-11-07 10:56:18] ,2,55.278,486.723,137.521,52.236,512.308,-55.305,

[2024-11-07 10:56:32] ,1,8.655,419.728,12.918,60.493,466.521,-33.83,

[2024-11-07 10:56:42] ,4,78.717,450.441,19.756,73.839,519.316,90,

[2024-11-07 10:56:54] ,1,67.572,442.945,67.068,44.642,508.573,25.88,

[2024-11-07 10:57:02] ,2,62.748,408.777,44.635,0.665,454.867,-63.886,

[2024-11-07 10:57:25] ,1,1.621,413.848,-80.789,6.62,446.663,-62.076,

[2024-11-07 10:57:42] ,1,57.015,457.911,70.448,8.761,483.063,30.184,

[2024-11-07 10:57:51] ,1,66.069,490.276,-78.19,37.721,516.746,-29.999,

[2024-11-07 10:58:02] ,2,45.585,399.149,-128.418,14.98,407.508,-81.724,

[2024-11-07 10:58:14] ,2,38.444,440.89,71.405,0.009,497.101,111.801,

[2024-11-07 10:58:33] ,1,81.367,447.576,-45.725,39.501,466.259,-24.114,

[2024-11-07 10:58:42] ,1,69.423,495.786,23.6,48.807,510.819,-89.488,

[2024-11-07 10:59:03] ,1,31.658,453.737,8.059,23.518,475.336,85.986,

[2024-11-07 10:59:16] ,4,41.733,406.038,55.353,-8.283,499.411,3.053,

[2024-11-07 10:59:35] ,1,47.989,438.91,-50.711,-7.361,503.432,-20.854,

[2024-11-07 10:59:42] ,2,60.855,436.666,-172.372,-2.813,445.037,23.6,

[2024-11-07 10:59:54] ,2,46.851,460.148,32.705,29.149,465.709,81.444,

[2024-11-07 11:00:05] ,2,79.458,474.02,-45,20.585,493.546,-19.552,

[2024-11-07 11:00:15] ,2,5.46,494.756,-35.952,53.244,510.582,144.462,

[2024-11-07 11:00:28] ,1,10.523,445.351,68.854,-10.628,479.903,79.875,

[2024-11-07 11:00:38] ,2,25.803,400.375,-66.666,32.061,433.833,75.593,

[2024-11-07 11:00:51] ,1,-11.908,431.196,-4.554,63.103,460.75,-56.17,

[2024-11-07 11:01:00] ,2,74.825,468.822,47.899,36.262,469.643,-113.199,

[2024-11-07 11:01:12] ,2,5.772,488.105,-97.628,29.119,498.539,114.74,

[2024-11-07 11:01:27] ,1,12.61,477.332,16.844,-5.317,505.739,-1.534,

[2024-11-07 11:01:44] ,1,-3.775,459.246,-42.138,19.076,487.745,57.567,

[2024-11-07 11:01:54] ,1,-1.08,490.379,-44.284,18.476,510.682,0,

[2024-11-07 11:02:13] ,1,3.421,478.959,41.8,79.377,489.607,-56.739,

[2024-11-07 11:02:22] ,1,16.044,497.761,71.887,27.473,510.72,-73.35,

[2024-11-07 11:02:37] ,1,-4.554,459.253,41.76,-7.957,477.962,-48.958,

[2024-11-07 11:02:54] ,1,23.353,494.798,-22.932,8.645,513.537,46.45,

[2024-11-07 11:03:05] ,1,9.007,480.797,-65.934,73.808,510.96,53.44,

[2024-11-07 11:03:18] ,1,6.612,467.577,13.183,20.585,500.861,5.102,

[2024-11-07 11:03:36] ,1,-9.31,472.472,88.479,11.81,490.641,-84.943,

[2024-11-07 11:03:46] ,2,17.664,432.555,86.455,59.01,510.286,7.696,

[2024-11-07 11:04:05] ,1,74.169,443.784,-2.556,7.221,516.491,79.287,

[2024-11-07 11:04:14] ,2,63.39,412.764,-120.256,-3.208,448.596,-158.671,

[2024-11-07 11:04:27] ,1,61.818,436.809,88.977,8.014,460.811,-70.448,

[2024-11-07 11:04:37] ,1,3.494,483.569,86.486,62.412,498.784,-59.3,

[2024-11-07 11:04:50] ,1,41.187,454.009,60.505,22.162,491.797,-49.289,

[2024-11-07 11:05:02] ,1,0.163,479.986,-74.612,51.826,485.966,-7.125,

[2024-11-07 11:05:12] ,2,2.035,401.268,40.992,46.158,423.616,-160.278,

[2024-11-07 11:05:28] ,2,35.382,445.897,142.927,71.862,491.568,1.032,

[2024-11-07 11:05:45] ,1,-7.954,449.518,-18.113,47.41,484.187,-10.713,

[2024-11-07 11:05:54] ,2,27.784,473.947,-45.356,21.244,496.38,-12.308,

[2024-11-07 11:06:13] ,1,12.182,440.273,-85.95,-2.819,515.293,-71.887,

[2024-11-07 11:06:24] ,1,86.376,431.645,-61.595,46.417,469.23,-67.73,

[2024-11-07 11:06:41] ,1,-11.908,491.634,-9.628,-3.142,519.843,-3.066,

[2024-11-07 11:06:50] ,2,37.048,477.978,-118.369,22.007,498.35,-64.799,

[2024-11-07 11:07:11] ,1,23.322,416.655,32.276,35.647,490.569,-65.014,

[2024-11-07 11:07:28] ,1,4.042,466.655,2.534,40.915,477.093,52.927,

[2024-11-07 11:07:37] ,1,-11.874,481.126,-35.242,38.346,514.094,-65.26,

[2024-11-07 11:07:50] ,2,54.587,414.302,81.293,11.516,484.4,-83.379,

[2024-11-07 11:08:00] ,2,-8.855,464.743,-60.945,16.949,510.599,-118.163,

[2024-11-07 11:08:19] ,2,22.826,508.441,28.61,64.275,511.55,-108.925,

[2024-11-07 11:08:32] ,2,71.662,437.948,-87.444,20.626,453.602,-64.558,

[2024-11-07 11:08:50] ,1,-5.065,468.865,55.751,40.145,500.929,-50.782,

[2024-11-07 11:08:59] ,2,9.446,414.916,163.985,6.678,481.814,177.466,

[2024-11-07 11:09:19] ,1,44.708,435.612,22.932,-1.544,476.195,-45,

[2024-11-07 11:09:31] ,4,-2.07,400.939,37.569,10.567,516.416,45.725,

[2024-11-07 11:09:40] ,2,73.745,429.301,83.32,56.993,437.301,-77.196,

[2024-11-07 11:09:49] ,2,47.739,456.109,29.495,14.619,500.759,140.782,

[2024-11-07 11:10:01] ,2,-3.712,478.911,-54.345,-6.982,496.809,77.692,

[2024-11-07 11:10:14] ,1,45.62,496.599,46.432,30.144,510.052,87.444,

[2024-11-07 11:10:26] ,2,23.748,490.184,13.299,57.421,496.969,95.148,

[2024-11-07 11:10:43] ,1,-5.449,402.789,-16.302,18.142,447.434,78.294,

[2024-11-07 11:10:52] ,1,56.112,478.194,-71.405,27.109,492.536,-48.576,

[2024-11-07 11:11:05] ,1,15.811,478.057,-79.875,11.983,508.476,-38.897,

[2024-11-07 11:11:18] ,2,34.78,445.537,-127.786,24.467,508.701,95.148,

[2024-11-07 11:11:29] ,2,67.776,457.493,155.726,-7.902,470.98,55.465,

[2024-11-07 11:11:49] ,1,-11.413,473.737,-35.655,14.64,515.312,70.758,

[2024-11-07 11:11:58] ,2,25.198,478.518,4.05,10.406,500.856,41.042,

[2024-11-07 11:12:17] ,1,34.303,482.706,-86.961,4.814,508.102,44.64,

[2024-11-07 11:12:28] ,1,-5.476,477.868,60.505,18.174,481.463,69.212,

[2024-11-07 11:12:40] ,1,42.862,440.423,-2.027,-7.124,501.141,83.379,

[2024-11-07 11:13:06] ,1,24.276,428.098,16.504,25.726,491.305,-12.2,

[2024-11-07 11:13:15] ,2,0.153,443.784,-174.898,-9.083,474.929,-93.039,

[2024-11-07 11:13:39] ,1,-2.868,451.517,-46.432,44.736,494.898,-69.8,

[2024-11-07 11:13:49] ,1,60.736,404.456,-74.476,20.531,490.199,63.662,

[2024-11-07 11:14:07] ,1,50.197,449.384,-44.284,-6.933,496.918,36.666,

[2024-11-07 11:14:16] ,2,72.785,419.925,-3.122,71.005,504.618,150.446,

[2024-11-07 11:14:31] ,1,20.783,448.2,-23.199,-9.251,468.423,85.446,

[2024-11-07 11:14:48] ,1,-11.551,455.773,64.799,-7.756,519.909,11.411,

[2024-11-07 11:14:58] ,2,-1.937,472.81,105.876,-1.065,486.542,94.086,

[2024-11-07 11:15:16] ,1,-9.423,431.852,44.284,33.49,476.417,83.991,

[2024-11-07 11:15:25] ,1,2.652,489.13,47.49,-9.309,499.062,-65.472,

[2024-11-07 11:15:36] ,2,9.938,449.664,119.745,8.758,501.068,-126.254,

[2024-11-07 11:15:50] ,1,78.057,449.387,-21.801,19.977,486.025,-68.385,

[2024-11-07 11:16:02] ,1,4.833,423.88,-16.991,27.989,476.201,76.329,

[2024-11-07 11:16:11] ,4,84.253,503.432,33.546,47.542,518.591,79.095,

[2024-11-07 11:16:33] ,1,-6.47,492.496,33.408,21.771,519.25,3.094,

[2024-11-07 11:16:40] ,2,2.547,463.269,-86.455,18.815,474.844,50.001,

[2024-11-07 11:16:53] ,1,-11.211,429.805,-64.799,38.151,439.452,32.705,

[2024-11-07 11:17:11] ,2,38.512,494.534,-180,51.063,494.91,-31.139,

[2024-11-07 11:17:30] ,1,1.026,482.788,-80.87,6.825,494.188,58.426,

[2024-11-07 11:17:42] ,2,62.898,422.562,-169.695,67.148,495.933,126.56,

[2024-11-07 11:17:54] ,1,20.545,426.528,-88.968,-9.701,460.608,36.363,

[2024-11-07 11:18:14] ,2,4.356,435.818,-96.116,12.308,456.34,52.524,

[2024-11-07 11:18:25] ,1,32.23,438.896,-85.446,-5.317,456.439,9.628,

[2024-11-07 11:18:35] ,2,-4.149,470.17,-109.552,0.029,499.215,-104.407,

[2024-11-07 11:18:55] ,1,58.323,408.374,30.964,4.363,506.987,-84.898,

[2024-11-07 11:19:04] ,2,55.451,451.43,160.758,-9.032,495.504,-72.86,

[2024-11-07 11:19:26] ,2,29.153,468.434,174.987,60.661,489.396,-84.391,

[2024-11-07 11:19:45] ,1,-6.754,450.938,-45.716,11.792,490.77,30.44,

[2024-11-07 11:20:02] ,2,23.282,426.995,67.068,57.033,508.375,-164.97,

[2024-11-07 11:20:14] ,1,47.937,451.891,26.792,3.712,495.852,9.13,

[2024-11-07 11:20:23] ,2,63.141,450.311,115.659,-2.483,478.716,166.701,

[2024-11-07 11:20:34] ,2,-10.443,492.712,87.955,-6.337,509.648,32.55,

[2024-11-07 11:20:47] ,2,11.885,406.282,-5.148,20.189,489.262,-6.116,

[2024-11-07 11:21:04] ,1,11.298,418.275,71.887,18.443,472.825,-38.581,

[2024-11-07 11:21:25] ,2,31.956,435.713,-106.504,37.096,505.843,106.65,

[2024-11-07 11:21:37] ,1,-11.981,445.853,78.19,3.646,471.532,-20.026,

[2024-11-07 11:21:46] ,1,30.076,486.296,1.014,14.599,504.435,63.662,

[2024-11-07 11:21:57] ,2,39.177,416.786,123.69,36.535,438.907,-162.525,

[2024-11-07 11:22:13] ,1,55.207,475.273,72.676,12.742,506.859,22.659,

[2024-11-07 11:22:32] ,1,-5.779,443.257,11.31,17.925,478.668,43.221,

[2024-11-07 11:22:45] ,4,74.037,411.448,-5.242,70.478,518.657,24.487,

[2024-11-07 11:23:13] ,1,28.23,427.834,7.125,50.573,430.537,15.876,

[2024-11-07 11:23:20] ,1,59.939,459.404,57.567,24.807,462.639,75.358,

[2024-11-07 11:23:31] ,1,69.885,428.691,13.416,12.083,464.216,-6.506,

[2024-11-07 11:23:42] ,1,50.342,474.501,-33.551,76.777,479.392,83.32,

[2024-11-07 11:23:54] ,1,40.258,491.154,76.817,85.013,492.566,40.267,

[2024-11-07 11:24:05] ,2,29.573,404.792,-42.825,78.92,418.252,-62.289,

[2024-11-07 11:24:16] ,2,69.439,401.974,-45.365,-3.376,451.904,-60.255,

[2024-11-07 11:24:26] ,2,28.136,482.334,-138.909,61.778,489.855,166.088,

[2024-11-07 11:24:40] ,1,-7.526,424.16,-53.334,33.189,449.871,87.99,

[2024-11-07 11:24:49] ,1,4.756,506.88,46.432,48.874,512.397,50.782,

[2024-11-07 11:25:00] ,2,50.771,400.68,-7.253,64.721,417.466,128.1,

[2024-11-07 11:25:12] ,2,13.928,435.941,20.026,80.354,459.228,46.45,

[2024-11-07 11:25:22] ,2,47.663,493.764,-133.55,30.735,503.168,23.131,

[2024-11-07 11:25:33] ,4,23.814,407.864,7.267,78.387,482.737,5.054,

[2024-11-07 11:27:04] ,1,-5.191,411.189,-49.343,81.963,435.397,-45,

[2024-11-07 11:27:09] ,1,-5.193,411.115,-49.733,81.963,435.397,-45,

[2024-11-07 11:27:16] ,1,56.611,465.895,69.974,16.696,485.175,26.565,

[2024-11-07 11:27:28] ,1,-6.615,485.295,85.446,21.667,509.462,52.524,

[2024-11-07 11:27:39] ,2,41.148,428.625,-180,81.152,471.108,-48.958,

[2024-11-07 11:27:52] ,4,5.689,417.882,-29.999,73.281,460.696,-73.301,

[2024-11-07 11:28:04] ,2,-4.009,418.423,70.925,14.48,472.057,64.558,

[2024-11-07 11:28:14] ,2,60.817,489.123,64.799,4.453,499.065,58.426,

[2024-11-07 11:28:23] ,2,68.45,510.515,-97.696,-1.693,514.087,-48.621,

[2024-11-07 11:28:35] ,1,19.433,448.487,32.433,10.369,510.089,21.516,

[2024-11-07 11:28:46] ,1,-2.95,404.411,62.289,-2.982,476.39,-65.472,

[2024-11-07 11:28:57] ,2,12.123,452.364,88.977,-1.576,495.876,-87.973,

[2024-11-07 11:29:11] ,2,17.421,399.296,2.064,2.889,505.459,-38.1,

[2024-11-07 11:29:36] ,2,27.471,451.741,76.817,34.376,464.107,-92.01,

[2024-11-07 11:29:45] ,2,23.027,476.08,71.723,12.729,492.319,66.602,

[2024-11-07 11:29:57] ,4,-2.615,491.436,17.628,21.803,514.01,35.538,

[2024-11-07 11:30:08] ,4,16.762,477.398,16.771,38.187,505.282,75.417,

[2024-11-07 11:30:19] ,2,-4.952,490.258,40.326,36.965,500.964,69.624,

[2024-11-07 11:30:36] ,2,-3.741,438.66,101.211,-8.394,477.637,-86.455,

[2024-11-07 11:30:45] ,4,-6.833,412.082,-82.811,34.094,446.797,-86.576,

[2024-11-07 11:30:59] ,4,10.229,495.905,68.199,-1.306,516.597,64.636,

[2024-11-07 11:31:16] ,1,3.218,469.932,85.986,86.23,483.593,-17.784,

[2024-11-07 11:31:24] ,1,0.45,490.681,38.897,67.421,501.157,-59.3,

[2024-11-07 11:31:35] ,2,22.722,412.392,-31.139,5.829,423.661,98.707,

[2024-11-07 11:31:47] ,2,61.947,440.984,69.8,49.392,484.751,-98.13,

[2024-11-07 11:31:58] ,4,23.405,483.942,32.961,17.619,499.807,1.517,

[2024-11-07 11:32:11] ,2,25.775,414.306,-135,69.226,433.371,-13.299,

[2024-11-07 11:32:19] ,4,0.417,451.957,47.175,40.094,492.557,-52.927,

[2024-11-07 11:32:34] ,2,-3.538,423.221,11.31,5.291,455.575,-132.138,

[2024-11-07 11:32:51] ,1,9.671,423.793,69.146,52.221,449.123,-14.158,

[2024-11-07 11:32:59] ,1,37.062,478.518,0,6.942,497.698,5.609,

[2024-11-07 11:33:10] ,2,13.788,402.284,130.267,67.768,421.574,-75.593,

[2024-11-07 11:33:22] ,2,21.705,485.505,10.713,46.85,488.95,60.001,

[2024-11-07 11:33:34] ,3,37.827,433.773,41.507,28.863,460.891,-73.951,

[2024-11-07 11:33:47] ,4,4.274,427.905,-80.85,29.417,506.2,-1.909,

[2024-11-07 11:33:58] ,2,22.794,432.689,-34.951,-4.231,501.453,37.381,

[2024-11-07 11:34:09] ,1,51.973,473.595,-70.615,25.94,518.601,-83.83,

[2024-11-07 11:34:26] ,1,47.729,459.821,46.432,32.841,495.097,62.526,

[2024-11-07 11:34:35] ,1,2.723,501.982,20.376,15.152,505.191,31.139,

[2024-11-07 11:34:54] ,1,21.921,450.404,82.439,11.885,468.434,19.385,

[2024-11-07 11:35:04] ,1,-5.275,475.126,-59.123,32.646,504.223,-21.329,

[2024-11-07 11:35:15] ,2,36.798,420.387,23.131,26.355,436.677,53.637,

[2024-11-07 11:35:26] ,3,63.294,429.416,19.398,4.26,497.959,-79.287,

[2024-11-07 11:35:47] ,1,23.964,437.184,-44.64,54.435,458.696,83.379,

[2024-11-07 11:35:57] ,1,55.598,504.891,79.287,15.642,516.218,-25.88,

[2024-11-07 11:36:09] ,2,-10.155,424.119,77.196,34.953,499.939,-163.496,

[2024-11-07 11:36:22] ,1,-6.302,459.473,-84.391,0.011,498.44,74.612,

[2024-11-07 11:36:32] ,2,39.602,482.421,39.999,41.463,517.202,-75.964,

[2024-11-07 11:36:45] ,1,31.103,407.132,-64.799,44.853,474.879,58.261,

[2024-11-07 11:36:55] ,3,65.063,419.519,68.057,81.213,485.49,-53.973,

[2024-11-07 11:37:17] ,3,-7.305,417.542,68.057,39.277,440.281,-32.326,

[2024-11-07 11:37:27] ,1,54.923,417.289,3.576,70.352,443.297,-62.289,

[2024-11-07 11:37:37] ,1,52.836,493.112,-73.985,61.828,510.296,83.884,

[2024-11-07 11:37:49] ,4,-8.969,441.869,-33.374,36.697,519.312,75.685,

[2024-11-07 11:38:02] ,4,86.428,488.471,11.411,74.894,518.921,-73.202,

[2024-11-07 11:38:14] ,2,10.896,458.482,-166.329,22.325,495.76,-42.138,

[2024-11-07 11:38:22] ,3,39.404,493.774,-39.611,-9.752,499.834,-50.145,

[2024-11-07 11:38:35] ,1,6.561,441.602,68.385,28.33,504.854,-35.242,

[2024-11-07 11:38:53] ,2,59.339,455.252,-6.116,-9.865,490.052,-5.102,

[2024-11-07 11:39:03] ,1,1.505,426.633,-34.535,22.628,490.448,8.631,

[2024-11-07 11:39:12] ,3,37.154,462.896,75.506,1.898,512.421,58.643,

[2024-11-07 11:39:24] ,2,79.112,486.955,-164.338,-9.503,490.512,37.381,

[2024-11-07 11:39:43] ,2,19.746,459.081,64.106,70.632,466.93,-43.55,

[2024-11-07 11:39:52] ,2,48.904,494.338,115.659,64.709,498.023,99.8,

[2024-11-07 11:40:03] ,3,0.258,466.596,-81.283,-1.282,505.495,-59.689,

[2024-11-07 11:40:17] ,1,17.883,477.464,-29.055,-11.643,481.009,-48.2,

[2024-11-07 11:40:28] ,1,4.437,450.507,-12.804,-11.977,478.548,-87.466,

[2024-11-07 11:40:38] ,1,45.307,499.368,63.208,7.581,500.323,54.758,

[2024-11-07 11:40:50] ,3,19.711,508.051,33.797,-1.174,513.491,-89.231,

[2024-11-07 11:41:09] ,1,80.496,480.496,-22.659,-9.336,519.412,87.421,

[2024-11-07 11:41:18] ,2,37.128,408.128,-154.12,14.217,417.848,-120.7,

[2024-11-07 11:41:30] ,2,86.261,406.491,-40.143,40.85,426.794,-39.999,

[2024-11-07 11:41:41] ,1,26.78,473.443,13.069,-10.883,501.097,31.574,

[2024-11-07 11:41:52] ,3,11.064,462.02,-63.773,-0.638,487.35,4.953,

[2024-11-07 11:42:11] ,3,28.959,466.512,-77.512,1.022,495.276,-59.167,

[2024-11-07 11:42:24] ,2,54.264,423.814,-18.113,37.16,495.988,37.073,

[2024-11-07 11:42:34] ,1,40.294,441.677,-84.44,62.437,487.877,-21.329,

[2024-11-07 11:42:52] ,1,76.032,403.695,-55.008,10.025,419.079,-79.192,

[2024-11-07 11:43:01] ,2,11.995,407.176,-59.036,12.676,505.607,163.496,

[2024-11-07 11:43:13] ,3,66.704,425.077,45,30.269,479.887,68.339,

[2024-11-07 11:43:32] ,1,51.035,486.625,-7.125,14.53,493.54,72.044,

[2024-11-07 11:43:49] ,2,36.433,435.313,-32.005,-8.704,486.235,-119.302,

[2024-11-07 11:44:00] ,1,10.443,447.227,78.887,3.735,482.359,-43.221,

[2024-11-07 11:44:10] ,1,29.944,501.718,26.338,-5.414,511.356,39.936,

[2024-11-07 11:44:21] ,3,75.613,453.291,55.57,17.333,518.173,35.493,

[2024-11-07 11:44:41] ,2,0.694,460.566,-55.465,16.762,469.621,155.225,

[2024-11-07 11:44:52] ,2,32.679,502.811,-106.65,38.023,517.831,-52.619,

[2024-11-07 11:47:55] ,1,8.461,407.025,78.69,-9.831,418.961,-35.952,

[2024-11-07 11:48:03] ,1,61.221,428.202,31.574,20.858,446.085,57.836,

[2024-11-07 11:48:14] ,1,57.854,448.867,-40.326,5.43,453.977,-81.444,

[2024-11-07 11:48:25] ,2,-5.39,400.744,-57.609,32.143,417.581,109.895,

[2024-11-07 11:48:37] ,2,-0.96,478.929,105.255,2.492,489.309,85.95,

[2024-11-07 11:48:48] ,2,73.621,502.58,43.905,-9.997,519.052,-152.049,

[2024-11-07 11:49:00] ,4,54.969,507.331,-11.395,83.886,515.464,72.395,

[2024-11-07 11:49:14] ,1,40.423,411.357,24.74,9.908,430.009,11.211,

[2024-11-07 11:49:21] ,1,11.489,451.166,-1.005,-10.825,452.132,-31.31,

[2024-11-07 11:49:32] ,1,38.051,506.398,-16.991,68.567,507.189,10.305,

[2024-11-07 11:49:43] ,2,73.392,410.024,58.325,77.53,457.889,-167.692,

[2024-11-07 11:49:55] ,2,59.194,475.857,-124.535,54.19,505.825,-113.131,

[2024-11-07 11:50:06] ,3,76.982,435.038,-48.814,3.437,474.379,83.577,

[2024-11-07 11:50:19] ,1,-10.052,458.979,-55.751,-11.406,475.196,-52.214,

[2024-11-07 11:50:28] ,1,-11.407,508.245,-79.786,10.433,519.46,67.341,

[2024-11-07 11:50:40] ,2,-0.418,442.055,-111.146,64.745,489.933,-67.341,

[2024-11-07 11:50:53] ,2,40.358,449.782,-155.014,36.798,513.45,-180,

[2024-11-07 11:51:12] ,2,26.583,477.464,159.974,15.905,496.182,-14.899,

[2024-11-07 11:51:24] ,1,-0.852,474.916,74.261,6.612,489.591,4.05,

[2024-11-07 11:51:41] ,1,8.474,477.645,-45,39.83,492.755,10.214,

[2024-11-07 11:51:52] ,2,6.921,450.359,107.324,43.917,472.059,-180,

[2024-11-07 11:52:05] ,3,6.783,432.506,38.541,-11.11,514.843,-57.913,

[2024-11-07 11:52:23] ,1,12.412,440.752,0,51.562,493.084,-1.023,

[2024-11-07 11:52:32] ,3,35.522,468.618,-31.483,19.86,510.946,4.222,

[2024-11-07 11:52:45] ,1,9.504,501.212,66.869,1.639,517.24,31.842,

[2024-11-07 11:52:54] ,2,61.251,419.134,-22.463,55.419,514.989,126.973,

[2024-11-07 11:53:15] ,2,14.389,472.455,0,-4.433,513.04,-103.416,

[2024-11-07 11:53:25] ,2,30.223,494.162,-92.027,7.682,510.352,-129.144,

[2024-11-07 11:53:42] ,1,42.401,461.316,-7.628,65.864,494.632,-62.745,

[2024-11-07 11:53:51] ,2,23.779,437.026,147.995,6.612,446.157,-170.87,

[2024-11-07 11:54:04] ,2,-2.102,462.373,129.289,13.961,517.929,80.112,

[2024-11-07 11:54:26] ,1,58.726,439.159,54.758,17.223,458.482,0.507,

[2024-11-07 11:54:43] ,1,53.935,408.259,-19.895,74.408,430.114,-52.214,

[2024-11-07 11:54:52] ,4,-5.581,461.58,-62.978,-7.492,506.002,-48.621,

[2024-11-07 11:55:05] ,1,-3.639,447.176,-32.005,39.435,517.273,-19.895,

[2024-11-07 11:55:13] ,2,5.459,431.721,-146.17,25.612,496.103,-80.789,

[2024-11-07 11:55:33] ,1,38.644,419.398,0,18.146,433.173,-10.713,

[2024-11-07 11:55:41] ,1,28.362,456.439,-9.13,16.909,510.25,-66.4,

[2024-11-07 11:55:53] ,2,28.137,412.531,30.7,63.189,487.599,76.584,

[2024-11-07 11:56:14] ,4,-9.31,403.164,114.487,63.006,510.646,-106.157,

[2024-11-07 11:56:26] ,1,27.308,443.191,28.61,51.661,445.669,-69.503,

[2024-11-07 11:56:34] ,1,47.51,463.466,-35.074,-3.208,510.946,18.113,

[2024-11-07 11:56:53] ,1,71.928,436.534,16.991,48.762,468.649,-36.363,

[2024-11-07 11:57:02] ,2,24.339,485.74,131.042,20.133,503.402,-86.934,

[2024-11-07 11:57:16] ,3,20.362,502.651,37.476,44.312,517.866,3.814,

[2024-11-07 11:57:37] ,2,65.04,433.163,37.786,80.826,471.334,12.308,

[2024-11-07 11:57:49] ,3,3.928,406.501,-71.2,79.818,452.115,-49.853,

[2024-11-07 11:58:15] ,1,-7.583,461.934,42.852,44.51,474.63,21.146,

[2024-11-07 11:58:24] ,4,51.958,421.837,175.95,14.14,473.578,-129.289,

[2024-11-07 11:58:38] ,2,48.225,487.809,64.581,58.427,501.161,-86.906,

[2024-11-07 11:58:47] ,2,37.823,419.489,127.073,69.557,498.726,81.724,

[2024-11-07 11:59:05] ,3,-3.039,488.461,53.358,10.485,505.481,70.962,

[2024-11-07 11:59:16] ,1,50.344,455.072,-36.363,14.455,457.427,18.113,

[2024-11-07 11:59:28] ,1,75.21,486.697,89.484,36.139,517.998,-18.759,

[2024-11-07 11:59:45] ,1,0.452,439.292,-65.014,24.909,499.555,88.977,

[2024-11-07 11:59:56] ,2,69.292,402.328,160.241,-4.64,510.078,-94.635,

[2024-11-07 12:00:17] ,2,-1.495,435.018,-161.887,47.278,439.237,158.671,

[2024-11-07 12:00:27] ,3,6.933,454.834,46.865,-0.291,487.241,-60.208,

[2024-11-07 12:00:40] ,1,-0.201,453.776,77.307,58.541,512.639,81.293,

[2024-11-07 12:00:51] ,2,44.905,487.152,-163.009,38.231,502.555,-58.595,

[2024-11-07 12:01:10] ,1,82.737,472.718,22.659,-1.197,498.642,39.611,

[2024-11-07 12:01:21] ,2,-10.129,484.78,-180,11.358,488.8,-155.934,

[2024-11-07 12:01:31] ,2,-1.337,460.258,-30.184,60.261,494.28,75.101,

[2024-11-07 12:01:50] ,1,3.449,457.496,71.565,73.822,479.632,-76.088,

[2024-11-07 12:01:59] ,2,62.785,414.05,135.365,-10.3,426.518,79.786,

[2024-11-07 12:02:10] ,3,11.92,490.058,-80.91,52.728,508.66,-49.066,

[2024-11-07 12:02:25] ,1,-3.999,436.996,-9.713,-0.738,491.19,36.363,

[2024-11-07 12:02:35] ,2,6.858,464.067,-124.951,31.13,515.823,-2.064,

[2024-11-07 12:02:47] ,3,39.698,469.291,90,-3.275,486.145,68.552,

[2024-11-07 12:03:00] ,1,-4.461,496.38,-25.201,34.78,498.264,52.214,

[2024-11-07 12:03:17] ,1,-5.49,436.105,-42.479,8.741,510.869,85.406,

[2024-11-07 12:03:27] ,2,30.955,456.424,-111.146,21.394,476.681,79.38,

[2024-11-07 12:03:41] ,4,18.673,446.618,27.688,10.539,496.143,-59.56,

[2024-11-07 12:03:53] ,3,48.05,418.668,34.43,75.083,494.704,31.759,

[2024-11-07 12:04:09] ,1,45.58,451.848,87.99,-6.453,499.179,-82.304,

[2024-11-07 12:04:19] ,3,-1.346,476.998,-78.914,14.198,497.475,68.908,

[2024-11-07 12:04:32] ,1,-10.195,468.434,-2.556,62.617,495.048,80.789,

[2024-11-07 12:04:52] ,1,2.9,445.038,-64.341,33.838,481.458,-62.312,

[2024-11-07 12:05:01] ,2,15.657,414.412,-92.045,-0.41,502.254,-40.326,

[2024-11-07 12:05:15] ,1,27.901,457.098,-18.911,51.621,514.896,-84.852,

[2024-11-07 12:05:32] ,2,12.907,441.468,142.214,33.009,480.603,-141.419,

[2024-11-07 12:05:50] ,4,49.321,402.393,26.222,-0.77,466.721,-6.843,

[2024-11-07 12:06:08] ,2,47.863,447.717,62.076,-11.863,503.523,-109.722,

[2024-11-07 12:06:19] ,4,1.933,418.805,17.14,-1.45,445.829,-64.341,

[2024-11-07 12:06:39] ,1,11.021,476.763,-49.616,8.754,519.36,38.418,

[2024-11-07 12:06:50] ,2,65.139,443.257,-29.745,-1.062,480.424,41.042,

[2024-11-07 12:07:12] ,2,19.233,454.714,37.875,1.208,491.634,-173.884,

[2024-11-07 12:07:21] ,1,38.742,459.591,37.875,39.343,472.749,73.78,

[2024-11-07 12:07:40] ,1,-11.735,449.194,60.698,20.726,485.342,-86.961,

[2024-11-07 12:07:51] ,2,74.295,482.013,122.55,27.769,483.659,-22.27,

[2024-11-07 12:08:03] ,1,7.798,483,-21.801,38.117,489.327,-2.027,

[2024-11-07 12:08:21] ,1,21.281,444.486,31.31,-9.14,489.921,24.74,

[2024-11-07 12:08:29] ,2,5.294,453.473,-24.066,23.776,515.544,-103.416,

[2024-11-07 12:08:43] ,1,-0.221,423.156,64.341,11.385,477.651,-30.619,

[2024-11-07 12:09:00] ,1,41.873,452.155,2.534,19.929,511.868,71.727,

[2024-11-07 12:09:09] ,2,22.101,466.193,-6.506,40.904,474.493,-61.189,

[2024-11-07 12:09:23] ,1,11.688,454.968,48.576,34.645,492.293,-60.945,

[2024-11-07 12:09:41] ,1,40.294,416.198,87.444,33.057,463.975,87.99,

[2024-11-07 12:09:58] ,1,-8.679,429.68,15.524,-4.384,472.512,57.995,

[2024-11-07 12:10:07] ,1,20.425,495.112,30.877,57.823,500.466,-11.81,

[2024-11-07 12:10:27] ,1,32.146,425.52,-30.44,-8.711,489.887,-35.538,

[2024-11-07 12:10:43] ,1,4.078,413.741,53.637,9.577,479.618,-48.576,

[2024-11-07 12:10:56] ,1,16.042,442.952,-78.294,1.833,450.213,-38.897,

[2024-11-07 12:11:06] ,2,67.412,426.037,85.914,78.189,437.721,90,

[2024-11-07 12:11:16] ,2,77.794,488.141,-3.094,32.58,492.755,21.801,

[2024-11-07 12:11:29] ,2,85.999,439.566,146.31,16.963,452.486,-84.44,

[2024-11-07 12:11:42] ,2,8.793,404.789,-116.796,38.683,419.372,-137.899,

[2024-11-07 12:12:01] ,1,52.221,467.248,3.013,55.254,489.666,-75.101,

[2024-11-07 12:12:14] ,2,34.056,438.61,137.521,-8.687,480.444,46.801,

[2024-11-07 12:12:36] ,2,-10.291,399.376,-119.809,29.383,463.176,-143.531,

[2024-11-07 12:12:57] ,1,19.102,414.629,38.501,10.336,513.157,-38.82,

[2024-11-07 12:13:18] ,2,3.3,491.09,45,18.446,499.227,60.255,

[2024-11-07 12:13:45] ,2,19.607,419.287,-46.45,3.317,472.587,27.242,

[2024-11-07 12:14:02] ,1,6.612,450.968,-22.736,30.161,483.693,-66.14,

[2024-11-07 12:14:14] ,2,-4.939,430.52,-135,27.583,465.611,50.323,

[2024-11-07 12:14:31] ,1,0.912,461.207,-36.064,60.234,474.234,-79.875,

[2024-11-07 12:14:40] ,2,52.469,460.548,92.027,19.854,493.035,67.068,

[2024-11-07 12:14:53] ,1,7.375,470.067,30.877,81.287,485.373,13.912,

[2024-11-07 12:15:30] ,2,12.352,417.24,112.932,10.891,460.365,98.13,

[2024-11-07 12:15:39] ,1,51.377,428.376,63.662,11.846,442.117,-41.76,

[2024-11-07 12:15:49] ,1,77.246,444.469,70.278,84.057,455.668,78.589,

[2024-11-07 12:16:01] ,1,18.208,472.352,-87.51,37.26,492.425,25.659,

[2024-11-07 12:16:14] ,1,57.676,426.697,-58.426,68.204,491.223,38.1,

[2024-11-07 12:16:24] ,1,10.567,499.873,-21.801,75.223,512.33,17.292,

[2024-11-07 12:16:35] ,1,23.183,514.185,-60.446,-2.323,518.098,-69.8,

[2024-11-07 12:16:46] ,2,-3.076,482.341,15.876,12.297,484.104,135,

[2024-11-07 12:17:07] ,1,-8.815,496.121,-67.73,-6.596,517.202,30.256,

[2024-11-07 12:17:43] ,1,78.321,490.843,-10.305,-10.889,506.743,-39.936,

[2024-11-07 12:18:00] ,1,9.703,421.043,-71.887,28.322,448.409,-88.986,

[2024-11-07 12:18:17] ,4,-7.558,459.734,-19.552,-8.679,516.482,-28.405,

[2024-11-07 12:18:28] ,2,57.064,478.411,35.952,29.712,503.536,-144.758,

[2024-11-07 12:18:45] ,2,13.122,450.688,121.574,18.921,497.624,-118.61,

[2024-11-07 12:18:56] ,2,4.833,467.973,11.706,-6.544,512.209,-88.977,

[2024-11-07 12:19:06] ,4,69.687,417.025,29.999,-11.711,461.184,6.116,

[2024-11-07 12:19:25] ,1,7.22,478.775,68.385,19.803,504.962,-46.801,

[2024-11-07 12:19:35] ,1,70.017,497.5,29.999,-4.953,499.821,39.999,

[2024-11-07 12:19:44] ,2,8.458,492.425,154.799,21.379,503.47,81.798,

[2024-11-07 12:19:58] ,2,44.58,441.021,67.73,54.528,509.527,-62.745,

[2024-11-07 12:20:09] ,2,-10.129,505.871,-171.87,20.606,518.287,109.722,

[2024-11-07 12:20:36] ,1,20.02,431.908,-41.424,48.926,474.893,0,

[2024-11-07 12:20:47] ,4,-11.513,457.757,-78.19,84.091,517.459,0,

[2024-11-07 12:21:05] ,1,-1.853,446.599,65.472,45.498,508.771,-28.856,

[2024-11-07 12:21:13] ,2,-1.255,406.658,107.14,45.63,428.889,2.045,

[2024-11-07 12:21:25] ,2,54.067,484.582,20.854,64.876,489.921,28.856,

[2024-11-07 12:21:37] ,1,19.135,423.88,2.045,-10.291,439.328,32.276,

[2024-11-07 12:21:46] ,1,18.838,478.829,-38.27,6.414,509.561,-18.273,

[2024-11-07 12:21:57] ,2,31.526,483.593,29.745,41.199,506.788,104.036,

[2024-11-07 12:22:10] ,2,-11.759,405.813,118.652,51.892,417.882,5.659,

[2024-11-07 12:22:19] ,2,38.908,449.255,24.066,19.312,459.85,-72.676,

[2024-11-07 12:22:42] ,1,8.861,420.25,84.898,45.035,501.352,-87.444,

[2024-11-07 12:23:01] ,2,8.26,470.939,156.602,44.214,493.088,-37.073,

[2024-11-07 12:23:14] ,1,57.823,439.434,16.991,-0.606,491.024,85.914,

[2024-11-07 12:23:31] ,2,46.06,489.864,-36.769,-1.984,494.527,115.201,

[2024-11-07 12:23:52] ,1,80.326,443.176,76.584,24.243,510.221,33.69,

[2024-11-07 12:24:20] ,2,35.58,492.892,-146.592,45.301,505.805,28.163,

[2024-11-07 12:24:49] ,1,50.738,498.21,34.535,32.712,513.121,4.086,

[2024-11-07 12:25:05] ,1,-1.824,486.098,21.991,-8.284,509.043,75.101,

[2024-11-07 12:25:23] ,1,35.228,477.606,50.323,23.976,513.418,-31.842,

[2024-11-07 12:25:40] ,1,6.64,478.442,-30.619,-11.073,480.102,-64.341,

[2024-11-07 12:25:50] ,1,-7.852,442.779,-76.701,29.829,499.313,-77.692,

[2024-11-07 12:26:10] ,1,21.508,411.093,-11.31,19.293,498.401,73.009,

[2024-11-07 12:26:28] ,2,77.808,437.402,79.192,7.403,446.552,176.934,

[2024-11-07 12:26:38] ,2,26.187,473.971,-21.146,62.285,486.221,-76.209,

[2024-11-07 12:26:50] ,1,5.36,490.184,-23.398,2.888,506.39,-34.114,

[2024-11-07 12:27:02] ,2,4.155,462.888,44.64,12.845,468.026,41.424,

[2024-11-07 12:27:19] ,1,21.993,513.035,72.86,45.762,517.009,-29.999,

[2024-11-07 12:27:27] ,2,-8.547,424.934,162.216,6.841,461.198,140.001,

[2024-11-07 12:27:39] ,2,35.44,463.177,96.563,17.981,484.117,-142.524,

[2024-11-07 12:27:52] ,2,3.649,411.613,-47.899,30.175,412.201,-34.403,

[2024-11-07 12:28:01] ,2,22.782,454.179,51.814,72.152,485.903,125.952,

[2024-11-07 12:28:14] ,2,63.883,480.968,-105.03,38.421,515.098,-125.838,

[2024-11-07 12:28:32] ,1,1.564,433.825,-80.372,-0.242,464.875,-20.323,

[2024-11-07 12:28:40] ,1,0.375,482.998,64.558,56.967,483.33,-20.674,

[2024-11-07 12:28:51] ,4,-2.674,503.885,-19.231,49.387,518.591,-71.565,

[2024-11-07 12:29:04] ,1,-4.589,502.246,71.727,14.9,517.322,45,

[2024-11-07 12:29:20] ,1,30.33,410.453,-63.435,22.101,480.166,-11.605,

[2024-11-07 12:29:29] ,2,0.831,403.5,125.119,70.196,421.013,66.194,

[2024-11-07 12:29:40] ,2,-8.444,470.274,41.042,60.887,495.679,-144.048,

[2024-11-07 12:29:53] ,1,6.526,435.982,86.486,41.366,492.884,-44.284,

[2024-11-07 12:30:13] ,1,-0.045,417.289,-19.242,41.034,424.525,72.525,

[2024-11-07 12:30:23] ,2,58.548,409.578,22.184,-9.58,434.964,-43.568,

[2024-11-07 12:30:33] ,2,26.879,503.87,38.501,2.394,517.339,-11.31,

[2024-11-07 12:30:46] ,1,62.029,514.577,-50.528,-10.097,517.962,-39.144,

[2024-11-07 12:31:03] ,2,31.776,501.034,-124.535,56.31,512.996,57.171,

[2024-11-07 12:31:21] ,2,3.754,438.222,77.307,47.227,486.536,134.64,

[2024-11-07 12:31:38] ,1,48.713,410.028,-72.372,-7.577,509.369,-64.12,

[2024-11-07 12:31:49] ,2,37.507,501.962,55.176,28.158,517.137,95.148,

[2024-11-07 12:32:09] ,1,4.338,479.51,-33.551,-9.499,518.891,31.675,

[2024-11-07 12:32:20] ,1,32.383,418.607,-22.463,77.003,494.996,-29.105,

[2024-11-07 12:33:06] ,2,24.21,470.939,-155.681,51.307,517.072,-122.276,

[2024-11-07 12:33:17] ,1,-10.403,438.335,46.432,53.701,489.49,-32.005,

[2024-11-07 12:33:28] ,1,82.803,446.882,29.999,2.723,483.725,-14.769,

[2024-11-07 12:33:38] ,1,51.892,498.621,3.576,6.658,514.677,-58.861,

[2024-11-07 12:34:06] ,1,-3.203,473.987,78.789,60.288,480.837,-88.977,

[2024-11-07 12:34:17] ,2,11.392,450.187,143.231,8.194,505.409,154.581,

[2024-11-07 12:34:30] ,1,2.793,463.584,62.987,65.38,516.92,86.392,

[2024-11-07 12:34:47] ,1,15.01,492.631,-60.505,36.337,519.711,15.03,

[2024-11-07 12:34:56] ,2,9.083,456.424,34.535,36.139,503.102,-174.898,

[2024-11-07 12:35:17] ,2,53.11,487.77,35.952,0.942,498.656,62.526,

[2024-11-07 12:35:27] ,2,4.305,500.466,-24.74,-10.031,505.842,110.376,

[2024-11-07 12:35:46] ,2,83.362,440.323,-144.462,7.043,510.19,73.496,

[2024-11-07 12:35:57] ,2,29.729,425.06,-51.18,-4.236,483.783,149.56,

[2024-11-07 12:36:08] ,2,-7.198,442.557,-127.073,1.97,487.542,41.042,

[2024-11-07 12:36:19] ,1,26.916,462.018,-81.444,45.96,511.011,-14.036,

[2024-11-07 12:36:37] ,2,23.517,427.273,35.538,3.842,452.573,78.395,

[2024-11-07 12:36:46] ,2,39.18,475.745,-107.956,1.926,508.437,-84.852,

[2024-11-07 12:36:58] ,1,54.868,441.758,-74.612,21.178,470.082,-13.671,

[2024-11-07 12:37:07] ,2,2.592,432.777,-28.163,55.023,505.159,-147.019,

[2024-11-07 12:37:21] ,1,0.812,464.15,-27.242,3.251,499.873,-9.713,

[2024-11-07 12:37:39] ,1,8.194,435.216,22.932,-10.854,445.762,-17.956,

[2024-11-07 12:37:48] ,2,-11.645,424.539,-18.273,54.989,467.314,-28.61,

[2024-11-07 12:37:58] ,2,39.728,476.95,119.745,28.856,518.533,-33.261,

[2024-11-07 12:38:13] ,1,14.192,499.214,-25.88,-11.381,509.43,-20.556,

[2024-11-07 12:38:33] ,1,22.134,462.937,-69.503,-9.206,465.402,27.474,

[2024-11-07 12:38:50] ,1,49.587,413.37,-62.526,1.191,421.963,-51.103,

[2024-11-07 12:38:59] ,1,60.373,432.637,54.638,26.249,496.266,-78.69,

[2024-11-07 12:39:11] ,2,-6.042,402.921,-12.529,32.712,445.498,-153.886,

[2024-11-07 12:39:23] ,2,78.443,452.632,129.936,27.449,474.426,-122.164,

[2024-11-07 12:39:34] ,2,4.87,485.274,73.639,76.212,487.152,177.955,

[2024-11-07 12:39:49] ,2,21.275,504.766,140.064,-2.615,510.814,-14.407,

[2024-11-07 12:40:06] ,1,-4.234,475.463,-31.31,72.076,496.956,-45,

[2024-11-07 12:40:17] ,1,-4.111,500.572,58.861,37.985,504.355,28.61,

[2024-11-07 12:40:28] ,1,7.403,455.714,14.407,11.576,476.846,-86.486,

[2024-11-07 12:40:55] ,2,58.68,469.95,0,-10.521,501.35,62.978,

[2024-11-07 12:41:05] ,1,42.446,484.805,70.278,-5.666,518.381,-68.671,

[2024-11-07 12:41:42] ,2,2.987,466.457,171.369,-7.624,477.398,-22.932,

[2024-11-07 12:42:00] ,2,65.403,453.407,150.255,13.566,491.776,-146.87,

[2024-11-07 12:42:10] ,2,59.697,515.898,119.554,24.935,517.866,-164.476,

[2024-11-07 12:42:38] ,4,86.433,413.214,-45,59.471,413.73,63.435,

[2024-11-07 12:42:56] ,4,-11.353,473.112,35.882,85.611,518.702,-23.749,

[2024-11-07 12:43:05] ,1,32.053,418.343,12.308,10.451,435.382,-77.692,

[2024-11-07 12:43:13] ,1,53.935,446.882,-3.039,18.579,448.266,-79.875,

[2024-11-07 12:43:26] ,1,66.255,479.441,47.521,36.371,498.88,-37.476,

[2024-11-07 12:43:39] ,1,20.716,438.497,48.24,60.006,504.861,-81.293,

[2024-11-07 12:44:04] ,2,-9.272,489.393,29.302,23.168,519.42,-55.597,

[2024-11-07 12:44:22] ,1,36.37,449.904,34.249,24.408,500.4,0,

[2024-11-07 12:44:38] ,1,35.876,430.075,-6.116,59.339,482.275,-29.745,

[2024-11-07 12:44:47] ,4,80.694,495.127,-85.878,-9.667,517.405,-67.341,

[2024-11-07 12:45:08] ,1,75.04,483.054,-61.595,65.798,516.086,-29.105,

[2024-11-07 12:45:15] ,2,45.235,418.475,-177.955,-1.231,450.112,12.804,

[2024-11-07 12:45:29] ,1,12.93,479.46,-63.435,-1.884,497.187,78.789,

[2024-11-07 12:45:38] ,1,32.104,510.611,-75.964,60.746,513.52,79.603,

[2024-11-07 12:45:51] ,2,52.023,495.325,-4.594,11.975,501.781,64.581,

[2024-11-07 12:46:18] ,2,50.566,460.618,56.17,21.104,502.247,104.407,

[2024-11-07 12:46:28] ,1,42.99,445.937,81.444,-7.987,514.307,-33.69,

[2024-11-07 12:46:40] ,2,10.303,473.18,17.475,8.684,507.118,-40.992,

[2024-11-07 12:46:58] ,1,53.835,443.136,-33.13,58.16,488.164,49.674,

[2024-11-07 12:47:09] ,1,46.193,504.698,39.999,25.33,512.857,24.274,

[2024-11-07 12:47:27] ,1,-0.603,420.291,73.496,-5.779,438.643,13.299,

[2024-11-07 12:47:37] ,1,20.555,463.592,31.739,51.12,471.698,-66.14,

[2024-11-07 12:47:50] ,1,69.753,410.237,17.942,23.551,442.071,-25.659,

[2024-11-07 12:47:59] ,2,65.535,459.009,170.789,23.263,504.615,-125.655,

[2024-11-07 12:48:13] ,2,29.021,442.993,7.125,33.329,499.87,125.655,

[2024-11-07 12:48:24] ,1,46.751,469.489,-4.514,10.303,501.389,-28.856,

[2024-11-07 12:48:33] ,2,49.664,504.506,105.524,29.417,511.868,176.906,

[2024-11-07 12:48:48] ,1,18.179,458.325,-38.581,-11.237,499.426,63.662,

[2024-11-07 12:49:00] ,1,35.695,502.229,-45,-1.074,515.49,64.581,

[2024-11-07 12:49:19] ,2,12.478,415.707,163.985,50.376,442.664,-165.593,

[2024-11-07 12:49:29] ,2,1.626,492.79,59.123,28.692,494.336,-166.088,

[2024-11-07 12:49:44] ,1,47.642,409.694,65.26,73.052,438.077,62.978,

[2024-11-07 12:50:01] ,1,35.612,486.955,-24.986,47.673,495.391,10.713,

[2024-11-07 12:50:13] ,1,10.764,436.073,2.534,25.858,516.68,-26.565,

[2024-11-07 12:50:30] ,1,84.426,479.768,-64.581,10.317,480.284,58.261,

[2024-11-07 12:50:41] ,1,11.727,431.198,54.048,-9.386,456.066,-70.448,

[2024-11-07 12:50:53] ,2,-9.677,423.652,-93.066,-9.074,446.289,13.299,

[2024-11-07 12:51:04] ,1,19.003,485.505,-1.014,75.817,502.707,-23.334,

[2024-11-07 12:51:16] ,2,9.776,503.102,-158.009,-5.479,508.277,-148.158,

[2024-11-07 12:51:43] ,1,28.891,462.226,-48.16,31.83,483.294,69.974,

[2024-11-07 12:52:04] ,2,22.562,458.021,29.745,8.312,492.861,-124.535,

[2024-11-07 12:52:14] ,1,5.657,400.68,33.69,3.185,478.123,-16.361,

[2024-11-07 12:52:32] ,1,44.39,484.542,-66.602,15.617,502.087,-52.214,

[2024-11-07 12:52:42] ,2,-4.724,460.789,0,13.103,471.093,-143.936,

[2024-11-07 12:53:00] ,1,8.985,425.593,-90,2.048,441.397,80.87,

[2024-11-07 12:53:10] ,1,16.169,482.934,-10.62,51.261,513.533,-83.32,

[2024-11-07 12:53:23] ,2,1.095,399.028,118.856,11.16,416.103,14.036,

[2024-11-07 12:53:41] ,1,14.753,444.176,-37.476,34.535,459.037,70.145,

[2024-11-07 12:53:49] ,1,34.62,502.462,56.592,15.844,509.57,-71.241,

[2024-11-07 12:54:01] ,2,-8.435,440.74,128.501,82.589,458.861,-135,

[2024-11-07 12:54:22] ,1,21.464,423.333,51.814,5.486,429.696,-78.789,

[2024-11-07 12:54:31] ,1,59.405,444.377,1.521,55.376,478.249,-72.044,

[2024-11-07 12:54:42] ,2,-11.618,483.124,149.56,2.048,506.972,-124.824,

[2024-11-07 12:54:56] ,1,28.23,500.993,-16.504,34.417,515.639,46.801,

[2024-11-07 12:55:05] ,2,45.926,434.172,146.87,-4.565,488.522,76.584,

[2024-11-07 12:55:36] ,1,6.464,432.745,77.692,31.695,451.021,41.424,

[2024-11-07 12:55:45] ,2,62.964,442.927,-13.912,34.374,480.636,96.062,

[2024-11-07 12:55:58] ,2,-5.291,416.773,91.032,1.436,474.915,59.816,

[2024-11-07 12:56:07] ,2,24.21,498.686,-14.899,72.719,512.923,155.045,

[2024-11-07 12:56:20] ,2,-2.879,435.941,-161.405,11.621,449.914,-166.817,

[2024-11-07 12:56:29] ,2,52.353,483.923,177.973,29.45,485.758,145.751,

[2024-11-07 12:56:49] ,1,28.856,425.578,34.535,17.264,482.388,-69.034,

[2024-11-07 12:56:58] ,2,32.483,408.414,-140.458,45.902,504.944,-122.276,

[2024-11-07 12:57:13] ,2,25.462,503.696,-20.854,18.805,512.33,-18.273,

[2024-11-07 12:57:25] ,1,4.569,428.559,3.545,9.745,500.624,32.276,

[2024-11-07 12:57:42] ,1,28.428,484.714,-16.844,11.712,510.855,-65.726,

[2024-11-07 12:57:52] ,2,8.725,399.464,49.008,22.055,402.778,-94.594,

[2024-11-07 12:58:03] ,2,12.498,470.352,79.472,9.512,513.648,-177.955,

[2024-11-07 12:58:18] ,1,13.664,445.762,13.791,34.195,449.448,-33.968,

[2024-11-07 12:58:37] ,1,-9.21,491.109,84.391,22.333,493.794,65.26,

[2024-11-07 12:58:54] ,1,29.321,473.997,-52.829,-7.624,494.732,-20.854,

[2024-11-07 12:59:06] ,1,15.671,435.259,-31.31,43.225,461.101,-34.663,

[2024-11-07 12:59:23] ,2,55.611,418.624,-83.32,2.723,455.055,-171.293,

[2024-11-07 12:59:36] ,1,29.219,425.857,9.628,24.794,501.82,86.961,

[2024-11-07 12:59:49] ,1,28.917,490.63,-30.877,49.749,506.996,-33.408,

[2024-11-07 13:00:06] ,1,8.53,430.478,-47.148,31.565,486.684,80.372,

[2024-11-07 13:00:16] ,1,23.7,497.193,-70.448,58.515,505.784,34.824,

[2024-11-07 13:00:26] ,2,3.491,488.27,54.345,-4.069,500.732,84.391,

[2024-11-07 13:00:39] ,1,75.739,464.884,-50.389,-0.967,501.125,-19.242,

[2024-11-07 13:00:50] ,2,30.515,508.483,86.424,28.13,519.101,-94.086,

[2024-11-07 13:01:03] ,1,63.655,473.078,35.655,-6.381,519.346,56.023,

[2024-11-07 13:01:21] ,1,35.183,410.2,-39.218,-7.181,477.256,44.64,

[2024-11-07 13:01:30] ,1,59.663,499.085,-75.466,46.554,506.802,-75.101,

[2024-11-07 13:01:41] ,2,42.071,441.28,166.701,-0.121,443.604,74.612,

[2024-11-07 13:01:53] ,2,62.341,473.259,-119.745,22.138,497.81,-148.861,

[2024-11-07 13:02:06] ,1,6.48,445.564,-21.801,43.028,507.938,-35.952,

[2024-11-07 13:02:15] ,2,40.282,467.328,70.925,55.748,488.075,-146.31,

[2024-11-07 13:02:30] ,2,-5.845,484.714,-22.27,73.51,497.236,168.085,

[2024-11-07 13:02:40] ,1,78.055,417.61,47.936,50.442,444.707,9.628,

[2024-11-07 13:02:50] ,1,31.235,470.735,-64.772,4.074,490.61,35.655,

[2024-11-07 13:03:04] ,1,-3.142,486.362,-29.745,-9.316,506.37,-65.934,

[2024-11-07 13:03:15] ,2,3.91,450.046,-3.545,16.762,494.271,16.504,

[2024-11-07 13:03:36] ,2,23.089,431.13,152.526,-11.465,517.457,-99.211,

[2024-11-07 13:03:45] ,1,7.312,432.855,88.986,44.642,477.53,27.924,

[2024-11-07 13:04:04] ,1,40.9,427.205,-66.4,72.834,454.379,45,

[2024-11-07 13:04:15] ,2,35.085,435.216,-11.31,24.45,510.399,-72.86,

[2024-11-07 13:04:33] ,1,84.78,494.864,4.122,18.362,510.603,-80.789,

[2024-11-07 13:04:41] ,2,29.436,430.928,-61.144,-7.45,435.015,54.345,

[2024-11-07 13:04:53] ,2,34.36,449.716,90,-6.387,507.837,107.628,

[2024-11-07 13:05:07] ,2,8.929,506.302,-86.934,37.523,519.25,177.421,

[2024-11-07 13:05:25] ,1,33.635,419.596,-9.211,13.467,492.359,-14.407,

[2024-11-07 13:05:34] ,1,53.445,506.209,53.746,32.186,516.724,48.621,

[2024-11-07 13:05:43] ,2,48.333,404.898,3.576,45.67,431.263,-79.786,

[2024-11-07 13:05:55] ,2,74.644,505.602,-111.705,0.922,515.398,-59.036,

[2024-11-07 13:06:27] ,1,69.16,485.637,11.915,9.726,486.874,-80.87,

[2024-11-07 13:06:45] ,1,8.326,437.918,28.61,3.335,459.017,79.38,

[2024-11-07 13:07:03] ,2,24.079,484.787,75.231,61.242,499.477,111.991,

[2024-11-07 13:07:15] ,1,61.821,500.856,54.462,-8.077,517.932,68.009,

[2024-11-07 13:07:35] ,2,1.339,468.302,175.914,26.73,484.723,-100.713,

[2024-11-07 13:07:48] ,1,29.162,423.652,-86.961,25.177,491.306,-64.341,

[2024-11-07 13:08:05] ,1,17.355,467.314,-14.642,79.855,476.547,64.12,

[2024-11-07 13:08:14] ,2,42.758,407.322,76.584,2.261,456.969,-71.565,

[2024-11-07 13:08:34] ,1,2.115,441.685,-63.886,12.904,486.614,65.014,

[2024-11-07 13:08:44] ,1,11.709,481.074,68.854,54.136,496.022,48.958,

[2024-11-07 13:09:02] ,2,14.273,409.587,-116.105,50.833,468.129,-101.706,

[2024-11-07 13:09:13] ,1,35.021,463.433,57.144,46.79,493.192,77.196,

[2024-11-07 13:09:36] ,1,41.808,431.657,10.125,4.042,473.971,-24.319,

[2024-11-07 13:09:46] ,1,-10.991,459.046,-81.87,19.626,502.756,76.701,

[2024-11-07 13:15:49] ,1,13.928,414.191,4.554,54.66,416.234,-16.015,

[2024-11-07 13:15:54] ,1,13.928,414.191,4.554,54.66,416.234,-16.015,

[2024-11-07 13:16:01] ,1,41.544,429.152,11.31,1.933,436.073,-2.534,

[2024-11-07 13:16:12] ,1,51.364,457.625,-9.628,11.743,462.563,-84.987,

[2024-11-07 13:16:24] ,2,25.792,428.362,174.391,68.398,449.825,102.918,

[2024-11-07 13:16:35] ,3,74.934,475.669,53.664,-1.099,490.777,-27.072,

[2024-11-07 13:16:49] ,1,27.142,406.544,37.381,25.33,435.018,-21.801,

[2024-11-07 13:16:58] ,1,25.133,489.921,-2.511,61.976,510.88,-21.991,

[2024-11-07 13:17:09] ,2,12.008,431.522,122.276,50.508,436.007,-163.496,

[2024-11-07 13:17:21] ,2,-7.206,438.085,-120.877,71.247,460.026,-106.015,

[2024-11-07 13:17:32] ,2,38.578,470.807,-18.911,10.124,481.143,51.419,

[2024-11-07 13:17:44] ,1,50.442,407.337,13.912,34.259,491.392,59.816,

[2024-11-07 13:17:53] ,2,36.876,442.956,133.919,72.486,474.995,106.504,

[2024-11-07 13:18:05] ,2,7.205,491.832,4.554,65.271,494.139,158.962,

[2024-11-07 13:18:18] ,1,-11.871,401.582,65.513,21.178,433.437,25.88,

[2024-11-07 13:18:27] ,2,6.612,464.48,-13.299,-5.519,500.484,101.31,

[2024-11-07 13:18:47] ,1,73.143,411.242,-83.32,34.623,484.516,23.398,

[2024-11-07 13:18:56] ,1,-5.859,484.548,77.8,3.876,504.081,37.786,

[2024-11-07 13:19:08] ,1,-1.561,477.925,8.13,54.158,510.328,-65.726,

[2024-11-07 13:19:18] ,2,49.651,416.234,-176.424,19.794,452.682,11.211,

[2024-11-07 13:19:30] ,2,5.18,455.104,-55.049,31.913,458.827,-78.887,

[2024-11-07 13:19:41] ,2,38.446,474.366,168.395,25.66,481.484,-169.38,

[2024-11-07 13:19:53] ,3,9.202,408.545,-71.323,-9.164,496.417,-74.211,

[2024-11-07 13:20:05] ,1,28.731,510.743,30.256,41.742,519.777,-16.157,

[2024-11-07 13:20:14] ,2,28.082,478.153,66.342,-5.173,488.364,-66.602,

[2024-11-07 13:20:27] ,2,71.532,436.666,150.698,24.699,462.686,138.532,

[2024-11-07 13:20:45] ,1,-11.291,410.042,79.695,51.101,442.796,-5.56,

[2024-11-07 13:20:54] ,4,60.262,407.139,170.707,32.383,420.453,22.463,

[2024-11-07 13:21:07] ,2,-10.291,423.115,32.276,68.02,449.704,-68.671,

[2024-11-07 13:21:15] ,4,2.396,451.012,61.239,23.067,455.819,43.409,

[2024-11-07 13:21:26] ,4,12.808,469.884,-5.262,18.805,490.909,-11.753,

[2024-11-07 13:21:34] ,4,85.242,411.489,23.962,84.78,490.843,40.601,

[2024-11-07 13:21:44] ,4,44.332,403.437,85.406,1.801,445.63,-16.991,

[2024-11-07 13:21:53] ,1,80.057,475.861,51.9,2.122,513.925,46.801,

[2024-11-07 13:22:01] ,2,35.866,443.449,95.013,36.996,492.952,172.372,

[2024-11-07 13:22:13] ,3,-2.024,414.67,48.24,48.952,514.518,88.847,

[2024-11-07 13:22:26] ,1,0.812,405.162,-10.305,28.558,431.795,71.405,

[2024-11-07 13:22:35] ,1,36.238,484.827,-85.986,24.916,492.732,-58.69,

[2024-11-07 13:22:47] ,2,-11.612,400.345,33.977,-11.513,477.068,-23.6,

[2024-11-07 13:22:58] ,3,-1.936,427.437,-79.287,16.403,451.751,53.281,

[2024-11-07 13:23:09] ,3,39.47,462.783,-37.247,84.491,485.034,-32.412,

[2024-11-07 13:23:21] ,1,-2.783,458.358,-40.326,-7.454,492.088,80.372,

[2024-11-07 13:23:31] ,3,43.188,504.16,-68.057,24.343,505.014,-56.416,

[2024-11-07 13:23:44] ,1,-3.993,429.505,63.208,8.83,464.564,43.221,

[2024-11-07 13:23:53] ,2,28.758,443.257,-154.799,-0.347,510.368,-83.379,

[2024-11-07 13:24:07] ,1,-9.785,436.83,-77.8,86.494,457.362,-14.534,

[2024-11-07 13:24:16] ,2,10.465,449.092,148.261,8.224,500.952,52.927,

[2024-11-07 13:24:29] ,4,1.998,474.696,60.505,17.158,512.132,-32.981,

[2024-11-07 13:24:43] ,4,30.321,483.828,54.418,77.667,489.383,-77.638,

[2024-11-07 13:24:52] ,1,31.526,441.412,-25.201,-7.962,515.704,46.824,

[2024-11-07 13:25:08] ,1,51.233,432.909,-21.329,6.656,460.525,60.945,

[2024-11-07 13:25:17] ,1,22.26,489.204,-60.505,35.151,510.286,-7.696,

[2024-11-07 13:25:28] ,4,1.998,510.682,1.032,-9.667,512.593,19.242,

[2024-11-07 13:25:40] ,2,-1.924,399.871,34.695,59.867,422.298,160.278,

[2024-11-07 13:25:49] ,4,32.419,446.03,63.435,45.337,484.13,-35.803,

[2024-11-07 13:26:04] ,1,2.46,412.807,-2.556,41.742,479.573,20.026,

[2024-11-07 13:26:11] ,4,46.355,401.668,86.543,78.651,484.582,61.348,

[2024-11-07 13:26:24] ,2,80.99,441.364,-119.999,-7.822,477.464,9.713,

[2024-11-07 13:26:32] ,2,71.005,494.468,-7.696,37.392,495.984,174.391,

[2024-11-07 13:26:45] ,4,35.546,441.939,-14.769,22.175,450.537,-56.032,

[2024-11-07 13:26:57] ,2,27.409,468.046,40.384,2.937,486.516,-92.027,

[2024-11-07 13:27:05] ,2,-4.026,508.433,30.44,33.327,511.83,106.015,

[2024-11-07 13:27:19] ,1,8.79,422.262,87.444,73.688,455.805,74.124,

[2024-11-07 13:27:36] ,1,43.82,430.281,40.326,8.571,433.972,-79.38,

[2024-11-07 13:27:45] ,1,33.336,495.867,-39.999,4.815,513.905,-51.18,

[2024-11-07 13:27:56] ,4,20.15,428.986,58.318,22.568,452.557,-57.558,

[2024-11-07 13:28:09] ,3,2.437,475.139,-30.77,65.636,476.981,-42.044,

[2024-11-07 13:28:17] ,2,49.818,407.692,32.276,24.901,475.963,36.469,

[2024-11-07 13:28:28] ,1,2.234,482.671,-79.875,29.378,493.221,-53.936,

[2024-11-07 13:28:38] ,1,27.835,515.032,2.027,-9.667,519.448,13.033,

[2024-11-07 13:28:48] ,2,20.884,411.459,-106.504,-1.659,456.231,145.751,

[2024-11-07 13:29:01] ,2,1.87,498.197,-98.202,63.623,499.016,-155.26,

[2024-11-07 13:29:13] ,4,54.462,506.596,-1.032,-1.297,509.43,1.023,

[2024-11-07 13:29:23] ,2,-8.312,433.022,65.472,56.523,439.457,109.552,

[2024-11-07 13:29:33] ,1,-9.684,435.661,45,31.328,481.221,-23.398,

[2024-11-07 13:29:43] ,3,68.343,489.905,53.664,66.629,518.705,-64.47,

[2024-11-07 13:29:57] ,1,5.048,480.812,72.525,19.398,500.334,-27.474,

[2024-11-07 13:30:08] ,1,31.921,482.473,-19.552,3.548,519.256,-36.973,

[2024-11-07 13:30:17] ,4,-2.417,452.814,-45,-8.349,484.714,16.157,

[2024-11-07 13:30:37] ,1,69.974,404.085,51.988,3.448,418.541,12.417,

[2024-11-07 13:30:45] ,4,35.612,459.009,152.758,-5.911,509.825,-2.045,

[2024-11-07 13:30:58] ,1,80.859,411.953,33.546,81.419,449.518,-9.713,

[2024-11-07 13:31:07] ,2,-4.364,440.826,139.674,1.65,451.925,-113.86,

[2024-11-07 13:31:18] ,2,29.188,488.164,-147.567,56.308,514.636,-11.411,

[2024-11-07 13:31:30] ,3,46.357,418.067,-77.264,7.767,483.955,-73.229,

[2024-11-07 13:31:43] ,2,44.214,460.968,85.986,67.842,516.086,-160.589,

[2024-11-07 13:32:01] ,1,58.62,411.69,75.466,86.729,467.374,41.042,

[2024-11-07 13:32:10] ,1,14.596,474.731,82.011,22.886,504.305,-78.789,

[2024-11-07 13:32:22] ,2,56.198,461.024,114.066,8.326,497.83,-180,

[2024-11-07 13:32:34] ,3,-7.48,467.606,65.807,35.12,497.321,70.244,

[2024-11-07 13:32:47] ,4,-4.679,462.902,43.933,13.006,518.865,57.019,

[2024-11-07 13:33:00] ,1,-4.393,442.341,75.231,62.047,512.068,57.45,

[2024-11-07 13:33:16] ,1,29.837,407.105,-42.479,41.017,424.143,29.745,

[2024-11-07 13:33:25] ,2,17.121,443.958,-106.844,56.517,477.671,50.389,

[2024-11-07 13:33:39] ,2,9.847,486.049,112.932,77.497,508.479,73.35,

[2024-11-07 13:33:51] ,4,31.643,436.537,129.289,44.642,473.905,159.974,

[2024-11-07 13:34:02] ,4,57.362,491.371,82.875,12.214,512.593,-65.26,

[2024-11-07 13:34:13] ,2,2.284,428.993,114.066,30.507,511.409,-139.343,

[2024-11-07 13:34:30] ,2,15.708,401.141,-154.581,49.234,473.746,-58.95,

[2024-11-07 13:34:48] ,2,-7.756,425.462,19.722,41.182,436.433,144.345,

[2024-11-07 13:34:57] ,2,-10.711,444.295,-61.837,59.093,446.745,-128.897,

[2024-11-07 13:35:16] ,1,0.611,418.599,47.899,12.478,430.998,-20.2,

[2024-11-07 13:35:25] ,1,-2.764,457.872,45,54.499,462.809,31.31,

[2024-11-07 13:35:36] ,1,-11.087,447.629,59.816,38.512,467.38,-20.323,

[2024-11-07 13:35:47] ,1,70.411,467.389,75.101,21.391,485.985,-70.615,

[2024-11-07 13:35:59] ,1,40.056,488.823,82.875,58.097,489.608,50.001,

[2024-11-07 13:36:10] ,1,46.771,502.681,58.861,24.872,503.403,48.958,

[2024-11-07 13:36:21] ,2,57.434,423.529,98.631,10.095,443.19,-75.719,

[2024-11-07 13:36:33] ,2,7.099,495.468,-88.986,82.935,497.896,-163.35,

[2024-11-07 13:36:46] ,1,28.23,421.375,-7.125,68.141,464.886,53.637,

[2024-11-07 13:36:55] ,1,36.337,459.273,-27.688,47.989,485.952,-58.261,

[2024-11-07 13:37:06] ,2,1.449,458.823,-136.432,60.888,491.479,-141.499,

[2024-11-07 13:37:17] ,2,-7.181,493.502,70.448,17.619,500.927,23.6,

[2024-11-07 13:37:28] ,1,84.895,503.613,45,21.588,513.9,72.372,

[2024-11-07 13:37:39] ,2,40.706,503.174,-115.88,61.811,508.312,-33.546,

[2024-11-07 13:37:52] ,1,-3.953,415.167,-51.499,58.258,426.096,77.196,

[2024-11-07 13:38:02] ,1,-11.87,430.654,-76.584,66.185,466.675,66.869,

[2024-11-07 13:38:13] ,1,73.214,479.872,38.897,-11.249,497.434,16.991,

[2024-11-07 13:38:24] ,2,24.836,403.664,-119.999,0.708,474.223,149.381,

[2024-11-07 13:38:38] ,1,7.91,451.455,70.278,11.067,497.055,83.379,

[2024-11-07 13:38:49] ,1,68.93,435.913,-35.242,-6.406,491.145,35.242,

[2024-11-07 13:38:59] ,1,6.48,500.598,-13.299,27.125,502.696,72.372,

[2024-11-07 13:39:19] ,1,-3.044,452.416,-33.83,10.303,455.516,-9.13,

[2024-11-07 13:39:28] ,2,3.283,425.215,-53.334,35.778,478.467,-36.469,

[2024-11-07 13:39:38] ,2,-5.676,484.958,65.472,70.473,491.769,84.341,

[2024-11-07 13:39:51] ,1,16.32,475.185,82.504,4.304,495.594,71.405,

[2024-11-07 13:40:00] ,2,37.062,447.937,-155.014,42.847,490.214,66.4,

[2024-11-07 13:40:15] ,2,61.563,475.086,128.897,-2.583,510.364,-143.334,

[2024-11-07 13:40:26] ,1,49.546,489.571,-41.76,12.478,495.457,7.628,

[2024-11-07 13:40:37] ,2,17.948,477.2,-3.039,33.767,496.577,-163.35,

[2024-11-07 13:40:59] ,1,24.112,436.232,39.289,12.972,447.524,34.663,

[2024-11-07 13:41:07] ,1,79.969,471.268,20.376,60.049,495.242,-58.426,

[2024-11-07 13:41:18] ,1,6.81,495.984,22.463,17.092,504.684,11.81,

[2024-11-07 13:41:32] ,1,-6.602,419.794,33.69,-1.742,438.278,82.372,

[2024-11-07 13:41:43] ,1,38.248,479.309,20.497,43.945,495.194,79.875,

[2024-11-07 13:42:01] ,1,-8.613,468.566,6.621,1.493,493.851,-86.455,

[2024-11-07 13:42:11] ,1,47.08,490.184,-22.932,9.446,510.88,10.808,

[2024-11-07 13:42:21] ,2,-5.532,436.832,-102.308,-7.851,514.895,-139.008,

[2024-11-07 13:42:40] ,1,78.185,446.034,71.241,51.421,475.311,66.801,

[2024-11-07 13:42:49] ,1,24.506,491.355,34.535,20.321,508.705,-17.628,

[2024-11-07 13:43:03] ,4,-1.429,458.548,-33.408,-6.24,519.118,-63.667,

[2024-11-07 13:43:16] ,2,1.108,480.776,-143.637,12.725,503.811,-135,

[2024-11-07 13:43:28] ,1,2.158,500.723,64.799,63.809,513.376,-72.216,

[2024-11-07 13:43:46] ,1,25.833,403.474,42.825,25.684,435.147,-54.345,

[2024-11-07 13:43:55] ,1,1.339,439.5,-29.999,18.212,490.118,-1.014,

[2024-11-07 13:44:06] ,2,44.212,440.485,37.476,54.153,487.009,-94.554,

[2024-11-07 13:44:19] ,1,-8.151,464.546,-18.595,-9.061,499.89,-70.758,

[2024-11-07 13:44:30] ,2,5.414,452.692,-50.323,-7.202,516.543,149.744,

[2024-11-07 13:44:42] ,1,-1.89,435.546,3.545,9.73,514.809,58.861,

[2024-11-07 13:44:51] ,2,22.7,400.034,105.164,-7.628,410.932,130.992,

[2024-11-07 13:45:04] ,2,72.389,425.33,90,-9.404,442.796,-23.6,

[2024-11-07 13:45:22] ,1,-3.109,420.181,-37.694,48.863,426.386,-84.44,

[2024-11-07 13:45:31] ,2,3.273,440.474,-111.146,52.683,451.825,156.602,

[2024-11-07 13:45:46] ,1,39.567,401.273,3.094,-10.555,513.739,-52.927,

[2024-11-07 13:46:06] ,1,62.898,472.982,-9.211,37.719,473.127,67.264,

[2024-11-07 13:46:16] ,1,-3.356,443.438,-58.426,10.171,461.58,21.615,

[2024-11-07 13:46:26] ,2,31.394,412.609,25.419,76.706,471.287,119.999,

[2024-11-07 13:46:39] ,2,53.888,473.102,-128.581,16.433,483.989,-174.489,

[2024-11-07 13:46:51] ,2,42.406,487.894,-67.068,15.97,514.448,-104.899,

[2024-11-07 13:47:03] ,1,11.192,467.924,-60.068,18.358,491.148,-55.465,

[2024-11-07 13:47:12] ,2,-9.517,412.747,64.12,-9.865,481.418,20.854,

[2024-11-07 13:47:32] ,1,29.323,455.467,-88.493,63.353,507.119,-84.852,

[2024-11-07 13:47:40] ,2,-7.591,443.909,-145.886,19.135,472.587,29.495,

[2024-11-07 13:47:54] ,2,42.971,403.757,-51.9,41.808,506.2,-7.189,

[2024-11-07 13:48:04] ,2,59.253,451.286,-85.446,79.922,456.7,135.725,

[2024-11-07 13:48:16] ,2,33.964,495.655,-10.713,64.876,498.752,-90,

[2024-11-07 13:48:28] ,1,71.467,437.523,9.211,39.2,452.267,-65.472,

[2024-11-07 13:48:37] ,1,-3.208,500.927,-23.6,23.023,505.211,4.594,

[2024-11-07 13:48:56] ,1,-2.192,448.563,52.524,27.537,454.695,35.362,

[2024-11-07 13:49:05] ,1,81.306,486.001,-77.583,33.135,489.953,52.524,

[2024-11-07 13:49:16] ,2,21.313,442.748,-56.592,-1.121,483.066,60.945,

[2024-11-07 13:49:29] ,1,10.203,427.171,37.476,38.898,497.338,86.961,

[2024-11-07 13:49:40] ,2,15.18,485.505,173.938,28.626,493.677,-152.758,

[2024-11-07 13:49:54] ,1,15.43,457.858,45.707,7.073,488.537,0.507,

[2024-11-07 13:50:11] ,1,9.88,444.96,30.619,-4.016,488.388,45,

[2024-11-07 13:50:20] ,1,21.903,507.65,7.189,2.138,508.173,84.898,

[2024-11-07 13:50:31] ,1,36.139,511.671,13.299,-10.747,518.03,-59.3,

[2024-11-07 13:50:42] ,2,42.203,469.357,-6.116,19.529,470.283,-71.565,

[2024-11-07 13:50:55] ,1,-10.326,441.873,18.113,41.449,442.114,31.31,

[2024-11-07 13:51:03] ,2,-3.069,474.052,105.255,37.062,485.241,168.789,

[2024-11-07 13:51:23] ,1,14.323,427.834,20.2,16.894,458.416,15.255,

[2024-11-07 13:51:32] ,2,-9.742,422.707,-133.199,-8.086,437.127,157.73,

[2024-11-07 13:51:44] ,2,28.74,446.143,-72.525,2.328,450.309,-151.837,

[2024-11-07 13:51:55] ,2,16.139,497.172,40.657,47.961,506.71,-111.038,

[2024-11-07 13:52:07] ,4,57.692,420.782,-47.899,83.66,492.886,27.255,

[2024-11-07 13:52:20] ,1,9.117,406.282,1.032,47.293,516.932,72.372,

[2024-11-07 13:52:28] ,2,23.748,462.832,-169.963,8.392,463.952,163.009,

[2024-11-07 13:52:44] ,2,15.554,435.284,115.659,38.908,492.293,0,

[2024-11-07 13:52:54] ,1,56.439,475.618,15.388,35.258,489.499,77.307,

[2024-11-07 13:53:13] ,1,34.064,443.242,-34.535,-6.965,456.505,20.854,

[2024-11-07 13:53:22] ,1,33.287,459.872,-64.106,72.553,475.31,-39.611,

[2024-11-07 13:53:33] ,1,50.244,491.173,0,11.477,515.152,-58.158,

[2024-11-07 13:53:48] ,2,80.035,463.162,-158.962,1.339,505.936,-1.032,

[2024-11-07 13:54:06] ,4,85.11,474.102,59.3,63.664,496.783,-79.739,

[2024-11-07 13:54:16] ,1,36.733,447.277,29.055,4.173,457.164,15.876,

[2024-11-07 13:54:24] ,1,-7.558,459.866,9.628,45.478,503.523,70.278,

[2024-11-07 13:54:35] ,1,13.467,504.289,6.116,67.431,512.089,-87.955,

[2024-11-07 13:54:48] ,1,74.409,446.335,-72.86,-1.785,490.449,-79.786,

[2024-11-07 13:54:58] ,4,-5.12,458.416,47.862,-7.756,516.811,-27.951,

[2024-11-07 13:55:12] ,1,-0.935,485.442,37.073,11.425,509.702,67.537,

[2024-11-07 13:55:23] ,1,60.262,493.216,4.086,22.445,503.935,-45.36,

[2024-11-07 13:55:31] ,2,55.171,439.905,-79.287,78.057,503.366,90,

[2024-11-07 13:55:51] ,1,79.046,452.023,-22.659,44.114,479.441,-23.199,

[2024-11-07 13:56:00] ,1,3.246,480.272,62.312,71.598,488.668,-16.65,

[2024-11-07 13:56:11] ,2,37.778,445.449,129.999,16.426,506.593,108.113,

[2024-11-07 13:56:24] ,1,10.853,467.229,72.824,16.98,504.922,58.861,

[2024-11-07 13:56:33] ,2,-4.321,455.451,-104.407,2.333,478.951,81.87,

[2024-11-07 13:56:46] ,2,16.256,477.122,85.486,2.789,496.248,1.023,

[2024-11-07 13:56:57] ,1,64.509,426.496,-31.139,40.681,430.487,-78.789,

[2024-11-07 13:57:15] ,1,27.352,477.964,-58.95,13.614,489.436,-45.36,

[2024-11-07 13:57:24] ,2,61.193,485.716,-46.801,69.665,499.175,-106.015,

[2024-11-07 13:57:36] ,2,40.13,416.895,40.657,37.721,464.348,-6.009,

[2024-11-07 13:57:47] ,1,13.003,458.688,-57.144,55.413,503.288,-41.379,

[2024-11-07 13:57:56] ,2,3.738,446.168,91.023,29.28,464.617,-67.73,

[2024-11-07 13:58:16] ,1,-6.31,403.382,-71.727,2.756,456.619,38.186,

[2024-11-07 13:58:34] ,1,11.687,441.939,1.534,43.745,486.272,-65.681,

[2024-11-07 13:58:43] ,1,57.962,501.979,71.887,8.453,519.984,71.241,

[2024-11-07 13:58:54] ,2,52.168,426.003,-116.338,-3.805,475.216,-132.138,

[2024-11-07 13:59:05] ,2,0.115,510.076,149.3,25.594,517.009,160.105,

[2024-11-07 13:59:18] ,2,0.68,460.987,175.95,50.491,476.854,-135,

[2024-11-07 13:59:30] ,1,-11.99,486.523,66.4,-3.839,498.607,-41.424,

[2024-11-07 13:59:41] ,2,41.478,455.846,174.44,-5.515,498.159,0,

[2024-11-07 13:59:59] ,1,69.116,410.867,59.036,59.066,478.092,86.961,

[2024-11-07 14:00:08] ,1,37.818,485.848,-39.999,23.059,502.929,-52.927,

[2024-11-07 14:00:19] ,2,-3.488,444.693,-99.13,19.794,454.198,17.475,

[2024-11-07 14:00:34] ,2,40.176,437.902,-45,4.305,470.346,-168.294,

[2024-11-07 14:00:47] ,1,11.771,481.54,-44.644,12.515,506.234,69.8,

[2024-11-07 14:01:04] ,1,2.037,456.497,30.44,36.337,465.732,-29.932,

[2024-11-07 14:01:13] ,1,27.703,513.516,-11.31,-5.493,513.659,-43.568,

[2024-11-07 14:01:24] ,2,40.226,401.141,4.122,9.878,403.357,-148.595,

[2024-11-07 14:01:36] ,2,17.271,407.591,-135.365,79.803,433.352,-145.305,

[2024-11-07 14:01:47] ,2,27.411,446.335,-114.528,5.887,480.1,-19.075,

[2024-11-07 14:01:59] ,1,3.076,451.663,59.123,76.673,454.527,9.713,

[2024-11-07 14:02:08] ,2,63.59,415.76,34.403,50.837,454.066,-169.38,

[2024-11-07 14:02:29] ,4,64.942,402.328,-11.915,17.912,433.156,76.701,

[2024-11-07 14:02:38] ,1,65.193,485.189,-63.662,46.743,489.606,74.745,

[2024-11-07 14:02:47] ,1,32.119,481.352,9.628,-4.263,505.211,6.621,

[2024-11-07 14:02:57] ,2,-4.161,428.411,103.299,5.294,444.443,27.474,

[2024-11-07 14:03:12] ,1,-7.033,424.281,71.405,23.985,462.43,30.364,

[2024-11-07 14:03:25] ,1,29.176,401.333,-54.462,35.577,434.382,-32.433,

[2024-11-07 14:03:33] ,2,84.221,407.17,144.401,8.194,446.618,-10.214,

[2024-11-07 14:03:45] ,2,3.844,479.112,20.674,57.797,481.053,-59.381,

[2024-11-07 14:03:56] ,2,28.332,482.737,40.711,5.096,514.405,-62.745,

[2024-11-07 14:04:08] ,2,20.692,415.316,60.698,46.355,430.009,170.287,

[2024-11-07 14:04:18] ,2,33.108,464.875,-24.775,8.985,483.857,-28.369,

[2024-11-07 14:04:30] ,1,6.924,457.879,44.64,41.824,510.204,-45,

[2024-11-07 14:04:39] ,2,67.478,493.427,147.019,11.474,499.618,-96.116,

[2024-11-07 14:05:00] ,1,5.327,422.347,-38.186,-3.555,457.422,-51.103,

[2024-11-07 14:05:08] ,2,-6.142,412.114,35.538,15.317,470.939,132.51,

[2024-11-07 14:05:19] ,2,81.058,472.569,-85.914,56.168,501.719,104.407,

[2024-11-07 14:05:32] ,1,10.633,448.859,-29.055,29.153,467.314,-18.277,

[2024-11-07 14:05:41] ,1,16.367,489.723,-11.211,-6.306,511.209,-20.854,

[2024-11-07 14:05:54] ,1,18.344,432.975,-14.281,28.648,513.379,-54.462,

[2024-11-07 14:06:03] ,4,73.789,423.114,65.999,-9.008,502.114,11.908,

[2024-11-07 14:06:15] ,4,-0.374,459.471,-3.066,75.092,480.496,-82.304,

[2024-11-07 14:06:27] ,2,2.193,444.744,131.042,-6.379,481.228,-132.852,

[2024-11-07 14:06:39] ,1,21.174,475.289,-71.723,49.387,512.33,4.594,

[2024-11-07 14:06:51] ,4,22.069,494.816,32.705,-10.724,509.438,-67.537,

[2024-11-07 14:07:10] ,4,74.367,496.182,-11.211,-9.749,499.171,-87.973,

[2024-11-07 14:07:19] ,2,28.067,426.433,-85.914,0.588,437.694,42.101,

[2024-11-07 14:07:27] ,2,23.88,458.877,16.361,46.289,471.664,-3.039,

[2024-11-07 14:07:37] ,3,15.55,481.344,-32.645,38.183,512.278,74.476,

[2024-11-07 14:07:50] ,1,21.342,409.689,34.824,11.334,437.277,43.221,

[2024-11-07 14:07:59] ,1,20.06,450.586,-67.264,8.636,472.021,-82.504,

[2024-11-07 14:08:11] ,2,41.036,488.063,68.671,71.73,492.491,-165.593,

[2024-11-07 14:08:24] ,4,20.609,452.904,-42.879,5.228,499.609,1.521,

[2024-11-07 14:08:35] ,4,63.03,443.389,-69.326,62.707,506.66,45.37,

[2024-11-07 14:08:53] ,1,21.165,400.106,74.476,50.739,443.296,-69.503,

[2024-11-07 14:09:01] ,4,52.551,414.85,28.095,-4.526,453.077,1.897,

[2024-11-07 14:09:15] ,2,75.78,475.159,-40.657,53.935,509.43,10.305,

[2024-11-07 14:09:24] ,1,14.455,430.141,8.707,-5.456,486.691,-57.567,

[2024-11-07 14:09:43] ,4,9.712,498.358,-56.626,41.909,509.671,-63.605,

[2024-11-07 14:10:03] ,1,85.901,427.966,-23.806,23.419,436.337,4.554,

[2024-11-07 14:10:10] ,1,25.067,453.341,7.063,2.88,460.367,-77.307,

[2024-11-07 14:10:21] ,1,28.074,469.382,42.879,39.736,476.139,41.091,

[2024-11-07 14:10:34] ,1,62.735,409.655,-36.666,58.383,445.969,36.769,

[2024-11-07 14:10:44] ,1,70.834,451.343,69.146,-6.948,455.104,-45,

[2024-11-07 14:10:55] ,1,23.164,459.815,-46.779,75.026,484.912,-9.293,

[2024-11-07 14:11:06] ,1,43.983,501.916,-4.594,57.528,504.042,53.334,

[2024-11-07 14:11:19] ,1,15.603,449.485,52.524,48.308,515.754,-64.581,

[2024-11-07 14:11:31] ,4,85.242,459.405,-71.25,-5.713,485.966,-71.686,

[2024-11-07 14:11:43] ,3,22.988,466.863,63.099,69.028,496.841,-14.315,

[2024-11-07 14:11:53] ,1,-10.595,464.834,78.294,60.866,478.839,57.995,

[2024-11-07 14:12:12] ,1,14.917,439.105,-26.338,56.499,460.35,-63.208,

[2024-11-07 14:12:21] ,1,0.68,469.884,2.01,24.371,492.995,-31.31,

[2024-11-07 14:12:32] ,2,65.565,408.394,139.399,6.942,414.916,-11.81,

[2024-11-07 14:12:44] ,2,-8.739,457.465,81.87,28.098,458.284,-18.435,

[2024-11-07 14:12:55] ,2,75.613,461.992,-78.789,37.817,473.734,-127.171,

[2024-11-07 14:13:06] ,2,59.402,480.827,-95.56,3.712,506.925,-180,

[2024-11-07 14:13:19] ,2,-1.507,425.866,-50.389,12.58,426.945,-148.158,

[2024-11-07 14:13:30] ,1,52.748,477.596,-12.2,51.611,500.12,45,

[2024-11-07 14:13:44] ,1,-2.007,466.225,-77.8,21.049,489.79,-84.44,

[2024-11-07 14:13:54] ,2,-5.387,416.864,130.992,59.095,469.119,-74.124,

[2024-11-07 14:14:06] ,2,-3.67,437.062,150.255,29.814,474.586,-78.395,

[2024-11-07 14:14:18] ,2,-11.03,480.893,-115.659,9.899,497.431,122.276,

[2024-11-07 14:14:30] ,1,18.049,495.901,-85.914,45.583,512.797,64.12,

[2024-11-07 14:14:49] ,1,6.683,403.544,49.343,57.56,432.25,24.528,

[2024-11-07 14:14:58] ,2,49.892,413.23,73.985,36.073,442.993,23.398,

[2024-11-07 14:15:09] ,2,-5.839,449.008,-67.068,42.998,457.8,-81.444,

[2024-11-07 14:15:20] ,2,-0.736,477.533,-37.073,-9.304,495.354,39.218,

[2024-11-07 14:15:34] ,2,-1.417,469.815,-111.801,-8.679,512.989,14.534,

[2024-11-07 14:15:43] ,4,20.561,491.513,40.495,83.856,519.242,-85.802,

[2024-11-07 14:16:03] ,1,17.36,420.123,-47.521,38.132,447.354,63.886,

[2024-11-07 14:16:12] ,1,38.446,468.896,7.561,1.076,512.527,28.61,

[2024-11-07 14:16:23] ,2,15.01,442.16,82.875,9.641,479.039,-132.138,

[2024-11-07 14:16:34] ,4,81.88,414.784,-26.565,30.801,506.002,26.053,

[2024-11-07 14:16:48] ,2,6.085,462.305,173.938,59.208,503.498,-24.274,

[2024-11-07 14:16:57] ,1,37.582,467.131,-78.887,30.732,484.068,67.264,

[2024-11-07 14:17:08] ,2,-7.756,420.255,-8.202,6.908,494.063,37.786,

[2024-11-07 14:17:22] ,2,0.132,454.793,115.659,15.246,514.439,-4.594,

[2024-11-07 14:18:40] ,1,1.273,483.857,-12.804,49.184,486.889,47.49,

[2024-11-07 14:18:45] ,1,1.273,483.857,-12.804,49.184,486.889,47.49,

[2024-11-07 14:18:53] ,2,-5.383,439.434,-14.281,44.652,509.319,133.55,

[2024-11-07 14:19:06] ,1,42.498,436.16,-39.611,7.502,477.563,38.972,

[2024-11-07 14:19:24] ,1,-2.286,424.275,12.804,79.245,434.938,-48.24,

[2024-11-07 14:19:33] ,2,36.542,426.078,49.674,26.56,491.215,86.424,

[2024-11-07 14:19:46] ,1,-7.229,456.637,1.014,39.691,498.139,81.293,

[2024-11-07 14:19:55] ,4,-0.996,428.799,106.844,53.32,431.735,43.55,

[2024-11-07 14:20:10] ,1,44.327,399.524,82.304,8.128,484.318,5.56,

[2024-11-07 14:20:17] ,2,29.39,440.001,42.138,12.187,444.005,-82.875,

[2024-11-07 14:20:31] ,1,25.396,430.537,-10.713,46.498,487.935,57.995,

[2024-11-07 14:20:40] ,1,-0.111,507.123,-25.419,48.163,509.937,-31.139,

[2024-11-07 14:20:59] ,4,76.998,448.003,47.49,42.73,504.552,25.201,

[2024-11-07 14:21:09] ,2,-1.297,420.65,7.189,51.616,441.769,46.081,

[2024-11-07 14:21:16] ,2,64.678,449.189,-175.406,12.021,458.064,-81.444,

[2024-11-07 14:21:28] ,3,32.147,429.638,78.092,10.039,470.148,18.435,

[2024-11-07 14:21:41] ,1,-1.446,445.295,-51.103,25.198,447.409,13.183,

[2024-11-07 14:21:50] ,1,82.636,508.16,85.878,12.393,510.51,74.124,

[2024-11-07 14:22:01] ,2,-7.859,415.616,-31.405,27.584,463.62,-104.158,

[2024-11-07 14:22:14] ,1,44.015,469.406,38.186,20.848,471.73,20.323,

[2024-11-07 14:22:23] ,1,2.566,479.143,42.51,46.652,491.954,34.249,

[2024-11-07 14:22:34] ,2,-10.933,449.901,-118.369,-3.731,465.204,132.479,

[2024-11-07 14:22:46] ,3,7.779,436.281,-82.03,70.028,475.181,-85.047,

[2024-11-07 14:22:59] ,1,12.513,418.698,-52.927,44.576,454.475,-56.87,

[2024-11-07 14:23:08] ,1,32.053,496.446,27.242,51.138,508.619,31.139,

[2024-11-07 14:23:19] ,2,34.824,472.229,48.909,22.527,484.011,59.816,

[2024-11-07 14:23:31] ,1,-3.407,424.261,48.24,61.81,489.661,37.073,

[2024-11-07 14:23:40] ,2,42.5,447.391,94.05,24.869,473.18,175.486,

[2024-11-07 14:23:52] ,3,0.219,485.702,-3.789,14.973,513.761,-53.437,

[2024-11-07 14:24:06] ,1,3.738,498.842,82.811,77.119,516.372,74.338,

[2024-11-07 14:24:25] ,2,-8.187,428.595,106.504,10.273,436.614,60.255,

[2024-11-07 14:24:34] ,2,80.035,449.584,-14.534,-0.967,456.768,-170.287,

[2024-11-07 14:24:45] ,2,8.033,459.801,-139.289,-7.916,475.157,100.125,

[2024-11-07 14:24:57] ,2,25.674,486.304,96.062,74.951,491.464,-101.915,

[2024-11-07 14:25:08] ,3,38.733,410.925,-86.16,-4.818,411.574,78.465,

[2024-11-07 14:25:20] ,4,50.112,424.671,-23.499,36.097,450.729,-71.801,

[2024-11-07 14:25:33] ,1,28.617,451.579,-49.939,56.235,497.368,-57.567,

[2024-11-07 14:25:41] ,2,24.008,407.157,-78.69,10.876,466.564,-93.514,

[2024-11-07 14:25:52] ,2,20.865,495.572,-45,72.583,504.173,67.141,

[2024-11-07 14:26:03] ,3,15.378,431.13,-3.033,75.817,452.089,-6.089,

[2024-11-07 14:26:14] ,4,76.739,436.93,-85.914,54.198,449.65,48.493,

[2024-11-07 14:26:28] ,3,-1.297,444.575,16.991,45.072,477.142,67.001,

[2024-11-07 14:26:38] ,2,14.45,426.006,101.211,58.087,444.312,-171.369,

[2024-11-07 14:26:49] ,3,26.474,459.106,-61.42,17.092,475.091,13.219,

[2024-11-07 14:27:01] ,2,5.301,475.234,-71.089,-10.232,502.148,-69.8,

[2024-11-07 14:27:18] ,1,30.437,408.009,-32.981,72.405,457.654,-66.4,

[2024-11-07 14:27:27] ,1,37.062,476.08,-19.385,22.142,484.013,42.879,

[2024-11-07 14:27:38] ,2,25.848,447.233,-113.199,8.344,448.472,-100.62,

[2024-11-07 14:27:51] ,3,48.926,423.221,21.092,26.354,510.857,-63.605,

[2024-11-07 14:28:04] ,1,9.338,497.716,-43.199,46.685,499.346,-3.039,

[2024-11-07 14:28:15] ,2,17.213,459.519,61.869,64.299,468.596,-97.628,

[2024-11-07 14:28:28] ,1,22.57,413.423,49.674,55.253,418.409,-8.202,

[2024-11-07 14:28:37] ,2,82.012,458.416,-7.125,5.638,479.961,68.385,

[2024-11-07 14:28:49] ,2,74.548,480.743,-135,45.267,484.177,37.786,

[2024-11-07 14:29:00] ,4,36.601,426.714,-8.022,15.114,492.623,-28.761,

[2024-11-07 14:29:13] ,1,22.471,426.291,-52.214,29.18,455.444,64.772,

[2024-11-07 14:29:21] ,2,61.242,468.627,-84.943,21.806,473.661,-140.323,

[2024-11-07 14:29:35] ,2,81.444,418.772,137.553,-3.142,475.223,172.937,

[2024-11-07 14:29:44] ,2,43.653,484.516,-28.369,73.667,498.333,-65.726,

[2024-11-07 14:29:57] ,4,36.93,501.652,-11.31,78.101,511.552,48.323,

[2024-11-07 14:30:09] ,2,-3.703,440.421,146.17,12.083,502.971,173.379,

[2024-11-07 14:30:17] ,4,34.162,440.555,-20.468,23.935,508.533,87.709,

[2024-11-07 14:30:32] ,1,41.278,489.693,62.526,0.816,510.75,-84.391,

[2024-11-07 14:30:42] ,3,15.287,467.679,-87.739,-8.354,519.121,-67.913,

[2024-11-07 14:31:01] ,4,-11.393,485.843,-50.389,1.864,503.461,-87.466,

[2024-11-07 14:31:11] ,2,38.018,424.663,-145.886,67.544,485.39,36.363,

[2024-11-07 14:31:19] ,4,27.025,406.5,44.459,-6.517,463.859,-51.992,

[2024-11-07 14:31:33] ,1,11.187,405.113,88.466,6.283,486.098,-25.659,

[2024-11-07 14:31:41] ,2,14.618,425.739,140.001,27.571,488.866,-1.023,

[2024-11-07 14:31:54] ,4,18.871,417.223,-14.407,4.125,460.508,-55.049,

[2024-11-07 14:32:04] ,1,25.792,483.857,4.514,25.726,514.636,-23.131,

[2024-11-07 14:32:12] ,2,40.329,500.783,-138.621,-0.625,508.59,109.242,

[2024-11-07 14:32:25] ,4,71.203,473.114,-21.801,-8.192,492.464,52.214,

[2024-11-07 14:32:44] ,1,-10.343,407.658,-68.484,24.888,442.566,-66.14,

[2024-11-07 14:32:52] ,1,-8.653,452.583,-42.479,5.659,477.932,40.384,

[2024-11-07 14:33:03] ,1,26.116,501.551,-49.289,-7.857,501.81,-32.276,

[2024-11-07 14:33:14] ,2,2.09,445.773,-88.986,73.704,456.893,-132.138,

[2024-11-07 14:33:25] ,4,53.671,415.114,-9.588,3.932,424.735,84.668,

[2024-11-07 14:33:39] ,2,-4.131,444.079,62.758,16.589,514.609,-127.786,

[2024-11-07 14:33:49] ,4,2.855,490.711,56.17,44.773,518.525,67.141,

[2024-11-07 14:34:00] ,1,36.776,460.119,-76.329,22.892,474.959,17.802,

[2024-11-07 14:34:08] ,2,27.01,415.4,-39.542,65.189,481.929,-135,

[2024-11-07 14:34:23] ,1,29.087,403.843,24.74,43.06,433.7,14.899,

[2024-11-07 14:34:31] ,1,15.806,468.914,53.231,46.223,518.921,14.036,

[2024-11-07 14:34:51] ,1,46.104,415.853,63.662,79.112,431.459,5.148,

[2024-11-07 14:35:00] ,1,53.833,470.244,-32.005,18.805,481.682,13.671,

[2024-11-07 14:35:11] ,2,29.52,419.246,31.139,42.994,448.134,90,

[2024-11-07 14:35:22] ,2,-10.854,494.468,-155.472,20.29,519.21,-147.724,

[2024-11-07 14:35:35] ,1,22.208,401.51,-52.214,79.862,507.713,64.581,

[2024-11-07 14:35:48] ,3,7.93,465.139,-9.834,81.256,499.112,-39.56,

[2024-11-07 14:36:00] ,1,22.892,411.225,-20.2,-7.22,476.642,-86.961,

[2024-11-07 14:36:13] ,2,31.13,438.973,160.448,15.048,511.736,0,

[2024-11-07 14:36:25] ,3,35.81,437.721,4.544,74.763,455.538,88.091,

[2024-11-07 14:36:43] ,1,61.971,476.901,-49.289,19.398,512.264,17.628,

[2024-11-07 14:36:54] ,1,24.935,472.323,0,-3.965,515.855,-35.538,

[2024-11-07 14:37:03] ,2,51.75,464.823,70.925,52.551,502.971,-163.985,

[2024-11-07 14:37:19] ,2,5.409,437.309,-135,50.761,514.87,86.906,

[2024-11-07 14:37:32] ,1,24.496,456.163,85.525,61.778,494.271,6.621,

[2024-11-07 14:37:44] ,1,9.051,509.759,13.912,-9.634,509.777,-60.001,

[2024-11-07 14:38:02] ,1,3.383,459.075,8.631,-11.37,477.785,57.995,

[2024-11-07 14:38:11] ,2,-9.499,411.266,-148.595,32.94,416.895,-40.657,

[2024-11-07 14:38:23] ,2,48.36,501.303,138.24,61.725,513.59,-129.542,

[2024-11-07 14:38:36] ,2,-4.091,508.782,-91.023,21.178,510.88,-11.81,

[2024-11-07 14:38:48] ,1,-8.1,445.689,-68.385,15.708,507.321,0,

[2024-11-07 14:38:57] ,2,20.077,419.781,-128.501,36.584,485.601,97.628,

[2024-11-07 14:39:12] ,2,32.052,432.062,75.101,-7.346,515.781,87.936,

[2024-11-07 14:39:30] ,1,64.189,466.71,30.619,38.149,488.467,37.476,

[2024-11-07 14:39:38] ,2,31.789,409.05,-3.094,11.621,441.939,-158.385,

[2024-11-07 14:39:50] ,2,-6.562,442.028,49.674,18.178,461.113,37.569,

[2024-11-07 14:40:01] ,2,-2.813,484.187,158.671,65.271,494.732,-175.95,

[2024-11-07 14:40:14] ,1,49.189,486.889,23.86,-9.767,517.885,36.254,

[2024-11-07 14:40:23] ,2,-4.065,406.282,-24.487,3.844,441.214,159.146,

[2024-11-07 14:40:36] ,3,-4.596,416.277,76.891,75.092,514.307,13.196,

[2024-11-07 14:40:48] ,1,4.408,440.268,31.31,22.776,483.853,51.028,

[2024-11-07 14:41:02] ,1,36.703,429.784,31.574,12.822,482.391,-80.949,

[2024-11-07 14:41:11] ,2,70.812,473.056,-71.241,-9.245,488.133,-30.44,

[2024-11-07 14:41:25] ,4,-6.438,438.577,174.943,6.321,505.864,115.201,

[2024-11-07 14:41:39] ,1,51.371,495.596,-47.148,34.53,508.953,-76.584,

[2024-11-07 14:41:56] ,1,29.614,415.707,16.991,36.615,445.793,-77.8,

[2024-11-07 14:42:05] ,1,4.833,459.668,3.545,-1.311,475.539,-58.261,

[2024-11-07 14:42:16] ,1,5.46,492.048,32.705,36.205,501.059,-10.713,

[2024-11-07 14:42:27] ,2,-8.447,488.922,142.214,16.762,514.175,-23.334,

[2024-11-07 14:42:40] ,1,11.364,414.857,-47.175,47.167,475.723,58.95,

[2024-11-07 14:42:50] ,2,-7.821,404.703,-108.435,9.71,499.807,20.2,

[2024-11-07 14:43:01] ,2,-9.27,501.397,67.537,71.067,502.547,98.202,

[2024-11-07 14:43:14] ,2,43.748,500.443,-77.082,71.555,505.674,-60.895,

[2024-11-07 14:43:24] ,1,-11.121,440.903,56.592,53.012,470.939,10.125,

[2024-11-07 14:43:37] ,1,30.142,480.034,21.146,38.248,518.196,25.419,

[2024-11-07 14:43:54] ,1,0.365,453.598,68.385,27.044,458.218,11.211,

[2024-11-07 14:44:03] ,1,14.719,464.084,10.62,0.233,467.586,-83.938,

[2024-11-07 14:44:15] ,2,-7.959,426.216,-49.343,61.976,457.098,-160.278,

[2024-11-07 14:44:26] ,2,-4.065,482.868,-14.407,51.858,512.254,37.786,

[2024-11-07 14:44:38] ,2,7.032,426.389,119.302,11.662,501.005,-91.014,

[2024-11-07 14:44:57] ,1,85.218,446.863,-72.86,77.179,477.557,73.985,

[2024-11-07 14:45:06] ,2,78.989,407.118,-62.021,-3.406,414.389,168.69,

[2024-11-07 14:45:30] ,1,55.648,399.362,25.641,-7.295,435.612,29.302,

[2024-11-07 14:45:38] ,1,51.985,442.851,-30.619,-0.47,513.549,31.842,

[2024-11-07 14:45:49] ,2,-11.842,416.234,-23.334,9.314,442.071,-167.196,

[2024-11-07 14:46:01] ,2,19.069,460.657,-8.631,-0.773,475.448,117.013,

[2024-11-07 14:46:12] ,2,63.944,479.147,86.961,21.508,506.53,-28.856,

[2024-11-07 14:46:25] ,1,-7.954,436.139,20.2,11.687,446.882,0.507,

[2024-11-07 14:46:34] ,1,27.568,465.034,-62.987,62.728,485.18,-53.936,

[2024-11-07 14:46:45] ,1,61.732,498.486,-44.275,25.067,509.496,-2.027,

[2024-11-07 14:46:56] ,2,53.34,443.529,112.463,29.878,485.834,-25.659,

[2024-11-07 14:47:08] ,2,7.938,505.405,84.898,38.192,518.967,98.785,

[2024-11-07 14:47:20] ,1,56.371,466.459,84.44,26.673,486.336,52.125,

[2024-11-07 14:47:29] ,1,54.754,499.643,-69.8,37.655,508.705,21.329,

[2024-11-07 14:47:41] ,2,-10.063,402.262,28.405,85.034,442.421,46.469,

[2024-11-07 14:47:52] ,2,62.176,480.599,48.958,-11.776,491.502,-7.628,

[2024-11-07 14:48:11] ,1,66.392,399.889,-28.405,0.313,403.502,-41.379,

[2024-11-07 14:48:19] ,1,62.661,429.719,-42.138,24.508,450.942,-73.301,

[2024-11-07 14:48:30] ,2,-10.788,411.291,-4.122,71.104,418.344,146.31,

[2024-11-07 14:48:42] ,2,15.477,433.287,94.05,22.089,464.406,107.802,

[2024-11-07 14:48:53] ,2,41.054,487.591,31.31,72.88,488.868,139.343,

[2024-11-07 14:49:04] ,2,-3.784,509.409,58.595,25.133,513.45,13.912,

[2024-11-07 14:49:16] ,2,73.434,430.091,-50.064,18.238,456.219,-106.991,

[2024-11-07 14:49:28] ,2,3.58,415.575,3.066,14.258,459.734,-29.745,

[2024-11-07 14:49:38] ,1,2.46,481.616,-2.511,64.969,496.69,-41.76,

[2024-11-07 14:49:48] ,1,83.989,493.018,-5.148,18.67,514.608,-48.958,

[2024-11-07 14:49:58] ,2,15.283,439.099,80.287,22.64,484.41,-66.602,

[2024-11-07 14:50:18] ,2,15.953,459.808,-79.38,50.903,506.991,27.711,

[2024-11-07 14:50:35] ,1,5.953,419.728,24.066,13.087,433.526,87.973,

[2024-11-07 14:50:45] ,1,84.214,408.039,73.051,17.651,453.805,-33.551,

[2024-11-07 14:50:55] ,1,30.866,503.352,48.24,61.463,518.619,-66.46,

[2024-11-07 14:51:07] ,2,65.403,404.898,152.049,62.503,496.973,170.789,

[2024-11-07 14:51:20] ,1,14.656,435.164,-67.264,33.437,514.768,9.713,

[2024-11-07 14:51:39] ,2,11.582,420.059,79.786,-7.888,464.546,28.61,

[2024-11-07 14:51:50] ,1,72.972,444.772,-75.719,61.646,500.005,5.659,

[2024-11-07 14:52:01] ,1,45.559,446.26,-81.87,7.624,506.548,-43.199,

[2024-11-07 14:52:12] ,1,-0.276,481.605,37.875,59.867,501.125,-10.305,

[2024-11-07 14:52:23] ,2,-5.55,491.656,-120.184,49.199,511.769,-55.886,

[2024-11-07 14:52:55] ,1,-8.544,453.107,87.466,46.553,488.471,20.674,

[2024-11-07 14:53:04] ,1,57.39,497.254,88.479,43.886,508.729,-52.927,

[2024-11-07 14:53:15] ,2,35.612,399.691,-171.798,-6.297,421.394,63.435,

[2024-11-07 14:53:28] ,2,10.869,506.487,-82.875,57.23,513.186,-176.906,

[2024-11-07 14:53:41] ,1,7.996,501.916,-8.631,2.064,518.986,6.68,

[2024-11-07 14:53:50] ,2,-11.276,427.233,30.44,50.178,448.662,-155.681,

[2024-11-07 14:54:03] ,1,44.18,403.053,-3.066,9.776,420.189,-15.524,

[2024-11-07 14:54:12] ,1,20.787,437.679,-78.294,32.277,447.176,59.381,

[2024-11-07 14:54:24] ,1,-0.44,488.998,24.319,36.994,500.076,71.405,

[2024-11-07 14:54:36] ,1,60.939,473.104,-44.644,36.45,479.343,66.14,

[2024-11-07 14:54:48] ,1,-10.392,407.732,-16.65,35.185,414.136,-36.666,

[2024-11-07 14:54:57] ,1,9.684,462.863,73.78,21.285,479.494,-76.446,

[2024-11-07 14:55:09] ,2,-11.986,476.669,111.801,40.661,517.84,42.101,

[2024-11-07 14:55:22] ,2,86.258,479.355,114.487,64.056,494.528,41.042,

[2024-11-07 14:55:40] ,1,21.78,434.059,-56.032,51.101,490.711,-6.621,

[2024-11-07 14:55:56] ,2,4.664,413.592,-41.042,-5.383,495.061,-6.116,

[2024-11-07 14:56:07] ,2,13.252,412.856,45,-0.242,415.971,-5.102,

[2024-11-07 14:56:24] ,2,59.385,444.564,94.554,41.808,448.793,177.99,

[2024-11-07 14:56:35] ,1,-3.604,424.539,16.991,38.183,485.505,-29.932,

[2024-11-07 14:56:45] ,1,74.088,432.214,66.4,-4.526,450.243,-0.512,

[2024-11-07 14:56:55] ,2,50.687,422.716,-109.552,0.878,429.482,175.446,

[2024-11-07 14:57:07] ,2,34.755,439.962,-9.628,7.492,494.157,-43.199,

[2024-11-07 14:57:19] ,2,-10.02,407.619,-136.824,3.844,420.321,4.086,

[2024-11-07 14:57:30] ,1,4.161,415.142,46.081,77.475,423.96,50.128,

[2024-11-07 14:57:39] ,2,-9.718,405.908,-74.338,27.926,454.031,-69.974,

[2024-11-07 14:57:52] ,1,27.553,434.864,-58.69,-3.888,475.536,-72.676,

[2024-11-07 14:58:09] ,1,43.653,420.98,-12.308,25.715,431.872,74.612,

[2024-11-07 14:58:19] ,1,38.908,488.207,0,53.294,492.073,58.69,

[2024-11-07 14:58:30] ,1,66.23,506.766,31.574,29.197,517.103,73.985,

[2024-11-07 14:58:41] ,2,9.514,469.49,95.511,29.972,496.035,149.123,

[2024-11-07 14:58:54] ,1,-5.794,423.164,83.884,83.132,433.173,-21.329,

[2024-11-07 14:59:06] ,2,48.55,411.344,51.499,12.61,514.439,-163.985,

[2024-11-07 14:59:20] ,2,38.051,422.43,-9.628,23.617,444.905,-4.05,

[2024-11-07 14:59:31] ,2,31.648,402.676,-63.435,-9.206,459.734,-8.13,

[2024-11-07 14:59:48] ,1,21.792,425.091,-70.278,-7.062,461.437,-65.014,

[2024-11-07 14:59:57] ,1,46.081,501.635,61.837,-10.261,508.573,-8.202,

[2024-11-07 15:00:10] ,1,84.846,432.712,28.405,-3.933,437.523,-15.388,

[2024-11-07 15:00:19] ,2,2.059,412.188,-117.711,5.444,455.413,-97.561,

[2024-11-07 15:00:34] ,2,16.63,456.637,-16.361,-6.379,464.836,56.17,

[2024-11-07 15:00:44] ,1,76.828,481.239,-43.199,32.185,509.364,16.65,

[2024-11-07 15:01:03] ,1,-9.206,442.137,10.214,-11.942,482.896,-39.289,

[2024-11-07 15:01:12] ,1,33.493,423.715,55.886,40.687,456.373,-12.693,

[2024-11-07 15:01:23] ,2,27.392,413.406,-115.88,73.79,467.297,-45,

[2024-11-07 15:01:35] ,2,30.076,512.33,-26.565,19.725,516.849,-48.958,

[2024-11-07 15:01:45] ,4,10.267,448.988,74.162,27.505,459.8,28.571,

[2024-11-07 15:01:59] ,1,11.678,446.482,-84.943,28.812,505.994,-57.995,

[2024-11-07 15:02:07] ,2,56.571,466.325,151.631,67.973,471.268,24.528,

[2024-11-07 15:02:20] ,1,-11.764,435.357,50.389,48.662,436.6,-4.05,

[2024-11-07 15:02:31] ,1,17.187,420.914,-40.711,50.098,473.71,-50.711,

[2024-11-07 15:02:40] ,2,68.931,412.63,32.55,14.587,451.298,28.811,

[2024-11-07 15:02:51] ,2,84.582,455.846,-158.671,-8.173,457.074,-93.545,

[2024-11-07 15:03:02] ,2,-3.57,474.537,110.497,12.187,487.948,-126.064,

[2024-11-07 15:03:17] ,1,-2.747,441.214,24.066,-6.595,502.278,42.479,

[2024-11-07 15:03:25] ,2,11.429,444.619,-81.369,-6.003,467.118,100.214,

[2024-11-07 15:03:45] ,1,-9.796,455.254,-84.44,75.182,455.278,-42.825,

[2024-11-07 15:03:56] ,2,0.889,399.584,113.334,17.883,449.518,-166.329,

[2024-11-07 15:04:08] ,1,0.785,410.222,-76.584,-5.713,507.189,-24.74,

[2024-11-07 15:04:19] ,1,79.103,405.114,-63.435,1.241,456.524,-53.231,

[2024-11-07 15:04:28] ,2,53.968,452.329,-38.501,-11.01,463.926,-102.693,

[2024-11-07 15:04:43] ,1,0.698,437.18,72.525,6.085,517.734,-11.31,

[2024-11-07 15:05:00] ,1,47.102,418.974,-65.934,74.498,454.198,16.504,

[2024-11-07 15:13:06] ,1,74.201,452.601,34.535,5.096,455.977,0.507,

[2024-11-07 15:13:14] ,1,31.211,480.539,-55.337,12.61,481.616,-14.769,

[2024-11-07 15:13:25] ,2,10.727,436.106,106.361,64.151,450.309,-150.945,

[2024-11-07 15:13:39] ,1,11.05,400.23,-43.55,34.044,444.76,-61.631,

[2024-11-07 15:13:48] ,1,71.401,473.905,11.706,19.728,502.246,25.88,

[2024-11-07 15:13:59] ,2,0.897,412.447,102.417,30.948,478.429,134.644,

[2024-11-07 15:14:14] ,1,44.378,445.959,-19.075,12.211,454.161,-87.489,

[2024-11-07 15:14:22] ,2,-0.77,482.802,13.299,-2.747,517.536,-176.906,

[2024-11-07 15:14:51] ,1,23.748,467.05,1.992,35.34,510.175,66.869,

[2024-11-07 15:14:59] ,2,-4.197,423.55,-25.419,-5.153,452.796,-94.05,

[2024-11-07 15:15:13] ,2,12.63,486.616,76.209,-5.523,495.782,-84.898,

[2024-11-07 15:15:31] ,1,41.195,442.434,66.14,7.945,452.108,-70.615,

[2024-11-07 15:15:40] ,1,24.965,457.66,-31.739,21.771,486.559,-26.338,

[2024-11-07 15:15:50] ,1,78.019,487.236,88.466,70.148,514.109,11.411,

[2024-11-07 15:16:03] ,1,21.026,416.091,54.758,54.594,477.793,-9.13,

[2024-11-07 15:16:13] ,2,60.118,406.208,107.784,-7.542,425.932,79.287,

[2024-11-07 15:16:24] ,2,34.136,501.496,-102.804,22.298,510.946,-9.211,

[2024-11-07 15:16:36] ,1,23.155,466.589,-11.605,-8.283,477.662,-5.102,

[2024-11-07 15:16:45] ,1,26.55,490.285,38.897,7.663,501.493,-81.798,

[2024-11-07 15:16:58] ,2,10.369,406.282,11.915,77.464,503.959,-19.411,

[2024-11-07 15:17:11] ,1,12.255,511.287,88.977,36.667,519.052,-26.565,

[2024-11-07 15:17:30] ,1,48.893,408.805,-60.001,21.359,415.427,45,

[2024-11-07 15:17:39] ,1,16.923,440.535,-65.472,1.807,468.895,57.567,

[2024-11-07 15:17:51] ,1,22.298,475.157,-1.005,71.596,488.77,62.526,

[2024-11-07 15:18:02] ,2,15.765,459.268,-84.943,50.442,472.191,-162.198,

[2024-11-07 15:18:13] ,2,50.113,489.792,-108.435,35.414,493.809,19.075,

[2024-11-07 15:18:24] ,4,10.518,490.391,-65.037,74.696,519.382,57.609,

[2024-11-07 15:18:37] ,1,10.947,490.985,-63.886,-11.381,516.811,-90,

[2024-11-07 15:18:46] ,1,31.65,407.36,-49.674,49.127,458.021,71.723,

[2024-11-07 15:18:56] ,2,13.698,447.832,39.289,25.494,453.817,126.573,

[2024-11-07 15:19:09] ,2,19.291,472.677,-42.879,27.044,512.33,-21.038,

[2024-11-07 15:19:21] ,1,21.572,432.455,-75.231,11.457,440.537,-34.663,

[2024-11-07 15:19:30] ,1,53.583,482.407,60.945,10.896,499.873,-13.912,

[2024-11-07 15:19:41] ,2,-4.417,421.716,43.55,84.597,435.767,-92.045,

[2024-11-07 15:19:55] ,2,56.11,425.33,152.076,34.566,474.396,123.968,

[2024-11-07 15:20:04] ,2,49.899,493.469,-72.372,64.744,508.573,23.131,

[2024-11-07 15:20:17] ,1,30.499,443.257,79.875,22.123,503.738,-86.424,

[2024-11-07 15:20:28] ,2,-2.351,462.832,2.027,12.148,514.307,165.466,

[2024-11-07 15:20:48] ,1,-10.289,409.479,69.8,85.571,493.809,-25.419,

[2024-11-07 15:20:56] ,1,77.728,509.298,20.556,23.983,511.269,41.042,

[2024-11-07 15:21:07] ,2,-5.796,420.182,-76.088,15.039,454.747,-113.199,

[2024-11-07 15:21:19] ,2,43.753,465.318,-76.817,1.693,481.575,137.148,

[2024-11-07 15:21:33] ,1,10.764,453.341,-8.556,73.682,462.469,42.479,

[2024-11-07 15:21:50] ,1,4.33,408.301,-65.726,11.066,448.53,-79.875,

[2024-11-07 15:22:02] ,1,-7.526,460.6,36.769,67.788,493.27,58.158,

[2024-11-07 15:22:11] ,2,-7.097,407.403,-158.009,20.058,425.066,-90,

[2024-11-07 15:22:23] ,2,24.205,469.168,71.25,36.469,477.266,-155.681,

[2024-11-07 15:22:34] ,2,27.384,491.625,-122.005,-0.736,495.901,-38.186,

[2024-11-07 15:22:45] ,2,76.11,510.327,-106.798,13.854,516.634,66.869,

[2024-11-07 15:22:58] ,1,32.193,446.714,-56.032,-7.751,479.142,49.289,

[2024-11-07 15:23:08] ,2,-9.47,453.143,14.281,18.249,500.113,-148.69,

[2024-11-07 15:23:21] ,2,45.498,445.564,15.388,39.171,490.184,22.932,

[2024-11-07 15:23:33] ,2,-9.536,476.146,177.466,13.657,496.782,-132.852,

[2024-11-07 15:23:44] ,2,58.021,454.462,-11.113,51.769,505.041,101.915,

[2024-11-07 15:24:03] ,1,19.398,426.516,27.474,40.807,459.024,-63.658,

[2024-11-07 15:24:11] ,2,28.226,437.264,122.705,66.687,453.114,-69.624,

[2024-11-07 15:24:24] ,1,52.023,411.95,-23.6,22.088,419.94,-63.662,

[2024-11-07 15:24:35] ,1,55.583,475.75,29.055,-3.565,501.668,83.379,

[2024-11-07 15:24:53] ,1,23.362,441.974,-86.961,-5.515,444.246,-15.388,

[2024-11-07 15:25:02] ,1,58.302,451.622,51.103,-11.009,465.465,54.345,

[2024-11-07 15:25:13] ,1,6.546,472.587,-23.199,-2.981,483.936,-60.255,

[2024-11-07 15:25:24] ,2,52.946,432.382,-15.876,30.101,461.196,91.005,

[2024-11-07 15:25:35] ,2,16.462,484.675,52.829,49.783,495.786,-23.6,

[2024-11-07 15:25:47] ,1,38.626,483.386,44.644,-7.888,487.614,0,

[2024-11-07 15:25:57] ,2,8.593,439.568,95.609,32.646,455.318,-150.945,

[2024-11-07 15:26:17] ,1,61.926,436.741,79.287,-10.924,504.693,71.241,

[2024-11-07 15:26:25] ,1,73.482,508.78,60.446,31.622,516.622,-40.326,

[2024-11-07 15:26:45] ,2,27.8,512.436,69.444,64.946,518.744,123.546,

[2024-11-07 15:27:03] ,1,-6.833,433.305,-14.407,6.348,437.589,8.13,

[2024-11-07 15:27:11] ,1,76.059,445.436,43.919,36.385,462.69,44.644,

[2024-11-07 15:27:22] ,1,8.194,492.491,15.388,50.61,503.888,41.042,

[2024-11-07 15:27:33] ,2,14.653,406.678,-1.032,-6.995,465.469,40.711,

[2024-11-07 15:27:46] ,2,-4.702,466.205,-43.568,53.114,481.363,53.637,

[2024-11-07 15:28:03] ,1,37.096,411.11,53.334,34.162,430.8,-5.057,

[2024-11-07 15:28:12] ,1,72.726,431.091,-56.17,41.153,441.285,67.73,

[2024-11-07 15:28:23] ,1,86.108,442.613,50.064,-5.578,449.981,-84.44,

[2024-11-07 15:28:34] ,1,24.144,453.012,-5.013,2.296,483.036,-35.362,

[2024-11-07 15:28:45] ,2,19.887,422.608,-41.76,83.594,472.455,-27.711,

[2024-11-07 15:28:56] ,2,43.864,472.688,-45.716,39.072,488.116,38.581,

[2024-11-07 15:29:08] ,1,16.301,456.966,2.511,9.477,471.29,82.999,

[2024-11-07 15:29:17] ,2,-5.271,510.536,54.881,24.709,519.589,60.446,

[2024-11-07 15:29:30] ,1,19.081,420.151,-46.081,14.99,481.749,67.92,

[2024-11-07 15:29:44] ,1,-1.736,485.288,51.814,5.452,506.31,73.009,

[2024-11-07 15:29:55] ,1,11.156,459.603,-71.723,-5.027,464.616,-53.936,

[2024-11-07 15:30:04] ,1,6.008,499.395,61.837,-11.17,508.344,-45.725,

[2024-11-07 15:30:23] ,2,0.68,402.13,174.806,12.483,430.685,112.932,

[2024-11-07 15:30:33] ,2,6.995,477.329,-75.842,39.586,485.596,-74.124,

[2024-11-07 15:30:45] ,2,6.909,415.816,-38.501,5.658,479.661,143.936,

[2024-11-07 15:30:55] ,2,62.233,496.057,47.175,-10.261,510.748,-18.759,

[2024-11-07 15:31:07] ,1,-5.748,477.093,52.927,70.843,511.336,80.2,

[2024-11-07 15:31:17] ,2,65.023,482.43,-92.027,56.807,507.242,41.379,

[2024-11-07 15:31:30] ,1,-4.033,501.701,85.914,22.088,518.083,74.476,

[2024-11-07 15:31:48] ,2,3.227,401.915,111.038,18.277,449.637,-131.8,

[2024-11-07 15:31:57] ,2,9.027,480.257,-137.148,-9.931,486.032,-10.713,

[2024-11-07 15:32:10] ,2,-7.856,438.067,36.363,49.751,454.669,-36.769,

[2024-11-07 15:32:19] ,2,39.127,468.116,136.414,25.149,494.301,82.372,

[2024-11-07 15:32:33] ,4,-10.195,447.673,-158.671,48.333,448.596,-155.472,

[2024-11-07 15:32:43] ,2,-9.338,469.687,4.05,46.806,483.021,-133.568,

[2024-11-07 15:32:51] ,1,4.767,457.23,20.674,49.816,477.701,-69.503,

[2024-11-07 15:33:05] ,1,4.618,444.69,45,-9.404,491.634,4.594,

[2024-11-07 15:33:14] ,2,24.276,504.091,-177.973,64.695,518.649,-61.348,

[2024-11-07 15:33:29] ,1,-4.461,456.768,-21.801,80.023,502.207,46.095,

[2024-11-07 15:33:46] ,1,6.81,468.105,-25.442,52.67,488.353,-63.662,

[2024-11-07 15:33:55] ,2,47.115,400.346,80.2,67.577,511.062,-131.719,

[2024-11-07 15:34:10] ,4,15.839,476.014,-53.826,0.548,515.427,63.204,

[2024-11-07 15:34:24] ,1,13.644,444.566,-76.209,37.194,449.782,14.158,

[2024-11-07 15:34:31] ,1,24.21,461.052,-18.911,0.746,475.684,-17.956,

[2024-11-07 15:34:42] ,1,66.209,411.828,63.895,-9.206,493.216,6.116,

[2024-11-07 15:34:55] ,1,-3.999,503.893,24.74,23.485,504.157,-1.023,

[2024-11-07 15:35:06] ,1,-11.809,486.726,38.897,67.973,498.423,20.376,

[2024-11-07 15:35:18] ,1,-0.666,422.278,31.139,85.443,503.042,75.336,

[2024-11-07 15:35:35] ,1,-1.271,450.156,73.009,75.685,512.725,7.253,

[2024-11-07 15:35:44] ,2,7.646,414.81,70.278,13.305,425.805,-119.745,

[2024-11-07 15:35:58] ,1,83.66,472.257,-24.74,25.62,498.557,-54.048,

[2024-11-07 15:36:08] ,4,-10.392,471.202,-22.932,78.057,496.907,-47.175,

[2024-11-07 15:36:28] ,1,14.407,460.713,-44.644,35.085,499.807,19.722,

[2024-11-07 15:36:36] ,2,50.442,437.259,10.713,46.325,469.831,53.531,

[2024-11-07 15:36:50] ,1,28.413,464.061,45.356,22.41,504.623,43.919,

[2024-11-07 15:37:00] ,2,34.755,454.923,156.4,0.351,495.391,-24.528,

[2024-11-07 15:37:19] ,1,45.368,438.125,-75.101,68.264,474.149,-41.76,

[2024-11-07 15:37:28] ,2,71.496,403.483,106.449,-2.846,412.412,-33.69,

[2024-11-07 15:37:39] ,2,27.637,416.234,19.242,2.486,444.195,96.563,

[2024-11-07 15:37:50] ,2,25.711,468.946,80.949,9.181,481.566,-123.275,

[2024-11-07 15:38:05] ,1,28.796,486.831,60.505,42.73,507.123,12.417,

[2024-11-07 15:38:22] ,4,24.183,439.431,30.184,57.763,457.757,-47.49,

[2024-11-07 15:38:32] ,1,18.629,458.668,85.486,46.532,508.05,43.919,

[2024-11-07 15:38:40] ,2,72.971,410.879,61.805,16.596,413.652,-114.955,

[2024-11-07 15:38:52] ,2,41.544,468.698,164.745,80.567,474.111,108.759,

[2024-11-07 15:39:03] ,2,17.586,486.798,38.581,-5.449,496.973,-169.287,

[2024-11-07 15:39:14] ,2,72.455,498.423,-166.088,4.898,499.28,1.023,

[2024-11-07 15:39:26] ,2,25.528,508.507,-174.391,-10.59,514.109,175.365,

[2024-11-07 15:39:40] ,1,18.378,420.218,39.218,22.233,489.591,8.556,

[2024-11-07 15:39:49] ,2,-7.71,438.237,-125.242,5.865,447.855,-68.854,

[2024-11-07 15:40:02] ,2,-0.111,419.925,-168.69,-8.234,443.446,61.39,

[2024-11-07 15:40:12] ,2,85.044,455.252,-180,37.554,474.049,-53.531,

[2024-11-07 15:40:25] ,4,10.501,452.023,7.561,-1.099,518.327,-73.843,

[2024-11-07 15:40:36] ,2,10.132,471.726,-30.184,24.618,500.096,113.398,

[2024-11-07 15:40:46] ,1,12.61,447.673,20.026,0.971,474.873,-41.8,

[2024-11-07 15:40:55] ,2,21.303,503.769,-132.852,1.123,518.119,94.635,

[2024-11-07 15:41:15] ,4,-5.774,438.806,49.289,4.572,505.23,-56.592,

[2024-11-07 15:41:27] ,4,-5.186,423.023,9.713,20.233,506.642,-51.814,

[2024-11-07 15:41:37] ,1,41.512,434.699,33.13,8.709,462.079,55.62,

[2024-11-07 15:41:45] ,1,6.465,497.464,66.4,1.435,513.913,-40.657,

[2024-11-07 15:41:58] ,2,68.797,458.208,34.249,4.992,504.108,88.466,

[2024-11-07 15:42:08] ,1,2.881,449.731,-83.437,1.438,488.447,38.501,

[2024-11-07 15:42:35] ,2,9.067,404.626,-111.516,-6.474,413.911,-103.299,

[2024-11-07 15:42:43] ,1,44.549,431.833,-73.009,0.604,471.795,-75.719,

[2024-11-07 15:42:54] ,1,14.402,482.742,-89.497,24.586,495.784,44.284,

[2024-11-07 15:43:07] ,1,21.178,450.112,-15.739,57.494,504.421,-17.475,

[2024-11-07 15:43:16] ,2,49.453,417.157,-163.496,44.742,513.039,65.26,

[2024-11-07 15:43:30] ,1,11.855,433.714,60.255,39.105,447.212,-10.62,

[2024-11-07 15:43:47] ,1,37.084,411.197,-65.934,73.529,447.18,-66.14,

[2024-11-07 15:43:56] ,1,67.787,473.374,68.199,21.263,515.16,-61.144,

[2024-11-07 15:44:07] ,4,59.01,449.584,76.209,85.782,516.113,21.413,

[2024-11-07 15:44:21] ,2,-10.59,452.748,-166.209,-11.006,491.096,54.758,

[2024-11-07 15:44:32] ,1,14.192,408.391,-25.88,29.915,420.579,41.042,

[2024-11-07 15:44:43] ,1,24.012,442.202,-2.01,31.178,465.19,54.926,

[2024-11-07 15:44:55] ,1,7.304,436.751,-53.231,-4.386,508.573,68.009,

[2024-11-07 15:45:14] ,1,-2.813,482.275,-10.62,9.842,500.73,-27.022,

[2024-11-07 15:47:10] ,2,16.924,424.55,126.363,26.517,507.057,22.932,

[2024-11-07 15:47:15] ,2,16.927,424.624,126.769,26.451,507.057,22.463,

[2024-11-07 15:47:32] ,1,43.738,489.852,-44.284,7.717,495.374,-58.426,

[2024-11-07 15:47:40] ,2,37.254,441.626,67.068,-11.645,486.889,-90,

[2024-11-07 15:47:52] ,4,27.242,503.827,160.925,57.176,518.693,-86.878,

[2024-11-07 15:48:06] ,1,32.684,435.267,30.877,58.017,501.855,-57.295,

[2024-11-07 15:48:14] ,2,27.486,450.562,128.581,-6.72,489.042,121.31,

[2024-11-07 15:48:27] ,1,-6.24,428.296,9.713,18.014,443.916,-28.811,

[2024-11-07 15:48:39] ,1,1.766,441.829,-39.611,15.698,518.277,-50.064,

[2024-11-07 15:48:48] ,2,6.729,462.882,80.949,41.412,484.648,-174.898,

[2024-11-07 15:49:08] ,1,30.673,432.67,-78.294,-10.175,489.648,76.209,

[2024-11-07 15:49:17] ,2,43.26,444.655,112.736,24.605,485.439,-154.341,

[2024-11-07 15:49:29] ,2,8.326,498.489,154.799,17.256,514.811,-141.499,

[2024-11-07 15:49:43] ,1,0.294,440.178,63.435,0.614,515.164,11.915,

[2024-11-07 15:49:52] ,2,3.745,422.909,-119.999,36.667,454.264,155.934,

[2024-11-07 15:50:04] ,2,-9.206,462.371,0,6.473,489.54,101.113,

[2024-11-07 15:50:16] ,2,8.185,456.211,86.961,55.912,459.405,-155.014,

[2024-11-07 15:50:26] ,2,26.912,475.091,0,17.401,512.58,128.501,

[2024-11-07 15:50:40] ,1,9.241,445.18,71.089,36.548,477.867,-83.991,

[2024-11-07 15:50:49] ,2,34.162,496.907,-90,7.403,511.802,-151.144,

[2024-11-07 15:51:03] ,2,-5.338,498.478,-125.242,56.34,514.475,-38.82,

[2024-11-07 15:51:21] ,1,18.229,418.009,51.103,1.395,432.264,70.925,

[2024-11-07 15:51:29] ,1,31.125,433.107,47.49,41.146,475.657,-48.909,

[2024-11-07 15:51:41] ,1,3.91,494.402,-29.302,6.324,514.705,-79.695,

[2024-11-07 15:51:52] ,2,14.599,441.025,50.389,65.867,468.568,95.56,

[2024-11-07 15:52:03] ,2,7.575,468.663,-110.026,53.763,491.071,59.381,

[2024-11-07 15:52:14] ,2,47.056,506.296,-106.157,-8.119,509.615,-145.597,

[2024-11-07 15:52:27] ,1,26.121,448.332,-24.986,18.344,505.607,-25.201,

[2024-11-07 15:52:36] ,2,60.612,402.925,136.095,32.064,403.22,93.094,

[2024-11-07 15:52:47] ,2,36.886,425.042,-86.424,58.352,516.657,48.668,

[2024-11-07 15:53:00] ,4,26.517,505.475,-29.745,10.764,513.318,20.376,

[2024-11-07 15:53:11] ,1,-3.271,432.675,87.466,-2.188,476.354,-33.13,

[2024-11-07 15:53:19] ,1,51.205,496.702,80.372,18.837,510.695,-32.981,

[2024-11-07 15:53:40] ,1,18.772,418.204,34.114,11.721,461.339,-36.064,

[2024-11-07 15:53:49] ,1,18.314,483.365,31.739,38.194,488.198,57.995,

[2024-11-07 15:54:01] ,1,-3.629,489.3,-52.214,85.476,491.3,40.992,

[2024-11-07 15:54:12] ,2,25.66,399.889,21.516,4.328,420.339,136.801,

[2024-11-07 15:54:23] ,4,5.689,508.507,-78.69,58.087,519.909,-68.106,

[2024-11-07 15:54:38] ,1,43.192,416.103,-27.924,44.439,435.906,-49.289,

[2024-11-07 15:54:46] ,1,-5.511,440.164,57.295,-7.989,479.472,-32.005,

[2024-11-07 15:54:57] ,2,32.287,426,-126.363,38.314,511.802,-29.302,

[2024-11-07 15:55:13] ,2,70.894,438.764,-54.758,61.448,503.63,153.435,

[2024-11-07 15:55:22] ,4,35.22,470.307,62.987,16.235,471.202,7.001,

[2024-11-07 15:55:36] ,4,19.135,418.014,44.64,-0.045,510.55,-87.421,

[2024-11-07 15:55:47] ,1,15.952,505.331,-68.671,41.38,506.876,-36.363,

[2024-11-07 15:55:56] ,1,45.664,425.38,65.26,32.375,442.415,74.745,

[2024-11-07 15:56:13] ,1,31.995,445.499,67.92,48.037,476.682,-36.769,

[2024-11-07 15:56:22] ,1,73.839,477.002,2.045,9.051,480.166,-10.62,

[2024-11-07 15:56:33] ,2,41.346,428.427,-151.837,-7.163,470.148,17.956,

[2024-11-07 15:56:46] ,1,46.167,434.065,-86.961,0.7,458.837,-74.124,

[2024-11-07 15:56:56] ,2,-5.911,471.862,175.914,19.992,479.705,-13.671,

[2024-11-07 15:57:09] ,1,37.481,453.755,-43.221,48.564,469.194,38.897,

[2024-11-07 15:57:21] ,1,57.887,460.209,67.264,-4.56,493.913,35.242,

[2024-11-07 15:57:38] ,1,40.343,473.182,-50.711,52.809,487.519,-81.87,

[2024-11-07 15:57:47] ,2,11.489,400.746,-29.105,66.31,464.767,-87.973,

[2024-11-07 15:57:58] ,2,28.428,507.386,169.287,6.612,508.771,-26.565,

[2024-11-07 15:58:11] ,1,79.532,399.294,-54.28,-11.974,511.802,23.334,

[2024-11-07 15:58:29] ,1,9.71,422.825,3.576,-8.61,428.776,-56.592,

[2024-11-07 15:58:38] ,1,26.517,489.723,7.063,58.087,515.855,-62.745,

[2024-11-07 15:58:49] ,2,11.461,440.535,-114.528,17.844,474.03,64.772,

[2024-11-07 15:59:00] ,2,8.503,495.314,94.554,14.785,519.58,164.476,

[2024-11-07 15:59:13] ,1,12.017,450.309,-29.495,68.83,466.127,10.214,

[2024-11-07 15:59:22] ,2,65.584,426.829,-135,27.967,446.75,-24.986,

[2024-11-07 15:59:33] ,2,-4.263,488.207,166.209,40.297,493.788,98.631,

[2024-11-07 15:59:46] ,2,13.335,446.948,-165.719,41.349,483.331,-84.44,

[2024-11-07 15:59:55] ,2,-7.3,485.126,67.068,62.926,488.102,59.56,

[2024-11-07 16:00:06] ,2,23.193,500.361,-59.56,2.718,512.2,122.55,

[2024-11-07 16:00:19] ,1,63.454,449.848,79.875,13.871,452.235,-46.757,

[2024-11-07 16:00:30] ,2,35.041,454.974,68.854,40.625,516.218,71.727,

[2024-11-07 16:00:48] ,1,31.092,418.39,-41.76,79.742,439.758,80.287,

[2024-11-07 16:00:57] ,2,63.911,433.022,-107.14,34.114,446.575,-70.448,

[2024-11-07 16:01:08] ,2,4.964,448.727,-5.56,10.663,471.455,-114.986,

[2024-11-07 16:01:20] ,1,14.673,404.037,-61.144,42.17,433.619,34.535,

[2024-11-07 16:01:30] ,1,24.012,470.082,-18.277,9.251,477.214,-67.264,

[2024-11-07 16:01:41] ,1,32.677,496.454,-40.326,51.414,497.995,77.692,

[2024-11-07 16:01:53] ,2,-11.988,435.161,-79.192,28.988,448.461,-33.83,

[2024-11-07 16:02:05] ,2,0.614,419.266,-176.424,-5.268,487.477,-51.103,

[2024-11-07 16:02:23] ,1,5.061,407.681,-60.191,-10.326,459.075,11.605,

[2024-11-07 16:02:42] ,2,61.053,421.771,150.255,21.722,444.862,105.739,

[2024-11-07 16:02:51] ,2,63.294,445.762,6.116,0.703,488.308,59.123,

[2024-11-07 16:03:02] ,1,4.371,410.962,18.759,52.997,432.998,-87.973,

[2024-11-07 16:03:13] ,1,42.796,464.677,20.026,-2.566,464.729,80.87,

[2024-11-07 16:03:24] ,2,10.698,500.4,11.411,40.114,517.46,-94.594,

[2024-11-07 16:03:37] ,1,38.366,441.189,55.465,3.251,457.164,-10.713,

[2024-11-07 16:03:46] ,1,26.583,457.559,-9.545,76.735,476.879,71.241,

[2024-11-07 16:03:57] ,2,48.63,414.31,-34.403,34.719,429.351,139.289,

[2024-11-07 16:04:09] ,2,11.34,436.389,-72.525,46.311,491.215,93.545,

[2024-11-07 16:04:21] ,2,78.519,493.018,24.015,25.594,515.559,-162.372,

[2024-11-07 16:04:34] ,1,59.026,460.187,-61.39,26.217,474.497,79.963,

[2024-11-07 16:04:43] ,2,52.836,442.334,119.055,80.349,451.293,104.036,

[2024-11-07 16:04:54] ,2,18.31,499.177,140.782,72.7,516.158,-64.134,

[2024-11-07 16:05:14] ,1,39.024,422.593,-82.304,4.945,447.398,-51.419,

[2024-11-07 16:05:23] ,1,-2.022,505.607,11.81,49.123,517.602,23.806,

[2024-11-07 16:05:33] ,2,-6.799,416.816,114.955,18.048,459.757,-36.064,

[2024-11-07 16:05:54] ,1,3.937,421.038,-30.44,5.396,445.564,40.711,

[2024-11-07 16:06:03] ,1,24.671,455.252,-24.775,-4.856,500.73,16.504,

[2024-11-07 16:06:14] ,2,-11.874,410.087,-85.914,-10.335,422.364,-68.009,

[2024-11-07 16:06:25] ,2,12.579,457.878,114.986,15.968,468.571,104.642,

[2024-11-07 16:06:35] ,2,77.063,477.834,-117.711,47.871,479.705,3.039,

[2024-11-07 16:06:54] ,2,72.69,446.134,-102.918,-6.213,471.249,-41.76,

[2024-11-07 16:07:03] ,2,68.015,492.692,100.305,-4.724,495.852,152.526,

[2024-11-07 16:07:14] ,2,14.92,502.141,62.978,49.683,514.605,-144.583,

[2024-11-07 16:07:27] ,1,85.125,450.16,58.426,12.084,463.609,-48.2,

[2024-11-07 16:07:36] ,2,16.664,426.2,-147.019,37.706,434.731,45.36,

[2024-11-07 16:07:50] ,2,15.773,420.65,167.082,21.745,505.676,-125.952,

[2024-11-07 16:08:01] ,1,25.34,487.608,72.044,20.654,503.272,48.958,

[2024-11-07 16:08:15] ,1,47.608,452.748,-20.674,29.248,518.634,-77.082,

[2024-11-07 16:08:33] ,1,74.662,467.594,36.363,34.391,490.273,-32.433,

[2024-11-07 16:08:42] ,2,43.785,448.991,6.062,47.608,514.636,-24.487,

[2024-11-07 16:08:54] ,1,7.493,459.93,64.558,-2.928,505.261,-45,

[2024-11-07 16:09:09] ,1,-8.481,446.882,-21.329,70.676,512.132,12.417,

[2024-11-07 16:09:19] ,2,52.683,423.814,-152.745,-11.985,501.867,74.612,

[2024-11-07 16:09:33] ,1,-5.73,466.111,45,4.41,492.166,53.936,

[2024-11-07 16:09:51] ,1,-5.713,438.709,-21.329,10.343,512.04,42.101,

[2024-11-07 16:10:00] ,2,40.894,448.746,63.435,31.427,469.602,-141.73,

[2024-11-07 16:10:11] ,2,63.755,472.521,-19.242,-8.257,476.387,-106.991,

[2024-11-07 16:10:24] ,2,29.524,428.366,60.698,63.315,515.003,-77.471,

[2024-11-07 16:10:35] ,1,12.596,497.733,45.716,-4.526,516.614,-29.554,

[2024-11-07 16:10:54] ,2,38.248,417.684,-169.695,33.29,478.43,55.337,

[2024-11-07 16:11:04] ,2,70.28,479.837,10.214,10.11,509.891,-47.521,

[2024-11-07 16:11:14] ,1,71.806,458.101,-70.925,7.7,469.088,-33.968,

[2024-11-07 16:11:27] ,1,0.85,404.388,83.32,-0.572,420.98,-6.621,

[2024-11-07 16:11:36] ,1,32.868,421.115,79.695,32.399,491.752,-80.87,

[2024-11-07 16:11:48] ,2,15.871,450.517,146.87,6.019,461.448,154.341,

[2024-11-07 16:12:01] ,2,82.078,449.914,-160.589,63.856,518.838,-85.878,

[2024-11-07 16:12:19] ,1,37.411,435.534,51.419,15.51,437.391,29.055,

[2024-11-07 16:12:27] ,1,-3.274,453.341,1.014,59.208,461.777,-4.05,

[2024-11-07 16:12:38] ,1,45.828,467.709,0.507,7.554,490.21,-74.124,

[2024-11-07 16:12:49] ,1,66.407,503.917,87.955,17.427,516.836,-56.31,

[2024-11-07 16:13:03] ,1,-9.404,471.4,-6.563,-7.248,506.328,61.144,

[2024-11-07 16:13:12] ,2,78.936,442.31,93.576,23.399,505.73,-76.209,

[2024-11-07 16:13:25] ,4,30.763,487.499,88.479,35.27,502.194,-63.662,

[2024-11-07 16:13:39] ,1,86.71,485.735,-66.194,6.118,514.259,60.001,

[2024-11-07 16:13:47] ,2,7.832,431.674,53.334,68.632,453.966,117.242,

[2024-11-07 16:14:08] ,1,81.748,434.03,-3.066,5.506,441.575,-77.8,

[2024-11-07 16:14:16] ,1,48.992,503.893,21.516,28.296,510.418,-12.918,

[2024-11-07 16:14:27] ,2,55.699,441.329,-58.426,5.344,467.033,-58.426,

[2024-11-07 16:14:39] ,2,13.862,434.03,8.13,42.397,471.297,-87.489,

[2024-11-07 16:14:50] ,1,4.775,416.453,-66.869,19.53,451.034,-18.435,

[2024-11-07 16:15:07] ,2,18.181,449.079,-140.389,46.098,452.178,-116.792,

[2024-11-07 16:15:18] ,2,1.169,421.817,-41.76,48.44,502.549,77.307,

[2024-11-07 16:15:29] ,4,54.628,493.043,-35.952,-5.383,515.691,25.419,

[2024-11-07 16:15:39] ,2,5.638,487.879,-129.218,18.668,514.798,130.657,

[2024-11-07 16:15:57] ,1,8.483,440.105,-88.977,-10.506,461.504,-44.644,

[2024-11-07 16:16:06] ,2,47.608,472.587,-11.211,-4.226,502.675,-110.2,

[2024-11-07 16:16:18] ,2,57.955,511.605,164.836,-9.411,512.392,-84.852,

[2024-11-07 16:16:31] ,1,31.789,511.671,-16.504,13.566,518.449,-37.786,

[2024-11-07 16:16:40] ,2,51.826,451.562,-152.526,31.607,468.939,124.663,

[2024-11-07 16:17:00] ,1,4.272,427.875,38.581,2.09,454.209,-88.986,

[2024-11-07 16:17:09] ,1,26.187,482.802,-28.811,50.395,513.503,51.499,

[2024-11-07 16:17:29] ,1,32.039,442.32,-58.261,-9.234,503.886,-64.799,

[2024-11-07 16:17:38] ,2,8.525,440.628,-104.769,9.314,454.462,158.854,

[2024-11-07 16:17:50] ,2,59.325,486.833,-79.192,39.501,494.007,3.576,

[2024-11-07 16:18:02] ,1,10.181,478.513,84.987,38.183,505.211,2.556,

[2024-11-07 16:18:12] ,2,31.529,421.262,-101.31,71.63,467.73,147.45,

[2024-11-07 16:18:26] ,2,-6.841,499.742,-75.593,24.012,507.386,11.211,

[2024-11-07 16:18:37] ,2,50.588,509.682,72.372,-2.22,513.384,-90,

[2024-11-07 16:18:49] ,2,44.048,448.53,159.326,-11.974,494.732,172.811,

[2024-11-07 16:19:01] ,2,20.688,447.785,65.472,11.121,475.19,52.524,

[2024-11-07 16:19:11] ,2,54.956,449.362,141.419,17.948,468.039,19.385,

[2024-11-07 16:19:22] ,1,84.474,454.216,-43.199,12.478,492.425,-13.791,

[2024-11-07 16:19:40] ,2,18.008,404.904,-132.797,33.239,442.598,4.086,

[2024-11-07 16:19:51] ,1,40.292,503.3,23.6,69.858,516.895,-88.452,

[2024-11-07 16:20:04] ,1,3.334,454.522,51.103,44.212,457.252,36.064,

[2024-11-07 16:20:12] ,2,15.541,404.342,-69.624,-6.276,481.683,-40.711,

[2024-11-07 16:20:33] ,1,39.981,446.284,-61.189,35.348,508.243,-19.722,

[2024-11-07 16:20:41] ,2,-1.528,476.143,-146.17,56.439,484.846,160.448,

[2024-11-07 16:20:53] ,2,43.455,485.966,14.769,-6.89,508.705,-111.991,

[2024-11-07 16:21:06] ,1,34.005,404.469,42.479,9.051,464.348,12.583,

[2024-11-07 16:21:16] ,1,82.539,455.384,7.125,41.87,469.884,-71.723,

[2024-11-07 16:21:26] ,2,15.202,453.87,-115.659,-0.798,464.79,65.472,

[2024-11-07 16:21:41] ,2,-5.179,448.593,71.887,61.968,496.82,81.293,

[2024-11-07 16:21:59] ,1,23.089,414.323,-1.032,15.971,454.659,24.986,

[2024-11-07 16:22:07] ,2,0.219,448.2,-150.945,56.739,450.611,31.574,

[2024-11-07 16:22:21] ,2,38.407,444.878,-42.138,56.863,515.283,-41.379,

[2024-11-07 16:22:32] ,1,59.371,432.794,36.363,44.216,475.975,-52.829,

[2024-11-07 16:22:42] ,1,-2.017,512.86,-84.341,16.258,518.742,-43.176,

[2024-11-07 16:23:00] ,1,71.59,459.748,46.801,31.723,464.612,23.003,

[2024-11-07 16:23:09] ,1,10.717,475.284,-61.189,6.331,498.475,-72.525,

[2024-11-07 16:23:20] ,1,76.497,506.303,-77.471,22.694,512.396,-12.417,

[2024-11-07 16:23:31] ,2,-5.12,415.707,5.102,84.699,434.552,104.036,

[2024-11-07 16:23:42] ,2,59.735,436.337,-159.146,47.839,477.085,143.637,

[2024-11-07 16:24:03] ,1,27.935,403.403,32.55,14.917,418.278,10.214,

[2024-11-07 16:24:11] ,1,8.128,447.805,7.561,16.828,456.307,24.319,

[2024-11-07 16:24:23] ,1,10.83,411.159,-8.202,39.783,478.504,-54.926,

[2024-11-07 16:24:33] ,1,63.83,482.025,-46.801,6.052,488.27,-33.83,

[2024-11-07 16:24:44] ,2,2.527,422.078,-131.379,66.194,426.912,-180,

[2024-11-07 16:24:55] ,2,21.276,436.689,-143.936,80.404,451.894,54.048,

[2024-11-07 16:25:07] ,2,7.442,455.459,-119.495,54.594,467.643,-161.565,

[2024-11-07 16:25:18] ,2,73.807,472.916,33.69,20.167,488.179,65.934,

[2024-11-07 16:25:29] ,2,2.536,502.267,133.568,48.53,508.309,25.419,

[2024-11-07 16:25:41] ,1,14.686,411.202,-38.501,11.819,494.468,19.075,

[2024-11-07 16:25:51] ,1,67.973,503.234,-9.8,-7.723,517.112,-38.82,

[2024-11-07 16:26:02] ,2,13.467,438.182,24.066,78.487,443.347,-35.952,

[2024-11-07 16:26:14] ,2,13.157,459.27,135.716,74.464,470.514,110.376,

[2024-11-07 16:26:25] ,2,70.261,483.976,128.501,47.41,493.809,-24.528,

[2024-11-07 16:26:37] ,1,11.003,483.341,88.986,18.662,499.051,55.751,

[2024-11-07 16:26:50] ,1,16.894,424.539,12.308,60.712,499.526,61.837,

[2024-11-07 16:26:58] ,2,56.231,441.658,61.837,34.855,453.305,144.345,

[2024-11-07 16:27:18] ,2,14.349,483.9,114.319,19.86,510.484,158.484,

[2024-11-07 16:27:29] ,1,81.917,460.371,77.082,35.711,474.098,33.968,

[2024-11-07 16:27:39] ,1,2.723,446.882,-24.528,59.696,447.27,-80.372,

[2024-11-07 16:27:52] ,1,75.685,485.571,-17.475,41.927,503.317,70.758,

[2024-11-07 16:28:09] ,1,25.923,445.037,29.055,45.433,470.412,-24.319,

[2024-11-07 16:28:18] ,1,28.098,477.727,-13.183,-9.192,484.782,50.711,

[2024-11-07 16:28:29] ,2,58.641,401.972,-42.101,6.561,457.13,-77.8,

[2024-11-07 16:28:41] ,1,59.489,509.091,-44.635,29.219,516.811,-18.273,

[2024-11-07 16:28:52] ,4,13.401,448.727,25.88,1.905,477.121,-138.576,

[2024-11-07 16:29:12] ,1,17.98,433.261,36.064,-11.645,450.243,-12.804,

[2024-11-07 16:29:21] ,1,41.873,468.896,4.554,-8.091,517.077,-57.45,

[2024-11-07 16:29:31] ,2,5.426,453.934,-12.308,58.548,487.35,-8.202,

[2024-11-07 16:29:44] ,1,-0.602,432.886,-69.326,-2.698,504.478,61.39,

[2024-11-07 16:29:53] ,2,48.095,457.358,149.816,13.467,495.391,-177.973,

[2024-11-07 16:30:14] ,1,30.18,403.211,-59.56,53.769,415.494,-65.26,

[2024-11-07 16:30:22] ,1,26.583,423.155,-25.88,10.143,431.756,73.639,

[2024-11-07 16:30:33] ,2,9.183,451.957,162.044,30.735,460.13,-90,

[2024-11-07 16:30:45] ,2,10.562,466.589,47.49,46.56,503.721,-78.19,

[2024-11-07 16:30:58] ,1,14.833,490.438,44.64,12.676,512.791,10.214,

[2024-11-07 16:31:07] ,2,67.331,507.84,-61.348,42.796,513.846,-158.295,

[2024-11-07 16:31:20] ,1,12.295,466.345,-70.615,-8.745,491.832,10.713,

[2024-11-07 16:31:31] ,2,-11.447,425.33,-158.009,-8.481,450.177,-28.163,

[2024-11-07 16:31:44] ,2,57.184,480.553,76.209,3.42,503.61,31.139,

[2024-11-07 16:32:01] ,1,-6.701,472.191,27.242,36.864,492.952,-23.398,

[2024-11-07 16:32:11] ,1,-11.313,407.88,-56.739,12.403,457.973,-63.435,

[2024-11-07 16:32:20] ,1,-9.67,484.949,-48.958,-4.658,505.541,-13.912,

[2024-11-07 16:32:31] ,2,13.955,436.988,149.56,32.263,493.357,50.389,

[2024-11-07 16:32:54] ,1,3.185,425.593,-28.856,38.033,432.734,70.448,

[2024-11-07 16:33:03] ,1,73.839,479.639,-6.116,-8.212,494.6,-47.521,

[2024-11-07 16:33:15] ,1,79.156,406.274,54.583,-1.46,454.088,39.611,

[2024-11-07 16:33:25] ,2,60.196,436.6,-14.899,16.155,465.872,83.938,

[2024-11-07 16:33:36] ,2,38.644,502.246,162.372,25.476,509.794,134.275,

[2024-11-07 16:33:48] ,1,23.551,494.205,-4.554,14.389,498.291,-5.057,

[2024-11-07 16:33:57] ,2,-11.479,491.216,-34.951,75.584,502.194,-60.191,

[2024-11-07 16:34:11] ,1,23.549,482.093,56.725,7.663,516.35,-71.727,

[2024-11-07 16:34:29] ,1,-9.56,418.209,-64.581,19.186,498.61,-72.372,

[2024-11-07 16:34:38] ,2,-9.967,439.514,119.745,16.835,457.764,132.852,

[2024-11-07 16:34:51] ,2,76.848,436.397,-125.538,-6.056,492.993,55.465,

[2024-11-07 16:35:04] ,2,-2.192,461.211,-120.44,37.721,491.371,12.308,

[2024-11-07 16:35:14] ,1,-7.443,517.462,-68.484,10.049,519.071,63.435,

[2024-11-07 16:35:33] ,1,-4.05,421.714,-83.884,33.569,452.023,20.026,

[2024-11-07 16:35:42] ,1,65.732,467.248,22.463,5.001,476.168,-82.937,

[2024-11-07 16:35:53] ,2,44.576,412.543,-11.31,76.258,439.554,-99.293,

[2024-11-07 16:36:06] ,1,11.423,399.23,23.806,38.491,412.877,43.919,

[2024-11-07 16:36:14] ,1,49.848,465.468,21.801,30.076,509.891,17.628,

[2024-11-07 16:36:25] ,2,37.326,432.58,-90,65.292,513.158,-77.471,

[2024-11-07 16:36:37] ,2,2.018,466.482,-74.124,9.04,497.945,61.837,

[2024-11-07 16:36:55] ,1,7.738,446.655,81.87,25.726,448.398,-12.095,

[2024-11-07 16:37:03] ,1,46.699,456.573,50.711,36.552,512.059,76.088,

[2024-11-07 16:37:15] ,2,21.244,426.121,-161.241,46.948,435.875,19.722,

[2024-11-07 16:37:26] ,2,17.946,465.902,-48.909,-10.063,484.45,155.472,

[2024-11-07 16:37:37] ,2,25.133,489.393,-159.8,34.755,495.984,12.804,

[2024-11-07 16:37:50] ,1,-4.366,467.554,-31.31,56.442,474.329,87.466,

[2024-11-07 16:37:59] ,1,13.335,481.221,-18.435,3.383,518.393,7.765,

[2024-11-07 16:38:12] ,2,30.273,456.9,-150.945,52.424,498.716,-130.657,

[2024-11-07 16:38:30] ,1,-10.195,465.864,-29.055,-10.129,495.457,29.745,

[2024-11-07 16:38:39] ,2,-10.623,407.129,-34.267,59.307,411.753,-146.31,

[2024-11-07 16:38:50] ,2,43.851,412.741,-159.624,30.998,434.162,158.385,

[2024-11-07 16:39:04] ,1,20.656,427.785,-67.068,67.182,501.982,-27.255,

[2024-11-07 16:39:13] ,2,13.296,464.221,126.064,14.749,481.906,52.829,

[2024-11-07 16:39:27] ,2,60.592,411.687,-162.86,42.138,465.566,-117.242,

[2024-11-07 16:39:39] ,1,8.128,421.441,-10.713,37.655,450.441,15.876,

[2024-11-07 16:40:07] ,2,34.228,433.107,-5.609,76.871,497.83,21.991,

[2024-11-07 16:40:15] ,1,30.235,402.708,76.584,-3.687,411.35,-76.088,

[2024-11-07 16:40:26] ,1,72.826,450.678,-52.214,-1.262,453.033,-59.816,

[2024-11-07 16:40:37] ,1,-9.074,470.412,-15.255,41.027,491.326,-46.432,

[2024-11-07 16:40:50] ,1,33.305,419.859,8.707,-6.57,454.066,-13.299,

[2024-11-07 16:40:59] ,1,33.108,457.493,-23.86,34.8,490.473,70.278,

[2024-11-07 16:41:10] ,2,45.465,428.147,-141.814,81.512,472.308,76.584,

[2024-11-07 16:41:24] ,1,14.267,509.597,-86.961,39.237,511.671,20.2,

[2024-11-07 16:41:33] ,2,40.835,456.989,87.99,27.439,469.027,160.448,

[2024-11-07 16:41:45] ,2,-10.195,484.714,-18.113,55.978,518.196,-151.348,

[2024-11-07 16:41:58] ,1,-4.661,423.448,-87.444,32.736,468.976,-83.494,

[2024-11-07 16:42:08] ,2,70.054,403.788,-119.615,6.612,470.28,16.504,

[2024-11-07 16:42:20] ,2,19.86,403.58,9.8,69.529,459.209,100.214,

[2024-11-07 16:42:38] ,1,11.16,464.612,16.699,7.827,517.992,-41.042,

[2024-11-07 16:42:47] ,2,-10.49,490.419,-110.376,58.351,508.177,3.608,

[2024-11-07 16:42:59] ,2,-6.935,404.082,-106.798,28.381,418.463,-111.329,

[2024-11-07 16:43:17] ,2,36.763,434.414,-114.986,-1.812,449.119,-111.801,

[2024-11-07 16:43:33] ,2,0.746,416.63,150.698,52.914,422.151,-34.535,

[2024-11-07 16:43:42] ,2,11.292,425.198,-6.621,73.855,440.037,-83.884,

[2024-11-07 16:43:53] ,2,70.544,459.866,-178.977,55.525,469.731,-62.076,

[2024-11-07 16:44:05] ,1,76.39,450.745,-58.861,15.135,518.631,58.861,

[2024-11-07 16:44:16] ,1,64.523,502.358,-72.86,29.533,506.474,-63.895,

[2024-11-07 16:44:25] ,1,-5.18,509.338,-62.289,14.192,515.823,-29.554,

[2024-11-07 16:44:36] ,2,5.162,437.589,150.255,-7.496,496.352,-81.798,

[2024-11-07 16:44:50] ,2,7.469,458.812,-157.537,-2.483,494.402,-25.201,

[2024-11-07 16:45:08] ,1,64.711,487.416,33.69,73.612,498.259,31.842,

[2024-11-07 16:45:16] ,2,7.517,406.459,121.405,43.258,416.762,-21.991,

[2024-11-07 16:45:27] ,2,11.045,455.276,105.739,14.354,466.215,59.816,

[2024-11-07 16:45:39] ,2,79.186,401.154,133.128,-3.662,515.165,-104.407,

[2024-11-07 16:45:52] ,2,81.78,448.232,35.538,15.207,479.435,149.636,

[2024-11-07 16:46:03] ,1,14.983,463.623,8.556,-6.931,503.812,65.26,

[2024-11-07 16:46:22] ,1,43.126,427.373,2.027,83.857,460.393,13.299,

[2024-11-07 16:46:31] ,2,69.982,455.93,147.295,18.185,463.326,127.476,

[2024-11-07 16:46:42] ,2,33.501,470.808,-95.511,19.054,485.366,111.615,

[2024-11-07 16:46:54] ,2,76.825,490.818,-121.139,32.271,495.973,85.446,

[2024-11-07 16:47:05] ,2,20.058,503.234,2.045,12.054,517.927,40.992,

[2024-11-07 16:47:16] ,4,54.253,446.25,49.764,86.823,474.498,11.411,

[2024-11-07 16:47:29] ,1,1.208,437.852,4.086,44.737,448.069,-40.711,

[2024-11-07 16:47:45] ,1,40.951,402.525,-11.81,35.769,452.232,-88.995,

[2024-11-07 16:47:54] ,1,58.515,473.096,85.95,22.908,473.097,-45,

[2024-11-07 16:48:06] ,2,36.798,483.264,-153.662,15.184,500.996,-84.391,

[2024-11-07 16:48:18] ,1,42.85,455.017,46.067,72.027,492.022,34.114,

[2024-11-07 16:48:28] ,2,-2.936,441.604,84.943,-10.224,483.504,110.674,

[2024-11-07 16:48:49] ,2,73.246,400.746,176.326,36.95,423.218,135.725,

[2024-11-07 16:48:57] ,1,12.363,406.661,-45,-3.986,408.806,-74.476,

[2024-11-07 16:49:08] ,1,55.978,420.189,9.8,68.391,441.388,-86.424,

[2024-11-07 16:49:19] ,1,32.778,447.607,-10.62,21.968,474.946,48.2,

[2024-11-07 16:49:30] ,1,9.314,510.748,-3.576,25.858,511.802,15.524,

[2024-11-07 16:49:41] ,2,46.163,469.388,-130.711,5.262,491.322,143.637,

[2024-11-07 16:49:53] ,2,45.96,496.643,16.015,35.744,512.33,15.524,

[2024-11-07 16:50:05] ,1,3.552,441.307,-59.56,-3.142,456.702,-17.475,

[2024-11-07 16:50:14] ,1,-3.011,491.832,7.063,1.527,508.147,86.934,

[2024-11-07 16:50:25] ,2,38.858,442.146,-100.713,38.776,473.509,-155.014,

[2024-11-07 16:50:37] ,2,59.854,494.749,-109.242,9.188,519.543,49.343,

[2024-11-07 16:50:49] ,1,46.354,496.095,-48.576,64.48,518.657,-22.38,

[2024-11-07 16:51:06] ,1,80.562,418.937,-10.397,34.785,509.695,-40.657,

[2024-11-07 16:51:15] ,2,20.745,431.525,79.875,-4.461,435.018,-169.786,

[2024-11-07 16:51:28] ,2,8.523,433.371,-24.74,9.289,470.295,-96.563,

[2024-11-07 16:51:39] ,2,19.398,449.466,56.87,-6.366,460.081,-67.068,

[2024-11-07 16:51:50] ,1,72.356,500.263,33.977,-9.462,500.929,75.593,

[2024-11-07 16:52:08] ,1,42.72,494.358,46.432,-8.349,516.152,-19.242,

[2024-11-07 16:52:17] ,2,40.208,451.327,97.561,30.293,464.798,51.419,

[2024-11-07 16:52:30] ,2,16.004,484.821,-141.419,1.925,495.023,56.17,

[2024-11-07 16:52:41] ,2,-7.327,411.858,144.881,67.989,453.719,-121.574,

[2024-11-07 16:52:53] ,1,7.206,432.295,48.576,5.43,450.155,-81.444,

[2024-11-07 16:53:02] ,1,53.342,488.8,11.706,-1.151,502.124,79.192,

[2024-11-07 16:53:13] ,2,51.07,426.59,-139.674,26.488,498.483,-138.958,

[2024-11-07 16:53:33] ,1,76.22,429.088,75.593,12.266,471.917,-72.35,

