[2024-11-08 10:02:34] ,4,40.579,403.906,-54.345,1.405,424.143,-3.576,

[2024-11-08 10:02:43] ,1,1.294,437.053,76.209,-5.503,481.81,68.199,

[2024-11-08 10:02:50] ,2,33.601,419.213,-32.981,30.696,431.847,-30.44,

[2024-11-08 10:03:01] ,2,21.21,434.322,140.782,24.859,451.908,-50.001,

[2024-11-08 10:03:12] ,2,59.735,467.907,8.13,26.723,468.119,-46.779,

[2024-11-08 10:03:22] ,2,27.571,483.593,90,17.685,497.961,-3.066,

[2024-11-08 10:03:33] ,2,31.397,514.277,-130.992,12.494,515.221,68.484,

[2024-11-08 10:04:50] ,1,42.73,406.743,-14.534,58.285,407.534,25.641,

[2024-11-08 10:04:57] ,1,15.626,413.383,-58.426,26.187,425.725,20.2,

[2024-11-08 10:05:08] ,1,-0.836,431.855,-24.528,9.89,449.922,-79.38,

[2024-11-08 10:05:19] ,1,-11.051,455.45,-3.039,67.117,472.784,-1.023,

[2024-11-08 10:05:30] ,1,86.955,486.625,-3.576,-1.511,513.035,55.176,

[2024-11-08 10:05:41] ,4,22.958,401.537,2.064,-6.582,408.712,-72.216,

[2024-11-08 10:05:53] ,2,32.053,410.5,-176.906,8.717,487.882,122.705,

[2024-11-08 10:06:00] ,2,80.544,406.009,-135.374,45.072,508.33,32.55,

[2024-11-08 10:06:11] ,4,86.362,429.746,-5.711,83.198,509.43,74.197,

[2024-11-08 10:06:24] ,1,77.201,431.13,-22.463,18.002,438.405,66.602,

[2024-11-08 10:06:31] ,1,83.521,411.627,47.203,-2.945,491.305,-14.899,

[2024-11-08 10:06:42] ,1,48.926,497.171,24.274,28.918,501.976,-80.287,

[2024-11-08 10:06:53] ,2,58.601,417.77,-105.524,66.486,478.77,138.621,

[2024-11-08 10:07:04] ,2,37.522,479.778,-75.231,71.796,508.177,-21.705,

[2024-11-08 10:07:16] ,1,35.603,432.22,86.961,40.687,457.164,-16.844,

[2024-11-08 10:07:24] ,1,2.594,464.613,-84.44,14.153,485.418,-41.8,

[2024-11-08 10:07:35] ,2,54.563,501.997,39.936,76.871,502.509,-160.105,

[2024-11-08 10:07:46] ,4,18.883,399.034,-44.63,-8.481,492.755,-50.782,

[2024-11-08 10:07:59] ,4,29.417,457.625,11.113,58.68,464.348,-2.01,

[2024-11-08 10:08:07] ,4,37.501,432.13,43.55,51.485,435.99,-118.163,

[2024-11-08 10:08:16] ,4,79.837,493.15,-34.695,46.948,511.539,8.276,

[2024-11-08 10:08:26] ,2,14.923,422.898,-47.175,40.489,511.736,162.372,

[2024-11-08 10:08:35] ,1,11.904,441.4,68.671,-5.871,463.822,-79.786,

[2024-11-08 10:08:45] ,4,-8.456,407.587,76.464,61.448,491.502,16.504,

[2024-11-08 10:09:03] ,1,-5.647,430.339,25.201,-10.78,508.635,57.724,

[2024-11-08 10:09:11] ,2,8.028,408.07,-33.261,36.798,463.359,11.211,

[2024-11-08 10:09:23] ,1,28.296,427.043,-23.806,38.973,497.171,18.273,

[2024-11-08 10:09:35] ,1,-5.186,425.989,-7.628,8.104,489.367,77.307,

[2024-11-08 10:09:45] ,4,85.505,504.486,-55.049,26.912,510.616,-41.379,

[2024-11-08 10:10:03] ,1,19.363,425.168,-73.496,-5.12,439.962,-25.201,

[2024-11-08 10:10:11] ,1,54.462,456.571,17.475,36.306,464.626,39.999,

[2024-11-08 10:10:21] ,2,1.194,420.704,61.595,58.559,442.022,-74.612,

[2024-11-08 10:10:32] ,2,16.063,452.891,-88.986,41.808,502.707,28.856,

[2024-11-08 10:10:43] ,1,-11.702,438.183,75.593,27.719,481.844,-66.342,

[2024-11-08 10:10:52] ,2,15.34,455.912,-100.125,31.566,472.353,120.619,

[2024-11-08 10:11:04] ,1,54.703,469.441,43.221,29.097,503.053,50.001,

[2024-11-08 10:11:13] ,2,24.657,467.119,129.289,-1.907,475.206,-135,

[2024-11-08 10:11:29] ,2,54.433,493.987,-148.861,18.542,501.784,156.602,

[2024-11-08 10:11:37] ,1,47.08,442.532,28.61,69.094,480.957,-3.066,

[2024-11-08 10:11:47] ,1,6.744,510.814,12.417,31.13,518.459,-9.211,

[2024-11-08 10:12:00] ,1,55.055,449.98,20.2,-1.299,476.291,67.264,

[2024-11-08 10:12:18] ,1,49.954,429.485,54.048,34.623,443.059,-19.075,

[2024-11-08 10:12:26] ,1,24.984,465.425,74.261,-4.935,483.269,89.493,

[2024-11-08 10:12:39] ,1,7.639,448.58,30.877,41.75,473.808,82.011,

[2024-11-08 10:12:48] ,2,54.875,451.423,-103.912,39.949,488.026,-109.242,

[2024-11-08 10:13:00] ,1,19.333,421.837,-17.14,62.371,493.018,-25.419,

[2024-11-08 10:13:10] ,1,53.539,441.807,19.722,11.998,488.778,-58.69,

[2024-11-08 10:13:19] ,2,17.948,459.998,20.674,61.712,505.277,-12.417,

[2024-11-08 10:13:38] ,1,-6.504,422.759,-1.521,49.812,440.67,76.701,

[2024-11-08 10:13:46] ,2,4.042,409.05,-158.295,7.289,443.199,79.38,

[2024-11-08 10:13:57] ,2,54.266,456.576,-71.405,11.556,476.059,-131.424,

[2024-11-08 10:14:07] ,2,21.969,482.143,-90,10.798,505.987,141.9,

[2024-11-08 10:14:19] ,2,71.467,399.889,170.538,43.809,510.642,-42.825,

[2024-11-08 10:14:29] ,1,50.435,439.234,-71.887,20.489,470.894,-82.999,

[2024-11-08 10:14:42] ,1,-5.009,439.278,86.455,62.005,471.856,-41.042,

[2024-11-08 10:14:52] ,4,86.986,508.209,25.396,24.737,517.866,54.162,

[2024-11-08 10:15:11] ,1,25.923,452.616,26.565,-2.857,473.455,-43.568,

[2024-11-08 10:15:18] ,1,69.587,496.575,37.381,28.125,501.364,-77.196,

[2024-11-08 10:15:29] ,4,71.269,510.748,-16.65,24.605,517.998,-68.484,

[2024-11-08 10:15:42] ,4,-6.504,455.714,10.713,43.774,476.459,60.141,

[2024-11-08 10:15:52] ,1,53.267,449.883,86.961,74.405,480.476,41.76,

[2024-11-08 10:16:08] ,1,68.003,399.191,52.815,8.194,407.6,-23.131,

[2024-11-08 10:16:18] ,1,33.108,408.128,16.65,-4.658,429.152,20.2,

[2024-11-08 10:16:27] ,1,22.562,447.08,-27.013,40.061,449.228,-69.503,

[2024-11-08 10:16:39] ,1,38.099,451.881,44.644,84.253,505.673,-28.195,

[2024-11-08 10:16:48] ,2,75.839,401.982,-111.114,30.142,408.655,-150.446,

[2024-11-08 10:17:00] ,2,26.549,431.667,-33.13,82.295,452.208,51.499,

[2024-11-08 10:17:11] ,2,71.923,468.662,-49.343,-8.679,474.3,24.066,

[2024-11-08 10:17:21] ,2,33.782,491.526,-92.027,31.756,507.745,-39.218,

[2024-11-08 10:17:33] ,1,11.948,487.022,84.44,36.733,497.698,-16.991,

[2024-11-08 10:17:41] ,2,43.976,480.255,116.792,25.217,500.522,135.365,

[2024-11-08 10:17:54] ,2,-6.335,481.662,65.472,63.589,484.565,-94.086,

[2024-11-08 10:18:04] ,2,10.567,466.655,0,61.798,489.646,-54.758,

[2024-11-08 10:18:22] ,1,-6.712,401.425,46.469,14.253,421.252,71.241,

[2024-11-08 10:18:30] ,1,-9.302,450.185,40.326,-4.75,460.36,42.479,

[2024-11-08 10:18:41] ,2,22.562,458.218,-155.014,24.6,512.634,62.289,

[2024-11-08 10:18:53] ,1,56.763,440.572,67.068,43.443,458.738,-72.198,

[2024-11-08 10:19:03] ,1,56.468,482.374,-73.639,-9.667,482.671,-9.628,

[2024-11-08 10:19:20] ,1,2.064,401.932,16.157,60.649,432.857,46.801,

[2024-11-08 10:19:29] ,1,3.844,446.487,-14.407,40.876,477.811,-49.939,

[2024-11-08 10:19:39] ,2,55.709,449.756,-117.711,38.71,491.964,-21.329,

[2024-11-08 10:19:51] ,1,40.849,424.745,-40.326,37.392,449.584,-10.62,

[2024-11-08 10:20:00] ,1,52.191,492.172,53.637,12.254,514.039,30.256,

[2024-11-08 10:20:11] ,2,2.526,489.657,172.875,70.77,490.127,-53.746,

[2024-11-08 10:20:24] ,1,-10.551,440.464,77.196,29.153,517.668,16.65,

[2024-11-08 10:20:42] ,1,-2.22,424.275,-90,46.676,448.164,56.032,

[2024-11-08 10:20:50] ,1,33.635,459.141,-28.131,18.178,475.579,-39.359,

[2024-11-08 10:21:01] ,1,34.298,497.321,78.69,47.608,519.975,-17.784,

[2024-11-08 10:21:12] ,2,57.009,410.99,70.105,8.563,437.433,-102.804,

[2024-11-08 10:21:23] ,1,47.119,479.186,60.505,7.008,483.659,-21.801,

[2024-11-08 10:21:34] ,1,-10.026,471.328,41.042,50.112,476.014,2.027,

[2024-11-08 10:21:43] ,1,15.278,504.598,34.824,57.598,508.093,41.719,

[2024-11-08 10:21:54] ,2,27.295,433.19,70.758,1.835,442.432,-35.538,

[2024-11-08 10:22:05] ,1,-8.26,438.991,-43.221,19.259,497.281,62.076,

[2024-11-08 10:22:16] ,2,51.133,416.754,-142.306,16.308,416.824,84.852,

[2024-11-08 10:22:26] ,1,73.444,491.964,26.338,0.878,493.677,3.545,

[2024-11-08 10:22:44] ,2,46.19,414.706,-145.597,-7.756,416.959,-175.878,

[2024-11-08 10:22:55] ,2,74.301,483.725,-152.978,51.892,494.007,163.009,

[2024-11-08 10:23:03] ,4,56.242,418.937,29.554,86.452,419.77,-86.359,

[2024-11-08 10:23:14] ,1,51.981,478.817,59.123,23.683,488.009,5.56,

[2024-11-08 10:23:21] ,1,-2.879,499.675,-26.565,25.512,508.537,-82.372,

[2024-11-08 10:23:32] ,1,69.423,513.714,-16.157,-1.645,518.426,66.194,

[2024-11-08 10:23:51] ,1,11.18,405.677,-80.707,9.363,418.468,-76.088,

[2024-11-08 10:24:00] ,1,4.648,431.974,-61.631,-10.253,442.791,84.898,

[2024-11-08 10:24:11] ,1,10.673,445.992,42.479,17.574,467.569,-54.638,

[2024-11-08 10:24:21] ,1,29.606,501.059,-68.009,-4.823,512.654,-33.977,

[2024-11-08 10:24:32] ,2,43.587,411.621,-151.595,-10.854,426.912,15.03,

[2024-11-08 10:24:43] ,2,44.18,432.975,-150.255,27.865,483.804,119.745,

[2024-11-08 10:24:56] ,1,58.284,480.943,48.24,-11.695,486.899,63.886,

[2024-11-08 10:25:04] ,2,45.564,485.373,12.693,-0.333,506.7,127.786,

[2024-11-08 10:25:18] ,1,3.333,461.168,-45,37.026,506.004,-40.657,

[2024-11-08 10:25:35] ,1,1.867,421.968,-2.027,47.051,460.987,40.711,

[2024-11-08 10:25:45] ,1,-6.327,474.523,70.278,41.709,490.892,-38.186,

[2024-11-08 10:25:54] ,4,-9.074,461.843,16.504,52.155,515.164,-88.452,

[2024-11-08 10:26:07] ,2,-2.671,432.073,133.55,76.186,484.487,127.694,

[2024-11-08 10:26:23] ,1,26.451,466.259,-23.199,47.08,468.368,11.211,

[2024-11-08 10:26:31] ,2,16.169,399.032,161.565,31.302,413.045,-137.899,

[2024-11-08 10:26:43] ,1,15.289,440.195,-59.123,43.455,480.232,-29.932,

[2024-11-08 10:26:54] ,1,34.584,489.702,69.146,-3.999,494.468,21.329,

[2024-11-08 10:27:03] ,2,-2.323,437.899,-65.472,8.194,486.559,-17.628,

[2024-11-08 10:27:15] ,2,44.068,491.623,-94.594,15.081,493.754,-33.13,

[2024-11-08 10:27:25] ,2,-7.822,406.018,24.955,-7.031,487.152,-154.341,

[2024-11-08 10:27:35] ,1,15.048,485.834,-14.281,0.459,516.566,43.199,

[2024-11-08 10:27:53] ,1,11.222,460.568,81.444,26.859,498.767,63.662,

[2024-11-08 10:28:01] ,2,55.648,484.912,-5.102,-8.993,493.66,-121.574,

[2024-11-08 10:28:13] ,1,13.862,411.159,7.189,24.21,455.78,-19.855,

[2024-11-08 10:28:24] ,1,5.36,411.884,-3.576,18.64,419.786,34.114,

[2024-11-08 10:28:34] ,2,47.673,503.432,156.4,58.526,513.361,-93.608,

[2024-11-08 10:28:53] ,4,85.901,491.7,8.865,80.562,510.88,-54.583,

[2024-11-08 10:29:02] ,1,-2.287,399.694,-71.565,22.958,402.13,-2.045,

[2024-11-08 10:29:10] ,1,6.81,428.823,14.899,32.153,434.21,-85.914,

[2024-11-08 10:29:20] ,1,-6.486,445.652,-70.448,22.101,510.88,-18.273,

[2024-11-08 10:29:33] ,1,26.068,449.788,-89.493,0.153,463.03,-26.114,

[2024-11-08 10:29:42] ,1,41.241,499.385,-42.101,-11.513,502.773,-8.707,

[2024-11-08 10:29:54] ,1,-9.272,477.925,-10.62,19.812,514.953,-80.789,

[2024-11-08 10:30:11] ,1,41.754,432.325,50.389,7.073,467.775,-15.739,

[2024-11-08 10:30:20] ,2,14.983,445.037,-169.287,-3.142,512.461,8.276,

[2024-11-08 10:30:30] ,2,70.017,501.389,177.955,12.544,518.196,-171.798,

[2024-11-08 10:30:42] ,1,73.081,403.374,34.129,35.498,492.682,76.088,

[2024-11-08 10:30:54] ,2,-4.856,464.15,24.066,47.41,491.502,-166.209,

[2024-11-08 10:31:06] ,1,4.148,465.566,42.51,-6.3,493.372,-56.31,

[2024-11-08 10:31:15] ,1,-8.858,414.554,-66.194,19.662,452.484,-3.013,

[2024-11-08 10:31:26] ,1,31.637,466.131,43.946,-7.866,478.556,-65.934,

[2024-11-08 10:31:44] ,1,2.081,407.054,-55.176,7.985,464.735,-57.995,

[2024-11-08 10:31:53] ,2,35.452,410.678,-114.487,43.699,434.282,-125.242,

[2024-11-08 10:32:03] ,2,28.692,477.068,-178.479,15.346,506.91,-34.535,

[2024-11-08 10:32:16] ,1,6.539,472.018,-49.616,44.148,477.755,39.289,

[2024-11-08 10:32:26] ,1,-2.549,440.555,-23.6,-5.493,503.733,-65.934,

[2024-11-08 10:32:35] ,2,15.495,453.966,77.8,26.161,502.417,42.101,

[2024-11-08 10:32:47] ,2,-3.966,449.972,-34.114,56.786,498.696,96.17,

[2024-11-08 10:33:05] ,2,49.151,407.39,-30.7,9.468,440.602,51.814,

[2024-11-08 10:33:14] ,2,-6.624,452.757,50.389,8.486,456.038,-41.042,

[2024-11-08 10:33:23] ,2,0.285,482.539,-3.066,76.903,499.641,35.538,

[2024-11-08 10:33:35] ,1,18.879,500.264,84.898,72.06,505.146,25.88,

[2024-11-08 10:33:44] ,2,-5.516,403.328,67.341,13.335,420.98,-21.991,

[2024-11-08 10:33:56] ,1,-4.112,475.343,51.419,2.658,497.434,-19.722,

[2024-11-08 10:34:14] ,1,36.963,446.352,33.83,13.367,468.21,69.503,

[2024-11-08 10:34:23] ,2,63.51,480.552,135.36,13.765,485.923,-147.567,

[2024-11-08 10:34:34] ,2,71.532,514.834,159.444,25.111,519.921,-136.45,

[2024-11-08 10:34:46] ,2,6.31,408.994,-60.446,54.502,427.836,100.214,

[2024-11-08 10:34:55] ,2,21.244,434.557,-157.068,61.609,483.06,138.958,

[2024-11-08 10:35:07] ,1,37.316,422.445,-50.064,55.253,466.523,-24.986,

[2024-11-08 10:35:16] ,2,-10.583,411.363,-47.203,20.321,426.78,173.884,

[2024-11-08 10:35:28] ,2,79.639,466.193,177.955,36.205,498.225,90,

[2024-11-08 10:35:40] ,2,44.789,486.568,-100.713,19.53,504.552,11.31,

[2024-11-08 10:35:49] ,1,68.726,431.65,64.799,17.817,486.889,-24.775,

[2024-11-08 10:36:02] ,1,-3.288,442.783,61.631,31.74,489.055,-61.39,

[2024-11-08 10:36:12] ,1,0.557,458.747,75.593,4.039,517.331,47.899,

[2024-11-08 10:36:29] ,1,44.299,432.135,70.758,0.153,475.487,-22.736,

[2024-11-08 10:36:38] ,1,18.905,478.336,-36.469,50.112,494.402,19.722,

[2024-11-08 10:36:52] ,2,-1.116,421.537,97.628,7.567,473.131,-143.637,

[2024-11-08 10:37:02] ,1,-10.211,417.055,-82.372,42.005,503.761,24.74,

[2024-11-08 10:37:10] ,1,20.829,508.9,44.275,3.608,518.051,-41.379,

[2024-11-08 10:37:23] ,1,15.967,490.519,-57.295,10.863,519.237,34.403,

[2024-11-08 10:37:33] ,2,14.776,400.461,-117.951,23.436,475.971,-74.261,

[2024-11-08 10:40:38] ,2,14.776,400.461,-117.951,-0.382,438.601,-49.674,

[2024-11-08 10:40:44] ,2,14.776,400.461,-117.951,-0.382,438.601,-49.674,

[2024-11-08 10:40:59] ,1,-4.824,461.971,37.476,78.98,473.971,10.305,

[2024-11-08 10:41:07] ,2,23.378,434.957,-60.698,33.305,518.986,-28.163,

[2024-11-08 10:41:20] ,1,-7.492,421.375,-11.31,-10.822,436.156,-53.334,

[2024-11-08 10:41:28] ,1,70.57,442.969,-77.196,25.001,465.732,9.545,

[2024-11-08 10:41:39] ,2,4.701,415.839,151.595,50.781,428.904,50.064,

[2024-11-08 10:41:50] ,2,39.369,438.446,158.671,33.866,445.475,145.049,

[2024-11-08 10:42:01] ,1,15.155,470.788,-69.034,1.57,483.186,37.875,

[2024-11-08 10:42:10] ,2,10.753,450.49,-118.163,34.696,470.513,81.941,

[2024-11-08 10:42:22] ,1,-9.025,399.833,83.83,9.565,487.883,89.493,

[2024-11-08 10:42:34] ,1,43.06,456.834,-7.628,2.13,514.9,2.064,

[2024-11-08 10:42:43] ,4,-9.206,465.205,25.659,84.187,469.884,9.211,

[2024-11-08 10:42:56] ,1,50.575,463.214,-48.2,-3.162,496.501,-85.406,

[2024-11-08 10:43:13] ,2,-3.038,443.932,-96.621,3.22,476.489,-140.001,

[2024-11-08 10:43:21] ,2,26.483,487.506,35.952,8.553,511.013,-40.657,

[2024-11-08 10:43:35] ,1,86.164,471.137,-20.376,31.36,518.95,-39.218,

[2024-11-08 10:43:43] ,2,24.869,477.925,-171.369,16.3,506.342,-57.019,

[2024-11-08 10:43:56] ,1,3.204,429.8,68.671,18.654,472.681,-82.504,

[2024-11-08 10:44:09] ,2,72.725,403.673,-130.544,33.3,481.854,62.312,

[2024-11-08 10:44:27] ,1,22.364,404.7,28.163,12.265,473.595,70.615,

[2024-11-08 10:44:35] ,1,67.117,488.866,7.125,16.046,506.096,-78.085,

[2024-11-08 10:44:45] ,2,26.645,423.107,-78.69,68.586,453.262,51.499,

[2024-11-08 10:45:04] ,1,45.793,426.805,-32.276,5.408,433.617,55.049,

[2024-11-08 10:45:12] ,1,-11.806,440.066,31.574,32.76,452.227,-64.106,

[2024-11-08 10:45:23] ,1,57.526,479.545,35.242,38.578,495.918,-15.876,

[2024-11-08 10:45:33] ,2,7.667,416.366,-9.293,80.595,446.537,-141.9,

[2024-11-08 10:45:44] ,2,73.839,475.816,-11.31,20.671,489.113,-107.324,

[2024-11-08 10:45:55] ,1,26.846,410.303,-11.81,44.048,421.178,15.388,

[2024-11-08 10:46:04] ,1,5.842,423.378,-70.278,48.761,472.516,33.968,

[2024-11-08 10:46:15] ,1,23.252,472.936,-32.586,12.459,503.025,-51.419,

[2024-11-08 10:46:25] ,1,66.985,513.055,-10.397,8.225,516.766,-32.55,

[2024-11-08 10:46:36] ,2,34.409,482.918,-135,-4.092,492.269,-102.804,

[2024-11-08 10:46:57] ,2,-8.122,457.372,126.363,54.001,473.246,-176.455,

[2024-11-08 10:47:05] ,1,81.482,420.159,62.507,26.831,420.765,-58.426,

[2024-11-08 10:47:15] ,1,53.451,448.251,-68.854,64.942,475.355,28.163,

[2024-11-08 10:47:26] ,1,40.577,477.514,68.854,8.152,488.797,-54.345,

[2024-11-08 10:47:36] ,2,53.589,492.735,55.176,52.089,515.098,11.31,

[2024-11-08 10:47:47] ,4,86.164,487.68,40.267,24.276,513.055,-73.35,

[2024-11-08 10:48:00] ,1,46.662,450.213,-59.123,35.722,471.983,-76.329,

[2024-11-08 10:48:07] ,2,-7.888,402.393,173.774,46.998,500.911,45,

[2024-11-08 10:48:21] ,1,49.651,421.507,4.594,-2.747,452.814,-15.388,

[2024-11-08 10:48:29] ,1,-11.016,468.192,-59.816,51.472,489.72,54.345,

[2024-11-08 10:48:41] ,2,66.235,471.373,127.786,61.119,516.152,165.964,

[2024-11-08 10:48:54] ,1,22.298,422.759,29.999,5.095,505.156,-57.019,

[2024-11-08 10:49:11] ,1,37.799,429.826,63.662,27.11,460.13,6.621,

[2024-11-08 10:49:19] ,1,67.408,461.211,59.56,2.987,468.764,-23.199,

[2024-11-08 10:49:31] ,1,52.683,423.814,-23.6,12.642,513.475,35.952,

[2024-11-08 10:49:40] ,2,63.623,399.757,-16.302,7.602,498.697,57.019,

[2024-11-08 10:49:53] ,1,10.752,455.969,-72.198,-10.01,493.035,70.758,

[2024-11-08 10:50:11] ,1,34.03,416.103,-11.31,3.381,464.927,48.2,

[2024-11-08 10:50:20] ,1,43.983,493.48,-29.302,51.816,505.705,55.886,

[2024-11-08 10:50:31] ,2,0.876,423.754,-108.595,-8.905,481.998,-138.576,

[2024-11-08 10:50:42] ,1,-9.335,428.061,87.466,7.276,442.867,67.73,

[2024-11-08 10:50:51] ,1,31.624,470.429,-60.068,25.427,513.314,-80.2,

[2024-11-08 10:51:04] ,2,1.591,498.612,107.784,39.523,502.288,93.576,

[2024-11-08 10:51:22] ,1,20.08,408.452,-54.462,40.912,422.199,52.524,

[2024-11-08 10:51:30] ,1,19.003,427.768,-24.066,12.018,458.287,71.565,

[2024-11-08 10:51:41] ,1,43.323,475.948,9.628,-1.396,489.706,-38.186,

[2024-11-08 10:51:52] ,2,31.718,413.902,-117.711,6.185,480.539,-34.951,

[2024-11-08 10:52:07] ,2,44.348,436.84,110.674,-9.895,472.136,53.637,

[2024-11-08 10:52:15] ,1,3.139,430.181,58.861,25.298,438.164,-76.817,

[2024-11-08 10:52:27] ,2,31.921,447.607,165.719,-7.031,507.123,-172.304,

[2024-11-08 10:52:39] ,1,31.917,437.857,-67.73,38.895,474.263,46.067,

[2024-11-08 10:52:56] ,1,9.149,403.828,38.1,25.396,431.459,-19.075,

[2024-11-08 10:53:05] ,1,42.125,436.164,66.602,13.5,459.518,85.986,

[2024-11-08 10:53:15] ,1,-7.067,473.803,-32.005,24.969,491.137,-35.655,

[2024-11-08 10:53:26] ,1,-5.983,491.246,47.148,-3.211,506.68,56.592,

[2024-11-08 10:53:38] ,1,4.898,500.993,-15.524,18.871,504.684,16.504,

[2024-11-08 10:53:51] ,1,66.863,440.18,-46.432,77.964,490.04,30.7,

[2024-11-08 10:54:02] ,1,61.976,417.618,22.184,28.719,497.756,-30.44,

[2024-11-08 10:54:20] ,1,6.584,426.467,-88.479,15.387,449.928,-46.779,

[2024-11-08 10:54:32] ,2,66.853,439.302,157.068,70.858,460.514,107.628,

[2024-11-08 10:54:48] ,1,45.828,408.523,7.696,21.837,485.834,-9.628,

[2024-11-08 10:54:56] ,1,-1.932,501.019,-42.825,49.629,502.207,73.985,

[2024-11-08 10:55:07] ,2,-7.302,438.604,-123.83,7.93,459.207,0,

[2024-11-08 10:55:19] ,2,15.021,414.045,103.416,10.303,467.973,-165.842,

[2024-11-08 10:55:28] ,1,26.746,464.566,36.174,23.056,485.48,-38.581,

[2024-11-08 10:55:38] ,2,-1.758,492.491,-14.899,-5.204,506.469,115.88,

[2024-11-08 10:55:50] ,2,37.392,469.357,-157.92,15.782,516.891,-46.824,

[2024-11-08 10:56:00] ,2,35.085,422.166,18.759,17.37,487.886,96.062,

[2024-11-08 10:56:18] ,1,19.839,429.405,-85.446,71.132,449.819,-81.87,

[2024-11-08 10:56:26] ,1,44.18,483.989,-1.023,43.258,505.541,-4.05,

[2024-11-08 10:56:37] ,2,49.321,457.362,166.701,10.039,499.477,177.973,

[2024-11-08 10:56:47] ,2,28.692,508.639,-175.406,8.077,517.758,87.936,

[2024-11-08 10:56:59] ,2,67.512,463.887,-153.662,1.435,499.252,-31.574,

[2024-11-08 10:57:11] ,1,17.515,441.135,-41.424,7.206,451.198,62.758,

[2024-11-08 10:57:22] ,1,26.187,493.348,12.804,66.787,514.834,-25.174,

[2024-11-08 10:57:34] ,1,20.453,424.012,-7.125,-5.713,476.343,29.302,

[2024-11-08 10:57:45] ,2,67.248,438.116,-160.278,1.208,481.55,178.986,

[2024-11-08 10:58:05] ,2,18.075,448.824,130.711,19.464,478.65,159.974,

[2024-11-08 10:58:14] ,2,30.471,419.925,-90,4.603,439.694,-37.476,

[2024-11-08 10:58:23] ,1,2.058,418.143,-71.887,27.545,436.642,77.196,

[2024-11-08 10:58:33] ,1,30.405,453.671,5.511,54.443,502.431,-68.671,

[2024-11-08 10:58:43] ,1,-3.67,504.75,-24.066,19.463,516.949,71.405,

[2024-11-08 10:58:54] ,2,-2.249,462.722,97.063,51.354,488.902,-93.066,

[2024-11-08 10:59:07] ,1,-9.338,492.491,-20.854,45.349,497.945,55.049,

[2024-11-08 10:59:19] ,1,-4.461,407.468,-15.662,-0.869,513.632,38.1,

[2024-11-08 10:59:28] ,2,38.71,404.437,-152.745,65.205,460.393,3.576,

[2024-11-08 10:59:40] ,2,75.619,455.714,169.287,-6.636,503.63,-6.621,

[2024-11-08 10:59:57] ,1,9.916,419.465,75.593,-4.52,451.305,-47.148,

[2024-11-08 11:00:05] ,1,21.376,477.596,1.014,-4.461,481.814,-2.027,

[2024-11-08 11:00:16] ,2,57.363,449.174,131.76,43.125,483.475,-123.13,

[2024-11-08 11:00:28] ,1,57.692,467.116,-9.628,49.848,507.716,5.102,

[2024-11-08 11:00:38] ,1,16.894,446.816,-1.005,2.879,459.27,-54.345,

[2024-11-08 11:00:52] ,2,54.759,478.273,60.001,1.989,493.232,-50.064,

[2024-11-08 11:01:09] ,1,79.31,447.607,-20.2,-0.211,493.755,36.666,

[2024-11-08 11:01:19] ,1,6.661,471.489,74.261,58.219,487.482,14.899,

[2024-11-08 11:01:30] ,1,21.937,504.57,32.705,-7.359,505.221,-75.101,

[2024-11-08 11:01:39] ,2,0.971,422.745,76.584,38.596,505.861,-44.64,

[2024-11-08 11:01:53] ,1,15.251,414.26,-84.341,0.717,443.888,31.574,

[2024-11-08 11:02:11] ,2,8.623,417.306,53.334,74.103,496.05,-166.584,

[2024-11-08 11:02:21] ,1,56.967,485.109,1.014,19.847,485.992,66.602,

[2024-11-08 11:02:30] ,1,-10.195,500.4,7.696,65.996,515.493,29.809,

[2024-11-08 11:02:43] ,2,-9.865,425.791,10.214,23.221,490.514,-158.199,

[2024-11-08 11:02:53] ,1,18.677,433.54,48.958,6.003,482.562,-87.99,

[2024-11-08 11:03:11] ,1,8.372,480.897,-79.472,-6.052,489.849,-72.044,

[2024-11-08 11:03:20] ,2,26.75,420.346,-147.724,14.389,466.457,164.745,

[2024-11-08 11:03:31] ,2,1.084,467.394,133.199,30.933,493.941,4.554,

[2024-11-08 11:03:44] ,1,33.911,469.428,-89.497,24.182,500.286,-88.466,

[2024-11-08 11:03:52] ,2,-1.397,428.576,36.363,42.692,509.571,-60.446,

[2024-11-08 11:04:09] ,2,21.771,469.818,-18.277,33.268,488.603,79.875,

[2024-11-08 11:04:17] ,1,59.429,458.771,-42.852,86.223,484.561,81.293,

[2024-11-08 11:04:35] ,1,78.877,416.607,69.261,60.658,422.364,-26.338,

[2024-11-08 11:04:44] ,1,29.636,459.641,58.95,41.138,485.126,74.612,

[2024-11-08 11:04:54] ,2,81.639,444.62,51.9,67.417,478.957,77.082,

[2024-11-08 11:05:05] ,4,83.857,461.052,28.856,80.913,513.321,53.549,

[2024-11-08 11:05:18] ,1,30.867,436.139,-21.615,18.146,465.732,27.688,

[2024-11-08 11:05:25] ,2,68.632,490.777,14.899,-4.988,504.684,-90,

[2024-11-08 11:05:37] ,1,-8.349,407.534,-6.74,18.469,412.089,47.175,

[2024-11-08 11:05:46] ,1,22.372,454.463,67.92,53.322,462.866,66.14,

[2024-11-08 11:05:58] ,2,-9.206,503.893,19.722,49.123,519.646,-172.304,

[2024-11-08 11:06:09] ,1,-10.129,449.98,-17.475,7.996,464.809,-12.693,

[2024-11-08 11:06:27] ,1,5.789,411.131,-35.242,26.682,411.229,-37.073,

[2024-11-08 11:06:35] ,1,50.868,468.687,65.014,-0.464,485.808,77.307,

[2024-11-08 11:06:46] ,1,2.465,497.537,81.87,46.158,497.566,22.932,

[2024-11-08 11:06:56] ,2,72.585,440.629,112.463,20.453,446.684,14.281,

[2024-11-08 11:07:07] ,2,58.896,451.765,-115.88,49.385,480.567,71.405,

[2024-11-08 11:07:17] ,2,24.162,497.421,99.211,-0.836,517.734,-90,

[2024-11-08 11:07:29] ,1,54.33,489.459,4.05,43.785,507.716,-26.565,

[2024-11-08 11:07:37] ,2,35.283,438.709,9.713,4.503,510.814,-7.189,

[2024-11-08 11:07:51] ,1,2.744,460.632,-86.486,-5.662,486.24,-63.886,

[2024-11-08 11:08:09] ,1,37.204,415.542,-55.886,-11.411,440.538,-76.701,

[2024-11-08 11:08:18] ,1,51.296,457.202,-48.909,38.619,478.378,80.455,

[2024-11-08 11:08:30] ,2,38.576,425.866,112.463,38.446,456.834,27.924,

[2024-11-08 11:08:41] ,1,22.469,486.42,80.372,0.548,515.164,25.419,

[2024-11-08 11:08:51] ,2,15.378,416.498,24.74,32.456,432.273,-130.326,

[2024-11-08 11:09:00] ,2,12.095,432.99,63.662,47.152,439.925,49.343,

[2024-11-08 11:09:10] ,2,-1.395,490.944,38.897,25.565,497.414,31.139,

[2024-11-08 11:09:29] ,1,21.993,399.408,72.86,0.878,470.477,5.56,

[2024-11-08 11:09:37] ,1,34.966,472.111,-61.666,69.292,475.618,15.876,

[2024-11-08 11:09:48] ,2,-3.636,430.418,-147.019,55.348,507.034,-77.082,

[2024-11-08 11:09:58] ,2,5.953,515.823,174.852,-6.438,518.064,161.075,

[2024-11-08 11:10:17] ,1,26.276,404.548,51.9,11.819,461.712,1.507,

[2024-11-08 11:10:25] ,2,67.277,454.298,110.2,49.255,474.102,90,

[2024-11-08 11:10:45] ,2,32.761,406.529,45,-2.17,505.788,-135,

[2024-11-08 11:10:53] ,1,1.933,412.807,9.8,-4.11,437.841,85.446,

[2024-11-08 11:11:04] ,1,56.832,467.748,-48.909,41.544,490.25,-16.361,

[2024-11-08 11:11:14] ,1,24.229,449.779,-44.301,12.742,492.755,-24.528,

[2024-11-08 11:11:25] ,1,25.012,503.094,57.995,14.605,519.745,-66.194,

[2024-11-08 11:11:37] ,1,67.233,400.79,55.305,46.218,434.265,-81.87,

[2024-11-08 11:11:46] ,1,44.981,474.388,-66.801,21.442,498.752,-25.659,

[2024-11-08 11:11:57] ,1,-7.426,499.807,-19.242,20.061,516.518,49.008,

[2024-11-08 11:12:09] ,1,54.594,422.957,4.086,-8.502,469.477,-85.446,

[2024-11-08 11:12:27] ,1,-11.844,425.447,48.24,3.015,495.84,-30.7,

[2024-11-08 11:12:35] ,1,30.988,509.202,86.906,59.23,514.739,59.036,

[2024-11-08 11:12:46] ,2,33.549,409.763,80.707,-0.77,412.939,163.202,

[2024-11-08 11:12:59] ,1,-0.171,429.783,81.87,27.671,516.751,-36.973,

[2024-11-08 11:13:09] ,2,-9.931,500.927,-18.113,27.478,506.588,-149.56,

[2024-11-08 11:13:28] ,1,21.771,444.839,0,11.094,455.516,-18.435,

[2024-11-08 11:13:35] ,1,-9.404,456.768,29.055,26.921,482.096,63.435,

[2024-11-08 11:13:46] ,2,15.914,418.673,-111.991,63.139,492.288,-125.538,

[2024-11-08 11:13:58] ,1,25.594,481.88,-22.543,17.945,491.573,-57.295,

[2024-11-08 11:14:08] ,2,49.882,410.762,142.619,17.393,436.453,30.877,

[2024-11-08 11:14:20] ,2,67.117,434.755,-153.662,1.01,492.886,178.479,

[2024-11-08 11:14:37] ,1,69.574,408.315,85.365,-6.025,440.076,-55.049,

[2024-11-08 11:14:45] ,2,-5.779,418.146,154.581,-0.968,479.011,117.242,

[2024-11-08 11:14:56] ,2,18.805,480.43,-166.209,-6.899,493.282,165.101,

[2024-11-08 11:15:08] ,2,77.794,449.387,-10.214,8.326,467.709,0,

[2024-11-08 11:15:16] ,2,80.211,473.207,73.985,7.601,485.505,-29.055,

[2024-11-08 11:15:28] ,1,84.052,436.658,47.899,-8.742,473.612,48.958,

[2024-11-08 11:15:36] ,2,78.321,468.368,164.612,48.135,495.325,161.241,

[2024-11-08 11:15:55] ,1,40.885,409.38,0,66.194,466.787,-10.214,

[2024-11-08 11:16:03] ,1,69.357,495.721,-12.308,3.119,504.75,-17.14,

[2024-11-08 11:16:14] ,2,57.823,417.816,158.484,-8.415,455.187,0,

[2024-11-08 11:16:26] ,2,33.403,477.466,-142.829,34.821,496.907,-151.144,

[2024-11-08 11:16:38] ,1,3.383,428.427,-2.534,-11.871,457.857,69.8,

[2024-11-08 11:16:46] ,2,48.201,499.411,163.009,31.13,506.398,3.066,

[2024-11-08 11:16:57] ,4,21.461,402.052,-64.39,-0.187,471.573,45,

[2024-11-08 11:17:09] ,1,-1.282,471.245,-45.36,12.683,493.832,49.674,

[2024-11-08 11:17:18] ,4,68.53,501.977,-40.992,-7.097,513.78,-177.955,

[2024-11-08 11:17:30] ,1,54.277,436.296,-66.602,27.86,471.975,69.034,

[2024-11-08 11:17:37] ,1,-2.398,475.616,-44.284,-11.337,516.98,-59.036,

[2024-11-08 11:17:48] ,2,24.354,401.97,-55.597,56.901,493.216,-12.804,

[2024-11-08 11:18:08] ,1,-5.798,402.983,61.144,0.477,440.065,-81.87,

[2024-11-08 11:18:16] ,1,11.845,469.322,-73.78,-3.636,508.571,-37.381,

[2024-11-08 11:18:27] ,2,16.34,446.041,-96.621,64.449,475.974,-147.724,

[2024-11-08 11:18:39] ,1,27.274,417.713,-39.218,21.626,486.038,89.488,

[2024-11-08 11:18:49] ,1,-8.873,484.798,-56.592,-9.206,509.561,21.991,

[2024-11-08 11:19:00] ,2,30.227,506.519,-94.594,3.251,509.166,21.516,

[2024-11-08 11:19:12] ,1,-4.505,467.775,-60.945,33.239,502.971,-27.474,

[2024-11-08 11:19:30] ,2,46.126,400.443,-35.838,-5.016,476.443,73.639,

[2024-11-08 11:19:38] ,4,69.028,444.641,-34.951,-9.272,506.2,-45,

[2024-11-08 11:19:49] ,1,16.696,476.08,-90,-8.037,488.721,-72.525,

[2024-11-08 11:19:58] ,1,55.64,414.254,-57.724,10.996,457.173,-36.769,

[2024-11-08 11:20:10] ,4,82.424,490.695,-45,-7.66,493.158,-40.326,

[2024-11-08 11:20:20] ,2,27.817,479.449,-79.38,37.276,500.249,124.824,

[2024-11-08 11:20:30] ,4,9.117,492.952,13.299,-10.496,499.116,-69.8,

[2024-11-08 11:20:41] ,1,49.898,493.801,61.39,19.892,518.397,37.073,

[2024-11-08 11:20:57] ,1,48.333,468.698,15.739,40.797,515.865,86.424,

[2024-11-08 11:21:05] ,2,-6.363,407.169,123.977,-3.334,442.906,98.631,

[2024-11-08 11:21:16] ,2,14.072,446.693,50.389,73.572,457.775,101.31,

[2024-11-08 11:21:26] ,4,86.692,462.173,-78.085,-6.319,493.841,63.435,

[2024-11-08 11:21:38] ,1,-3.208,414.257,28.405,-11.841,455.657,-75.101,

[2024-11-08 11:21:46] ,1,-1.232,488.186,-48.576,17.158,494.732,-9.211,

[2024-11-08 11:21:57] ,2,33.908,426.535,-116.565,59.726,481.103,-133.199,

[2024-11-08 11:22:10] ,2,44.345,484.169,-85.95,10.303,512.264,-27.711,

[2024-11-08 11:22:20] ,1,4.872,507.864,83.379,63.689,512.725,3.066,

[2024-11-08 11:22:30] ,1,16.744,434.28,-72.525,-6.148,456.346,-42.138,

[2024-11-08 11:22:47] ,1,20.041,443.318,-51.103,73.425,460.645,-68.671,

[2024-11-08 11:22:56] ,2,35.217,420.518,-15.388,-0.785,442.409,-96.116,

[2024-11-08 11:23:09] ,2,58.501,400.995,72.553,1.405,456.9,175.446,

[2024-11-08 11:23:19] ,1,23.984,488.257,30.877,41.775,499.543,33.69,

[2024-11-08 11:23:28] ,2,9.973,467.116,-151.189,4.239,487.68,26.114,

[2024-11-08 11:23:39] ,2,1.62,505.904,-77.692,35.217,518.723,0,

[2024-11-08 11:23:51] ,1,50.707,408.334,67.537,46.585,500.619,-39.611,

[2024-11-08 11:24:01] ,1,56.939,420.767,-76.584,12.02,519.682,49.008,

[2024-11-08 11:24:13] ,1,10.94,437.073,43.568,7.798,507.255,14.407,

[2024-11-08 11:24:25] ,2,5.064,480.531,-141.103,70.966,513.679,-69.928,

[2024-11-08 11:24:42] ,1,33.322,461.561,58.523,58.541,476.696,-49.674,

[2024-11-08 11:24:50] ,2,11.639,412.135,-80.789,7.93,449.782,172.937,

[2024-11-08 11:25:02] ,1,12.768,490.313,-30.184,25.39,501.32,-71.887,

[2024-11-08 11:25:14] ,4,46.053,446.796,-41.8,-9.039,483.344,39.999,

[2024-11-08 11:25:24] ,2,25.086,414.583,-61.144,13.501,459.557,-140.323,

[2024-11-08 11:25:32] ,2,70.578,490,-147.019,59.405,515.427,-24.015,

[2024-11-08 11:25:44] ,2,55.121,445.762,-180,-1.992,509.168,139.343,

[2024-11-08 11:25:54] ,2,-0.591,479.562,128.581,2.818,493.922,-65.472,

[2024-11-08 11:26:05] ,2,-0.695,497.232,-95.057,12.247,510.061,73.35,

[2024-11-08 11:26:23] ,1,44.114,404.239,-29.809,44.378,422.1,-28.163,

[2024-11-08 11:26:31] ,1,36.981,435.983,45.356,58.115,482.1,82.875,

[2024-11-08 11:26:41] ,1,67.512,497.039,24.274,24.473,512.725,-2.556,

[2024-11-08 11:26:52] ,1,46.65,513.227,69.444,9.084,517.059,-38.1,

[2024-11-08 11:27:03] ,2,9.236,413.652,121.842,30.505,489.494,-141.103,

[2024-11-08 11:27:13] ,2,-2.802,504.667,118.163,-6.231,517.696,101.915,

[2024-11-08 11:27:25] ,1,-5.845,468.105,-13.671,-8.476,506.727,-47.521,

[2024-11-08 11:27:34] ,2,31.658,464.743,178.995,7.032,478.295,-127.875,

[2024-11-08 11:27:46] ,2,40.862,490.813,120.877,31.213,503.132,-97.628,

[2024-11-08 11:27:56] ,2,20.704,474.396,-102.095,7.798,503.432,-17.628,

[2024-11-08 11:28:13] ,1,0.944,422.759,-10.214,32.046,424.892,-49.674,

[2024-11-08 11:28:21] ,1,28.592,449.508,34.249,75.634,454.001,50.782,

[2024-11-08 11:28:32] ,1,7.368,464.376,-32.164,19.691,503.214,-31.139,

[2024-11-08 11:28:42] ,2,15.549,432.121,54.048,8.024,488.853,138.576,

[2024-11-08 11:28:54] ,1,1.208,438.314,-21.801,62.257,490.302,72.525,

[2024-11-08 11:29:03] ,1,31.708,498.346,-72.372,35.762,509.68,-80.789,

[2024-11-08 11:29:14] ,2,41.017,416.762,165.466,56.044,455.648,-160.278,

[2024-11-08 11:29:24] ,2,-8.481,494.864,-177.466,-2.68,519.103,131.719,

[2024-11-08 11:29:36] ,1,-8.445,459.405,40.711,17.824,460.364,81.941,

[2024-11-08 11:29:46] ,2,7.687,427.377,-43.919,41.556,519.044,72.216,

[2024-11-08 11:29:57] ,1,14.878,407.222,88.466,2.931,466.913,57.836,

[2024-11-08 11:30:14] ,2,-1.362,484.1,-131.424,19.017,505.156,79.192,

[2024-11-08 11:30:33] ,1,30.537,410.368,11.915,53.869,424.737,-11.706,

[2024-11-08 11:30:40] ,4,30.735,463.491,-15.124,80.892,468.302,27.924,

[2024-11-08 11:30:52] ,1,63.689,498.884,-7.125,20.086,501.647,-41.042,

[2024-11-08 11:30:59] ,4,67.776,423.748,-44.275,4.569,459.932,29.055,

[2024-11-08 11:31:13] ,1,6.273,423.52,86.934,-11.908,443.323,-22.27,

[2024-11-08 11:31:20] ,1,81.824,448.17,-86.934,24.829,508.65,-88.977,

[2024-11-08 11:31:31] ,2,-0.638,441.148,152.526,42.468,514.451,112.659,

[2024-11-08 11:31:50] ,1,31.862,426.052,71.887,-6.247,450.336,56.17,

[2024-11-08 11:31:58] ,1,70.412,458.877,-2.027,-4.675,495.111,45,

[2024-11-08 11:32:08] ,2,18.014,408.457,7.765,5.027,454.784,47.862,

[2024-11-08 11:32:19] ,2,42.73,499.939,-8.13,36.495,517.84,-42.101,

[2024-11-08 11:32:31] ,1,-6.669,468.076,35.242,14.389,487.943,-17.475,

[2024-11-08 11:32:41] ,1,77.891,488.708,69.444,47.708,494.029,39.611,

[2024-11-08 11:32:53] ,1,26.353,471.737,-36.87,82.123,487.486,43.919,

[2024-11-08 11:33:04] ,2,40.946,472.611,-101.706,-3.927,496.735,-78.19,

[2024-11-08 11:33:21] ,1,35.348,416.234,-7.125,51.233,498.818,-9.713,

[2024-11-08 11:33:29] ,1,66.754,514.219,38.418,15.7,518.439,81.293,

[2024-11-08 11:33:40] ,2,32.778,440.687,-8.707,5.378,447.942,-115.88,

[2024-11-08 11:33:50] ,2,57.792,457.832,-36.769,18.116,459.234,127.171,

[2024-11-08 11:34:01] ,2,-5.845,466.918,-28.163,47.673,468.237,-29.055,

[2024-11-08 11:34:11] ,2,20.072,478.719,-129.289,-6.485,486.433,-115.88,

[2024-11-08 11:34:23] ,2,50.204,477.626,-69.974,4.273,495.547,144.048,

[2024-11-08 11:34:33] ,1,32.383,455.45,-6.563,-1.403,487.296,-88.977,

[2024-11-08 11:34:42] ,2,10.363,431.701,-98.631,73.048,454.198,90,

[2024-11-08 11:34:52] ,2,8.375,457.347,-99.13,0.342,501.586,111.991,

[2024-11-08 11:35:04] ,1,5.887,403.778,1.548,9.007,457.483,76.329,

[2024-11-08 11:35:13] ,2,22.496,477.991,174.44,-2.054,478.817,-141.103,

[2024-11-08 11:35:33] ,1,34.031,401.875,-75.101,74.103,422.496,11.411,

[2024-11-08 11:35:41] ,1,32.712,426.252,29.745,4.57,452.331,48.576,

[2024-11-08 11:35:52] ,1,73.939,489.932,-36.666,23.646,496.44,-80.287,

[2024-11-08 11:36:04] ,1,70.188,434.569,88.968,-10.195,490.382,21.329,

[2024-11-08 11:36:15] ,1,12.614,439.393,-78.294,-0.177,472.85,12.693,

[2024-11-08 11:36:24] ,2,18.251,467.718,-119.495,30.867,506.596,168.789,

[2024-11-08 11:36:45] ,1,56.143,401.303,39.144,67.907,452.352,7.125,

[2024-11-08 11:36:52] ,1,10.965,456.102,-47.862,-1.297,465.337,22.736,

[2024-11-08 11:37:03] ,1,28.23,481.287,-16.082,9.817,494.23,42.852,

[2024-11-08 11:37:14] ,2,26.777,442.261,47.862,8.949,480.999,-110.674,

[2024-11-08 11:37:25] ,2,64.678,511.275,90,45.762,512.132,-180,

[2024-11-08 11:37:36] ,1,-8.118,441.177,39.218,21.707,448.273,75.231,

[2024-11-08 11:37:45] ,4,40.094,502.707,14.281,10.923,503.82,-30.44,

[2024-11-08 11:37:58] ,2,-6.601,509.121,-147.45,24.803,518.591,0,

[2024-11-08 11:38:07] ,1,66.669,463.065,-45.716,-11.908,496.841,17.14,

[2024-11-08 11:38:16] ,2,49.219,443.732,-60.255,4.738,485.934,-106.361,

[2024-11-08 11:38:28] ,2,70.742,469.423,170.287,64.185,503.645,-147.171,

[2024-11-08 11:38:46] ,1,-5.515,466.193,13.299,20.189,476.343,-27.013,

[2024-11-08 11:38:54] ,1,15.489,489.5,86.486,32.119,493.677,-15.876,

[2024-11-08 11:39:08] ,1,81.604,479.59,70.758,26.507,511.901,55.886,

[2024-11-08 11:39:25] ,1,12.379,419.39,-34.114,32.563,431.586,-51.103,

[2024-11-08 11:39:33] ,1,1.867,433.437,-11.211,39.335,453.945,-33.13,

[2024-11-08 11:39:44] ,1,18.08,455.187,24.986,10.171,488.075,-21.615,

[2024-11-08 11:39:54] ,1,47.386,495.021,42.852,33.076,498.572,-36.363,

[2024-11-08 11:40:05] ,2,23.833,405.724,102.417,-10.409,415.609,77.692,

[2024-11-08 11:40:15] ,2,45.937,420.388,-119.105,16.193,434.752,-54.345,

[2024-11-08 11:40:25] ,2,26.517,480.891,-168.789,-5.554,482.058,-41.76,

[2024-11-08 11:40:37] ,1,1.175,483.283,53.231,31.185,489.78,-57.995,

[2024-11-08 11:40:47] ,1,68.866,515.363,40.657,24.096,519.085,-66.194,

[2024-11-08 11:40:58] ,2,-9.804,449.914,47.521,-1.461,461.619,-69.503,

[2024-11-08 11:41:12] ,2,-4.988,426.318,171.798,34.953,474.234,-11.113,

[2024-11-08 11:41:28] ,1,50.488,403.568,-68.671,46.158,500.532,-4.05,

[2024-11-08 11:41:36] ,2,3.844,477.068,171.941,27.703,505.014,-7.189,

[2024-11-08 11:41:49] ,1,18.244,415.394,36.363,6.876,518.723,-19.895,

[2024-11-08 11:41:58] ,2,-1.561,419.662,11.31,50.244,422.364,7.189,

[2024-11-08 11:42:08] ,2,27.637,461.26,-67.457,48.712,468.156,-99.13,

[2024-11-08 11:42:18] ,2,38.776,501.652,151.144,17.751,505.739,-2.556,

[2024-11-08 11:42:30] ,1,12.629,468.534,-66.14,10.766,480.614,-48.2,

[2024-11-08 11:42:39] ,2,25.462,454,6.062,14.242,519.272,-105.662,

[2024-11-08 11:42:58] ,1,50.813,427.765,54.345,12.737,489.615,78.294,

[2024-11-08 11:43:06] ,2,1.4,434.113,-112.932,29.26,461.331,-96.506,

[2024-11-08 11:43:18] ,2,63.865,467.76,111.146,31.658,477.859,-1.014,

[2024-11-08 11:43:28] ,1,55.544,491.19,88.479,33.016,491.514,88.986,

[2024-11-08 11:43:38] ,1,29.989,501.377,-85.446,70.346,506.727,-12.918,

[2024-11-08 11:43:51] ,1,-6.733,403.823,76.967,19.781,453.349,83.991,

[2024-11-08 11:44:00] ,1,-0.967,505.277,9.713,53.605,518.855,4.635,

[2024-11-08 11:44:12] ,2,8.589,486.375,56.87,22.628,489.986,-167.307,

[2024-11-08 11:44:21] ,2,69.667,494.586,-51.582,14.21,518.824,-77.583,

[2024-11-08 11:44:33] ,1,-1.859,438.996,-32.433,27.703,500.993,-5.102,

[2024-11-08 11:44:49] ,1,46.487,402.657,-10.808,26.461,437.654,75.719,

[2024-11-08 11:44:58] ,1,34.096,462.371,-5.511,9.803,479.76,-30.619,

[2024-11-08 11:45:09] ,1,-7.331,495.392,-40.711,66.444,500.542,-79.192,

[2024-11-08 11:45:21] ,1,-4.461,481.352,-10.125,-6.571,494.148,75.101,

[2024-11-08 11:45:30] ,2,14.513,444.158,62.076,66.326,474.63,4.086,

[2024-11-08 11:45:42] ,2,6.167,481.375,-92.01,-8.487,488.428,116.792,

[2024-11-08 11:45:52] ,1,10.171,482.605,7.063,8.743,503.737,-86.455,

[2024-11-08 11:46:09] ,1,-8.837,412.897,-82.811,30.603,423.748,-29.745,

[2024-11-08 11:46:18] ,2,49.848,460.921,153.886,16.784,473.455,-43.568,

[2024-11-08 11:46:30] ,1,17.553,425,-24.066,38.503,459.292,-63.435,

[2024-11-08 11:46:38] ,2,33.261,414.097,114.066,67.973,499.741,-166.088,

[2024-11-08 11:46:51] ,2,-4.658,410.896,-151.837,-10.261,442.466,-150.255,

[2024-11-08 11:47:01] ,1,41.77,485.557,-41.424,21.011,513.207,-32.55,

[2024-11-08 11:47:19] ,2,63.336,423.267,-72.86,12.636,461.94,110.026,

[2024-11-08 11:47:29] ,1,51.6,483.419,-82.875,-5.124,498.23,-67.73,

[2024-11-08 11:47:38] ,2,10.504,418.644,48.958,26.092,510.412,-99.713,

[2024-11-08 11:47:51] ,4,-9.338,463.425,-37.073,86.428,465.864,6.68,

[2024-11-08 11:48:10] ,1,-7.797,405.195,-42.447,68.795,408.907,65.045,

[2024-11-08 11:48:17] ,1,29.813,423.074,-48.24,-9.441,494.924,-41.042,

[2024-11-08 11:48:28] ,2,48.765,453.585,65.472,10.408,475.796,41.8,

[2024-11-08 11:48:38] ,2,34.854,483.378,-145.337,63.096,500.334,170.2,

[2024-11-08 11:48:50] ,2,7.806,421.157,98.707,36.798,440.357,1.023,

[2024-11-08 11:48:59] ,2,65.068,455.137,101.211,16.235,491.305,-178.986,

[2024-11-08 11:49:09] ,2,-7.097,495.061,170.87,23.221,511.934,-15.524,

[2024-11-08 11:49:21] ,2,39.626,436.491,116.792,59.982,446.009,45,

[2024-11-08 11:49:30] ,2,73.576,447.805,-4.05,20.682,489.218,-32.433,

[2024-11-08 11:49:41] ,1,1.833,495.37,34.824,34.755,496.116,-23.398,

[2024-11-08 11:49:50] ,2,-2.154,455.977,-150.945,46.92,491.074,-106.361,

[2024-11-08 11:50:10] ,1,4.413,399.542,-68.962,33.701,435.546,-26.792,

[2024-11-08 11:50:20] ,2,-11.477,450.913,-126.363,27.176,480.232,-158.569,

[2024-11-08 11:50:34] ,2,24.012,506.859,-5.148,3.991,519.742,82.304,

[2024-11-08 11:50:42] ,1,28.164,410.962,-90,53.607,441.946,75.231,

[2024-11-08 11:50:52] ,1,35.677,473.048,84.536,4.593,483.157,-42.852,

[2024-11-08 11:51:06] ,1,18.014,424.868,7.696,31.298,515.983,32.115,

[2024-11-08 11:51:19] ,2,0.312,440.373,96.621,-8.36,468.681,-118.163,

[2024-11-08 11:51:37] ,1,5.089,400.874,-84.852,2.191,499.494,67.068,

[2024-11-08 11:51:45] ,2,48.169,434.586,-140.782,35.348,502.377,-165.593,

[2024-11-08 11:51:57] ,1,1.349,468.363,57.836,-7.361,513.186,-20.854,

[2024-11-08 11:52:05] ,2,-0.755,407.031,87.936,6.283,452.221,-20.2,

[2024-11-08 11:52:25] ,1,61.686,423.948,54.048,15.176,428.103,-67.73,

[2024-11-08 11:52:33] ,1,-2.747,457.098,12.308,2.172,479.175,-64.558,

[2024-11-08 11:52:43] ,1,5.925,490.926,-88.479,58.44,501.094,59.123,

[2024-11-08 11:52:54] ,1,72.208,508.537,82.372,53.272,514.664,-62.978,

[2024-11-08 11:53:05] ,2,58.946,406.619,-122.829,53.21,440.95,4.554,

[2024-11-08 11:53:16] ,2,74.921,457.641,96.621,67.125,470.689,133.199,

[2024-11-08 11:53:27] ,1,-7.097,469.489,1.023,71.563,470.03,-39.999,

[2024-11-08 11:53:36] ,2,35.913,416.08,77.082,21.776,448.93,-112.27,

[2024-11-08 11:53:46] ,2,75.289,450.112,90,33.964,461.514,-150.068,

[2024-11-08 11:54:00] ,2,64.772,425.298,-69.8,35.119,509.65,-140.458,

[2024-11-08 11:54:09] ,1,2.363,416.392,32.276,10.734,505.022,40.326,

[2024-11-08 11:54:23] ,1,-11.61,448.687,32.276,23.419,491.436,-9.713,

[2024-11-08 11:54:39] ,1,22.832,423.049,-78.19,23.814,459.471,22.08,

[2024-11-08 11:54:48] ,1,14.323,472.982,-29.055,14.129,496.22,81.798,

[2024-11-08 11:54:59] ,1,35.546,507.782,13.912,9.279,517.348,-40.267,

[2024-11-08 11:55:10] ,2,-1.969,482.856,121.842,56.139,510.163,-53.746,

[2024-11-08 11:55:22] ,2,32.875,490.002,-39.936,17.307,496.099,124.951,

[2024-11-08 11:55:39] ,1,36.271,457.296,3.039,65.271,464.677,-20.854,

[2024-11-08 11:55:47] ,1,12.115,473.367,34.249,26.055,491.305,3.545,

[2024-11-08 11:55:58] ,2,46.751,409.512,-10.808,73.559,419.777,-135,

[2024-11-08 11:56:08] ,2,4.503,449.716,-152.526,11.814,493.971,130.657,

[2024-11-08 11:56:19] ,2,40.114,494.39,51.499,43.653,516.482,-12.417,

[2024-11-08 11:56:30] ,2,1.967,464.923,-76.817,50.935,482.99,-142.214,

[2024-11-08 11:56:41] ,1,42.73,480.562,8.13,8.523,515.955,-7.696,

[2024-11-08 11:56:50] ,2,2.254,400.329,62.049,26.353,486.982,39.289,

[2024-11-08 11:57:02] ,2,-3.489,489.179,-135,58.632,495.052,-44.64,

[2024-11-08 11:57:14] ,1,7.996,474.037,-13.671,34.36,493.941,-15.876,

[2024-11-08 11:57:24] ,2,0.648,420.716,33.69,67.182,496.314,-171.293,

[2024-11-08 11:57:42] ,1,-10.964,409.853,-43.55,45.17,450.514,75.231,

[2024-11-08 11:57:50] ,2,19.86,411.555,12.918,55.861,433.36,-107.628,

[2024-11-08 11:58:01] ,2,2.976,499.131,61.837,36.039,507.369,85.914,

[2024-11-08 11:58:12] ,1,40.437,421.542,-45.716,66.352,450.151,-42.138,

[2024-11-08 11:58:22] ,1,82.935,410.237,-7.319,2.394,493.414,21.801,

[2024-11-08 11:58:33] ,1,45.595,501.463,-40.326,31.328,511.341,25.88,

[2024-11-08 11:58:42] ,2,8.428,483.892,31.739,67.522,487.104,105.388,

[2024-11-08 11:59:02] ,1,31.13,465.534,-7.989,26.319,504.223,23.6,

[2024-11-08 11:59:10] ,2,13.73,431.921,154.799,24.737,443.718,-22.27,

[2024-11-08 11:59:23] ,1,-0.873,436.053,-65.472,43.99,488.947,-74.745,

[2024-11-08 11:59:34] ,1,31.913,421.108,-57.724,14.521,491.568,-17.324,

[2024-11-08 11:59:43] ,2,-5.572,488.536,-111.991,19.622,506.805,91.032,

[2024-11-08 11:59:55] ,2,-4.021,470.524,128.186,49.651,508.836,-159.624,

[2024-11-08 12:00:05] ,1,23.999,506.452,-58.158,-11.447,513.582,3.094,

[2024-11-08 12:00:23] ,1,21.541,432.169,-34.535,19.991,474.706,-67.457,

[2024-11-08 12:00:32] ,2,58.45,410.838,33.261,-6.807,510.816,-54.048,

[2024-11-08 12:00:44] ,1,3.712,480.825,8.13,40.819,488.998,10.62,

[2024-11-08 12:00:52] ,2,26.714,414.784,173.379,-10.015,482.268,103.912,

[2024-11-08 12:01:05] ,2,-8.811,504.552,176.934,6.348,519.514,0,

[2024-11-08 12:01:22] ,1,27.637,417.948,-29.302,52.292,436.229,-78.294,

[2024-11-08 12:01:30] ,1,-3.571,471.575,38.501,59.867,491.898,-18.759,

[2024-11-08 12:01:40] ,2,68.887,432.89,81.215,35.214,442.282,-112.736,

[2024-11-08 12:01:51] ,2,81.171,457.41,58.426,5.953,484.846,12.2,

[2024-11-08 12:02:01] ,2,-11.398,493.924,45,8.229,519.898,-65.045,

[2024-11-08 12:02:13] ,1,-10.92,456.966,-20.674,19.926,466.984,24.775,

[2024-11-08 12:02:22] ,2,26.002,411.411,-121.842,52.61,418.699,78.19,

[2024-11-08 12:02:32] ,2,34.567,424.818,-129.936,79.771,436.798,-162.216,

[2024-11-08 12:02:43] ,2,-1.953,482.993,-47.862,28.791,511.623,-119.999,

[2024-11-08 12:02:55] ,1,14.267,497.533,-55.886,49.321,510.418,-19.895,

[2024-11-08 12:03:04] ,2,21.492,423.164,-96.116,59.257,501.702,-135,

[2024-11-08 12:03:16] ,1,24.411,410.632,71.727,41.036,506.254,68.671,

[2024-11-08 12:03:28] ,1,34.389,449.248,-41.091,-2.154,518.657,-29.809,

[2024-11-08 12:03:46] ,1,-7.172,417.223,-68.009,58.187,423.97,-35.952,

[2024-11-08 12:03:56] ,2,52.155,431.393,-27.924,54.299,501.607,-147.45,

[2024-11-08 12:04:15] ,2,77.553,425.375,-128.1,0.021,450.705,-9.211,

[2024-11-08 12:04:23] ,1,85.242,410.896,26.801,35.889,414.622,-45.725,

[2024-11-08 12:04:33] ,1,-11.183,433.568,-17.628,13.796,475.816,-18.911,

[2024-11-08 12:04:44] ,1,53.803,489.855,10.214,21.442,495.655,16.844,

[2024-11-08 12:04:56] ,1,27.837,477.223,-78.395,42.703,488.977,41.8,

[2024-11-08 12:05:07] ,1,-7.352,435.854,-62.076,44.458,471.189,58.261,

[2024-11-08 12:05:16] ,1,-7.361,478.848,-12.308,67.182,508.573,-20.376,

[2024-11-08 12:05:27] ,1,19.992,510.616,-3.576,3.947,513.03,31.405,

[2024-11-08 12:05:46] ,1,-7.361,411.621,-28.856,45.762,471.664,-17.324,

[2024-11-08 12:05:54] ,1,21.541,493.396,-85.95,32.836,510.941,-84.898,

[2024-11-08 12:06:06] ,1,17.891,448.986,84.943,8.794,505.934,71.887,

[2024-11-08 12:06:17] ,1,16.185,471.594,51.028,-7.528,503.572,-40.326,

[2024-11-08 12:06:34] ,1,5.557,469.36,-71.565,84.522,480.631,67.816,

[2024-11-08 12:06:43] ,1,30.735,483.791,2.027,59.208,492.096,-15.388,

[2024-11-08 12:06:53] ,2,-4.065,406.348,-3.122,-3.934,441.661,48.24,

[2024-11-08 12:07:04] ,2,-4.337,455.266,-133.199,47.716,474.055,-136.779,

[2024-11-08 12:07:15] ,2,18.504,413.183,-31.139,15.007,485.94,-77.307,

[2024-11-08 12:07:25] ,2,-5.35,441.321,38.581,29.699,480.21,-121.31,

[2024-11-08 12:07:35] ,2,33.21,453.179,-148.261,24.935,469.95,-10.037,

[2024-11-08 12:07:45] ,2,65.006,489.801,-112.659,10.638,511.052,-62.289,

[2024-11-08 12:08:03] ,1,47.277,476.059,-48.576,75.882,484.187,-27.255,

[2024-11-08 12:08:12] ,2,37.155,426.706,-30.44,41.148,511.473,2.064,

[2024-11-08 12:08:24] ,2,8.857,404.653,78.69,24.165,411.382,109.722,

[2024-11-08 12:08:32] ,2,-1.626,441.807,-25.659,27.209,456.566,-33.968,

[2024-11-08 12:08:43] ,1,-5.834,431.385,57.995,11.391,465.582,85.986,

[2024-11-08 12:09:05] ,1,14.291,479.172,-37.569,10.984,504.564,-43.568,

[2024-11-08 12:09:14] ,2,9.768,444.769,95.102,40.753,467.314,176.961,

[2024-11-08 12:09:24] ,2,-7.031,481.911,62.758,36.615,486.699,96.062,

[2024-11-08 12:09:36] ,2,-9.536,438.577,-164.124,6.1,481.639,-92.027,

[2024-11-08 12:09:45] ,4,26.771,452.843,55.088,37.916,464.893,51.116,

[2024-11-08 12:09:58] ,2,27.867,455.037,34.663,70.663,485.908,-50.458,

[2024-11-08 12:10:06] ,1,27.718,467.76,-80.949,5.36,511.143,-21.516,

[2024-11-08 12:10:32] ,1,35.552,431.74,-67.068,2.938,475.536,-45,

[2024-11-08 12:10:41] ,2,15.963,428.185,-113.131,81.649,471.256,-145.597,

[2024-11-08 12:10:54] ,2,9.04,482.867,-75.719,20.948,503.042,-146.592,

[2024-11-08 12:11:06] ,1,11.381,471.579,72.824,61.719,490.54,-78.19,

[2024-11-08 12:11:14] ,2,38.644,416.498,175.914,-1.555,509.104,67.816,

[2024-11-08 12:11:27] ,1,15.203,458.801,76.329,-3.57,499.746,33.408,

[2024-11-08 12:11:37] ,1,8.274,420.089,-77.8,86.84,438.635,68.484,

[2024-11-08 12:11:49] ,1,31.955,460.013,-36.469,-6.661,489.013,83.437,

[2024-11-08 12:12:07] ,1,40.094,438.577,-3.039,8.278,472.395,64.106,

[2024-11-08 12:12:15] ,2,69.528,451.476,-138.24,39.962,486.362,19.722,

[2024-11-08 12:12:29] ,1,13.533,478.914,-22.27,53.473,512.132,6.68,

[2024-11-08 12:12:37] ,2,25.858,448.332,-166.817,21.311,462.818,-48.2,

[2024-11-08 12:12:51] ,2,73.504,472.34,67.068,-11.711,479.968,7.189,

[2024-11-08 12:13:00] ,2,30.41,471.045,-62.312,68.962,502.905,-23.131,

[2024-11-08 12:13:18] ,1,20.189,511.341,-15.388,36.604,516.54,-47.899,

[2024-11-08 12:13:26] ,2,20.247,404.069,-101.915,10.966,424.805,95.609,

[2024-11-08 12:13:38] ,1,40.766,406.343,68.295,12.544,409.973,3.094,

[2024-11-08 12:13:46] ,2,24.012,399.23,-180,-5.481,491.473,-110.376,

[2024-11-08 12:13:57] ,2,41.814,500.69,-78.19,63.595,503.331,-52.619,

[2024-11-08 12:14:09] ,1,13.137,426.78,-22.463,28.494,490.975,-17.475,

[2024-11-08 12:14:19] ,2,-7.441,434.062,-102.2,72.482,459.708,-42.101,

[2024-11-08 12:14:36] ,1,37.567,436.902,65.934,1.608,468.307,67.73,

[2024-11-08 12:14:44] ,1,61.067,494.899,-45.725,20.387,518.13,21.516,

[2024-11-08 12:14:55] ,2,58.285,399.032,8.351,39.451,408.491,-77.692,

[2024-11-08 12:15:05] ,2,7.157,410.296,-103.912,28.785,424.176,-127.476,

[2024-11-08 12:15:15] ,2,50.639,455.977,-18.595,-7.954,498.357,15.03,

[2024-11-08 12:15:27] ,1,27.751,442.225,70.448,82.012,461.448,14.534,

[2024-11-08 12:15:45] ,1,56.653,414.155,82.372,54.858,444.443,-9.13,

[2024-11-08 12:15:54] ,2,80.595,413.851,-34.267,-9.252,421.364,125.242,

[2024-11-08 12:16:04] ,2,41.478,453.802,-10.62,10.073,463.414,142.125,

[2024-11-08 12:16:14] ,2,46.026,472.718,-164.876,54.067,481.55,0,

[2024-11-08 12:16:25] ,2,25.133,488.471,-4.514,37.589,488.866,16.504,

[2024-11-08 12:16:35] ,2,63.453,497.559,-115.201,42.335,508.243,-164.476,

[2024-11-08 12:16:47] ,2,49.952,445.202,-110.2,-9.174,445.343,-145.049,

[2024-11-08 12:16:55] ,2,17.718,491.619,-34.535,58.075,511.353,100.905,

[2024-11-08 12:17:07] ,1,49.919,463.267,-62.312,47.476,493.282,-24.986,

[2024-11-08 12:17:16] ,2,-5.558,478.339,136.801,11.945,504.065,62.289,

[2024-11-08 12:17:28] ,1,32.317,449.65,11.017,-0.583,461.088,55.751,

[2024-11-08 12:17:37] ,2,41.811,482.478,-122.705,-4.331,503.534,62.526,

[2024-11-08 12:17:49] ,1,-5.355,455.039,-30.877,67.879,479.738,69.8,

[2024-11-08 12:18:06] ,1,-3.176,423.601,34.535,5.264,448.277,53.637,

[2024-11-08 12:18:14] ,1,-2.362,501.999,74.612,-0.792,518.702,-51.9,

[2024-11-08 12:18:27] ,2,8.422,436.128,-114.986,50.345,501.084,-52.927,

[2024-11-08 12:18:54] ,1,26.291,461.004,-88.493,58.351,485.109,15.876,

[2024-11-08 12:19:02] ,1,-9.239,493.807,-33.83,54.951,505.828,82.875,

[2024-11-08 12:19:13] ,2,13.997,412.514,-130.992,7.876,460.956,-55.751,

[2024-11-08 12:19:23] ,1,83.001,501.982,-7.836,28.362,517.471,1.023,

[2024-11-08 12:19:35] ,1,47.958,404.771,-43.905,8.804,410.217,-55.176,

[2024-11-08 12:19:44] ,1,67.694,467.56,-58.426,81.248,481.612,-30.256,

[2024-11-08 12:19:55] ,1,55.108,512.167,45.725,13.263,512.676,67.068,

[2024-11-08 12:20:08] ,2,11.851,496.459,-32.981,61.784,508.84,75.466,

[2024-11-08 12:20:18] ,1,-11.56,434.413,68.671,35.514,476.856,65.225,

[2024-11-08 12:20:27] ,1,42.145,495.142,-74.745,77.629,509.63,-33.546,

[2024-11-08 12:20:46] ,1,73.411,456.259,-60.001,25.085,465.59,-44.644,

[2024-11-08 12:20:54] ,1,16.63,495.918,18.595,30.211,496.714,57.295,

[2024-11-08 12:21:06] ,2,31.566,476.781,-114.319,10.199,505.131,76.584,

[2024-11-08 12:21:17] ,1,11.819,477.727,-12.693,-8.486,515.295,47.521,

[2024-11-08 12:21:27] ,2,-0.688,445.441,79.287,-1.783,492.928,-114.274,

[2024-11-08 12:21:38] ,1,58.285,489.921,-2.045,73.18,497.5,-18.595,

[2024-11-08 12:21:46] ,2,22.298,470.412,-11.113,53.873,509.441,105.03,

[2024-11-08 12:22:06] ,1,9.248,428.955,13.416,55.444,457.105,47.148,

[2024-11-08 12:22:15] ,1,-11.605,490.801,-82.811,17.186,509.22,-41.379,

[2024-11-08 12:22:25] ,2,47.789,494.96,-82.372,2.304,519.494,107.14,

[2024-11-08 12:22:38] ,2,-4.426,415.546,69.624,49.961,486.123,-105.876,

[2024-11-08 12:22:46] ,2,-3.274,498.752,-20.674,-2.549,515.327,62.745,

[2024-11-08 12:23:05] ,1,-1.297,435.809,20.854,65.403,454.527,15.388,

[2024-11-08 12:23:16] ,1,18.109,418.008,-80.287,-7.229,504.289,24.274,

[2024-11-08 12:23:25] ,2,43.885,399.592,144.462,66.969,446.048,92.027,

[2024-11-08 12:23:35] ,2,5.693,461.902,-47.862,71.071,476.343,8.13,

[2024-11-08 12:23:45] ,2,3.462,494.18,124.535,24.075,495.758,131.042,

[2024-11-08 12:23:57] ,2,7.073,408.193,12.804,39.105,424.934,159.8,

[2024-11-08 12:24:06] ,2,-6.965,428.098,-180,14.349,460.672,-83.437,

[2024-11-08 12:24:16] ,2,74.886,470.764,-49.674,73.971,491.964,176.906,

[2024-11-08 12:24:28] ,1,31.492,486.673,-85.986,24.795,511.732,-84.898,

[2024-11-08 12:24:37] ,2,37.986,401.612,104.899,-10.722,483.462,23.398,

[2024-11-08 12:24:49] ,2,-1.522,453.19,41.76,49.64,459.989,122.005,

[2024-11-08 12:24:59] ,2,15.908,448.567,-131.042,14.917,511.407,-162.216,

[2024-11-08 12:25:16] ,1,25.133,419.925,-10.808,23.573,446.537,68.854,

[2024-11-08 12:25:24] ,2,13.533,422.891,161.887,1.575,429.047,-59.56,

[2024-11-08 12:25:36] ,2,-6.039,445.964,-122.705,30.769,494.625,-35.952,

[2024-11-08 12:25:55] ,1,-5.581,420.98,-11.81,52.217,421.842,-57.295,

[2024-11-08 12:26:03] ,1,9.842,430.075,-6.621,85.901,444.18,19.242,

[2024-11-08 12:26:13] ,1,44.047,449.587,-71.565,15.615,461.944,-52.431,

[2024-11-08 12:26:24] ,1,31.855,466.589,-24.319,1.537,476.08,-27.924,

[2024-11-08 12:26:34] ,1,-10.986,496.907,3.576,11.094,500.532,-3.039,

[2024-11-08 12:26:45] ,2,-6.867,400.627,-143.44,65.008,413.268,0,

[2024-11-08 12:26:57] ,1,32.467,413.189,-80.789,16.696,448.925,-27.924,

[2024-11-08 12:27:06] ,1,78.06,508.037,-47.936,30.656,517.542,89.484,

[2024-11-08 12:27:16] ,2,48.201,497.171,22.463,0.322,511.35,-126.254,

[2024-11-08 12:27:36] ,1,51.035,437.523,2.027,-6.596,442.373,42.138,

[2024-11-08 12:27:43] ,1,44.905,456.834,-16.991,29.463,483.121,-51.419,

[2024-11-08 12:27:54] ,1,69.286,489.081,67.068,11.867,506.385,80.789,

[2024-11-08 12:28:06] ,2,20.877,429.463,114.528,32.816,435.003,-149.123,

[2024-11-08 12:28:17] ,1,21.284,462.386,83.437,73.35,515.147,30.964,

[2024-11-08 12:28:28] ,1,-11.349,472.216,35.952,21.108,516.355,-57.295,

[2024-11-08 12:28:37] ,2,24.634,483.521,-41.091,8.564,501.268,-91.023,

[2024-11-08 12:28:56] ,1,27.98,448.648,58.261,-9.733,466.918,-12.2,

[2024-11-08 12:29:04] ,2,4.833,446.684,27.022,19.389,470.697,-113.199,

[2024-11-08 12:29:15] ,2,5.821,506.266,172.875,-9.384,515.349,-80.707,

[2024-11-08 12:29:27] ,2,11.819,463.887,167.307,14.757,489.756,73.639,

[2024-11-08 12:29:43] ,1,13.275,428.293,71.887,75.714,448.936,-53.637,

[2024-11-08 12:29:52] ,1,15.482,468.385,-88.493,-3.547,486.949,-72.044,

[2024-11-08 12:30:04] ,1,80.655,429.067,-41.76,59.933,484.714,-4.554,

[2024-11-08 12:30:14] ,1,-7.163,446.091,-9.713,0.878,477.925,-14.769,

[2024-11-08 12:30:32] ,1,64.72,399.294,54.28,-9.031,426.139,43.199,

[2024-11-08 12:30:40] ,2,-5.723,407.702,-93.066,65.732,454.33,-24.74,

[2024-11-08 12:30:52] ,2,-11.885,453.206,-54.345,23.814,489.986,-157.73,

[2024-11-08 12:31:03] ,2,60.409,493.423,-83.884,42.556,497.189,136.801,

[2024-11-08 12:31:13] ,1,46.707,462.211,-77.417,77.693,489.348,-32.55,

[2024-11-08 12:31:24] ,2,29.944,507.914,152.289,17.431,512.741,50.064,

[2024-11-08 12:31:34] ,2,63.139,515.733,-93.608,-2.351,516.35,-171.798,

[2024-11-08 12:31:45] ,4,58.198,503.674,29.148,84.797,509.11,-70.241,

[2024-11-08 12:31:58] ,1,27.975,418.825,-66.869,-7.025,497.187,78.789,

[2024-11-08 12:32:07] ,1,63.689,457.559,5.057,-8.415,473.312,22.932,

[2024-11-08 12:32:17] ,1,79.532,471.471,-60.698,17.302,475.92,-55.62,

[2024-11-08 12:32:26] ,2,-4.395,446.487,-168.294,58.909,495.955,-69.624,

[2024-11-08 12:32:39] ,1,11.884,440.107,56.87,19.431,503.305,-33.408,

[2024-11-08 12:32:47] ,1,-11.877,505.051,-69.624,35.851,515.76,-79.695,

[2024-11-08 12:32:58] ,2,1.537,405.359,21.705,45.762,491.766,-19.722,

[2024-11-08 12:33:10] ,2,38.15,486.689,-146.17,4.898,506.332,-171.798,

[2024-11-08 12:33:35] ,1,6.687,400.067,-81.215,0.276,434.354,-72.044,

[2024-11-08 12:33:45] ,1,-11.315,488.339,-26.114,11.226,511.473,-25.419,

[2024-11-08 12:33:54] ,2,-0.242,439.302,21.991,47.769,453.022,126.363,

[2024-11-08 12:34:04] ,2,10.709,455.999,133.568,19.069,475.355,-24.528,

[2024-11-08 12:34:16] ,1,7.079,496.726,-67.068,38.017,514.476,35.242,

[2024-11-08 12:34:33] ,1,76.146,425.659,-19.411,13.267,511.69,-78.589,

[2024-11-08 12:34:42] ,2,-2.412,412.244,49.343,9.478,485.514,36.769,

[2024-11-08 12:34:54] ,1,-5.217,403.239,-65.045,-9.521,416.258,87.955,

[2024-11-08 12:35:02] ,4,80.983,464.365,8.997,-2.286,519.25,-73.843,

[2024-11-08 12:35:16] ,2,-9.667,429.152,-16.015,-7.066,493.702,52.927,

[2024-11-08 12:35:31] ,1,79.727,459.842,-86.424,-8.187,471.831,-73.496,

[2024-11-08 12:35:39] ,2,36.876,408.02,-66.666,24.183,468.966,-126.064,

[2024-11-08 12:35:51] ,2,32.778,432.843,-152.076,69.226,441.28,-155.726,

[2024-11-08 12:36:00] ,2,25.628,470.56,-119.932,2.488,519.86,-83.32,

[2024-11-08 12:36:18] ,1,23.544,421.204,56.17,11.489,452.418,16.361,

[2024-11-08 12:36:26] ,2,52.071,485.614,121.31,11.655,485.97,-37.073,

[2024-11-08 12:36:37] ,2,72.359,493.637,32.276,33.365,495.812,78.19,

[2024-11-08 12:36:47] ,2,-5.475,504.3,-91.014,65.903,506.311,-69.146,

[2024-11-08 12:36:58] ,1,2.394,468.632,16.361,46.426,483.594,-47.49,

[2024-11-08 12:37:10] ,1,-4.197,454.33,-4.014,-2.187,470.453,38.581,

[2024-11-08 12:37:21] ,2,-10.722,445.827,150.945,37.496,500.788,30.44,

[2024-11-08 12:37:38] ,1,49.731,408.488,82.304,8.863,440.444,-46.432,

[2024-11-08 12:37:46] ,1,13.27,456.286,48.576,65.917,491.82,-58.158,

[2024-11-08 12:37:57] ,2,60.114,456.159,45,54.046,481.818,-136.081,

[2024-11-08 12:38:08] ,2,58.153,508.573,157.816,39.922,516.691,-88.968,

[2024-11-08 12:38:20] ,2,22.958,415.312,173.884,17.307,453.068,-44.644,

[2024-11-08 12:38:32] ,1,72.719,474.893,-4.594,-3.503,519.075,-53.027,

[2024-11-08 12:38:48] ,2,-3.572,438.266,-32.705,-11.01,505.34,115.419,

[2024-11-08 12:38:57] ,2,61.251,510.484,-4.594,20.585,511.143,-11.31,

[2024-11-08 12:39:07] ,1,-1.95,407.208,67.816,-4.461,460.657,15.255,

[2024-11-08 12:39:19] ,1,-1.954,400.644,87.421,32.982,423.508,-56.31,

[2024-11-08 12:39:28] ,1,38.977,444.857,-56.592,76.871,445.893,24.274,

[2024-11-08 12:39:40] ,1,81.617,485.241,-22.184,-7.364,508.921,-78.69,

[2024-11-08 12:39:52] ,2,48.272,449.585,132.51,-8.942,461.909,159.146,

[2024-11-08 12:40:09] ,1,57.758,436.666,-2.045,-3.801,446.618,21.801,

[2024-11-08 12:40:18] ,2,1.093,502.166,72.525,8.123,517.21,84.341,

[2024-11-08 12:40:36] ,1,30.062,403.656,-79.192,14.523,458.417,-84.489,

[2024-11-08 12:40:44] ,1,23.17,468.889,68.385,32.433,506.44,45.36,

[2024-11-08 12:40:54] ,2,-1.879,425.585,57.995,25.892,519.132,-36.56,

[2024-11-08 12:41:07] ,2,11.155,484.619,98.13,-2.005,497.747,135,

[2024-11-08 12:41:17] ,1,-1.408,459.364,-70.278,15.839,513.384,-28.856,

[2024-11-08 12:41:34] ,1,19.398,438.907,-20.674,30.511,449.022,69.974,

[2024-11-08 12:41:42] ,1,36.601,466.852,-13.554,54.428,504.186,-39.218,

[2024-11-08 12:41:53] ,2,69.073,457.696,43.919,79.869,483.776,114.74,

[2024-11-08 12:42:03] ,4,85.461,410.886,-42.026,39.277,487.382,-6.823,

[2024-11-08 12:42:16] ,1,-8.676,494.593,-47.862,45.281,504.014,54.758,

[2024-11-08 12:42:23] ,2,0.055,399.749,-37.694,-2.151,437.494,-131.042,

[2024-11-08 12:42:34] ,2,45.132,469.577,82.937,60.028,483.472,-53.637,

[2024-11-08 12:42:44] ,2,-11.468,469.955,43.919,26.87,499.474,125.655,

[2024-11-08 12:42:54] ,2,6.876,504.355,-172.811,-9.585,517.322,135,

[2024-11-08 12:43:13] ,1,43.224,409.707,37.381,-7.513,410.855,70.278,

[2024-11-08 12:43:20] ,1,-10.195,434.689,-3.576,43.186,495.692,-81.87,

[2024-11-08 12:43:31] ,2,52.588,433.76,-138.958,12.377,452.705,147.567,

[2024-11-08 12:43:42] ,2,32.225,468.993,42.51,72.917,504.684,-170.707,

[2024-11-08 12:43:54] ,1,60.955,489.073,-36.769,29.641,489.258,-30.184,

[2024-11-08 12:44:02] ,2,40.423,464.546,-23.199,15.456,513.194,50.458,

[2024-11-08 12:44:21] ,1,8.424,405.504,-32.981,-3.764,486.744,41.424,

[2024-11-08 12:44:29] ,1,80.101,496.05,-22.659,34.002,506.161,-59.56,

[2024-11-08 12:44:41] ,1,44.51,439.237,-18.113,33.297,479.324,46.779,

[2024-11-08 12:44:50] ,2,28.836,423.72,124.403,13.994,426.78,-22.932,

[2024-11-08 12:45:01] ,2,-5.035,477.848,-128.581,75.512,482.536,-115.419,

[2024-11-08 12:45:11] ,2,13.598,492.425,-176.934,14.653,516.943,153.435,

[2024-11-08 12:45:25] ,1,-8.18,438.875,73.639,-5.251,503.168,9.211,

[2024-11-08 12:45:33] ,2,1.7,453.429,59.816,19.777,457.872,45,

[2024-11-08 12:45:45] ,2,22.813,477.856,104.158,7.218,500.48,-116.338,

[2024-11-08 12:45:59] ,1,48.358,452.713,-69.974,-2.351,486.362,0,

[2024-11-08 12:46:08] ,2,46.026,472.191,-5.057,68.096,493.922,-98.785,

[2024-11-08 12:46:19] ,1,38.871,441.981,69.326,-5.341,470.211,54.345,

[2024-11-08 12:46:29] ,1,28.804,453.875,-79.472,1.933,471.334,14.769,

[2024-11-08 12:46:38] ,2,26.912,476.409,160.448,25.281,497.352,-45,

[2024-11-08 12:46:57] ,1,1.541,463.946,-47.827,12.841,478.177,-37.875,

[2024-11-08 12:47:07] ,1,-4.882,425.369,42.138,16.841,510.701,-74.476,

[2024-11-08 12:47:18] ,1,-11.607,460.74,-88.479,-6.174,482.539,1.023,

[2024-11-08 12:47:35] ,1,51.035,447.08,9.13,57.691,481.2,-48.576,

[2024-11-08 12:47:52] ,1,48.295,410.151,-31.139,-2.892,450.974,89.488,

[2024-11-08 12:48:01] ,1,-1.635,471.633,86.987,19.557,514.323,-83.379,

[2024-11-08 12:48:13] ,1,47.441,428.508,-39.999,12.055,494.096,-82.875,

[2024-11-08 12:48:22] ,2,-4.591,411.105,112.659,25.169,446.619,40.711,

[2024-11-08 12:48:34] ,1,23.551,485.175,-23.398,37.943,500.293,-42.852,

[2024-11-08 12:48:42] ,2,43.875,459.034,137.148,65.535,486.823,25.419,

[2024-11-08 12:49:01] ,1,8.665,409.679,-86.934,76.743,487.746,71.727,

[2024-11-08 12:49:09] ,1,55.055,488.8,22.27,12.008,513.513,-57.724,

[2024-11-08 12:49:20] ,2,27.835,400.746,17.628,40.854,412.289,40.267,

[2024-11-08 12:49:32] ,2,6.449,399.838,53.44,-7.806,454.36,-97.628,

[2024-11-08 12:49:40] ,2,8.326,455.912,-6.116,41.768,511.946,91.032,

[2024-11-08 12:49:53] ,1,-1.495,441.346,-2.534,27.266,483.13,64.558,

[2024-11-08 12:50:10] ,1,-0.827,399.919,-56.023,56.433,410.922,78.19,

[2024-11-08 12:50:19] ,1,-9.159,415.347,77.583,52.005,460.647,44.64,

[2024-11-08 12:50:29] ,2,-3.176,448.929,37.073,25.8,454.497,93.013,

[2024-11-08 12:50:40] ,2,38.872,505.445,106.504,-2.804,510.023,68.009,

[2024-11-08 12:50:51] ,1,47.344,472.587,-16.361,23.089,493.15,2.027,

[2024-11-08 12:51:00] ,1,41.177,494.646,-31.139,16.4,511.207,-37.381,

[2024-11-08 12:51:12] ,2,10.792,465.609,119.495,15.114,480.759,-175.446,

[2024-11-08 12:51:31] ,2,-7.871,413.895,-77.692,24.177,427.487,141.814,

[2024-11-08 12:51:41] ,2,-11.661,479.952,45,0.214,497.925,130.657,

[2024-11-08 12:51:51] ,2,-11.776,509.43,-167.196,9.017,517.651,-94.086,

[2024-11-08 12:52:00] ,1,43.521,435.743,-26.114,7.016,439.808,-62.076,

[2024-11-08 12:52:12] ,1,72.653,462.107,-26.565,17.846,462.872,-31.477,

[2024-11-08 12:52:22] ,1,70.827,492.678,85.406,7.073,505.673,17.14,

[2024-11-08 12:52:34] ,1,12.966,427.478,-42.138,-4.097,447.716,-34.951,

[2024-11-08 12:52:43] ,2,7.139,484.912,174.898,20.873,497.571,-60.698,

[2024-11-08 12:52:56] ,1,18.588,399.16,61.144,-2.116,457.625,-79.875,

[2024-11-08 12:53:13] ,1,77.141,424.168,-56.31,18.428,464.004,-54.926,

[2024-11-08 12:53:21] ,2,37.292,446.733,38.186,9.512,489.921,-15.255,

[2024-11-08 12:53:33] ,1,74.401,501.675,-53.027,13.232,519.357,-31.405,

[2024-11-08 12:53:44] ,1,-5.647,459.141,-15.388,73.707,489.525,-26.565,

[2024-11-08 12:53:53] ,2,77.628,449.136,-32.981,16.564,496.841,-29.055,

[2024-11-08 12:54:03] ,2,8.461,515.859,-130.992,-10.464,517.171,130.657,

[2024-11-08 12:54:22] ,1,19.992,489.986,26.792,33.632,495.816,-87.466,

[2024-11-08 12:54:30] ,2,17.553,426.187,-170.789,-6.965,484.384,-2.045,

[2024-11-08 12:54:42] ,2,50.508,440.423,-161.405,31.526,494.468,16.361,

[2024-11-08 12:54:59] ,1,2.328,472.784,3.514,-11.711,474.037,-12.2,

[2024-11-08 12:55:07] ,1,8.853,493.875,12.308,-8.961,505.726,80.789,

[2024-11-08 12:55:18] ,2,46.461,418.345,100.214,31.631,467.905,-149.886,

[2024-11-08 12:55:29] ,2,30.355,480.317,-70.615,28.296,516.284,-4.594,

[2024-11-08 12:55:39] ,4,-10.261,460.13,-5.102,52.353,517.405,74.338,

[2024-11-08 12:55:52] ,2,20.848,438.841,-155.934,44.285,515.676,-76.584,

[2024-11-08 12:56:07] ,1,11.423,470.807,4.514,49.519,486.427,20.026,

[2024-11-08 12:56:15] ,1,28.657,470.986,-86.021,1.779,514.283,86.424,

[2024-11-08 12:56:28] ,2,74.489,443.671,-63.435,-10.854,482.802,11.81,

[2024-11-08 12:56:45] ,1,12.948,449.878,-56.032,57.955,486.296,-11.706,

[2024-11-08 12:56:53] ,1,42.962,491.235,-37.476,30.054,511.778,86.455,

[2024-11-08 12:57:05] ,2,-4.631,472.13,-53.936,55.411,475.855,-42.138,

[2024-11-08 12:57:16] ,1,72.587,451.627,-2.534,16.594,462.107,-40.764,

[2024-11-08 12:57:25] ,1,-2.483,478.189,18.435,26.195,479.212,82.011,

[2024-11-08 12:57:35] ,2,9.43,419.843,-135,30.009,451.637,112.543,

[2024-11-08 12:57:46] ,2,78.513,476.808,-75.466,-10.74,501.724,-64.12,

[2024-11-08 12:57:57] ,2,29.381,435.469,-114.986,39.875,518.925,-136.095,

[2024-11-08 12:58:09] ,1,-7.954,437.259,-14.899,8.417,485.481,-65.681,

[2024-11-08 12:58:26] ,2,57.56,413.334,15.03,32.554,452.26,42.138,

[2024-11-08 12:58:34] ,2,70.148,459.8,165.593,26.73,480.67,-45.356,

[2024-11-08 12:58:44] ,2,-4.343,494.932,129.289,16.254,510.34,68.671,

[2024-11-08 12:58:54] ,1,21.215,440.972,-82.937,3.549,471.769,-73.301,

[2024-11-08 12:59:05] ,1,58.214,497.236,47.521,1.691,513.28,-73.985,

[2024-11-08 12:59:15] ,2,-5.713,488.537,24.528,5.096,488.602,4.594,

[2024-11-08 12:59:28] ,1,20.519,460.601,-67.457,3.333,473.295,-45,

[2024-11-08 12:59:37] ,4,80.167,480.693,49.399,-8.679,519.382,-67.816,

[2024-11-08 12:59:57] ,1,17.289,413.664,-28.61,38.248,448.793,-23.86,

[2024-11-08 13:00:04] ,2,50.969,448.068,167.307,10.391,459.851,-111.146,

[2024-11-08 13:00:15] ,4,19.794,474.432,-36.87,53.671,519.118,-83.83,

[2024-11-08 13:00:28] ,1,2.771,479.431,44.644,64.056,481.188,69.8,

[2024-11-08 13:00:35] ,2,41.544,459.009,1.014,24.539,459.932,154.106,

[2024-11-08 13:00:46] ,2,9.644,494.666,9.13,41.02,513.873,-117.022,

[2024-11-08 13:00:58] ,2,59.933,487.812,-157.537,10.996,505.671,142.619,

[2024-11-08 13:01:09] ,1,4.305,463.227,25.442,51.562,478.321,28.369,

[2024-11-08 13:01:20] ,1,13.648,473.703,-51.028,-8.745,511.143,-10.808,

[2024-11-08 13:01:39] ,1,1.933,471.598,17.956,12.281,516.162,-75.101,

[2024-11-08 13:01:48] ,2,-9.041,504.018,-145.886,36.256,516.841,66.4,

[2024-11-08 13:02:00] ,1,-10.217,444.18,60.945,-1.008,506.364,-42.479,

[2024-11-08 13:02:09] ,2,-7.822,466.062,29.302,10.236,502.256,-57.019,

[2024-11-08 13:02:28] ,2,38.098,400.93,-99.211,-9.236,442.664,40.711,

[2024-11-08 13:02:36] ,2,7.137,484.332,-112.736,77.794,488.537,-17.628,

[2024-11-08 13:02:47] ,1,75.722,405.546,41.332,73.081,460.852,33.83,

[2024-11-08 13:02:59] ,1,7.753,453.523,72.676,45.333,502.692,34.535,

[2024-11-08 13:03:16] ,2,3.6,414.376,-128.501,65.203,441.549,-108.595,

[2024-11-08 13:03:24] ,2,34.471,451.809,107.324,17.734,465.689,74.261,

[2024-11-08 13:03:34] ,1,21.786,478.112,72.35,-0.489,503.031,51.103,

[2024-11-08 13:03:46] ,1,29.371,429.405,85.446,-5.581,493.941,-15.876,

[2024-11-08 13:03:55] ,1,75.291,510.892,-67.341,53.737,516.943,20.556,

[2024-11-08 13:04:14] ,1,2.855,435.809,-24.528,67.31,448.356,78.294,

[2024-11-08 13:04:23] ,1,3.778,453.671,23.398,56.204,477.134,79.875,

[2024-11-08 13:04:33] ,2,22.463,412.891,-119.999,9.37,484.204,-105.388,

[2024-11-08 13:04:45] ,1,42.099,433.075,-73.639,53.658,515.679,-58.158,

[2024-11-08 13:04:54] ,2,2.027,430.913,-65.472,-3.657,492.508,-70.758,

[2024-11-08 13:05:07] ,1,42.725,432.083,-49.289,-8.87,482.207,71.887,

[2024-11-08 13:05:16] ,2,-2.088,429.021,5.102,6.178,465.317,-41.76,

[2024-11-08 13:05:36] ,2,9.461,409.764,-107.628,0.68,466.259,-155.014,

[2024-11-08 13:05:45] ,1,53.537,450.147,62.526,75.419,515.18,56.739,

[2024-11-08 13:05:55] ,2,33.767,484.977,-166.817,5.383,494.816,136.801,

[2024-11-08 13:06:09] ,1,20.123,439.698,18.911,35.58,448.036,38.972,

[2024-11-08 13:06:17] ,2,39.138,488.914,-94.05,7.635,500.488,39.611,

[2024-11-08 13:06:29] ,1,42.985,472.977,-72.044,-2.84,512.449,30.7,

[2024-11-08 13:06:38] ,2,66.857,493.546,71.727,-11.381,503.036,21.705,

[2024-11-08 13:06:50] ,2,28.464,415.935,32.005,13.598,501.586,166.584,

[2024-11-08 13:07:17] ,1,-2.348,400.482,71.727,-9.554,508.674,77.583,

[2024-11-08 13:07:25] ,2,7.833,493.102,32.705,7.202,512.736,-105.03,

[2024-11-08 13:07:37] ,1,3.58,500.993,-6.116,22.4,501.414,32.276,

[2024-11-08 13:07:46] ,2,60.288,475.069,-106.991,32.416,480.497,142.829,

[2024-11-08 13:07:58] ,2,15.576,509.561,173.884,45.267,510.916,141.18,

[2024-11-08 13:08:09] ,2,60.828,489.715,-149.56,32.893,519.099,-124.824,

[2024-11-08 13:08:19] ,1,-9.733,516.152,2.045,59.669,519.316,-29.809,

[2024-11-08 13:08:36] ,1,64.898,432.684,-65.934,15.538,480.939,-31.05,

[2024-11-08 13:08:45] ,1,25.436,505.119,42.138,-10.854,509.034,8.785,

[2024-11-08 13:08:57] ,2,-9.865,404.898,-15.803,22.286,453.831,-133.933,

[2024-11-08 13:09:14] ,1,5.913,450.154,-65.681,-3.604,477.002,27.924,

[2024-11-08 13:09:22] ,1,72.619,490.345,-39.218,42.533,513.78,-5.609,

[2024-11-08 13:09:33] ,2,16.473,431.141,-91.023,42.73,477.793,-20.674,

[2024-11-08 13:09:45] ,1,-4.343,468.157,-58.261,2.032,499.66,-34.535,

[2024-11-08 13:10:02] ,1,35.804,420.008,67.068,-11.908,424.802,25.659,

[2024-11-08 13:10:10] ,1,50.239,435.906,-49.289,63.589,466.241,76.817,

[2024-11-08 13:10:21] ,1,37.062,468.5,27.242,-3.472,491.964,-14.899,

[2024-11-08 13:10:31] ,2,6.258,404.292,-76.464,13.589,519.598,-63.435,

[2024-11-08 13:10:43] ,2,63.281,499.07,-58.158,56.082,507.278,97.125,

[2024-11-08 13:10:54] ,1,34.195,504.397,-38.501,15.51,507.914,19.075,

[2024-11-08 13:11:06] ,1,32.91,482.605,-13.671,70.314,503.527,39.218,

[2024-11-08 13:11:16] ,2,42.171,464.49,33.13,13.961,508.196,119.999,

[2024-11-08 13:11:33] ,1,38.451,423.286,-47.521,-11.446,429.534,-48.24,

[2024-11-08 13:11:41] ,1,8.128,461.382,-20.026,-5.186,478.255,-14.899,

[2024-11-08 13:12:00] ,2,29.852,400.428,88.968,42.71,418.764,-109.722,

[2024-11-08 13:12:08] ,2,56.495,426.01,-133.55,3.195,427.39,105.388,

[2024-11-08 13:12:18] ,2,20.392,447.581,-62.312,-2.008,479.713,96.062,

[2024-11-08 13:12:28] ,1,42.005,444.18,-90,58.548,485.043,15.524,

[2024-11-08 13:12:40] ,1,51.662,430.877,-36.666,38.415,446.83,39.999,

[2024-11-08 13:12:49] ,1,42.506,463.817,30.184,6.678,472.257,15.739,

[2024-11-08 13:13:00] ,4,-2.913,482.952,-32.705,7.965,494.11,69.624,

[2024-11-08 13:13:15] ,1,25.294,502.354,69.326,-9.732,504.562,-75.101,

[2024-11-08 13:13:24] ,1,68.965,406.156,75.336,71.889,435.657,69.146,

[2024-11-08 13:13:33] ,1,-5.28,441.643,69.8,64.348,502.971,-18.759,

[2024-11-08 13:13:52] ,1,60.46,432.184,-19.242,83.66,437.787,27.255,

[2024-11-08 13:14:00] ,1,3.224,446.417,30.184,13.796,461.514,1.521,

[2024-11-08 13:14:11] ,2,25.038,405.335,-148.595,30.381,440.067,77.307,

[2024-11-08 13:14:21] ,2,17.751,444.773,168.294,68.339,448.076,-139.674,

[2024-11-08 13:14:32] ,2,35.384,467.722,-126.469,45.357,480.465,86.961,

[2024-11-08 13:14:42] ,2,-4.38,487.975,-77.8,44.624,498.482,-51.18,

[2024-11-08 13:14:54] ,4,-1.662,437.284,52.927,44.378,480.364,-14.642,

[2024-11-08 13:15:03] ,2,83.191,448.707,81.293,57.098,465.139,27.474,

[2024-11-08 13:15:10] ,2,-3.725,469.744,57.995,10.962,499.28,-153.886,

[2024-11-08 13:15:22] ,4,1.672,495.978,-47.827,14.435,506.916,-76.209,

[2024-11-08 13:15:42] ,4,52.88,433.766,-10.125,-1.884,445.959,57.567,

[2024-11-08 13:15:50] ,4,81.748,463.689,22.932,18.354,517.437,-55.886,

[2024-11-08 13:15:58] ,2,-4.592,432.777,24.066,37.424,451.432,-33.551,

[2024-11-08 13:16:05] ,2,81.551,427.241,155.045,55.912,458.087,-18.595,

[2024-11-08 13:16:16] ,4,21.112,464.612,-14.281,1.735,506.068,-7.628,

[2024-11-08 13:16:29] ,1,27.703,461.777,9.051,53.671,512,-13.416,

[2024-11-08 13:16:36] ,2,7.376,440.258,-52.524,36.232,448.209,-60.505,

[2024-11-08 13:16:46] ,4,39.89,404.642,-84.012,-5.186,423.748,37.381,

[2024-11-08 13:17:06] ,2,48.333,406.678,-153.667,45.037,445.366,156.602,

[2024-11-08 13:17:14] ,2,12.412,455.384,-172.875,63.686,474.866,98.202,

[2024-11-08 13:17:24] ,2,75.866,483.112,-124.824,62.933,492.739,-114.74,

[2024-11-08 13:17:34] ,2,-10.392,503.498,2.045,50.771,507.189,164.476,

[2024-11-08 13:17:46] ,1,-4.197,443.257,26.114,-0.44,468.434,23.398,

[2024-11-08 13:17:55] ,1,66.655,469.818,2.534,7.93,500.73,6.116,

[2024-11-08 13:18:05] ,1,20.651,501.652,16.991,34.661,512.441,31.139,

[2024-11-08 13:18:16] ,2,14.851,442.137,-176.455,61.383,446.618,15.876,

[2024-11-08 13:18:26] ,4,34.096,459.734,48.909,67.152,518.413,49.794,

[2024-11-08 13:18:39] ,4,-2.45,443.584,33.83,-7.031,479.046,27.688,

[2024-11-08 13:18:47] ,1,57.426,494.672,71.405,34.888,518.074,57.019,

[2024-11-08 13:18:56] ,2,35.07,467.258,-63.886,58.445,488.761,59.56,

[2024-11-08 13:19:05] ,2,-3.924,497.189,-116.565,-0.434,506.725,71.887,

[2024-11-08 13:19:24] ,1,54.443,434.582,74.124,22.996,456.839,53.936,

[2024-11-08 13:19:32] ,1,0.28,458.183,-49.289,41.173,469.727,52.125,

[2024-11-08 13:19:42] ,2,4.06,424.742,64.12,67.942,502.366,114.955,

[2024-11-08 13:19:54] ,1,16.532,477.722,-37.569,39.481,478.481,-82.504,

[2024-11-08 13:20:03] ,1,54.029,506.902,-77.082,-0.039,515.929,-62.289,

[2024-11-08 13:20:15] ,1,48.728,453.605,6.563,75.289,487.35,12.417,

[2024-11-08 13:20:33] ,4,63.492,421.968,-45,22.052,472.918,-11.788,

[2024-11-08 13:20:43] ,2,2.489,477.176,69.326,43.483,516.86,-30.964,

[2024-11-08 13:20:51] ,1,55.215,430.194,-41.424,12.203,487.451,55.751,

[2024-11-08 13:21:01] ,1,68.996,491.607,-73.35,-7.107,502.542,55.886,

[2024-11-08 13:21:13] ,1,51.234,412.417,-71.405,63.885,424.416,-67.537,

[2024-11-08 13:21:22] ,1,23.542,427.895,-84.943,4.305,449.914,10.713,

[2024-11-08 13:21:34] ,2,15.999,499.858,76.584,49.914,514.702,158.484,

[2024-11-08 13:21:45] ,1,72.248,476.494,-63.435,21.488,516.809,44.275,

[2024-11-08 13:22:02] ,2,13.997,488.134,-47.862,-3.142,492.161,-15.524,

[2024-11-08 13:22:14] ,1,76.513,435.721,77.082,-8.02,505.277,10.214,

[2024-11-08 13:22:30] ,1,6.555,402.355,-78.085,70.647,454.06,41.042,

[2024-11-08 13:22:39] ,1,61.218,483.849,34.114,26.496,507.127,43.919,

[2024-11-08 13:22:51] ,1,40.321,443.416,52.829,17.652,453.316,-38.581,

[2024-11-08 13:23:00] ,2,5.842,471.523,-54.638,54.67,516.344,-122.115,

[2024-11-08 13:23:14] ,2,23.205,462.731,66.342,-2.879,498.686,0,

[2024-11-08 13:23:30] ,1,9.767,422.729,86.961,26.014,447.104,-42.879,

[2024-11-08 13:23:38] ,1,54.476,461.319,50.711,-6.652,469.037,-79.287,

[2024-11-08 13:23:49] ,2,-0.387,401.281,-50.458,57.379,423.913,102.308,

[2024-11-08 13:24:01] ,2,44.642,488.668,8.707,-1.597,507.586,139.343,

[2024-11-08 13:24:18] ,1,-11.792,404.325,70.589,-5.566,421.003,87.955,

[2024-11-08 13:24:26] ,1,17.915,437.242,38.186,1.373,460.396,33.551,

[2024-11-08 13:24:38] ,4,-10.131,399.896,-57.171,71.642,408.33,-79.603,

[2024-11-08 13:24:48] ,2,65.124,448.157,-87.973,44.839,472.257,-173.991,

[2024-11-08 13:24:56] ,2,23.871,476.823,116.565,22.027,496.622,-117.924,

[2024-11-08 13:25:08] ,1,-0.201,454.157,42.852,27.474,498.243,32.705,

[2024-11-08 13:25:17] ,2,64.086,408.011,123.261,47.827,443.633,-128.186,

[2024-11-08 13:25:27] ,2,55.749,480.719,32.276,67.921,508.634,-111.705,

[2024-11-08 13:25:39] ,2,34.492,419.596,170.287,35.118,487.005,145.465,

[2024-11-08 13:25:49] ,2,77.891,478.639,65.045,3.778,494.271,-16.991,

[2024-11-08 13:26:01] ,2,15.201,445.041,-43.919,38.502,509.66,55.886,

[2024-11-08 13:26:18] ,1,79.925,408.733,-43.531,46.645,420.294,-42.101,

[2024-11-08 13:26:26] ,1,35.705,429.817,-53.936,16.301,460.064,9.545,

[2024-11-08 13:26:36] ,1,-7.855,466.674,-53.231,43.587,478.518,4.554,

[2024-11-08 13:26:47] ,1,29.246,492.368,-60.505,44.544,499.169,39.611,

[2024-11-08 13:26:58] ,2,6.942,500.993,-157.537,55.451,509.627,167.082,

[2024-11-08 13:27:12] ,2,-3.491,409.151,-102.417,24.144,435.414,-177.973,

[2024-11-08 13:27:20] ,2,77.86,460.525,-169.192,32.33,488.907,-55.465,

[2024-11-08 13:27:32] ,1,-6.701,432.646,-21.801,-0.177,490.118,-9.713,

[2024-11-08 13:27:42] ,1,-8.876,427.768,13.912,19.86,466.193,-2.511,

[2024-11-08 13:27:54] ,2,33.481,459.46,-76.329,30.042,474.105,146.449,

[2024-11-08 13:28:12] ,1,45.539,453.24,73.78,40.458,500.751,39.611,

[2024-11-08 13:28:21] ,1,4.042,431.525,27.924,19.289,487.691,-43.568,

[2024-11-08 13:28:33] ,1,9.333,409.765,85.365,60.098,415.76,-34.403,

[2024-11-08 13:28:51] ,1,-2.22,429.087,-26.338,1.359,445.655,-74.124,

[2024-11-08 13:29:01] ,1,-2.383,447.893,-36.064,4.371,483.066,26.114,

[2024-11-08 13:29:10] ,1,15.904,493.488,-67.537,7.895,508.976,-40.326,

[2024-11-08 13:29:20] ,2,-8.71,464.901,-147.724,59.004,507.625,62.289,

[2024-11-08 13:29:33] ,1,-9.415,480.025,-57.995,25.424,507.278,82.875,

[2024-11-08 13:29:50] ,1,27.835,405.096,17.628,17.289,426.384,18.759,

[2024-11-08 13:29:59] ,1,25.989,437.062,0,44.549,499.914,77.196,

[2024-11-08 13:30:09] ,2,62.964,463.293,16.015,11.825,471.484,113.003,

[2024-11-08 13:30:20] ,2,-6.115,474.719,-63.208,63.114,476.993,-44.64,

[2024-11-08 13:30:32] ,1,77.662,417.618,9.377,50.733,483.808,88.493,

[2024-11-08 13:30:40] ,2,7.748,419.123,-107.628,20.06,471.686,-78.395,

[2024-11-08 13:30:51] ,2,13.598,485.571,-162.525,79.639,488.471,-163.496,

[2024-11-08 13:31:01] ,2,73.112,510.194,98.276,15.773,510.286,17.14,

[2024-11-08 13:31:12] ,1,5.217,465.701,55.751,4.767,493.809,24.066,

[2024-11-08 13:31:21] ,2,-10.809,410.22,107.292,26.345,504.686,79.786,

[2024-11-08 13:31:34] ,1,14.273,429.176,87.973,32.778,462.107,-24.319,

[2024-11-08 13:31:43] ,4,84.978,493.282,85.365,23.483,513.265,-82.342,

[2024-11-08 13:32:04] ,1,-3.865,436.141,-84.44,16.024,445.438,89.493,

[2024-11-08 13:32:11] ,1,35.925,455.893,-58.523,71.499,507.628,38.418,

[2024-11-08 13:32:22] ,2,4.79,404.983,-43.176,36.403,481.88,-159.326,

[2024-11-08 13:32:34] ,1,32.819,402.228,42.479,16.844,476.999,51.028,

[2024-11-08 13:32:43] ,2,51.892,454.132,-24.528,26.846,497.302,-155.26,

[2024-11-08 13:32:57] ,2,41.329,489.179,-135,-1.165,515.098,-3.066,

[2024-11-08 13:33:06] ,2,5.191,460.086,82.937,-7.229,502.905,7.189,

[2024-11-08 13:33:24] ,1,26.319,451.759,7.561,65.594,484.391,47.148,

[2024-11-08 13:33:32] ,2,63.096,448.596,-21.329,20.123,501.652,11.81,

[2024-11-08 13:33:53] ,1,48.009,415.599,-56.31,47.16,437.136,-83.938,

[2024-11-08 13:34:01] ,1,53.265,447.69,74.612,46.531,462.079,77.417,

[2024-11-08 13:34:12] ,1,-7.349,486.556,68.199,26.966,492.044,-63.662,

[2024-11-08 13:34:23] ,1,86.896,503.238,-84.289,65.019,514.335,-46.095,

[2024-11-08 13:34:33] ,2,-2.22,399.625,-19.093,11.53,460.04,65.681,

[2024-11-08 13:34:44] ,2,64.085,468.896,166.584,32.91,474.168,-9.545,

[2024-11-08 13:34:54] ,2,40.81,484.841,-84.943,29.071,512.668,-79.287,

[2024-11-08 13:35:04] ,4,4.57,416.652,-52.535,79.969,518.064,75.838,

[2024-11-08 13:35:17] ,2,2.162,439.016,34.951,62.371,477.068,17.628,

[2024-11-08 13:35:26] ,1,36.337,429.68,-27.924,35.678,462.239,6.506,

[2024-11-08 13:35:34] ,1,45.334,473.924,53.231,43.389,493.084,9.13,

[2024-11-08 13:35:54] ,1,5.294,399.625,-13.536,74,416.922,52.716,

[2024-11-08 13:36:02] ,1,7.833,499.166,32.705,1.777,511.585,-72.86,

[2024-11-08 13:36:13] ,2,23.371,441.982,-121.31,47.704,447.841,-73.496,

[2024-11-08 13:36:23] ,2,34.644,465.123,-107.324,-6.076,468.773,36.769,

[2024-11-08 13:36:35] ,2,5.826,476.48,-112.27,-0.374,507.189,-155.726,

[2024-11-08 13:36:45] ,1,22.861,441.565,-59.816,64.254,508.787,83.32,

[2024-11-08 13:36:55] ,2,0.442,413.478,-88.977,14.989,456.109,-122.433,

[2024-11-08 13:37:06] ,2,19.794,443.191,-2.027,29.468,453.912,55.337,

[2024-11-08 13:37:24] ,1,33.067,442.695,-69.974,34.245,487.835,-74.261,

[2024-11-08 13:37:32] ,2,7.303,422.836,-143.334,25.33,428.823,-4.05,

[2024-11-08 13:37:42] ,2,62.701,432.25,28.163,55.667,455.955,-121.31,

[2024-11-08 13:37:52] ,2,21.595,461.223,-121.05,23.485,475.203,48.532,

[2024-11-08 13:38:02] ,2,5.162,477.925,152.987,-2.516,481.416,-33.83,

[2024-11-08 13:38:14] ,1,74.042,446.354,-47.521,45.652,458.272,85.486,

[2024-11-08 13:38:28] ,1,-11.263,473.61,45.716,14.917,507.782,17.628,

[2024-11-08 13:38:38] ,4,3.304,413.935,129.542,27.373,444.377,7.561,

[2024-11-08 13:38:48] ,2,5.258,446.074,-103.299,52.265,484.544,-106.015,

[2024-11-08 13:38:55] ,2,-3.208,487.218,-177.466,72.681,492.479,138.621,

[2024-11-08 13:39:09] ,2,75.849,482.012,146.31,16.66,502.259,-60.255,

[2024-11-08 13:39:18] ,1,78.255,407.073,27.734,-8.58,427.152,38.501,

[2024-11-08 13:39:27] ,2,35.612,463.425,90,45.597,518.067,-33.546,

[2024-11-08 13:39:46] ,1,5.369,463.11,-46.779,53.076,482.151,-57.144,

[2024-11-08 13:39:55] ,2,20.446,442.16,130.326,64.678,472.389,5.609,

[2024-11-08 13:40:07] ,1,28.164,451.562,-18.911,37.721,506.2,29.999,

[2024-11-08 13:40:16] ,2,20.713,401.8,-71.727,-9.074,436.6,29.999,

[2024-11-08 13:40:29] ,1,-7.361,444.246,28.61,34.604,475.747,44.284,

[2024-11-08 13:40:46] ,1,-8.745,482.341,21.329,63.303,491.274,-86.961,

[2024-11-08 13:40:55] ,2,3.658,431.224,-46.081,1.368,503.214,-31.139,

[2024-11-08 13:41:07] ,1,2.526,407.864,-25.419,-2.581,435.51,-35.655,

[2024-11-08 13:41:24] ,2,26.78,444.509,-23.658,47.064,492.195,-102.308,

[2024-11-08 13:41:34] ,2,-10.251,488.833,-55.886,9.577,496.387,104.769,

[2024-11-08 13:41:42] ,1,72.223,440.902,-32.705,42.994,442.4,16.361,

[2024-11-08 13:41:52] ,1,17.305,456.326,-70.615,67.044,473.77,-71.887,

[2024-11-08 13:42:03] ,1,-0.111,473.971,-1.023,42.664,491.832,-15.876,

[2024-11-08 13:42:14] ,1,57.394,498.922,35.242,72.653,511.473,5.148,

[2024-11-08 13:42:27] ,1,44.763,431.327,-75.719,36.864,458.68,7.496,

[2024-11-08 13:42:38] ,1,50.975,474.806,-81.369,78.848,493.611,-14.534,

[2024-11-08 13:42:55] ,1,17.443,483.581,85.486,27.08,496.422,-69.326,

[2024-11-08 13:43:04] ,4,11.463,429.724,106.991,54.923,445.037,-155.472,

[2024-11-08 13:43:17] ,1,20.343,431.234,-65.934,45.268,506.522,34.114,

[2024-11-08 13:43:25] ,2,-11.223,422.667,-42.101,14.751,508.596,-39.542,

[2024-11-08 13:43:44] ,1,75.877,439.933,-81.87,30.574,467.474,-52.734,

[2024-11-08 13:43:52] ,2,-5.845,428.625,164.97,20.717,444.377,21.801,

[2024-11-08 13:44:02] ,2,21.112,510.55,8.202,33.833,519.514,168.085,

[2024-11-08 13:44:14] ,1,-11.481,461.993,-32.705,50.752,468.959,44.293,

[2024-11-08 13:44:26] ,2,52.185,472.958,-110.674,27.242,501.652,-29.302,

[2024-11-08 13:44:34] ,2,-9.476,510.893,-105.164,-3.406,519.58,-90,

[2024-11-08 13:44:53] ,1,64.914,404.023,41.677,11.265,511.07,30.44,

[2024-11-08 13:45:01] ,2,56.044,485.043,1.023,24.974,508.744,42.101,

[2024-11-08 13:45:14] ,1,34.066,440.826,40.326,46.416,451.592,-49.289,

[2024-11-08 13:45:22] ,2,17.185,427.3,-115.201,60.577,444.335,92.045,

[2024-11-08 13:45:33] ,2,15.332,465.927,135.707,39.797,479.423,-94.05,

[2024-11-08 13:45:43] ,2,-6.767,503.696,-177.466,44.444,515.559,174.852,

[2024-11-08 13:46:02] ,1,23.023,427.9,-5.56,32.766,468.226,-58.1,

[2024-11-08 13:46:12] ,1,8.655,408.325,-9.8,42.247,417.553,60.945,

[2024-11-08 13:46:21] ,1,13.335,424.407,5.102,-8.211,437.678,63.208,

[2024-11-08 13:46:31] ,1,2.51,498.782,66.4,8.158,517.652,76.701,

[2024-11-08 13:46:45] ,1,-1.363,471.4,-16.844,59.636,495.109,-85.95,

[2024-11-08 13:46:54] ,4,82.689,511.245,24.228,33.528,515.451,-56.424,

[2024-11-08 13:47:15] ,1,-3.88,422.444,-63.662,-11.533,458.273,54.758,

[2024-11-08 13:47:22] ,2,-2.274,437.156,-46.081,34.091,454.032,130.764,

[2024-11-08 13:47:35] ,2,79.639,461.052,-169.695,59.307,465.474,-146.592,

[2024-11-08 13:47:45] ,1,3.306,470.762,46.432,35.283,493.875,-23.398,

[2024-11-08 13:47:57] ,1,45.481,414.25,-76.088,2.592,488.141,-5.56,

[2024-11-08 13:48:06] ,2,76.404,507.191,122.55,9.457,507.304,-61.837,

[2024-11-08 13:48:18] ,1,11.27,454.368,-58.95,32.091,481.435,-88.493,

[2024-11-08 13:48:27] ,2,12.676,487.68,163.496,47.932,496.746,-81.87,

[2024-11-08 13:48:39] ,2,1.142,431.393,-20.2,72.047,456.321,116.338,

[2024-11-08 13:48:50] ,2,-0.836,438.973,177.466,15.312,488.141,12.2,

[2024-11-08 13:48:58] ,2,-0.458,488.888,-109.552,45.754,496.113,-57.724,

[2024-11-08 13:49:18] ,1,38.908,411.818,29.999,6.772,450.666,59.56,

[2024-11-08 13:49:25] ,1,82.21,451.364,6.68,61.317,503.827,15.662,

[2024-11-08 13:49:37] ,1,15.312,426.912,-1.023,8.209,512.359,-66.4,

[2024-11-08 13:49:55] ,1,11.094,450.705,-6.062,78.091,464.904,39.218,

[2024-11-08 13:50:04] ,1,37.628,479.038,80.372,-9.292,508.759,54.758,

[2024-11-08 13:50:14] ,1,52.817,514.212,48.958,3.285,519.282,-35.538,

[2024-11-08 13:50:25] ,2,22.892,464.282,-154.558,4.569,501.916,-16.015,

[2024-11-08 13:50:37] ,1,64.151,414.125,-21.516,-4.657,484.787,75.231,

[2024-11-08 13:50:46] ,2,34.755,430.207,90,81.07,459.854,111.329,

[2024-11-08 13:50:58] ,2,25.726,476.871,-26.114,-1.995,505.126,-41.76,

[2024-11-08 13:51:15] ,2,29.614,404.437,7.696,25.093,476.778,137.862,

[2024-11-08 13:51:23] ,2,-5.251,504.684,22.932,43.412,506.179,-128.1,

[2024-11-08 13:51:35] ,2,41.939,433.107,-90,22.618,493.384,-93.066,

[2024-11-08 13:51:45] ,1,3.074,432.028,-86.455,46.223,513.911,-23.806,

[2024-11-08 13:51:56] ,2,42.759,478.189,-100.125,-3.974,510.516,-120.7,

[2024-11-08 13:52:14] ,1,15.456,489.026,-46.067,73.176,494.675,71.241,

[2024-11-08 13:52:22] ,2,62.073,479.525,-32.705,57.97,503.038,-129.218,

[2024-11-08 13:52:33] ,2,15.779,505.12,-62.289,29.417,507.98,-21.991,

[2024-11-08 13:52:44] ,1,51.596,428.786,39.218,11.889,448.705,-81.444,

[2024-11-08 13:52:55] ,1,10.435,403.778,7.189,55.303,467.805,-82.372,

[2024-11-08 13:53:04] ,1,-2.615,468.434,8.13,35.351,471.423,-78.395,

[2024-11-08 13:53:14] ,2,-6.372,416.564,159.624,18.432,505.684,-43.55,

[2024-11-08 13:53:26] ,2,20.123,504.091,-5.659,-3.853,516.483,-129.218,

[2024-11-08 13:53:44] ,1,1.405,402.525,-20.556,-8.745,407.468,-24.955,

[2024-11-08 13:53:52] ,1,24.342,431.789,-3.514,52.485,484.121,1.023,

[2024-11-08 13:54:02] ,2,25.858,405.425,-166.464,0.101,436.477,-83.938,

[2024-11-08 13:54:13] ,2,37.893,479.208,-110.026,75.389,487.514,-35.538,

[2024-11-08 13:54:25] ,2,-9.276,465.756,78.294,40.859,498.162,-125.952,

[2024-11-08 13:54:34] ,2,-2.747,507.452,-155.726,33.075,510.409,142.214,

[2024-11-08 13:54:46] ,1,15.027,458.86,-51.73,24.481,481.433,-74.745,

[2024-11-08 13:54:55] ,2,11.489,404.568,-7.189,56.341,515.07,-73.35,

[2024-11-08 13:55:16] ,2,48.939,402.52,-111.705,-4.131,510.352,16.015,

[2024-11-08 13:55:24] ,1,34.36,467.314,-14.642,-5.845,470.214,-15.876,

[2024-11-08 13:55:34] ,1,21.732,500.656,-30.44,30.203,510.493,71.241,

[2024-11-08 13:55:46] ,1,2.706,480.188,70.448,30.916,509.591,-82.372,

[2024-11-08 13:56:04] ,1,1.867,402.196,-21.224,40.743,472.317,-84.987,

[2024-11-08 13:56:13] ,2,20.022,444.39,-53.531,-10.788,460.196,-26.338,

[2024-11-08 13:56:23] ,2,21.653,505.911,124.535,62.718,512.587,51.18,

[2024-11-08 13:56:35] ,1,22.617,425.576,61.837,-4.592,442.598,17.475,

[2024-11-08 13:56:43] ,1,9.183,447.475,23.398,-3.406,506.332,15.388,

[2024-11-08 13:56:56] ,1,37.818,501.359,-73.496,28.493,517.878,67.341,

[2024-11-08 13:57:07] ,1,-7.634,430.042,55.886,-1.099,504.948,3.576,

[2024-11-08 13:57:17] ,2,15.043,425.888,130.711,6.019,452.155,21.329,

[2024-11-08 13:57:35] ,1,23.023,489.591,-23.199,49.304,497.813,45,

[2024-11-08 13:57:43] ,1,3.976,504.684,-6.116,24.605,507.123,18.113,

[2024-11-08 13:57:53] ,2,74.156,401.419,-63.667,0.614,408.918,27.255,

[2024-11-08 13:58:04] ,2,13.225,412.647,-65.934,-4.875,438.5,111.329,

[2024-11-08 13:58:14] ,2,-6.504,477.991,5.56,75.525,508.961,115.174,

[2024-11-08 13:58:26] ,1,4.011,490.989,39.999,-2.63,508.011,-82.304,

[2024-11-08 13:58:37] ,2,45.273,508.363,-149.3,35.414,512.527,173.32,

[2024-11-08 13:58:49] ,2,23.312,506.527,-115.419,51.111,514.762,57.885,

[2024-11-08 13:59:07] ,1,32.02,437.257,-33.83,8.251,442.897,86.987,

[2024-11-08 13:59:15] ,1,49.058,449.848,-90,71.752,458.296,-43.568,

[2024-11-08 13:59:25] ,1,-8.086,467.182,-4.554,61.652,470.033,78.789,

[2024-11-08 13:59:36] ,1,0.908,481.906,52.829,25.411,484.097,-45.356,

[2024-11-08 13:59:47] ,1,44.604,508.165,-41.379,-3.142,519.382,3.094,

[2024-11-08 13:59:57] ,2,38.408,494.659,-115.201,1.887,504.446,109.722,

[2024-11-08 14:00:17] ,1,28.399,408.303,77.082,47.97,442.266,-33.83,

[2024-11-08 14:00:25] ,1,11.021,455.254,-67.92,72.493,473.526,-88.479,

[2024-11-08 14:00:36] ,2,32.286,434.375,39.936,33.37,456.044,84.489,

[2024-11-08 14:00:50] ,2,27.888,469.34,81.027,36.008,512.725,176.934,

[2024-11-08 14:00:58] ,1,77.835,422.125,-82.747,-4.497,455.038,76.701,

[2024-11-08 14:01:08] ,1,39.972,482.033,-66.801,10.112,489.614,63.208,

[2024-11-08 14:01:19] ,1,30.957,490.29,-77.307,-10.491,490.401,-53.231,

[2024-11-08 14:01:30] ,1,23.551,505.343,-2.556,54.88,509.475,51.9,

[2024-11-08 14:01:42] ,1,2.385,413.221,-63.435,13.994,503.234,-8.13,

[2024-11-08 14:01:51] ,2,67.263,480.724,-97.696,-7.492,508.573,-13.416,

[2024-11-08 14:02:05] ,1,-8.517,471.941,-60.255,48.435,511.732,40.992,

[2024-11-08 14:02:14] ,4,85.967,490.58,45,7.733,516.284,-63.895,

[2024-11-08 14:02:34] ,1,0.021,419.793,0,65.798,429.548,-22.932,

[2024-11-08 14:02:42] ,1,40.382,450.902,-54.23,66.787,479.375,-27.022,

[2024-11-08 14:02:52] ,1,-8.515,494.267,37.476,16.498,510.484,-19.722,

[2024-11-08 14:03:03] ,2,26.289,456.658,97.001,11.657,478.056,100.037,

[2024-11-08 14:03:15] ,2,82.308,452.74,-145.886,77.3,473.077,39.218,

[2024-11-08 14:03:25] ,2,4.958,478.782,122.433,11.26,514.194,-36.254,

[2024-11-08 14:03:36] ,1,19.794,444.246,-22.736,35.414,508.243,27.924,

[2024-11-08 14:03:53] ,1,62.992,412.722,-41.76,28.494,487.68,-20.674,

[2024-11-08 14:04:02] ,2,1.736,429.929,-48.24,5.772,474.389,105.739,

[2024-11-08 14:04:12] ,2,45.667,478.116,41.091,63.776,514.443,-43.905,

[2024-11-08 14:04:24] ,1,6.81,400.35,16.157,50.837,511.011,-90,

[2024-11-08 14:04:42] ,1,24.062,415.297,80.87,45.344,448.887,70.145,

[2024-11-08 14:04:50] ,1,29.087,464.677,6.45,7.167,467.307,64.772,

[2024-11-08 14:05:01] ,2,32.135,430.764,-97.628,-3.699,437.336,-126.363,

[2024-11-08 14:05:11] ,2,46.933,492.632,83.884,38.936,516.206,-41.379,

[2024-11-08 14:05:23] ,1,16.433,415.246,20.376,72.947,436.218,-60.255,

[2024-11-08 14:05:32] ,1,24.309,442.715,65.225,-6.833,492.161,0,

[2024-11-08 14:05:43] ,1,51.146,496.932,70.278,8.458,500.993,-90,

[2024-11-08 14:05:53] ,2,61.798,423.459,-121.139,14.807,431.761,-65.934,

[2024-11-08 14:06:03] ,2,85.309,474.857,87.421,69.423,493.941,-17.14,

[2024-11-08 14:06:15] ,2,4.353,438.894,80.789,12.511,473.111,146.17,

[2024-11-08 14:06:25] ,2,37.589,463.207,-48.532,52.221,509.034,175.914,

[2024-11-08 14:06:43] ,1,22.73,466.028,31.9,1.833,474.528,35.655,

[2024-11-08 14:06:51] ,2,15.773,407.337,-19.411,60.429,436.081,-139.674,

[2024-11-08 14:07:04] ,2,52.89,469.046,-116.565,46.535,480.342,-58.69,

[2024-11-08 14:07:13] ,1,79.408,477.646,38.1,2.05,487.58,77.8,

[2024-11-08 14:07:24] ,2,3.411,426.218,-127.381,47.209,487.377,-62.978,

[2024-11-08 14:07:37] ,1,9.804,489.444,-30.877,30.801,495.589,27.924,

[2024-11-08 14:07:45] ,2,22.132,510.063,-110.556,-5.423,511.145,-100.214,

[2024-11-08 14:07:57] ,1,-0.538,490.063,33.13,12.973,511.339,-37.381,

[2024-11-08 14:08:14] ,1,75.625,434.62,71.887,8.309,447.327,45,

[2024-11-08 14:08:23] ,2,54.692,420.181,-142.306,64.81,426.582,28.163,

[2024-11-08 14:08:34] ,2,61.926,462.552,135,20.321,491.634,171.87,

[2024-11-08 14:08:45] ,2,11.226,418.212,-169.695,37.721,454.593,90,

[2024-11-08 14:08:55] ,1,-2.576,418.317,42.101,67.314,451.232,14.899,

[2024-11-08 14:09:16] ,1,18.613,400.749,67.816,82.705,404.702,-37.185,

[2024-11-08 14:09:24] ,2,5.51,429.883,-115.88,18.721,447.004,-135.356,

[2024-11-08 14:09:35] ,2,29.825,455.853,-83.991,62.317,465.101,133.919,

[2024-11-08 14:09:45] ,2,39.633,492.821,163.009,56.308,502.048,11.31,

[2024-11-08 14:09:56] ,2,72.318,508.972,-75.466,4.665,509.043,-40.267,

[2024-11-08 14:10:08] ,1,59.537,422.825,11.81,30.422,438.629,-80.87,

[2024-11-08 14:10:16] ,1,50.806,469.841,32.433,7.798,489.657,15.255,

[2024-11-08 14:10:28] ,2,18.132,468.334,77.8,16.422,488.066,-57.995,

[2024-11-08 14:10:39] ,2,4.173,478.848,162.044,14.045,512.529,-50.782,

[2024-11-08 14:10:49] ,1,38.665,491.346,-86.455,-1.66,503.139,-38.82,

[2024-11-08 14:11:07] ,1,6.543,416.773,74.97,8.423,431.012,-39.999,

[2024-11-08 14:11:15] ,1,8.974,455.867,46.432,-9.785,469.916,-77.8,

[2024-11-08 14:11:28] ,1,70.917,414.269,43.531,-0.299,473.768,84.943,

[2024-11-08 14:11:37] ,1,29.351,505.014,-8.707,14.234,505.049,-59.123,

[2024-11-08 14:11:49] ,1,8.721,488.075,-9.13,-2.483,503.761,28.856,

[2024-11-08 14:12:07] ,1,14.785,471.664,-1.014,-10.592,491.113,71.405,

[2024-11-08 14:12:16] ,2,29.944,490.909,-180,-6.965,513.648,169.695,

[2024-11-08 14:12:28] ,1,12.685,436.421,63.435,-0.33,493.197,-51.814,

[2024-11-08 14:12:37] ,1,28.563,497.585,-56.592,9.51,519.134,56.739,

[2024-11-08 14:12:49] ,1,-9.281,506.596,-68.009,71.652,511.221,-79.095,

[2024-11-08 14:13:07] ,2,12.241,410.831,-100.214,-3.142,438.775,90,

[2024-11-08 14:13:16] ,2,27.11,444.971,17.956,36.139,492.557,-154.799,

[2024-11-08 14:13:26] ,1,17.422,462.505,71.565,46.529,475.83,83.494,

[2024-11-08 14:13:36] ,1,16.383,485.686,-45,1.886,493.072,68.671,

[2024-11-08 14:13:47] ,1,54.923,508.836,-17.14,75.289,517.096,78.486,

[2024-11-08 14:13:59] ,1,-7.595,469.799,-65.472,41.947,485.12,-71.089,

[2024-11-08 14:14:08] ,2,2.285,436.108,-120.877,71.796,490.843,-23.806,

[2024-11-08 14:14:22] ,1,68.81,481.341,-85.406,-6.784,489.055,61.39,

[2024-11-08 14:14:32] ,1,-9.603,420.834,48.24,12.148,519.777,13.416,

[2024-11-08 14:14:50] ,1,20.387,462.305,20.966,-5.384,489.934,56.87,

[2024-11-08 14:14:58] ,2,14.951,425.409,-147.019,32.185,443.257,-170.87,

[2024-11-08 14:15:10] ,1,11.788,483.187,-65.014,40.354,505.625,-78.69,

[2024-11-08 14:15:20] ,1,80.76,462.568,-14.899,-6.07,519.768,30.518,

[2024-11-08 14:15:38] ,2,18.558,436.056,-45,68.27,506.793,33.69,

[2024-11-08 14:15:48] ,2,3.448,497.302,25.201,38.144,511.853,-103.416,

[2024-11-08 14:16:00] ,1,17.386,450.93,-32.164,46.884,494.279,67.537,

[2024-11-08 14:16:09] ,2,-1.438,426.271,116.565,13.786,488.755,-133.55,

[2024-11-08 14:16:22] ,2,4.635,476.277,-152.758,69.692,495.854,57.45,

[2024-11-08 14:16:32] ,1,-0.797,437.473,83.379,24.671,518.459,-13.416,

[2024-11-08 14:16:49] ,1,-5.251,447.146,12.2,45.433,453.012,-16.991,

[2024-11-08 14:16:57] ,2,23.847,453.292,-60.068,6.81,457.23,172.372,

[2024-11-08 14:17:08] ,2,77.995,464.34,132.101,22.101,504.091,-156.4,

[2024-11-08 14:17:20] ,1,82.844,475.286,-64.581,49.387,489.591,-14.899,

[2024-11-08 14:17:28] ,2,-2.879,405.293,-3.122,3.371,446.91,-133.919,

[2024-11-08 14:17:48] ,1,42.533,414.85,14.899,-4.131,444.707,0.512,

[2024-11-08 14:17:57] ,1,-9.272,416.498,-23.806,34.689,494.205,18.595,

[2024-11-08 14:18:07] ,2,30.735,437.984,-14.281,64.942,440.093,-163.985,

[2024-11-08 14:18:17] ,2,0.862,446.891,100.713,1.765,461.676,147.995,

[2024-11-08 14:18:29] ,2,-2.483,436.864,-158.199,33.8,490.1,94.05,

[2024-11-08 14:18:39] ,1,42.467,510.221,22.932,25.918,513.386,-57.45,

[2024-11-08 14:18:48] ,2,48.003,435.743,11.31,5.202,515.072,-137.899,

[2024-11-08 14:19:00] ,2,19.815,429.524,-86.455,13.709,472.174,128.27,

[2024-11-08 14:19:18] ,1,14.328,436.493,-78.294,60.729,475.86,-81.369,

[2024-11-08 14:19:26] ,4,76.805,423.814,43.55,-10.92,518.459,-42.447,

[2024-11-08 14:19:39] ,1,-9.238,479.22,-34.951,6.283,488.734,27.924,

[2024-11-08 14:20:06] ,2,52.567,507.238,-45,15.114,513.516,150.698,

[2024-11-08 14:20:15] ,1,51.562,408.062,-9.293,66.853,439.171,7.125,

[2024-11-08 14:20:25] ,1,-1.646,462.162,-51.419,47.824,475.475,51.419,

[2024-11-08 14:20:35] ,1,14.852,479.032,-48.2,47.615,488.252,-81.293,

[2024-11-08 14:20:46] ,1,29.614,508.639,-22.463,-11.315,515.559,24.066,

[2024-11-08 14:20:58] ,1,41.826,401.923,-44.635,34.163,488.48,-75.101,

[2024-11-08 14:21:08] ,1,24.153,504.83,-46.801,39.865,517.388,-85.878,

[2024-11-08 14:21:21] ,1,65.008,419.859,-11.211,-10.425,478.709,-34.114,

[2024-11-08 14:21:30] ,1,2.954,505.32,-38.501,-9.311,517.334,-30.256,

[2024-11-08 14:21:49] ,1,66.425,401.963,39.144,85.483,473.076,73.985,

[2024-11-08 14:21:58] ,2,76.641,434.433,-146.739,-9.699,466.664,143.231,

[2024-11-08 14:22:09] ,2,5.803,468.595,-82.439,24.54,473.842,71.565,

[2024-11-08 14:22:19] ,2,44.379,480.832,-104.769,24.461,492.319,66.602,

[2024-11-08 14:22:30] ,2,-10.503,445.173,-43.919,2.196,517.471,-15.03,

[2024-11-08 14:22:41] ,2,-10.261,485.768,-180,25.726,519.184,-178.977,

[2024-11-08 14:22:58] ,1,61.421,409.373,-64.799,10.343,466.686,73.78,

[2024-11-08 14:23:06] ,2,-7.656,419.206,-36.973,11.046,421.497,-44.64,

[2024-11-08 14:23:16] ,2,7.225,446.148,-103.791,49.624,447.007,-99.628,

[2024-11-08 14:23:27] ,2,-10.129,478.584,27.474,6.81,496.446,170.287,

[2024-11-08 14:23:38] ,2,37.062,484.252,-177.99,13.269,511.934,172.372,

[2024-11-08 14:23:50] ,1,67.107,481.104,-50.064,11.951,509.957,24.74,

[2024-11-08 14:24:07] ,1,-2.911,412.615,-36.973,28.362,472.982,7.063,

[2024-11-08 14:24:15] ,1,39.286,482.522,45,24.411,502.577,-84.391,

[2024-11-08 14:24:26] ,2,66.853,440.225,-25.201,17.605,442.501,45.716,

[2024-11-08 14:24:38] ,2,25.083,426.682,102.308,-5.356,464.628,-83.379,

[2024-11-08 14:24:47] ,2,63.361,486.965,57.019,2.757,517.831,-140.856,

[2024-11-08 14:24:59] ,1,26.022,470.656,38.27,-0.167,487.499,50.001,

[2024-11-08 14:25:18] ,1,7.087,454.233,-45.716,-10.233,457.939,-30.877,

[2024-11-08 14:25:27] ,1,77.157,463.866,51.9,14.192,510.155,28.163,

[2024-11-08 14:25:37] ,2,58.383,407.85,38.012,4.323,434.02,-44.64,

[2024-11-08 14:25:48] ,2,58.582,452.269,-85.95,25.422,472.3,114.319,

[2024-11-08 14:25:58] ,2,50.544,473.75,31.31,66.36,483.141,143.231,

[2024-11-08 14:26:08] ,2,-3.908,494.15,91.023,-2.182,511.812,60.446,

[2024-11-08 14:26:20] ,2,31.295,458.946,-146.449,56.843,482.553,133.199,

[2024-11-08 14:26:38] ,1,29.944,449.98,-21.615,60.658,456.9,21.801,

[2024-11-08 14:26:46] ,1,18.41,477.859,-23.199,-5.949,508.728,82.875,

[2024-11-08 14:26:57] ,2,65.996,497.039,21.516,51.496,513.648,-26.105,

[2024-11-08 14:27:11] ,2,33.287,497.901,-64.12,23.262,510.516,120.7,

[2024-11-08 14:27:23] ,1,86.032,428.362,22.859,-0.308,430.537,-14.899,

[2024-11-08 14:27:31] ,1,72.126,435.546,-28.61,40.006,435.592,-51.814,

[2024-11-08 14:27:41] ,1,12.273,468.977,-78.887,32.296,504.71,70.278,

[2024-11-08 14:27:54] ,1,38.365,502.87,-82.304,61.712,515.164,-26.796,

[2024-11-08 14:28:12] ,1,70.89,479.537,82.372,26.05,486.642,-78.789,

[2024-11-08 14:28:20] ,2,62.143,443.491,73.496,-7.329,455.922,146.87,

[2024-11-08 14:28:32] ,1,-2.092,480.501,-57.295,20.803,485.282,-86.486,

[2024-11-08 14:28:44] ,1,22.167,517.471,-11.31,40.753,519.777,2.064,

[2024-11-08 14:29:01] ,1,19.728,448.2,29.055,2.9,453.738,-64.341,

[2024-11-08 14:29:10] ,1,14.457,509.306,67.537,-5.478,519.689,77.082,

[2024-11-08 14:29:20] ,2,8.408,438.824,-45,37.615,489.141,-88.977,

[2024-11-08 14:29:32] ,2,77.86,425.923,-161.565,83.699,461.625,110.854,

[2024-11-08 14:29:43] ,1,25.671,456.894,85.03,-3.557,494.39,-68.671,

[2024-11-08 14:29:51] ,2,9.646,453.496,101.605,1.547,506.565,-86.934,

[2024-11-08 14:30:05] ,2,59.23,462.761,-54.462,16.037,491.832,-164.124,

[2024-11-08 14:30:22] ,1,21.969,440.621,-27.924,31.424,491.437,-40.711,

[2024-11-08 14:30:30] ,2,69.524,417.877,80.2,68.764,445.498,-164.97,

[2024-11-08 14:30:40] ,2,23.197,464.813,60.751,6.443,474.671,-106.844,

[2024-11-08 14:30:52] ,2,27.803,404.337,-35.538,-3.56,517.34,115.641,

[2024-11-08 14:31:02] ,1,11.46,505.206,41.042,42.071,511.868,-7.189,

[2024-11-08 14:31:20] ,1,45.581,408.77,-45,43.108,439.903,-79.38,

[2024-11-08 14:31:28] ,1,21.178,442.993,9.628,36.205,461.184,-28.811,

[2024-11-08 14:31:39] ,1,47.762,506.261,-54.462,35.371,519.311,-54.462,

[2024-11-08 14:31:49] ,2,14.327,399.505,-74.97,26.626,405.701,-136.469,

[2024-11-08 14:32:00] ,2,9.085,437.627,144.758,-1.148,443.372,124.951,

[2024-11-08 14:32:11] ,2,6.905,464.571,59.636,21.639,464.743,-20.323,

[2024-11-08 14:32:19] ,1,11.448,475.089,64.558,-0.836,507.848,-25.659,

[2024-11-08 14:32:40] ,1,69.084,432.859,-50.064,33.045,453.005,-47.827,

[2024-11-08 14:32:49] ,1,14.192,468.434,-7.496,76.219,492.998,-81.293,

[2024-11-08 14:32:59] ,2,-8.284,419.539,75.101,84.344,431.789,-54.162,

[2024-11-08 14:33:12] ,2,8.484,499.123,-77.196,68.005,503.601,-69.624,

[2024-11-08 14:33:22] ,2,26.583,509.232,-167.082,36.205,518.459,-173.32,

[2024-11-08 14:33:34] ,1,14.525,405.914,62.978,-2.106,483.008,-79.38,

[2024-11-08 14:33:43] ,1,46.169,485.106,68.199,61.448,497.961,19.722,

[2024-11-08 14:33:53] ,2,3.156,438.769,41.042,25.462,486.164,-2.027,

[2024-11-08 14:34:06] ,1,5.826,450.776,67.73,-10.393,479.946,-48.621,

[2024-11-08 14:34:14] ,1,37.194,495.852,-13.299,4.688,510.029,89.484,

[2024-11-08 14:34:28] ,1,8.474,489.454,51.103,-11.582,495.825,-81.798,

[2024-11-08 14:34:38] ,2,55.546,438.578,139.289,21.976,475.972,49.616,

[2024-11-08 14:34:56] ,2,68.567,438.116,27.474,-3.933,485.043,-172.875,

[2024-11-08 14:35:13] ,1,-9.436,467.587,-36.769,51.164,492.109,67.264,

[2024-11-08 14:35:21] ,1,-2.239,496.896,-85.406,47.412,503.725,87.444,

[2024-11-08 14:35:34] ,2,-9.106,475.514,39.289,3.979,480.752,-47.862,

[2024-11-08 14:35:44] ,1,21.998,461.621,73.156,7.296,476.486,-88.995,

[2024-11-08 14:36:02] ,1,-3.726,411.261,-86.934,50.395,432.341,-74.124,

[2024-11-08 14:36:10] ,2,30.767,421.28,141.18,5.03,435.282,15.388,

[2024-11-08 14:36:21] ,2,66.392,447.146,-26.792,34.426,448.991,17.324,

[2024-11-08 14:36:31] ,2,47.212,448.991,172.937,-6.306,451.891,-18.595,

[2024-11-08 14:36:41] ,2,19.707,476.582,86.486,59.194,487.517,-134.275,

[2024-11-08 14:36:53] ,1,16.652,474.942,51.73,51.562,488.339,9.13,

[2024-11-08 14:37:03] ,2,56.43,485.367,-72.044,43.735,492.351,118.61,

[2024-11-08 14:37:13] ,1,34.311,429.609,51.103,72.238,479.099,-51.499,

[2024-11-08 14:37:23] ,1,49.53,444.347,-55.751,24.096,494.788,-44.64,

[2024-11-08 14:37:35] ,1,-10.558,450.887,34.535,40.165,469.331,-62.312,

[2024-11-08 14:37:53] ,1,0.531,449.175,-72.525,16.63,451.627,-1.014,

[2024-11-08 14:38:02] ,1,49.675,495.153,-42.852,24.078,504.421,-2.556,

[2024-11-08 14:38:12] ,1,0.944,508.639,21.991,41.808,510.946,-29.999,

[2024-11-08 14:38:23] ,2,47.634,427.747,73.009,64.678,431.591,-177.466,

[2024-11-08 14:38:33] ,2,47.24,454.776,-30.877,5.096,468.171,14.769,

[2024-11-08 14:38:45] ,2,-10.366,453.715,-106.991,2.093,466.762,73.156,

[2024-11-08 14:38:55] ,1,54.594,411.225,-10.305,6.916,457.904,83.437,

[2024-11-08 14:39:04] ,2,22.265,466.838,114.775,2.755,502.786,147.019,

[2024-11-08 14:39:23] ,1,18.226,445.946,-61.631,6.621,463.222,57.836,

[2024-11-08 14:39:40] ,2,30.537,420.782,170.287,-7.888,500.005,-23.131,

[2024-11-08 14:39:49] ,4,-3.208,432.25,-30.44,-10.974,449.458,90,

[2024-11-08 14:41:48] ,1,37.721,426.714,21.801,13.928,426.943,-62.758,

[2024-11-08 14:41:53] ,1,37.721,426.714,21.801,13.928,426.943,-62.758,

[2024-11-08 14:42:00] ,1,2.914,438.205,-49.674,48.333,446.618,16.844,

[2024-11-08 14:42:11] ,1,0.096,448.61,-46.779,17.218,448.86,47.459,

[2024-11-08 14:42:22] ,1,85.62,460.574,45,42.249,463.541,-72.676,

[2024-11-08 14:42:32] ,1,2.526,471.071,18.435,4.602,485.655,53.231,

[2024-11-08 14:42:43] ,2,67.38,449.057,25.201,48.695,491.814,94.05,

[2024-11-08 14:42:55] ,1,8.405,433.142,-45.716,10.299,462.326,56.449,

[2024-11-08 14:43:04] ,1,75.261,485.155,31.139,57.922,495.673,60.001,

[2024-11-08 14:43:15] ,2,80.613,453.132,107.628,17.868,491.36,107.628,

[2024-11-08 14:43:34] ,2,59.441,462.186,-119.745,46.489,491.113,108.595,

[2024-11-08 14:43:44] ,2,-0.72,410.03,111.516,15.22,414.626,42.101,

[2024-11-08 14:43:54] ,1,83.462,448.859,29.105,80.474,487.757,43.55,

[2024-11-08 14:44:02] ,2,41.917,467.391,-136.432,6.876,470.082,-9.211,

[2024-11-08 14:44:22] ,1,7.305,447.419,-36.769,39.992,477.697,-31.739,

[2024-11-08 14:44:33] ,1,29.351,479.309,-0.507,43.653,493.018,9.211,

[2024-11-08 14:44:41] ,2,0.086,442.181,131.424,39.435,443.521,-170.87,

[2024-11-08 14:45:00] ,1,20.914,500.993,3.576,5.022,512.045,62.076,

[2024-11-08 14:45:08] ,2,31.55,400.551,79.695,46.115,434.472,72.86,

[2024-11-08 14:45:19] ,2,13.921,444.641,122.433,-11.051,516.548,-90,

[2024-11-08 14:45:30] ,1,7.205,417.948,24.74,3.662,501.464,79.287,

[2024-11-08 14:45:40] ,1,-3.472,456.175,23.398,46.026,497.039,12.308,

[2024-11-08 14:45:50] ,1,-8.194,502.111,-54.345,52.402,516.726,55.176,

[2024-11-08 14:46:00] ,2,11.358,449.123,-153.662,11.64,504.145,68.671,

[2024-11-08 14:46:13] ,2,-0.09,478.61,-70.278,23.654,517.532,-139.008,

[2024-11-08 14:46:31] ,1,-10.653,400.518,49.008,71.261,402.943,-49.733,

[2024-11-08 14:46:39] ,1,-9.92,452.519,-55.751,12.609,467.016,-62.758,

[2024-11-08 14:46:52] ,1,-4.953,505.972,73.496,55.713,519.253,-71.565,

[2024-11-08 14:47:01] ,2,-9.568,436.419,53.334,-6.899,474.3,158.671,

[2024-11-08 14:47:21] ,1,9.875,466.452,33.968,-1.754,498.711,-78.294,

[2024-11-08 14:47:29] ,2,14.521,440.884,154.799,-9.25,456.16,-111.146,

[2024-11-08 14:47:43] ,2,-4.429,404.715,-53.44,19.662,408.325,-177.955,

[2024-11-08 14:47:52] ,1,14.558,434.925,31.574,32.775,469.219,47.827,

[2024-11-08 14:48:01] ,1,54.823,495.416,35.952,7.469,497.171,-11.81,

[2024-11-08 14:48:12] ,2,21.247,446.382,-117.022,43.258,454.33,21.615,

[2024-11-08 14:48:24] ,1,5.716,506.442,73.009,50.31,509.561,10.808,

[2024-11-08 14:48:34] ,2,7.073,436.732,-166.088,64.633,461.515,-115.659,

[2024-11-08 14:48:45] ,2,-9.667,467.314,-150.945,4.308,493.736,132.101,

[2024-11-08 14:48:57] ,1,43.297,455.381,30.184,0.264,508.087,86.455,

[2024-11-08 14:49:15] ,2,77.585,415.229,-118.195,27.994,419.775,138.281,

[2024-11-08 14:49:23] ,2,-8.876,484.055,177.466,4.337,501.539,147.295,

[2024-11-08 14:49:35] ,1,11.79,454.503,-73.156,-3.406,472.521,-14.281,

[2024-11-08 14:49:45] ,1,-8.778,489.589,33.83,27.769,493.809,-26.792,

[2024-11-08 14:49:56] ,2,39.369,508.375,167.196,18.019,510.751,95.659,

[2024-11-08 14:50:08] ,1,55.09,490.869,32.276,-10.392,507.716,1.023,

[2024-11-08 14:50:17] ,2,59.178,399.279,-85.84,32.844,432.184,-9.13,

[2024-11-08 14:50:36] ,2,53.317,411.881,115.419,-0.035,431.429,-86.934,

[2024-11-08 14:50:45] ,1,-5.731,489.943,70.448,4.932,503.765,-37.073,

[2024-11-08 14:50:57] ,4,28.28,447.366,-87.99,8.515,509.886,-84.943,

[2024-11-08 14:51:07] ,2,12.747,423.814,-47.521,4.842,485.079,93.066,

[2024-11-08 14:51:24] ,1,-11.011,401.998,54.162,21.532,466.79,-60.751,

[2024-11-08 14:51:32] ,1,31.701,496.233,-68.854,-0.572,498.818,9.713,

[2024-11-08 14:51:44] ,1,-3.741,464.129,81.369,22.496,481.155,23.199,

[2024-11-08 14:51:53] ,1,-10.195,496.907,-12.804,37.182,497.101,-68.199,

[2024-11-08 14:52:07] ,2,29.447,446.032,-40.384,60.987,495.655,-13.912,

[2024-11-08 14:52:17] ,1,32.053,435.018,1.014,3.383,510.88,10.808,

[2024-11-08 14:52:35] ,1,16.562,459.347,-57.144,3.765,476.547,89.493,

[2024-11-08 14:52:43] ,1,64.48,491.832,8.202,13.401,513.318,-16.157,

[2024-11-08 14:52:54] ,2,1.382,410.858,70.105,2.029,436.757,-127.073,

[2024-11-08 14:53:06] ,1,40.028,405.557,-27.022,0.219,482.671,0.512,

[2024-11-08 14:53:15] ,2,-11.484,455.164,148.69,73.839,455.977,150.001,

[2024-11-08 14:53:26] ,2,18.573,510.046,140.458,41.239,514.998,59.3,

[2024-11-08 14:53:37] ,1,37.26,419.266,-12.804,13.336,468.305,71.565,

[2024-11-08 14:53:45] ,1,-7.177,480.33,77.8,16.469,505.516,31.405,

[2024-11-08 14:53:59] ,2,20.948,405.813,-34.114,65.107,443.649,-37.476,

[2024-11-08 14:54:17] ,1,76.905,416.517,-36.254,13.269,476.815,-67.457,

[2024-11-08 14:54:25] ,1,62.009,496.859,60.001,29.907,504.656,-31.574,

[2024-11-08 14:54:37] ,1,42.598,428.164,27.711,63.163,460.379,-48.24,

[2024-11-08 14:54:46] ,1,-3.088,486.353,-57.995,0.811,508.946,-48.621,

[2024-11-08 14:55:06] ,1,-9.884,457.35,-68.671,79.342,466.634,34.824,

[2024-11-08 14:55:14] ,1,3.911,475.927,48.576,33.462,503.53,-42.51,

[2024-11-08 14:55:27] ,1,46.223,481.352,-10.62,57.629,494.243,81.798,

[2024-11-08 14:55:36] ,2,1.735,419.596,166.584,32.555,442.478,88.977,

[2024-11-08 14:55:46] ,2,15.477,493.923,94.05,-3.504,513.622,144.881,

[2024-11-08 14:55:58] ,2,32.383,403.514,157.341,-2.747,436.798,-15.524,

[2024-11-08 14:56:09] ,2,49.321,493.743,151.144,72.123,505.005,47.936,

[2024-11-08 14:56:20] ,1,12.859,497.95,-72.372,22.826,512.33,28.856,

[2024-11-08 14:56:37] ,2,36.662,474.924,-49.289,68.435,484.384,-180,

[2024-11-08 14:56:46] ,2,24.056,507.848,-119.055,9.141,508.796,137.175,

[2024-11-08 14:57:05] ,2,-6.174,402.13,-155.298,3.256,437.342,78.789,

[2024-11-08 14:57:13] ,2,-0.54,475.014,37.875,55.413,485.597,-120.44,

[2024-11-08 14:57:23] ,2,29.417,491.7,-180,-8.811,502.377,-159.146,

[2024-11-08 14:57:42] ,1,12.764,415.076,-73.985,36.116,448.745,43.221,

[2024-11-08 14:57:50] ,1,-0.94,455.209,82.875,49.249,486.582,-63.208,

[2024-11-08 14:58:00] ,1,30.933,491.436,3.545,67.224,496.537,42.825,

[2024-11-08 14:58:11] ,2,60.753,451.743,76.701,20.731,456.028,-80.949,

[2024-11-08 14:58:21] ,2,18.112,493.49,146.87,46.699,505.199,-61.595,

[2024-11-08 14:58:33] ,1,-8.639,404.345,42.101,17.783,415.296,34.535,

[2024-11-08 14:58:42] ,1,-9.272,440.95,-23.6,82.381,470.387,77.196,

[2024-11-08 14:58:54] ,1,50.763,415.662,66.869,34.03,444.773,29.495,

[2024-11-08 14:59:03] ,2,-0.357,490.113,-128.897,23.641,512.092,-42.825,

[2024-11-08 14:59:15] ,1,67.94,470.845,35.242,30.405,477.398,-2.511,

[2024-11-08 14:59:25] ,1,27.226,487.096,-79.287,2.061,488.357,56.592,

[2024-11-08 14:59:35] ,2,43.3,512.51,111.038,-2.556,515.951,95.148,

[2024-11-08 14:59:49] ,1,18.426,458.307,87.99,52.13,515.921,-59.3,

[2024-11-08 15:00:08] ,1,-8.136,408.006,63.895,43.064,437.02,-78.294,

[2024-11-08 15:00:25] ,2,16.128,402.396,79.695,6.432,484.111,-44.64,

[2024-11-08 15:00:35] ,1,75.817,402.921,19.093,-7.723,453.396,-37.875,

[2024-11-08 15:00:43] ,1,45.86,455.564,-85.986,41.181,478.23,38.581,

[2024-11-08 15:00:54] ,1,16.931,483.048,31.05,-7.954,495.786,-10.713,

[2024-11-08 15:01:06] ,1,57.514,427.955,85.406,-4.226,429.858,65.472,

[2024-11-08 15:01:16] ,1,19.36,446.348,-80.372,-9.832,499.328,-85.95,

[2024-11-08 15:01:28] ,1,-9.865,455.912,10.125,30.199,504.751,-75.593,

[2024-11-08 15:01:39] ,1,5.548,442.633,86.961,-8.229,494.148,-50.389,

[2024-11-08 15:01:58] ,2,66.633,442.494,73.985,19.958,477.597,37.171,

[2024-11-08 15:02:15] ,2,33.538,437.471,39.999,33.298,468.854,-49.616,

[2024-11-08 15:02:24] ,1,47.212,490.646,15.388,23.88,494.336,0,

[2024-11-08 15:02:33] ,2,4.918,416.486,68.671,-0.273,441.701,32.276,

[2024-11-08 15:02:43] ,2,17.717,461.866,-143.936,3.743,488.298,-127.073,

[2024-11-08 15:02:56] ,2,40.639,500.327,-103.912,7.767,508.59,-36.363,

[2024-11-08 15:03:13] ,1,76.661,439.053,-63.662,64.546,447.212,-29.302,

[2024-11-08 15:03:20] ,1,43.892,450.745,-52.125,27.933,502.534,35.952,

[2024-11-08 15:03:31] ,2,-3.608,428.056,-101.706,-11.579,439.962,-159.326,

[2024-11-08 15:03:42] ,2,4.14,447.452,34.951,86.321,450.275,59.3,

[2024-11-08 15:03:51] ,2,-10.229,474.844,-143.637,72.687,496.881,-69.444,

[2024-11-08 15:04:02] ,2,1.471,507.386,-15.388,33.483,512.524,-118.856,

[2024-11-08 15:04:13] ,1,29.417,410.566,-18.759,-11.776,419.53,16.015,

[2024-11-08 15:04:21] ,2,71.565,432.741,140.782,37.91,451.227,95.057,

[2024-11-08 15:04:32] ,2,10.605,455.722,-119.495,78.448,464.62,71.241,

[2024-11-08 15:04:51] ,1,56.084,426.4,83.437,24.869,440.489,-22.463,

[2024-11-08 15:04:59] ,2,66.298,473.889,-149.123,53.111,514.679,38.501,

[2024-11-08 15:05:11] ,1,1.046,490.459,53.637,17.905,497.151,51.814,

[2024-11-08 15:05:21] ,1,58.049,507.242,-41.379,-3.142,511.868,16.65,

[2024-11-08 15:05:30] ,2,73.619,445.21,-93.576,6.584,449.157,-110.2,

[2024-11-08 15:05:49] ,1,-8.086,492.491,8.707,45.217,495.513,44.644,

[2024-11-08 15:05:59] ,1,75.563,468.785,-46.432,44.368,519.22,86.934,

[2024-11-08 15:06:08] ,2,45.367,403.118,-165.336,20.453,458.218,-13.183,

[2024-11-08 15:06:19] ,2,5.833,480.756,-111.801,27.571,493.809,-16.361,

[2024-11-08 15:06:31] ,1,22.199,434.949,37.476,0.68,459.273,-2.027,

[2024-11-08 15:06:39] ,2,-0.17,430.402,-108.113,37.1,492.778,-82.875,

[2024-11-08 15:06:51] ,1,3.646,453.934,25.659,10.633,481.748,22.08,

[2024-11-08 15:07:10] ,2,3.317,446.882,-168.789,40.442,447.993,135.36,

[2024-11-08 15:07:19] ,1,40.82,414.07,57.019,7.648,468.034,61.189,

[2024-11-08 15:07:29] ,1,-9.206,471.927,21.801,54.911,474.592,46.081,

[2024-11-08 15:07:40] ,1,1.142,496.38,27.022,-4.329,518.327,12.417,

[2024-11-08 15:07:59] ,1,-4.89,465.625,35.952,34.755,494.798,7.628,

[2024-11-08 15:08:08] ,1,75.289,498.291,22.184,6.778,517.837,69.624,

[2024-11-08 15:08:27] ,1,-9.941,439.253,-50.001,62.266,457.732,-77.196,

[2024-11-08 15:08:36] ,1,50.178,489.789,-14.769,17.681,517.696,-62.978,

[2024-11-08 15:08:46] ,2,9.183,439.434,19.242,15.212,485.976,146.87,

[2024-11-08 15:08:58] ,2,67.986,434.379,-74.476,-5.12,475.421,16.504,

[2024-11-08 15:09:09] ,1,75.553,437.523,7.189,0.017,486.536,81.444,

[2024-11-08 15:09:19] ,1,10.764,511.934,-16.991,-9.074,516.614,22.184,

[2024-11-08 15:09:37] ,1,-9.902,440.003,73.156,43.323,445.168,12.693,

[2024-11-08 15:09:45] ,1,-5.677,454.396,40.711,37.862,497.58,-46.801,

[2024-11-08 15:09:56] ,2,32.871,402.375,138.281,12.975,402.822,31.842,

[2024-11-08 15:10:06] ,2,-9.997,426.121,-163.496,48.161,429.617,-54.048,

[2024-11-08 15:10:16] ,2,24.803,445.3,164.612,81.551,447.014,151.837,

[2024-11-08 15:10:26] ,2,54.33,465.666,175.986,54.594,486.889,-9.13,

[2024-11-08 15:10:38] ,1,37.581,429.741,-84.898,1.027,457.385,-74.261,

[2024-11-08 15:10:46] ,2,14.521,467.512,-150.751,85.849,473.431,-61.595,

[2024-11-08 15:10:56] ,2,61.037,493.555,-96.116,2.272,505.359,-129.936,

[2024-11-08 15:11:08] ,1,61.778,427.175,27.022,57.281,467.753,55.337,

[2024-11-08 15:11:17] ,2,30.675,452.705,63.208,39.236,490.191,-75.231,

[2024-11-08 15:11:27] ,2,-10.458,491.305,-151.837,60.262,517.668,17.628,

[2024-11-08 15:11:39] ,1,-6.123,477.077,83.938,-7.231,489.868,67.264,

[2024-11-08 15:11:49] ,1,-10.195,425.198,-24.74,46.256,484.733,53.231,

[2024-11-08 15:12:00] ,2,24.865,472.389,-71.723,40.392,488.414,143.231,

[2024-11-08 15:12:19] ,1,2.476,433.033,-61.39,42.296,440.679,-80.372,

[2024-11-08 15:12:27] ,1,40.255,476.036,82.937,82.537,501.578,47.936,

[2024-11-08 15:12:37] ,2,-2.961,449.264,100.713,16.762,450.837,-180,

[2024-11-08 15:12:48] ,2,-9.897,507.896,94.086,18.94,509.949,132.101,

[2024-11-08 15:12:59] ,1,17.509,495.046,68.854,17.421,512.264,-28.61,

[2024-11-08 15:13:09] ,2,1.828,430.428,82.875,2.987,493.875,176.424,

[2024-11-08 15:13:33] ,1,1.537,483.923,-25.442,20.683,513.093,73.35,

[2024-11-08 15:13:41] ,2,8.655,436.337,28.163,39.726,482.176,52.524,

[2024-11-08 15:14:01] ,1,51.459,434.076,-65.472,65.535,459.668,1.014,

[2024-11-08 15:14:09] ,2,58.155,474.006,-62.526,37.733,485.633,-111.801,

[2024-11-08 15:14:19] ,2,28.328,493.234,147.295,2.984,493.481,84.44,

[2024-11-08 15:14:31] ,1,-11.582,483.95,-62.978,52.494,510.635,63.435,

[2024-11-08 15:14:49] ,1,1.011,455.964,-48.2,24.583,474.617,-85.525,

[2024-11-08 15:14:57] ,1,9.03,486.086,-85.446,6.573,504.479,-30.44,

[2024-11-08 15:15:08] ,1,-8.876,506.925,9.8,39.962,517.536,0,

[2024-11-08 15:15:20] ,1,85.467,407.916,-30.784,-2.291,487.907,-49.343,

[2024-11-08 15:15:29] ,1,48.866,513.849,75.466,-10.392,519.118,0,

[2024-11-08 15:15:42] ,1,8.731,479.987,63.435,77.992,480.1,-22.659,

[2024-11-08 15:15:51] ,2,19.82,488.218,91.023,47.739,508.771,-175.914,

[2024-11-08 15:16:10] ,1,8.024,404.995,52.619,8.354,431.097,-73.639,

[2024-11-08 15:16:18] ,1,47.629,438.523,-43.568,22.557,464.295,74.876,

[2024-11-08 15:16:29] ,1,29.351,488.009,-23.199,25.33,505.805,-20.854,

[2024-11-08 15:16:39] ,1,71.596,513.216,-87.421,27.529,517.385,72.86,

[2024-11-08 15:16:50] ,2,40.555,473.641,-12.693,15.676,477.887,-35.77,

[2024-11-08 15:17:02] ,1,16.302,412.947,67.537,81.023,428.23,29.809,

[2024-11-08 15:17:11] ,2,6.579,439.087,85.95,39.736,460.248,41.424,

[2024-11-08 15:17:21] ,2,30.998,501.323,-29.999,60.394,512.989,152.049,

[2024-11-08 15:17:34] ,1,34.914,430.871,-53.936,5.821,455.252,-10.125,

[2024-11-08 15:17:42] ,1,9.718,482.488,-74.745,-10.063,498.291,-28.163,

[2024-11-08 15:17:53] ,2,24.515,415.733,42.825,10.823,499.457,81.293,

[2024-11-08 15:18:13] ,1,23.321,476.891,-53.13,35.546,488.668,-20.026,

[2024-11-08 15:18:21] ,2,39.237,451.957,173.379,-7.031,470.807,16.991,

[2024-11-08 15:18:33] ,2,5.294,476.673,-180,38.063,514.98,-116.338,

[2024-11-08 15:18:50] ,1,47.1,492.055,-74.124,45.983,516.576,-70.105,

[2024-11-08 15:18:59] ,2,10.746,428.352,44.64,49.209,431.119,-94.594,

[2024-11-08 15:19:11] ,2,-7.888,471.071,153.886,-9.993,500.273,57.295,

[2024-11-08 15:19:21] ,2,12.214,509.43,27.022,-8.774,516.154,40.657,

[2024-11-08 15:19:32] ,1,28.636,414.668,50.064,18.764,482.827,-42.879,

[2024-11-08 15:19:41] ,2,-9.767,490.275,-144.048,10.962,493.348,-20.674,

[2024-11-08 15:19:52] ,2,48.907,493.919,121.31,36.846,515.219,94.635,

[2024-11-08 15:20:03] ,1,28.428,499.543,22.463,-8.481,501.586,-12.918,

[2024-11-08 15:20:11] ,2,4.135,447.755,96.621,71.576,486.802,-51.9,

[2024-11-08 15:20:25] ,2,-2.786,423.222,-100.214,1.683,471.013,96.062,

[2024-11-08 15:20:42] ,1,36.242,449.939,-59.636,53.317,475.922,77.307,

[2024-11-08 15:20:50] ,1,82.078,487.68,10.808,27.242,490.975,-13.791,

[2024-11-08 15:21:01] ,2,32.247,411.368,74.97,14.437,446.97,-109.552,

[2024-11-08 15:21:14] ,1,10.975,401.676,50.458,10.168,442.657,47.862,

[2024-11-08 15:21:25] ,1,21.45,437.801,-46.779,57.686,492.969,-78.789,

[2024-11-08 15:21:34] ,2,55.973,434.427,122.55,60.517,476.225,46.801,

[2024-11-08 15:21:45] ,2,55.861,512.617,-92.045,16.857,515.993,-31.574,

[2024-11-08 15:21:57] ,1,1.422,413.12,-45,0.387,494.281,53.637,

[2024-11-08 15:22:05] ,2,49.882,443.437,-85.95,65.798,500.071,-160.278,

[2024-11-08 15:22:18] ,1,27.044,426.055,24.066,82.276,467.05,-9.211,

[2024-11-08 15:22:35] ,1,24.907,444.527,-88.479,-7.471,457.946,-54.638,

[2024-11-08 15:22:45] ,1,59.053,473.94,-59.123,-5.047,479.25,-47.148,

[2024-11-08 15:22:54] ,2,16.433,474.564,-5.56,7.848,507.265,-96.17,

[2024-11-08 15:23:06] ,1,56.11,432.184,3.576,-6.504,497.698,7.628,

[2024-11-08 15:23:18] ,2,54.33,484.977,-163.639,37.26,516.218,173.32,

[2024-11-08 15:23:36] ,1,15.18,433.305,4.05,77.3,459.555,60.001,

[2024-11-08 15:23:44] ,1,85.593,492.305,-43.531,64.085,506.925,-3.066,

[2024-11-08 15:23:55] ,2,1.471,419.068,155.934,51.257,424.051,52.214,

[2024-11-08 15:24:07] ,1,4.173,422.562,2.556,86.921,441.378,35.538,

[2024-11-08 15:24:16] ,1,21.508,467.05,15.124,2.87,471.707,-55.337,

[2024-11-08 15:24:26] ,1,55.805,477.808,-83.494,34.162,478.387,-13.183,

[2024-11-08 15:24:37] ,1,49.29,500.289,32.55,12.873,509.693,6.621,

[2024-11-08 15:24:49] ,2,26.813,453.448,-141.419,21.283,499.206,30.44,

[2024-11-08 15:25:08] ,1,-5.713,399.691,24.015,7.402,516.824,67.341,

[2024-11-08 15:25:20] ,2,24.179,442.423,32.433,52.943,485.721,56.592,

[2024-11-08 15:25:38] ,2,-0.836,427.241,25.88,26.583,430.734,-12.804,

[2024-11-08 15:25:45] ,1,51.174,427.528,49.674,17.383,439.553,-41.424,

[2024-11-08 15:25:55] ,2,19.555,475.534,69.034,76.969,478.366,-145.176,

[2024-11-08 15:26:09] ,1,46.558,399.37,-71.241,-9.59,404.53,-46.095,

[2024-11-08 15:26:17] ,1,4.253,433.424,-61.631,8.703,468.859,-82.439,

[2024-11-08 15:26:28] ,1,24.988,498.778,66.602,55.399,503.275,-55.465,

[2024-11-08 15:26:42] ,1,18.389,444.295,-72.676,72.567,492.545,80.707,

[2024-11-08 15:26:59] ,1,30.603,430.866,22.932,61.218,509.493,33.83,

[2024-11-08 15:27:07] ,2,29.944,490.975,-2.045,41.742,492.952,-171.369,

[2024-11-08 15:27:27] ,2,77.571,505.038,97.253,30.142,506.002,-13.791,

[2024-11-08 15:27:36] ,1,38.447,447.059,48.576,26.645,513.139,-78.69,

[2024-11-08 15:27:45] ,2,4.099,430.748,46.801,12.84,503.614,38.1,

[2024-11-08 15:27:57] ,2,64.462,425.448,80.789,59.867,478.452,0,

[2024-11-08 15:28:07] ,2,35.066,496.631,-68.671,5.872,502.247,129.218,

[2024-11-08 15:28:24] ,1,-3.142,486.296,27.242,18.081,489.528,71.565,

[2024-11-08 15:28:32] ,1,48.599,495.758,48.958,1.076,503.432,-3.039,

[2024-11-08 15:28:43] ,2,52.353,422.825,151.144,60.262,452.616,19.722,

[2024-11-08 15:28:53] ,2,-6.538,452.831,36.363,12.346,460.657,159.8,

[2024-11-08 15:29:03] ,2,3.839,470.97,130.711,13.803,507.064,-47.148,

[2024-11-08 15:29:22] ,1,52.915,439.057,32.705,34.835,446.737,-61.631,

[2024-11-08 15:29:30] ,1,-0.802,475.073,-76.817,34.376,475.543,-61.429,

[2024-11-08 15:29:42] ,1,-3.142,462.766,-6.116,51.505,495.786,68.009,

[2024-11-08 15:29:51] ,1,9.911,509.58,78.69,-8.745,519.316,6.74,

[2024-11-08 15:30:02] ,2,69.974,466.08,136.801,-7.822,485.373,-155.472,

[2024-11-08 15:30:14] ,1,5.086,474.036,-75.719,3.552,497.007,69.8,

[2024-11-08 15:30:32] ,1,17.817,409.512,-3.066,-5.938,440.44,-88.479,

[2024-11-08 15:30:41] ,1,9.512,443.059,0,-11.355,479.339,59.381,

[2024-11-08 15:30:52] ,1,8.721,480.957,3.013,55.253,485.9,24.066,

[2024-11-08 15:31:02] ,2,47.832,424.597,149.56,6.039,466.975,-103.791,

[2024-11-08 15:31:14] ,1,22.216,456.963,-51.028,8.755,517.955,39.542,

[2024-11-08 15:31:42] ,1,4.597,405.382,82.875,18.344,483.132,-9.051,

[2024-11-08 15:31:51] ,1,-1.673,486.782,-74.124,61.561,493.204,-68.671,

[2024-11-08 15:32:02] ,1,34.058,499.175,59.56,21.193,514.81,-45.365,

[2024-11-08 15:32:12] ,2,19.794,445.498,-175.914,-3.571,452.305,53.231,

[2024-11-08 15:32:26] ,1,67.182,441.543,-16.015,5.327,494.993,33.83,

[2024-11-08 15:32:34] ,1,44.708,509.298,26.565,63.733,517.079,-79.603,

[2024-11-08 15:32:55] ,2,-6.333,468.146,-102.804,27.967,480.43,168.887,

[2024-11-08 15:33:04] ,2,58.799,498.938,-58.158,67.28,517.734,-142.716,

[2024-11-08 15:33:16] ,1,39.7,458.813,-84.489,-6.541,492.657,-69.8,

[2024-11-08 15:33:24] ,2,-1.236,446.524,-81.87,24.539,473.641,2.027,

[2024-11-08 15:33:44] ,1,-2.648,432.309,-34.114,7.121,489.964,-58.69,

[2024-11-08 15:33:52] ,2,58.186,415.132,-119.999,-5.824,416.736,58.861,

[2024-11-08 15:34:02] ,2,18.808,416.912,-56.592,76.399,469.246,46.45,

[2024-11-08 15:34:12] ,2,3.81,506.383,-145.465,-5.845,518.525,169.192,

[2024-11-08 15:34:24] ,2,78.123,402.525,-16.598,-5.317,422.034,153.895,

[2024-11-08 15:34:32] ,2,-11.134,450.493,-99.13,-3.748,480.307,-50.389,

[2024-11-08 15:34:44] ,1,31.46,502.971,29.302,54.053,517.942,-79.192,

[2024-11-08 15:34:53] ,2,-4.235,439.553,-41.424,65.601,494.666,-163.985,

[2024-11-08 15:35:12] ,1,37.919,399.362,-21.516,15.089,421.414,-52.214,

[2024-11-08 15:35:20] ,1,4.38,436.463,72.044,22.644,514.751,58.426,

[2024-11-08 15:35:30] ,2,55.409,429.046,-42.825,38.835,433.987,116.792,

[2024-11-08 15:35:41] ,2,1.998,454.066,-153.886,54.989,464.15,7.063,

[2024-11-08 15:35:51] ,2,34.857,466.352,127.171,24.928,479.189,71.089,

[2024-11-08 15:36:01] ,2,63.528,481.814,40.711,4.545,488.181,77.307,

[2024-11-08 15:36:12] ,1,19.794,472.323,-2.987,0.678,477.477,67.264,

[2024-11-08 15:36:20] ,2,41.808,462.173,-180,6.612,494.798,-9.13,

[2024-11-08 15:36:34] ,2,16.235,492.096,6.062,1.669,496.182,-166.088,

[2024-11-08 15:36:52] ,1,4.635,421.243,-6.116,38.512,427.175,27.474,

[2024-11-08 15:37:00] ,1,55.393,428.033,75.593,-5.911,466.259,0,

[2024-11-08 15:37:11] ,1,-1.527,480.609,85.986,12.213,489.004,71.405,

[2024-11-08 15:37:22] ,2,1.01,448.266,22.463,62.108,501.059,-8.202,

[2024-11-08 15:37:33] ,1,56.242,432.975,25.659,63.314,511.791,85.406,

[2024-11-08 15:37:44] ,1,62.964,451.232,13.912,71.206,519.11,-47.936,

[2024-11-08 15:37:55] ,2,77.498,479.208,-140.856,28.072,497.239,54.048,

[2024-11-08 15:38:05] ,1,2.889,484.082,39.289,-8.679,498.423,-29.495,

[2024-11-08 15:38:17] ,1,2.723,442.993,-1.534,20.651,471.862,-8.482,

[2024-11-08 15:38:46] ,1,49.092,446.435,39.999,8.523,473.641,5.56,

[2024-11-08 15:38:54] ,1,77.718,478.488,86.934,33.635,489.525,0,

[2024-11-08 15:39:05] ,1,12.071,496.521,-50.389,37.787,512.857,11.81,

[2024-11-08 15:39:25] ,1,-7.097,400.087,26.796,21.903,412.412,-25.201,

[2024-11-08 15:39:33] ,1,0.68,489.657,-27.474,40.753,503.827,23.131,

[2024-11-08 15:39:44] ,2,41.6,435.691,-109.075,31.954,462.141,-38.972,

[2024-11-08 15:39:54] ,2,43.974,470.71,-93.013,28.512,484.502,-107.475,

[2024-11-08 15:40:07] ,1,-5.061,479.927,-49.616,72.785,484.45,-1.032,

[2024-11-08 15:40:24] ,2,21.526,441.455,58.69,-2.505,449.033,-93.545,

[2024-11-08 15:40:34] ,2,18.038,411.649,-70.105,20.189,460.196,-27.242,

[2024-11-08 15:40:43] ,2,17.881,494.146,104.769,25.726,510.484,16.504,

[2024-11-08 15:40:55] ,2,52.485,400.284,-180,33.89,503.231,122.276,

[2024-11-08 15:41:03] ,2,64.085,504.816,-24.274,18.41,512.396,2.579,

[2024-11-08 15:41:15] ,2,32.158,434.005,-102.804,30.398,480.036,-67.92,

[2024-11-08 15:41:25] ,1,0.68,402.855,-5.148,29.91,501.439,-65.26,

[2024-11-08 15:41:34] ,2,-6.296,412.498,-46.469,-4.562,466.02,-127.073,

[2024-11-08 15:41:45] ,2,59.304,474.204,106.504,-3.274,489.393,-174.898,

[2024-11-08 15:42:04] ,1,64.912,446.657,31.574,-8.76,487.261,45.356,

[2024-11-08 15:42:12] ,1,-2.644,499.274,41.042,59.076,517.932,22.184,

[2024-11-08 15:42:22] ,2,24.504,419.604,-40.326,-5.647,431.327,166.584,

[2024-11-08 15:42:35] ,2,58.982,412.004,30.7,20.858,449.224,93.039,

[2024-11-08 15:42:43] ,2,-1.96,508.377,84.391,0.684,519.552,81.798,

[2024-11-08 15:42:56] ,2,62.239,442.202,12.308,39.359,497.85,-133.55,

[2024-11-08 15:43:06] ,1,-5.482,442.258,-34.249,-9.028,501.905,54.758,

[2024-11-08 15:43:24] ,1,16.828,413.928,6.68,53.575,419.999,40.326,

[2024-11-08 15:43:32] ,1,-4.673,436.039,77.8,22.91,449.458,64.106,

[2024-11-08 15:43:43] ,1,50.771,457.757,5.013,47.554,486.502,50.389,

[2024-11-08 15:43:54] ,1,25.269,463.127,49.236,33.635,490.843,-13.299,

[2024-11-08 15:44:04] ,1,61.386,508.123,-74.97,11.636,514.865,82.304,

[2024-11-08 15:44:15] ,2,43.587,433.832,-151.837,39.435,462.634,-14.281,

[2024-11-08 15:44:27] ,1,68.515,455.715,50.782,52.617,473.114,-13.183,

[2024-11-08 15:44:35] ,2,55.253,433.437,-151.39,13.961,461.681,-38.897,

