[2024-11-06 08:55:22] ,4,22.167,443.475,-33.968,42.664,513.009,11.81,

[2024-11-06 08:55:41] ,2,70.544,408.543,53.549,40.621,409.795,-71.241,

[2024-11-06 08:56:00] ,2,75.685,424.691,53.746,74.696,453.954,-4.594,

[2024-11-06 08:56:31] ,4,3.251,458.37,150.068,6.217,485.986,43.568,

[2024-11-06 08:58:05] ,1,9.248,410.059,-24.274,73.18,423.702,-80.2,

[2024-11-06 08:58:10] ,1,9.248,410.059,-24.274,73.18,423.702,-80.2,

[2024-11-06 09:01:07] ,1,78.321,456.854,22.932,11.094,511.822,-33.408,

[2024-11-06 09:01:12] ,1,78.321,456.854,22.932,11.094,511.822,-33.408,

[2024-11-06 09:07:19] ,1,-8.02,400.238,56.454,26.385,415.332,45,

[2024-11-06 09:07:24] ,1,-8.02,400.238,56.454,26.385,415.332,45,

[2024-11-06 09:07:38] ,4,-10.063,459.491,11.211,11.819,479.263,88.493,

[2024-11-06 09:14:29] ,1,5.162,445.65,45.725,-10.063,459.491,-78.789,

[2024-11-06 09:14:35] ,1,5.162,445.65,45.725,-10.063,459.491,-78.789,

[2024-11-06 09:14:54] ,1,72.257,410.982,-43.531,9.314,436.686,-63.662,

[2024-11-06 09:17:40] ,1,21.046,429.7,69.146,26.055,445.782,-7.628,

[2024-11-06 09:17:45] ,1,21.046,429.7,69.146,26.055,445.782,-7.628,

[2024-11-06 09:18:01] ,1,71.73,446.111,77.196,49.255,454.152,60.068,

[2024-11-06 09:18:30] ,4,-10.392,470.563,-35.655,72.653,513.8,-4.16,

[2024-11-06 09:19:06] ,1,19.662,424.625,-14.407,71.598,426.404,-74.476,

[2024-11-06 09:19:22] ,1,-3.933,433.654,-58.861,79.969,451.779,69.624,

[2024-11-06 09:19:43] ,1,-2.945,462.654,-9.628,86.889,468.718,-81.724,

[2024-11-06 09:20:03] ,1,31.262,469.443,-38.972,18.476,505.956,88.466,

[2024-11-06 09:20:23] ,4,11.819,404.457,102.918,6.151,446.507,-153.208,

[2024-11-06 09:20:47] ,1,37.392,405.313,-14.036,-5.054,488.161,48.576,

[2024-11-06 09:20:55] ,1,53.869,509.845,9.8,-6.438,518.611,16.65,

[2024-11-06 09:21:08] ,4,69.094,450,57.995,71.467,496.07,40.394,

[2024-11-06 09:21:21] ,4,13.598,462.259,-5.332,82.407,466.477,-78.69,

[2024-11-06 09:21:32] ,4,45.828,474.254,-60.505,22.76,484.997,-3.483,

[2024-11-06 09:21:41] ,4,39.501,449.736,40.437,48.794,502.925,-42.558,

[2024-11-06 09:21:52] ,4,-0.836,458.766,30.44,-8.613,495.016,-49.343,

[2024-11-06 09:22:03] ,4,-0.704,499.431,30.504,6.283,519.863,-22.946,

[2024-11-06 09:22:14] ,4,2.13,464.829,-70.105,72.06,498.575,-59.036,

[2024-11-06 09:22:25] ,4,-2.747,473.134,-60.001,58.021,493.368,-62.049,

[2024-11-06 09:22:52] ,2,42.203,438.4,-31.139,3.844,484.009,-55.176,

[2024-11-06 09:23:01] ,3,37.326,408.082,79.144,73.905,434.379,-67.41,

[2024-11-06 09:23:33] ,3,37.326,408.477,79.902,73.773,434.379,-67.41,

[2024-11-06 09:27:20] ,2,-0.77,437.477,-121.139,-3.867,493.961,-175.446,

[2024-11-06 09:27:28] ,2,-0.77,437.477,-121.139,-3.867,493.961,-175.446,

[2024-11-06 09:27:42] ,2,-0.77,437.477,-121.139,-7.229,455.272,37.073,

[2024-11-06 09:27:44] ,2,-0.77,437.477,-121.139,-3.867,493.961,-175.446,

[2024-11-06 09:27:46] ,2,-0.77,437.477,-121.139,-7.229,455.272,37.073,

[2024-11-06 09:27:51] ,2,-0.77,437.477,-121.139,-7.229,455.272,37.073,

[2024-11-06 09:27:52] ,2,-0.77,437.477,-121.139,-7.229,455.272,37.073,

[2024-11-06 09:27:53] ,2,-0.77,437.477,-121.139,-7.229,455.272,37.073,

[2024-11-06 09:27:54] ,2,-0.77,437.477,-121.139,-7.229,455.272,37.073,

[2024-11-06 09:27:55] ,2,-0.77,437.477,-121.139,-7.229,455.272,37.073,

[2024-11-06 09:27:59] ,2,-0.77,437.477,-121.139,-7.229,455.272,37.073,

[2024-11-06 09:28:24] ,2,40.358,409.861,-27.711,56.637,464.895,-40.326,

[2024-11-06 09:28:29] ,2,40.358,409.861,-27.711,56.637,464.895,-40.326,

[2024-11-06 09:28:51] ,2,40.358,409.861,-27.711,56.637,464.895,-40.326,

[2024-11-06 09:28:58] ,2,40.489,410.718,-27.951,56.505,414.475,97.696,

[2024-11-06 09:29:02] ,2,40.555,410.586,-28.405,39.83,434.841,173.884,

[2024-11-06 09:29:06] ,2,40.028,408.543,-33.261,-10.722,421.988,-55.886,

[2024-11-06 09:29:29] ,2,39.962,408.543,-33.69,-10.722,421.988,-55.886,

[2024-11-06 09:30:06] ,2,40.028,408.543,-33.261,-10.722,421.988,-55.886,

[2024-11-06 09:30:08] ,2,40.028,408.543,-33.261,-10.722,421.988,-55.886,

[2024-11-06 09:30:21] ,2,40.028,408.543,-33.261,-10.722,421.988,-55.886,

[2024-11-06 09:30:26] ,2,39.698,409.004,-34.824,-1.363,419.088,-6.68,

[2024-11-06 09:30:30] ,2,39.764,408.807,-35.538,27.11,431.545,-114.066,

[2024-11-06 09:30:34] ,1,63.689,399.579,5.148,76.739,512.613,-40.601,

[2024-11-06 09:30:49] ,2,39.764,409.202,-34.114,41.346,442.288,-60.945,

[2024-11-06 09:31:20] ,2,39.764,409.202,-34.114,41.346,442.288,-60.945,

[2024-11-06 09:31:29] ,2,39.764,409.202,-34.114,41.346,442.222,-60.505,

[2024-11-06 09:31:40] ,2,39.764,409.202,-34.114,41.346,442.288,-60.945,

[2024-11-06 09:31:48] ,2,39.764,409.202,-34.114,41.346,442.288,-60.945,

[2024-11-06 09:31:59] ,2,39.764,409.202,-34.114,41.346,442.288,-60.945,

[2024-11-06 09:32:43] ,2,39.764,409.202,-34.114,41.28,442.288,-61.189,

[2024-11-06 09:33:59] ,2,39.764,409.202,-34.114,41.346,442.288,-60.945,

[2024-11-06 09:34:04] ,2,39.764,409.202,-34.114,41.346,442.288,-60.945,

[2024-11-06 09:34:13] ,2,28.362,442.552,-27.242,17.619,481.702,19.687,

[2024-11-06 09:34:25] ,2,75.223,484.997,35.538,41.873,489.941,-93.039,

[2024-11-06 09:34:38] ,2,5.162,492.906,168.789,29.68,501.409,171.87,

[2024-11-06 09:34:51] ,3,85.967,418.627,70.346,73.773,469.443,-46.621,

[2024-11-06 09:35:06] ,2,15.114,446.704,-46.779,83.001,491.325,-53.027,

[2024-11-06 09:35:17] ,3,68.039,476.232,33.69,-8.481,503.32,43.379,

[2024-11-06 09:35:38] ,1,86.757,460.677,-4.086,79.178,479.132,-64.581,

[2024-11-06 09:35:48] ,2,56.703,424.163,101.31,41.61,450.197,-172.439,

[2024-11-06 09:36:02] ,2,51.958,457.382,-175.986,51.496,483.679,110.026,

[2024-11-06 09:36:16] ,3,19.267,499.3,-28.61,45.564,509.054,-0.769,

[2024-11-06 09:36:30] ,1,68.764,433.391,79.786,51.694,457.975,-44.644,

[2024-11-06 09:36:41] ,1,23.221,462.457,-64.772,19.201,500.75,-13.791,

[2024-11-06 09:36:54] ,2,67.117,450.329,-134.64,44.708,468.784,74.261,

[2024-11-06 09:37:09] ,2,18.542,495.147,-3.545,19.596,509.779,149.56,

[2024-11-06 09:37:23] ,2,78.848,416.452,-173.83,-8.547,423.57,-142.619,

[2024-11-06 09:37:34] ,4,11.687,451.713,-60.396,7.139,513.866,40.394,

[2024-11-06 09:37:56] ,2,66.985,428.909,96.116,-1.363,461.072,-154.341,

[2024-11-06 09:38:05] ,2,79.771,473.332,111.991,16.433,483.284,23.199,

[2024-11-06 09:38:17] ,2,1.471,488.886,-1.023,-4.395,502.595,-35.242,

[2024-11-06 09:38:31] ,1,6.283,421.988,-9.713,20.123,434.05,73.639,

[2024-11-06 09:38:42] ,2,65.337,427.657,-124.114,5.492,490.666,-171.293,

[2024-11-06 09:38:56] ,3,86.428,498.904,62.403,-7.229,506.747,-62.241,

[2024-11-06 09:39:10] ,1,29.614,423.307,65.472,25.462,437.082,75.719,

[2024-11-06 09:39:20] ,1,11.489,449.472,-18.435,36.733,452.109,2.511,

[2024-11-06 09:39:33] ,1,10.369,496.993,14.899,4.173,512.613,-27.022,

[2024-11-06 09:39:46] ,2,43.06,470.695,171.369,22.826,501.145,-148.861,

[2024-11-06 09:40:01] ,3,77.201,451.45,-76.519,76.278,490.797,-23.299,

[2024-11-06 09:40:14] ,1,-8.679,440.179,51.103,-0.506,458.832,61.631,

[2024-11-06 09:40:28] ,1,13.005,459.227,80.949,40.028,482.032,87.973,

[2024-11-06 09:40:47] ,1,8.655,480.845,-67.264,4.767,513.47,0,

[2024-11-06 09:40:58] ,2,11.951,403.929,21.705,56.835,417.045,147.45,

[2024-11-06 09:41:13] ,1,-1.89,472.87,-52.829,-0.704,505.956,8.707,

[2024-11-06 09:41:23] ,4,51.958,497.125,-38.897,31.723,503.979,-18.194,

[2024-11-06 09:41:38] ,2,40.489,448.088,-180,16.169,453.954,91.014,

[2024-11-06 09:41:56] ,1,26.583,402.348,-67.341,39.105,513.8,-29.302,

[2024-11-06 09:42:06] ,2,66.655,469.575,-176.455,47.937,486.118,108.595,

[2024-11-06 09:42:20] ,4,74.828,445.716,59.167,-11.513,516.7,-39.855,

[2024-11-06 09:42:36] ,1,4.635,433.061,-75.231,9.117,498.179,-52.524,

[2024-11-06 09:42:45] ,4,34.755,455.338,-47.827,30.405,484.404,-58.426,

[2024-11-06 09:43:37] ,4,70.478,442.882,54.638,13.533,449.802,-48.576,

[2024-11-06 09:43:52] ,4,70.478,442.882,54.638,13.467,449.802,-48.909,

[2024-11-06 09:44:00] ,4,70.478,442.947,54.23,13.467,449.868,-47.862,

[2024-11-06 09:44:10] ,4,70.478,442.947,54.23,13.467,449.868,-47.862,

[2024-11-06 09:44:16] ,4,70.478,442.947,54.23,13.467,449.868,-47.862,

[2024-11-06 09:44:20] ,4,70.478,442.947,54.23,13.467,449.868,-47.862,

[2024-11-06 09:44:27] ,4,70.478,442.947,54.23,13.467,449.868,-47.862,

[2024-11-06 09:44:33] ,4,70.478,442.947,54.23,13.467,449.868,-47.862,

[2024-11-06 09:44:37] ,4,70.478,442.947,54.23,13.467,449.868,-47.862,

[2024-11-06 09:45:07] ,4,60.855,456.986,31.05,56.176,488.622,26.114,

[2024-11-06 09:45:14] ,4,84.385,457.711,-37.381,59.669,480.318,34.663,

[2024-11-06 09:45:18] ,4,35.744,437.872,42.138,85.637,513.338,19.411,

[2024-11-06 09:45:24] ,4,35.744,437.872,42.138,85.637,513.338,19.411,

[2024-11-06 09:45:34] ,4,35.744,437.872,42.138,85.637,513.338,19.411,

[2024-11-06 09:45:48] ,4,63.623,413.025,-88.452,35.744,437.872,42.138,

[2024-11-06 09:45:53] ,4,72.06,409.07,-84.341,35.744,437.872,42.138,

[2024-11-06 09:45:57] ,4,39.83,410.916,-86.424,11.028,434.445,46.081,

[2024-11-06 09:46:04] ,4,39.896,424.163,-37.476,11.292,456.129,31.31,

[2024-11-06 09:46:07] ,4,19.003,463.116,-36.174,-2.681,489.15,21.146,

[2024-11-06 09:48:05] ,4,51.101,433.061,81.444,50.771,465.225,-14.158,

[2024-11-06 09:48:21] ,1,0.285,465.225,36.769,55.055,514.92,75.101,

[2024-11-06 09:48:26] ,4,31.723,459.425,-16.844,0.285,465.225,36.769,

[2024-11-06 09:48:27] ,4,31.723,459.425,-16.844,0.285,465.225,36.769,

[2024-11-06 09:48:48] ,4,18.212,511.361,-65.26,85.835,512.943,18.925,

[2024-11-06 09:48:50] ,4,18.212,511.361,-65.26,85.835,512.943,18.925,

[2024-11-06 09:49:11] ,4,43.851,438.004,-10.643,1.142,457.052,-1.138,

[2024-11-06 09:49:27] ,4,51.958,459.029,61.189,63.03,469.245,61.631,

[2024-11-06 09:49:36] ,2,27.769,419.023,120.877,42.664,449.143,64.558,

[2024-11-06 09:49:45] ,2,-5.581,450.197,-176.455,51.167,494.686,134.275,

[2024-11-06 09:49:59] ,4,42.73,435.17,7.97,6.942,459.886,12.121,

[2024-11-06 09:50:11] ,4,79.046,454.35,-27.08,85.439,513.602,-71.075,

[2024-11-06 09:50:22] ,4,31.13,457.975,-56.032,9.38,518.347,90,

[2024-11-06 09:50:40] ,1,29.153,487.172,68.385,2.855,513.997,-58.158,

[2024-11-06 09:50:49] ,4,68.105,443.541,17.956,-1.758,447.429,-50.001,

[2024-11-06 09:51:03] ,2,65.601,467.861,135,-2.813,486.184,-161.887,

[2024-11-06 09:51:13] ,4,0.812,465.818,20.821,24.473,510.109,11.535,

[2024-11-06 09:51:27] ,2,12.478,465.093,-23.199,-8.02,494.62,57.019,

[2024-11-06 09:51:38] ,1,32.448,438.004,57.995,-5.186,452.834,-23.6,

[2024-11-06 09:51:57] ,1,4.964,425.284,3.545,-7.361,437.741,74.745,

[2024-11-06 09:52:07] ,2,34.953,420.275,-24.066,54.792,494.291,-113.131,

[2024-11-06 09:52:22] ,4,83.198,411.179,17.942,16.63,457.25,-10.125,

[2024-11-06 09:52:33] ,1,-6.174,470.761,-62.076,-3.208,490.797,57.295,

[2024-11-06 09:52:42] ,2,-0.638,418.034,166.584,48.333,493.829,-19.075,

[2024-11-06 09:52:56] ,3,-3.472,435.104,31.159,59.208,442.42,71.445,

[2024-11-06 09:53:09] ,4,3.58,512.152,28.275,54.133,514.591,-83.447,

[2024-11-06 09:53:24] ,1,77.003,474.65,-38.501,-4.922,488.095,9.628,

[2024-11-06 09:53:34] ,1,48.794,429.897,76.209,83.66,438.861,6.68,

[2024-11-06 09:53:45] ,2,72.126,503.584,-22.184,17.619,516.568,22.463,

[2024-11-06 09:54:01] ,1,-10.326,425.218,-51.814,64.217,487.634,-65.26,

[2024-11-06 09:54:19] ,1,35.217,405.577,-39.936,-3.011,406.17,-71.727,

[2024-11-06 09:54:29] ,1,64.546,428.909,86.961,85.373,466.345,-75.593,

[2024-11-06 09:54:42] ,2,57.362,408.279,112.859,73.18,409.663,-96.226,

[2024-11-06 09:54:55] ,2,3.646,485.722,93.039,29.548,492.313,-145.751,

[2024-11-06 09:55:07] ,3,13.137,401.425,-71.806,32.383,434.972,-39.369,

[2024-11-06 09:55:20] ,1,21.31,473.002,-20.966,13.994,499.036,-43.568,

[2024-11-06 09:55:30] ,2,44.905,409.927,110.854,12.873,434.841,102.2,

[2024-11-06 09:55:41] ,3,-1.956,427.525,68.057,44.708,455.734,-53.807,

[2024-11-06 09:55:55] ,2,45.367,451.054,-97.989,0.087,474.716,96.563,

[2024-11-06 09:56:05] ,3,19.201,447.891,22.36,32.58,517.425,29.982,

[2024-11-06 09:56:18] ,2,10.83,420.341,-88.977,49.914,488.622,-120.877,

[2024-11-06 09:56:27] ,3,4.042,441.102,-60.208,12.873,460.084,-49.276,

[2024-11-06 09:56:40] ,1,65.864,484.536,-53.231,46.026,512.086,-86.934,

[2024-11-06 09:56:50] ,2,-6.899,405.511,-4.635,12.346,488.095,-118.61,

[2024-11-06 09:57:02] ,2,21.112,500.486,-150.255,30.998,503.254,-142.927,

[2024-11-06 09:57:16] ,3,14.719,485.986,-58.713,23.485,519.138,-20.735,

[2024-11-06 09:57:35] ,1,-2.945,461.797,74.124,7.601,484.866,-25.442,

[2024-11-06 09:57:44] ,1,36.601,476.166,-8.556,19.53,479.988,-60.317,

[2024-11-06 09:57:56] ,1,-8.679,486.184,0,0.219,518.413,34.403,

[2024-11-06 09:58:08] ,2,-5.779,492.841,-51.499,50.31,492.841,-61.39,

[2024-11-06 09:58:21] ,2,66.523,418.693,-45,6.217,480.12,86.486,

[2024-11-06 09:58:31] ,3,-0.045,425.482,40.437,43.719,439.257,23.694,

[2024-11-06 09:58:43] ,1,35.283,449.143,-64.558,-4.131,458.107,16.844,

[2024-11-06 09:58:55] ,2,28.823,488.622,-172.372,37.655,508.593,-72.86,

[2024-11-06 09:59:07] ,1,21.178,500.486,-31.574,-1.824,508.659,47.862,

[2024-11-06 09:59:18] ,1,0.614,433.918,-38.897,-11.908,518.875,-44.265,

[2024-11-06 09:59:37] ,1,-8.679,422.582,-81.87,14.521,493.961,-38.972,

[2024-11-06 09:59:47] ,2,6.81,407.62,119.554,19.398,428.843,-73.985,

[2024-11-06 10:00:09] ,3,4.239,417.968,-28.61,21.046,499.959,-19.272,

[2024-11-06 10:00:18] ,1,6.612,453.757,6.062,40.226,488.952,-75.231,

[2024-11-06 10:00:29] ,2,34.162,426.404,-174.898,25.067,443.87,98.631,

[2024-11-06 10:00:42] ,2,80.76,448.352,-34.114,-5.317,456.129,157.73,

[2024-11-06 10:00:54] ,2,-4.065,490.402,-59.816,38.578,512.152,7.696,

[2024-11-06 10:01:07] ,1,19.333,460.875,36.573,35.942,500.091,-68.199,

[2024-11-06 10:01:17] ,2,86.626,453.295,-5.102,42.533,481.57,-38.581,

[2024-11-06 10:01:28] ,4,63.563,464.374,-12.391,85.307,503.781,3.122,

[2024-11-06 10:01:41] ,1,9.117,418.495,-24.274,56.176,463.182,-28.369,

[2024-11-06 10:01:50] ,1,-2.747,428.513,33.408,-6.372,485.986,25.659,

[2024-11-06 10:02:08] ,1,9.973,402.875,-4.635,8.853,497.784,-52.524,

[2024-11-06 10:02:17] ,2,63.821,480.186,27.474,35.546,489.611,-109.075,

[2024-11-06 10:02:31] ,1,53.615,435.368,-4.594,10.247,484.009,-59.636,

[2024-11-06 10:02:42] ,2,14.861,421.988,-115.88,1.283,473.727,83.938,

[2024-11-06 10:02:53] ,2,4.062,497.784,-116.792,25.284,503.386,-120.877,

[2024-11-06 10:03:07] ,2,20.012,457.843,69.034,35.105,501.87,-32.276,

[2024-11-06 10:03:25] ,1,83.548,449.011,-11.706,65.159,459.293,-21.801,

[2024-11-06 10:03:33] ,1,12.3,466.016,-46.757,18.43,512.547,61.837,

[2024-11-06 10:03:45] ,2,10.784,412.3,173.379,40.839,466.807,-55.049,

[2024-11-06 10:03:57] ,3,67.73,421.132,85.806,-3.32,481.241,-27.408,

[2024-11-06 10:04:18] ,2,14.08,411.707,171.293,75.902,451.384,129.218,

[2024-11-06 10:04:27] ,4,32.468,485.657,-108.911,-5.297,491.259,-75.593,

[2024-11-06 10:04:40] ,3,-7.406,405.445,-20.244,26.075,514.656,-53.664,

[2024-11-06 10:04:50] ,1,0.239,405.248,12.918,10.521,427.459,7.628,

[2024-11-06 10:05:00] ,1,55.734,400.568,74.338,61.271,510.57,-39.218,

[2024-11-06 10:05:19] ,1,-3.518,466.807,-19.552,-11.361,483.679,-39.999,

[2024-11-06 10:05:28] ,2,13.091,482.361,117.457,40.18,490.402,-169.287,

[2024-11-06 10:05:40] ,3,50.132,503.188,-17.354,68.389,517.095,-78.766,

[2024-11-06 10:05:53] ,2,0.173,399.579,98.785,21.198,433.72,32.705,

[2024-11-06 10:06:04] ,1,-5.1,437.675,-33.13,13.816,513.931,-66.869,

[2024-11-06 10:06:14] ,2,-6.022,484.932,103.299,58.634,517.293,59.036,

[2024-11-06 10:06:29] ,1,-4.968,420.407,-35.952,-1.343,512.547,-50.001,

[2024-11-06 10:06:38] ,2,21.264,469.311,158.569,12.63,519.797,-150.446,

[2024-11-06 10:06:54] ,1,-0.42,493.368,73.639,71.75,497.718,-39.936,

[2024-11-06 10:07:05] ,1,74.518,473.925,2.027,2.018,515.909,-84.898,

[2024-11-06 10:07:25] ,1,-1.738,428.777,-50.389,-4.968,466.807,-86.486,

[2024-11-06 10:07:34] ,2,71.355,420.407,173.83,32.534,439.454,65.014,

[2024-11-06 10:07:48] ,1,49.078,404.391,45.725,42.289,491.786,-71.405,

[2024-11-06 10:07:58] ,1,7.818,494.093,-38.186,18.034,510.504,-41.76,

[2024-11-06 10:08:11] ,3,-3.979,429.107,86.589,-1.277,455.009,-78.541,

[2024-11-06 10:08:33] ,2,25.153,429.832,126.769,50.659,491.061,-119.302,

[2024-11-06 10:08:52] ,2,14.409,417.375,-60.698,5.841,424.954,115.201,

[2024-11-06 10:09:02] ,1,59.03,447.891,-12.804,-4.638,462.127,37.476,

[2024-11-06 10:09:12] ,1,10.982,503.386,30.619,79.462,512.679,33.261,

[2024-11-06 10:09:24] ,4,42.355,476.232,-60.751,22.591,478.695,10.83,

[2024-11-06 10:09:38] ,2,13.948,456.195,-111.801,47.496,459.557,152.758,

[2024-11-06 10:09:55] ,1,15.266,416.254,44.64,-5.891,449.011,52.524,

[2024-11-06 10:10:04] ,1,68.916,488.688,80.287,85.327,507.472,77.471,

[2024-11-06 10:10:24] ,1,-0.35,458.107,4.554,36.822,489.677,-81.941,

[2024-11-06 10:10:33] ,4,27.647,467.663,-43.946,76.119,517.549,-21.898,

[2024-11-06 10:10:45] ,2,12.554,411.311,-60.698,31.14,425.416,-123.83,

[2024-11-06 10:10:54] ,2,65.215,443.804,173.379,72.992,506.022,72.372,

[2024-11-06 10:11:09] ,2,36.083,399.579,130.657,70.554,421.395,14.534,

[2024-11-06 10:11:20] ,1,19.079,420.077,50.389,2.668,485.722,-35.655,

[2024-11-06 10:11:31] ,2,19.408,485.525,-157.264,68.577,515.447,-12.417,

[2024-11-06 10:11:43] ,1,27.911,491.918,-87.973,56.054,495.213,-12.308,

[2024-11-06 10:12:01] ,1,38.654,470.827,17.176,63.502,476.495,38.897,

[2024-11-06 10:12:12] ,1,54.538,403.138,-5.659,-11.305,426.075,62.076,

[2024-11-06 10:12:23] ,1,80.572,426.207,50.458,-10.514,500.091,62.526,

[2024-11-06 10:12:35] ,4,79.583,510.438,57.609,52.033,519.731,49.008,

[2024-11-06 10:12:47] ,2,10.247,499.497,-58.69,-3.66,513.536,-96.116,

[2024-11-06 10:12:57] ,1,2.997,465.159,-31.05,4.249,492.313,18.435,

[2024-11-06 10:13:16] ,2,2.536,416.452,43.919,-0.957,461.468,-101.211,

[2024-11-06 10:13:25] ,2,6.886,476.297,67.92,23.561,494.95,69.146,

[2024-11-06 10:13:39] ,2,-0.628,486.447,-153.662,8.929,504.704,-144.758,

[2024-11-06 10:13:50] ,1,16.311,407.159,16.015,53.22,445.847,-26.792,

[2024-11-06 10:13:59] ,1,48.804,468.191,-12.095,63.831,518.809,52.306,

[2024-11-06 10:14:13] ,1,72.927,461.666,-10.214,-10.316,503.386,57.724,

[2024-11-06 10:14:31] ,1,-6.428,402.611,81.215,3.063,447.693,-75.231,

[2024-11-06 10:14:41] ,1,3.524,479.395,41.091,-7.68,497.718,13.791,

[2024-11-06 10:14:53] ,2,53.088,468.586,-161.089,40.17,484.602,-160.925,

[2024-11-06 10:15:06] ,1,22.111,443.738,19.075,17.827,479.659,31.477,

[2024-11-06 10:15:18] ,2,80.177,463.709,153.435,69.631,484.404,-14.534,

[2024-11-06 10:15:36] ,1,2.668,449.275,24.986,81.363,461.402,-34.535,

[2024-11-06 10:15:46] ,3,11.236,424.097,-36.111,37.27,473.463,-70.498,

[2024-11-06 10:16:01] ,2,-2.276,438.861,-108.113,16.904,511.097,57.019,

[2024-11-06 10:16:11] ,3,-11.503,467.004,4.544,-8.01,504.375,-31.682,

[2024-11-06 10:16:22] ,1,-8.801,420.868,-68.009,53.022,451.516,61.189,

[2024-11-06 10:16:33] ,1,57.504,465.422,-26.114,-9.855,480.45,-53.531,

[2024-11-06 10:16:45] ,3,-2.737,504.177,-88.472,41.422,512.02,-81.601,

[2024-11-06 10:16:59] ,2,54.34,404.654,90,55.79,457.052,-56.17,

[2024-11-06 10:17:10] ,2,18.947,513.734,135,7.347,517.82,126.973,

[2024-11-06 10:17:20] ,3,2.47,479.395,-53.281,52.561,512.877,-3.84,

[2024-11-06 10:17:33] ,1,14.729,468.85,-31.05,82.681,469.509,-61.144,

[2024-11-06 10:17:51] ,2,2.338,475.177,-43.933,46.365,493.5,-160.758,

[2024-11-06 10:18:02] ,2,14.333,502.002,-85.446,41.62,514.986,40.992,

[2024-11-06 10:18:13] ,3,17.299,438.334,37.776,58.163,438.861,-65.651,

[2024-11-06 10:18:33] ,1,-0.101,410.586,-26.565,53.945,439.191,-29.745,

[2024-11-06 10:18:42] ,1,73.256,467.4,-20.2,6.688,473.727,45.356,

[2024-11-06 10:18:53] ,3,17.827,402.216,-15.893,66.929,483.745,37.708,

[2024-11-06 10:19:07] ,1,-1.814,399.777,84.806,74.442,441.432,-77.8,

[2024-11-06 10:19:20] ,2,38.786,429.502,-178.986,22.836,494.488,-86.486,

[2024-11-06 10:19:32] ,1,73.915,448.286,-87.973,-11.503,465.686,-51.028,

[2024-11-06 10:19:41] ,3,48.145,454.482,78.541,62.183,474.452,-81.225,

[2024-11-06 10:20:02] ,1,-10.58,404.325,16.157,60.338,431.809,33.83,

[2024-11-06 10:20:11] ,2,-4.055,455.47,-48.24,19.474,486.25,-10.62,

[2024-11-06 10:20:31] ,1,14.399,430.82,58.426,41.093,469.443,42.173,

[2024-11-06 10:20:39] ,2,38.918,435.302,-169.786,64.029,467.4,-106.361,

[2024-11-06 10:20:53] ,3,46.168,441.036,57.995,58.361,508.329,15.789,

[2024-11-06 10:21:07] ,1,25.011,488.491,-47.459,5.106,496.663,17.956,

[2024-11-06 10:21:18] ,1,-11.635,475.177,-70.448,75.563,516.238,2.064,

[2024-11-06 10:21:27] ,3,-4.385,508.791,-81.167,26.79,518.611,62.241,

[2024-11-06 10:21:48] ,1,-0.496,455.47,-66.602,-3.528,507.275,81.369,

[2024-11-06 10:21:58] ,3,16.179,414.541,60.018,-11.107,477.747,-85.079,

[2024-11-06 10:22:14] ,2,0.031,497.322,-76.701,19.606,504.441,163.985,

[2024-11-06 10:22:33] ,2,50.913,412.366,-160.105,-3.462,473.266,113.199,

[2024-11-06 10:22:46] ,2,82.549,475.111,-156.869,14.993,491.786,93.039,

[2024-11-06 10:22:58] ,1,18.947,414.738,81.293,3.788,470.827,79.963,

[2024-11-06 10:23:09] ,2,1.877,506.945,-78.69,13.147,515.975,45,

[2024-11-06 10:23:27] ,1,26.131,437.016,8.059,64.886,445.979,15.388,

[2024-11-06 10:23:36] ,2,25.077,454.943,81.518,70.752,466.872,-36.666,

[2024-11-06 10:23:49] ,1,-6.428,454.152,-76.209,32.524,498.047,-79.287,

[2024-11-06 10:23:59] ,2,-5.901,506.352,-57.019,38.061,518.611,-77.082,

[2024-11-06 10:24:12] ,1,6.161,442.947,-10.713,56.186,510.834,-87.444,

[2024-11-06 10:24:24] ,1,-7.021,430.359,-66.869,86.702,493.631,-7.765,

[2024-11-06 10:24:42] ,2,-10.119,402.611,-168.589,36.281,439.586,47.862,

[2024-11-06 10:24:52] ,2,-0.232,452.175,66.602,41.027,459.293,-77.417,

[2024-11-06 10:25:05] ,2,37.533,492.445,33.83,-3.001,504.572,-37.073,

[2024-11-06 10:25:23] ,2,22.902,402.875,-22.659,27.779,501.343,-145.049,

[2024-11-06 10:25:34] ,1,36.743,401.293,84.341,69.302,434.577,86.961,

[2024-11-06 10:25:45] ,3,54.604,455.141,-33.69,5.568,472.738,6.382,

[2024-11-06 10:26:07] ,2,23.956,498.443,73.156,-2.605,518.413,175.914,

[2024-11-06 10:26:17] ,1,42.938,460.413,-34.663,58.888,461.336,-13.791,

[2024-11-06 10:26:27] ,1,51.308,417.177,-19.722,4.908,487.832,-74.745,

[2024-11-06 10:26:39] ,1,44.322,479.593,-61.189,72.004,495.477,-48.621,

[2024-11-06 10:26:50] ,1,-8.207,503.584,61.837,35.754,505.561,46.801,

[2024-11-06 10:27:02] ,3,-7.944,436.884,-77.347,78.792,456.92,79.592,

[2024-11-06 10:27:16] ,1,-11.569,456.986,-80.87,31.404,505.561,14.407,

[2024-11-06 10:27:37] ,1,-5.966,434.972,-82.937,10.643,482.954,40.44,

[2024-11-06 10:27:46] ,2,-0.826,400.173,-61.805,27.383,424.559,-100.214,

[2024-11-06 10:28:00] ,1,9.588,419.088,43.55,27.054,510.768,-84.898,

[2024-11-06 10:28:11] ,1,-3.923,502.068,-60.255,72.465,509.054,-5.609,

[2024-11-06 10:28:30] ,2,-8.866,468.388,-164.124,-8.932,493.961,121.574,

[2024-11-06 10:28:43] ,1,16.904,443.738,59.816,19.474,510.043,-21.329,

[2024-11-06 10:28:55] ,1,20.727,495.016,-6.062,50.254,510.636,-72.525,

[2024-11-06 10:29:14] ,1,40.697,458.7,30.184,1.613,507.472,-64.799,

[2024-11-06 10:29:23] ,2,33.118,411.641,-128.501,16.245,505.363,3.066,

[2024-11-06 10:29:39] ,2,20.331,416.979,-138.281,-10.646,478.407,-131.76,

[2024-11-06 10:29:48] ,2,-10.712,490.27,57.295,54.802,511.295,-56.31,

[2024-11-06 10:30:09] ,2,38.522,482.295,15.255,79.979,491.325,69.624,

[2024-11-06 10:30:19] ,1,-6.494,401.754,65.513,70.883,498.113,69.146,

[2024-11-06 10:30:29] ,2,-9.196,422.648,170.789,15.256,468.322,10.62,

[2024-11-06 10:30:49] ,1,-11.371,437.213,-46.779,78.529,445.057,-64.12,

[2024-11-06 10:30:58] ,1,10.049,452.504,-48.532,14.399,482.625,-76.446,

[2024-11-06 10:31:10] ,2,36.149,421.132,27.474,22.111,442.684,-119.932,

[2024-11-06 10:31:21] ,2,58.493,461.007,-29.055,41.356,461.468,-68.569,

[2024-11-06 10:31:33] ,4,-9.591,473.991,46.606,81.099,495.609,42.274,

[2024-11-06 10:31:46] ,1,14.729,404.127,41.76,47.881,441.3,40.711,

[2024-11-06 10:31:54] ,1,85.911,484.009,-84.852,43.202,491.456,11.706,

[2024-11-06 10:32:06] ,2,39.247,413.354,-62.289,30.283,444.332,119.495,

[2024-11-06 10:32:18] ,2,46.827,456.722,-55.751,-4.319,478.604,-34.249,

[2024-11-06 10:32:29] ,1,36.874,467.004,-90,3.656,515.975,-71.887,

[2024-11-06 10:32:41] ,4,65.545,422.45,-48.621,23.77,496.634,25.684,

[2024-11-06 10:34:02] ,2,57.504,504.177,-4.086,15.981,507.736,-51.499,

[2024-11-06 10:34:07] ,2,57.504,504.177,-4.086,15.981,507.736,-51.499,

[2024-11-06 10:34:17] ,1,-8.537,462.72,-36.769,-10.382,488.161,15.388,

[2024-11-06 10:34:26] ,2,37.072,408.873,98.13,-0.562,421.263,-148.426,

[2024-11-06 10:34:39] ,2,-0.562,496.07,-21.329,75.892,496.597,-173.32,

[2024-11-06 10:34:51] ,4,27.054,440.641,42.138,-11.173,442.091,-22.932,

[2024-11-06 10:35:05] ,4,4.777,411.113,-45,48.738,509.12,20.376,

[2024-11-06 10:35:15] ,2,-10.185,409.004,-88.968,74.179,464.763,-173.379,

[2024-11-06 10:35:25] ,1,7.479,407.884,77.082,83.077,513.8,46.469,

[2024-11-06 10:35:38] ,2,50.847,466.807,116.792,25.538,512.086,-75.593,

[2024-11-06 10:35:49] ,3,25.34,485.195,-79.426,65.874,505.495,11.535,

[2024-11-06 10:36:10] ,1,15.52,434.247,-26.792,8.929,464.895,-79.963,

[2024-11-06 10:36:19] ,2,14.399,412.366,-73.985,65.413,455.536,158.009,

[2024-11-06 10:36:33] ,2,68.84,453.822,-163.496,48.936,495.016,32.276,

[2024-11-06 10:36:52] ,1,1.679,461.336,-39.677,56.977,511.361,1.032,

[2024-11-06 10:37:00] ,4,-8.076,420.275,-49.853,26.329,421.593,-71.806,

[2024-11-06 10:37:13] ,4,23.561,458.832,74.314,56.383,488.82,-42.859,

[2024-11-06 10:37:24] ,1,8.863,450.395,6.009,-2.803,479.329,-71.25,

[2024-11-06 10:37:32] ,2,-2.935,433.391,-12.804,65.149,514.261,-129.542,

[2024-11-06 10:37:44] ,3,10.643,406.961,50.925,51.243,482.822,-6.049,

[2024-11-06 10:37:57] ,1,80.77,430.359,-65.934,85.515,461.468,-35.242,

[2024-11-06 10:38:06] ,3,-6.823,428.975,-39.903,11.038,481.307,-18.672,

[2024-11-06 10:38:20] ,1,18.749,416.452,-86.424,45.047,508.197,-2.534,

[2024-11-06 10:38:29] ,1,-1.353,511.097,40.657,65.149,513.404,79.695,

[2024-11-06 10:38:41] ,3,41.488,463.709,-34.528,65.94,464.434,28.944,

[2024-11-06 10:38:54] ,3,19.277,457.118,28.909,-5.571,473.068,-71.924,

[2024-11-06 10:39:13] ,1,9.456,447.693,73.156,12.29,482.295,-35.074,

[2024-11-06 10:39:22] ,2,14.333,412.102,72.86,76.617,459.293,96.621,

[2024-11-06 10:39:34] ,2,-3.528,474.65,-20.674,51.968,517.161,32.276,

[2024-11-06 10:39:45] ,3,45.245,409.136,-83.83,69.038,435.829,-50.925,

[2024-11-06 10:39:56] ,4,0.888,423.636,-26.787,10.972,519.731,10.713,

[2024-11-06 10:40:10] ,1,24.945,405.05,-77.692,-7.416,487.897,45.716,

[2024-11-06 10:40:18] ,4,-11.503,435.236,70.244,84.658,507.209,-75.217,

[2024-11-06 10:40:31] ,1,-3.791,514.656,-68.484,33.908,517.688,-14.407,

[2024-11-06 10:40:40] ,2,-3.33,496.993,63.208,-5.505,516.831,17.784,

[2024-11-06 10:40:50] ,3,6.82,433.193,42.859,32.524,459.359,71.208,

[2024-11-06 10:41:02] ,3,78.463,503.781,90,43.927,519.27,87.694,

[2024-11-06 10:41:15] ,4,69.499,463.247,56.17,-7.68,517.491,10.808,

[2024-11-06 10:41:27] ,4,38.852,479.329,36.495,68.115,482.822,0,

[2024-11-06 10:41:43] ,1,14.597,429.37,-3.545,42.608,461.534,-10.037,

[2024-11-06 10:41:51] ,2,41.29,413.486,-104.534,31.602,446.441,130.384,

[2024-11-06 10:42:03] ,2,3.788,449.341,-173.379,30.415,493.763,-141.103,

[2024-11-06 10:42:17] ,1,10.972,428.513,-60.255,-8.076,462.325,-45.716,

[2024-11-06 10:42:26] ,3,66.797,455.141,-39.369,33.974,480.252,52.454,

[2024-11-06 10:42:40] ,1,60.602,486.118,-22.463,1.745,517.622,-84.898,

[2024-11-06 10:42:50] ,2,20.265,413.948,151.837,-10.316,482.625,127.786,

[2024-11-06 10:43:03] ,3,5.568,400.041,50.981,14.399,498.047,11.83,

[2024-11-06 10:43:21] ,4,10.84,468.85,-22.218,-7.021,493.302,-16.518,

[2024-11-06 10:43:33] ,1,84.79,501.013,27.951,24.813,502.266,-24.066,

[2024-11-06 10:43:41] ,2,-5.439,476.693,-97.561,6.029,484.272,-98.059,

[2024-11-06 10:43:55] ,2,1.943,441.629,160.925,40.763,502.925,134.64,

[2024-11-06 10:44:13] ,4,35.754,400.963,9.211,67.983,423.175,-13.912,

[2024-11-06 10:44:31] ,1,-2.276,501.277,-59.123,53.286,504.638,11.211,

[2024-11-06 10:44:39] ,2,78.463,466.345,-86.934,-7.482,484.207,164.612,

[2024-11-06 10:44:53] ,1,35.293,447.166,-8.556,0.822,506.813,56.592,

[2024-11-06 10:45:04] ,2,13.872,487.238,72.044,47.683,506.813,-11.81,

[2024-11-06 10:45:16] ,4,60.865,424.493,-36.363,23.429,478.209,-58.95,

[2024-11-06 10:45:36] ,1,-0.496,431.282,12.308,-9.196,451.054,-12.095,

[2024-11-06 10:45:44] ,2,1.547,414.079,132.101,30.811,432.732,-94.05,

[2024-11-06 10:45:58] ,2,76.749,454.218,-174.898,22.44,491.72,-135.356,

[2024-11-06 10:46:12] ,1,9.127,446.045,32.005,18.42,456.261,-18.75,

[2024-11-06 10:46:21] ,1,64.293,485.92,-3.545,-11.107,495.081,5.609,

[2024-11-06 10:46:32] ,1,47.354,503.781,-50.064,19.87,515.843,-25.88,

[2024-11-06 10:46:44] ,2,8.27,486.711,-82.439,11.961,499.102,-99.713,

[2024-11-06 10:47:04] ,1,-10.976,464.763,-78.789,59.679,488.425,29.055,

[2024-11-06 10:47:13] ,2,42.147,405.05,106.65,72.597,509.516,-140.782,

[2024-11-06 10:47:27] ,1,10.445,429.172,-82.875,69.829,440.707,-48.576,

[2024-11-06 10:47:37] ,1,41.488,470.563,-26.565,3.261,510.109,-35.242,

[2024-11-06 10:47:56] ,2,13.147,409.466,-136.45,30.283,438.07,37.786,

[2024-11-06 10:48:06] ,2,-7.878,451.582,20.674,62.579,474.254,-159.8,

[2024-11-06 10:48:18] ,2,38.324,483.877,165.231,40.104,504.309,70.278,

[2024-11-06 10:48:32] ,1,50.386,493.368,-20.674,25.011,505.693,-52.214,

[2024-11-06 10:48:43] ,2,8.665,498.245,43.199,44.718,511.493,102.804,

[2024-11-06 10:49:01] ,1,61.327,401.293,-10.397,8.863,429.436,11.31,

[2024-11-06 10:49:09] ,2,34.963,403.073,-132.825,47.486,448.616,26.338,

[2024-11-06 10:49:24] ,2,25.933,494.422,74.612,-3.989,504.902,107.14,

[2024-11-06 10:49:33] ,4,4.118,468.718,-75.719,17.629,479.066,26.342,

[2024-11-06 10:49:54] ,2,80.44,447.1,92.045,7.94,500.618,-24.274,

[2024-11-06 10:50:03] ,1,10.972,404.588,-37.381,79.649,453.757,-58.426,

[2024-11-06 10:50:14] ,1,-7.351,411.509,-79.695,14.399,496.136,47.862,

[2024-11-06 10:50:24] ,2,10.774,475.309,37.476,5.106,514.854,-147.019,

[2024-11-06 10:50:44] ,2,13.806,455.009,164.261,-10.844,469.904,86.961,

[2024-11-06 10:50:55] ,2,-0.891,454.35,135,8.006,474.386,-157.92,

[2024-11-06 10:51:07] ,2,36.94,458.37,38.972,71.081,510.372,90,

[2024-11-06 10:51:26] ,1,8.336,428.184,-5.057,50.913,514.327,-12.308,

[2024-11-06 10:51:34] ,1,12.752,451.977,-27.457,8.929,516.172,50.389,

[2024-11-06 10:51:45] ,2,-7.416,494.686,33.83,26.197,505.1,141.103,

[2024-11-06 10:51:57] ,3,49.265,413.816,53.664,0.493,453.163,63.773,

[2024-11-06 10:52:18] ,1,4.777,491.193,-38.186,35.095,495.081,-50.711,

[2024-11-06 10:52:28] ,2,20.727,448.418,23.86,48.474,462.127,-79.963,

[2024-11-06 10:52:46] ,1,10.972,456.327,-39.289,-4.121,514.261,-40.657,

[2024-11-06 10:52:55] ,2,19.211,493.631,-136.801,12.818,513.141,-85.914,

[2024-11-06 10:53:08] ,4,12.224,472.475,-42.173,23.099,478.275,-41.091,

[2024-11-06 10:53:28] ,1,-6.56,405.182,-80.707,-7.878,500.947,42.479,

[2024-11-06 10:53:36] ,1,26.461,506.022,-79.786,-3.198,517.161,47.899,

[2024-11-06 10:53:49] ,2,-7.614,427.657,-62.978,24.747,477.022,-2.511,

[2024-11-06 10:54:00] ,4,-2.314,408.92,-8.852,31.931,466.609,52.734,

[2024-11-06 10:54:12] ,1,25.67,412.563,83.938,2.668,496.466,-46.067,

[2024-11-06 10:54:21] ,2,-9.789,420.473,-176.424,15.915,516.436,-60.001,

[2024-11-06 10:54:41] ,1,8.599,455.338,81.518,-3.791,467.202,29.495,

[2024-11-06 10:54:50] ,2,0.097,408.807,-162.86,11.631,488.029,-131.091,

[2024-11-06 10:55:06] ,2,2.536,455.207,41.8,24.286,516.568,-176.934,

[2024-11-06 10:55:15] ,1,1.877,413.091,11.31,9.72,516.041,-11.81,

[2024-11-06 10:55:29] ,1,51.308,438.334,-38.186,56.186,512.218,87.955,

[2024-11-06 10:55:40] ,4,-10.185,463.775,50.001,67.258,512.218,-7.253,

[2024-11-06 10:55:59] ,1,8.731,405.841,9.293,56.779,477.682,-71.405,

[2024-11-06 10:56:07] ,1,50.649,489.677,29.745,10.247,491.259,-74.612,

[2024-11-06 10:56:20] ,2,31.47,466.016,-104.642,34.897,499.827,-61.39,

[2024-11-06 10:56:33] ,1,-7.878,469.443,1.014,9.39,518.413,48.621,

[2024-11-06 10:56:44] ,2,37.533,423.043,-37.786,15.915,438.334,-174.44,

[2024-11-06 10:57:03] ,4,15.058,442.222,-70.615,35.49,446.309,-41.468,

[2024-11-06 10:57:13] ,1,68.511,456.657,-19.075,-4.648,487.436,-68.199,

[2024-11-06 10:57:20] ,1,86.636,488.557,-60.191,14.399,498.245,-83.884,

[2024-11-06 10:57:35] ,1,29.031,434.379,-16.361,41.422,489.809,-14.281,

[2024-11-06 10:57:43] ,2,-6.823,420.209,134.275,42.608,511.427,142.927,

[2024-11-06 10:57:56] ,2,17.827,484.272,-151.631,64.49,489.084,-138.958,

[2024-11-06 10:58:15] ,2,78.463,489.743,-5.148,18.354,500.816,46.801,

[2024-11-06 10:58:32] ,1,67.786,470.497,56.17,-2.803,496.466,-20.026,

[2024-11-06 10:58:44] ,2,-5.637,461.797,-81.369,7.413,513.668,5.102,

[2024-11-06 10:58:54] ,2,10.972,468.322,62.987,-7.878,504.572,117.474,

[2024-11-06 10:59:12] ,2,-9.526,499.168,-59.123,6.82,502.463,-105.388,

[2024-11-06 10:59:22] ,2,5.633,449.407,-7.561,49.529,482.559,92.027,

[2024-11-06 10:59:33] ,1,-5.439,490.006,-79.287,82.088,492.643,72.86,

[2024-11-06 10:59:46] ,2,57.24,472.409,132.138,37.006,498.443,158.671,

[2024-11-06 11:00:05] ,2,2.14,411.245,28.856,5.304,452.636,-9.13,

[2024-11-06 11:00:15] ,1,25.736,402.216,80.2,40.499,517.952,-84.391,

[2024-11-06 11:00:24] ,2,39.906,469.97,163.156,12.224,482.032,19.855,

[2024-11-06 11:00:38] ,1,5.304,482.625,44.644,54.274,505.627,86.961,

[2024-11-06 11:00:56] ,2,49.595,436.093,-34.535,20.661,465.291,-100.037,

[2024-11-06 11:01:09] ,1,33.777,440.772,-43.568,48.804,500.42,0,

[2024-11-06 11:01:26] ,1,68.115,464.829,-29.055,-0.562,486.118,73.639,

[2024-11-06 11:01:35] ,2,1.877,444.793,-24.986,25.208,446.968,125.655,

[2024-11-06 11:01:50] ,1,16.64,508.725,-17.628,35.161,511.295,-4.594,

[2024-11-06 11:02:16] ,2,46.233,408.609,143.334,14.202,444.529,29.055,

[2024-11-06 11:02:25] ,2,57.043,480.845,95.057,-11.173,486.975,155.014,

[2024-11-06 11:02:37] ,2,8.731,495.213,-81.87,41.158,508.593,-117.022,

[2024-11-06 11:02:49] ,1,42.477,484.141,12.095,64.49,497.256,-69.8,

[2024-11-06 11:02:59] ,4,26.593,473.859,39.742,77.634,518.706,82.681,

[2024-11-06 11:03:14] ,2,69.236,466.807,156.869,-6.23,475.111,-11.706,

[2024-11-06 11:03:23] ,2,4.249,478.143,-27.242,15.718,495.543,66.602,

[2024-11-06 11:03:35] ,1,13.543,501.079,-5.56,33.513,504.638,51.103,

[2024-11-06 11:03:45] ,2,55.922,516.963,-131.379,38.918,519.863,-128.501,

[2024-11-06 11:04:06] ,2,27.911,450.329,-37.171,6.424,513.602,-135,

[2024-11-06 11:04:23] ,1,14.136,452.9,88.995,-8.735,458.502,74.124,

[2024-11-06 11:04:32] ,2,50.913,417.704,-142.927,14.861,433.193,-4.554,

[2024-11-06 11:04:45] ,2,39.708,448.813,25.201,75.761,462.193,-28.163,

[2024-11-06 11:04:57] ,2,-11.569,452.372,107.475,81.033,492.181,153.895,

[2024-11-06 11:05:06] ,1,15.454,419.286,-4.086,-1.485,498.179,45.716,

[2024-11-06 11:05:25] ,1,-5.637,412.036,-28.856,20.331,505.297,-69.8,

[2024-11-06 11:05:34] ,2,68.906,414.277,9.8,-2.605,511.097,58.426,

[2024-11-06 11:05:45] ,4,33.645,460.018,48.532,11.17,471.025,45,

[2024-11-06 11:05:58] ,1,57.57,452.241,-46.779,8.929,510.306,-79.287,

[2024-11-06 11:06:06] ,2,31.799,500.222,-180,72.07,507.011,124.695,

[2024-11-06 11:06:20] ,1,-5.11,456.393,-5.057,26.131,500.816,26.338,

[2024-11-06 11:06:32] ,1,38.918,484.536,-70.615,84.592,485.788,-40.657,

[2024-11-06 11:06:49] ,1,28.57,437.082,-21.146,34.04,490.929,6.062,

[2024-11-06 11:06:58] ,2,16.97,403.402,-132.101,9.654,490.929,-72.044,

[2024-11-06 11:07:11] ,1,25.538,432.468,-43.933,-11.635,504.902,79.287,

[2024-11-06 11:07:20] ,1,10.906,475.507,-37.171,37.863,514.656,-49.674,

[2024-11-06 11:07:31] ,2,26.329,497.388,-87.466,55.395,504.177,-17.784,

[2024-11-06 11:07:44] ,2,3.986,412.629,-79.192,74.508,502.529,-175.878,

[2024-11-06 11:08:02] ,1,57.636,425.547,51.103,37.863,426.272,45,

[2024-11-06 11:08:10] ,4,44.322,446.111,-83.202,24.088,455.47,-23.394,

[2024-11-06 11:08:26] ,2,85.779,435.236,-44.64,72.597,459.82,151.837,

[2024-11-06 11:08:36] ,2,-11.964,502.002,-96.621,49.529,518.545,41.76,

[2024-11-06 11:08:47] ,4,40.895,421.593,26.565,0.427,446.177,-12.938,

[2024-11-06 11:08:57] ,4,1.283,460.084,-19.628,-10.514,507.341,73.74,

[2024-11-06 11:09:07] ,1,-2.737,487.041,14.281,10.313,515.975,-41.042,

[2024-11-06 11:09:15] ,4,-0.298,470.629,11.014,-2.935,516.436,74.107,

[2024-11-06 11:09:37] ,1,-4.385,463.511,22.27,81.297,483.547,-17.14,

[2024-11-06 11:09:46] ,1,70.883,484.866,87.466,27.054,489.216,-47.49,

[2024-11-06 11:10:04] ,4,75.761,452.834,32.705,-3.594,489.018,6.621,

[2024-11-06 11:10:14] ,2,18.486,417.243,105.03,22.177,440.047,-6.062,

[2024-11-06 11:10:22] ,4,44.19,419.616,-74.612,7.874,447.759,-22.736,

[2024-11-06 11:10:37] ,1,79.913,419.484,28.195,9.852,509.054,86.961,

[2024-11-06 11:10:45] ,4,49.463,413.882,41.76,29.295,417.638,40.972,

[2024-11-06 11:10:57] ,4,63.106,496.663,80.412,45.047,510.438,-59.167,

[2024-11-06 11:11:08] ,2,80.308,469.047,-29.999,24.286,493.829,19.552,

[2024-11-06 11:11:15] ,2,38.983,495.279,79.287,20.068,513.009,167.692,

[2024-11-06 11:11:27] ,3,46.431,460.084,44.734,0.163,507.604,-14.589,

[2024-11-06 11:11:38] ,4,70.092,407.093,15.164,23.495,444.463,56.592,

[2024-11-06 11:11:52] ,1,4.381,476.759,-72.824,11.499,517.161,73.009,

[2024-11-06 11:12:09] ,2,18.42,451.977,80.949,0.756,457.184,-121.31,

[2024-11-06 11:12:18] ,2,2.074,477.418,170.372,42.213,491.391,49.289,

[2024-11-06 11:12:31] ,1,-7.285,467.993,55.049,22.243,468.586,-73.918,

[2024-11-06 11:12:42] ,3,4.974,480.845,17.601,3.854,503.386,80.036,

[2024-11-06 11:13:02] ,1,5.106,419.813,16.991,-11.569,420.341,31.139,

[2024-11-06 11:13:10] ,2,32.788,444.661,73.156,70.092,481.372,-149.816,

[2024-11-06 11:13:22] ,2,12.356,507.604,79.786,74.574,512.481,-83.83,

[2024-11-06 11:13:34] ,4,86.767,476.891,-50.064,40.895,478.736,35.074,

[2024-11-06 11:13:47] ,1,13.411,441.893,80.455,69.038,502.793,-23.6,

[2024-11-06 11:13:56] ,2,3.656,405.841,-44.64,4.908,462.259,-45,

[2024-11-06 11:14:08] ,3,-7.153,467.597,67.001,12.29,496.4,-86.947,

[2024-11-06 11:16:32] ,3,-7.153,467.597,66.306,12.29,496.466,-86.967,

[2024-11-06 11:16:38] ,3,-7.153,467.597,66.306,12.29,496.466,-86.967,

[2024-11-06 11:16:55] ,2,-4.846,412.695,176.934,72.202,481.109,16.991,

[2024-11-06 11:17:04] ,4,71.411,421.461,28.163,21.76,468.853,-16.887,

[2024-11-06 11:17:18] ,3,5.172,449.67,-28.944,70.027,461.6,14.589,

[2024-11-06 11:17:26] ,3,19.54,471.42,24.228,-0.628,512.218,-80.036,

[2024-11-06 11:17:39] ,4,48.145,422.516,33.69,-8.998,478.407,81.444,

[2024-11-06 11:17:49] ,4,42.345,494.093,80.102,-5.439,499.3,75.044,

[2024-11-06 11:18:00] ,3,-0.891,436.291,80.036,-1.221,465.225,85.079,

[2024-11-06 11:18:11] ,2,74.377,476.495,151.144,45.311,505.429,159.624,

[2024-11-06 11:18:24] ,1,80.44,449.538,-30.877,8.797,495.147,38.581,

[2024-11-06 11:18:32] ,2,13.015,480.713,143.936,-9.723,508.593,-71.727,

[2024-11-06 11:18:54] ,1,10.906,417.309,-57.724,9.852,498.575,-11.706,

[2024-11-06 11:19:02] ,2,0.69,475.968,14.281,25.604,498.443,157.264,

[2024-11-06 11:19:16] ,2,76.156,417.309,38.741,19.277,442.552,71.089,

[2024-11-06 11:19:26] ,1,-7.812,433.918,12.804,57.702,462.061,69.034,

[2024-11-06 11:19:36] ,2,39.643,483.152,107.802,56.779,514.063,-157.537,

[2024-11-06 11:19:48] ,3,10.379,419.748,-77.347,-4.714,473.991,-18.435,

[2024-11-06 11:20:08] ,1,-1.946,464.104,-41.468,-0.43,478.538,77.525,

[2024-11-06 11:20:17] ,4,-6.56,422.45,129.936,55.79,492.775,-11.211,

[2024-11-06 11:20:33] ,1,23.627,404.061,-78.19,60.008,480.318,10.125,

[2024-11-06 11:20:41] ,1,0.493,494.488,-18.113,65.94,515.909,-16.798,

[2024-11-06 11:20:52] ,3,33.645,451.318,38.073,34.106,481.504,-46.332,

[2024-11-06 11:21:05] ,1,4.843,449.209,-3.514,12.686,518.281,45.725,

[2024-11-06 11:21:14] ,2,7.874,465.686,56.032,13.345,490.468,-29.745,

[2024-11-06 11:21:27] ,1,-6.889,456.788,-16.844,32.195,515.513,-28.856,

[2024-11-06 11:21:38] ,1,45.64,460.15,-64.323,45.97,510.438,45,

[2024-11-06 11:21:56] ,1,52.627,411.311,23.131,69.302,468.652,-68.671,

[2024-11-06 11:22:05] ,2,24.615,402.018,169.192,27.054,436.291,136.432,

[2024-11-06 11:22:16] ,2,-0.167,436.95,149.816,7.677,469.245,-167.905,

[2024-11-06 11:22:28] ,3,15.783,414.145,80.412,42.543,452.966,-54.549,

[2024-11-06 11:22:42] ,1,5.172,507.802,-38.186,71.147,519.797,-80.112,

[2024-11-06 11:22:51] ,2,40.829,435.368,103.183,-9.196,448.616,176.961,

[2024-11-06 11:23:04] ,1,47.156,425.284,-63.208,10.181,461.402,-35.362,

[2024-11-06 11:23:13] ,2,16.508,478.275,54.52,-2.671,487.436,-61.39,

[2024-11-06 11:23:24] ,2,-9.394,511.822,20.556,73.981,514.261,158.776,

[2024-11-06 11:23:44] ,2,75.365,412.959,145.597,63.568,449.407,155.014,

[2024-11-06 11:23:53] ,3,32.261,413.223,-20.956,52.363,427.459,-25.887,

[2024-11-06 11:24:04] ,3,-7.482,469.245,77.062,82.154,490.006,-18.314,

[2024-11-06 11:24:17] ,1,79.254,452.241,-48.621,1.943,456.195,-38.27,

[2024-11-06 11:24:28] ,1,63.436,476.363,-37.875,29.822,499.761,-20.854,

[2024-11-06 11:24:39] ,1,12.422,485.722,85.986,77.87,502.002,-22.659,

[2024-11-06 11:24:52] ,2,26.527,445.782,-54.345,-10.514,503.386,32.55,

[2024-11-06 11:25:01] ,3,-5.176,476.232,-42.58,15.52,493.961,64.618,

[2024-11-06 11:25:21] ,2,2.733,464.829,74.124,-4.78,487.238,116.792,

[2024-11-06 11:25:30] ,2,16.838,500.684,157.73,24.088,515.381,144.758,

[2024-11-06 11:25:41] ,3,-11.701,438.861,-42.044,84.263,496.597,60.16,

[2024-11-06 11:25:56] ,1,80.045,479.593,-28.61,38.588,506.022,16.991,

[2024-11-06 11:26:05] ,2,9.258,492.511,-101.81,58.888,500.75,149.816,

[2024-11-06 11:26:25] ,2,51.572,418.1,-90,43.531,454.482,-161.565,

[2024-11-06 11:26:34] ,3,11.565,400.568,39.855,8.072,440.311,-63.265,

[2024-11-06 11:26:51] ,1,36.347,406.17,55.886,86.833,486.184,-86.392,

[2024-11-06 11:27:03] ,1,67.127,510.9,68.962,-7.746,519.072,-80.707,

[2024-11-06 11:27:13] ,2,33.118,423.043,-53.334,61.656,487.897,175.446,

[2024-11-06 11:27:30] ,3,9.127,454.811,-62.592,-11.437,510.57,-41.474,

[2024-11-06 11:27:47] ,1,50.847,501.145,-73.639,5.172,517.754,-48.621,

[2024-11-06 11:27:56] ,2,20.595,440.641,-124.249,66.797,476.495,-83.938,

[2024-11-06 11:28:11] ,2,31.536,415.727,-101.31,-0.562,429.107,101.706,

[2024-11-06 11:28:20] ,3,2.602,509.054,-24.349,68.379,511.229,58.116,

[2024-11-06 11:28:32] ,3,21.056,459.622,75.964,37.402,519.138,22.297,

[2024-11-06 11:28:52] ,3,13.081,437.807,85.456,-6.23,464.566,15.584,

[2024-11-06 11:29:01] ,3,48.87,478.341,30.77,44.058,502.661,-23.847,

[2024-11-06 11:29:14] ,1,-6.032,408.741,-27.474,12.027,489.941,-52.125,

[2024-11-06 11:29:26] ,1,2.14,493.829,13.183,58.954,502.134,54.758,

[2024-11-06 11:29:35] ,2,17.629,477.352,171.444,-9.855,502.991,103.299,

[2024-11-06 11:29:48] ,2,48.013,441.234,38.186,-4.714,483.086,159.326,

[2024-11-06 11:29:58] ,2,30.943,484.866,-26.342,86.174,490.072,-60.895,

[2024-11-06 11:30:17] ,2,18.618,443.211,-20.497,2.272,443.936,-163.496,

[2024-11-06 11:30:26] ,2,47.156,466.543,9.545,30.218,490.468,-7.001,

[2024-11-06 11:30:36] ,3,65.808,497.52,35.493,43.333,516.238,61.543,

[2024-11-06 11:30:49] ,1,-11.503,479.461,-69.974,-1.946,494.027,13.299,

[2024-11-06 11:30:59] ,1,-1.682,512.416,-67.537,14.597,516.7,-86.961,

[2024-11-06 11:31:10] ,2,3.195,414.013,129.936,55.658,519.797,0,

[2024-11-06 11:31:23] ,2,21.122,426.009,-45,7.611,474.32,-154.558,

[2024-11-06 11:31:33] ,2,1.679,494.422,105.388,48.606,515.118,-46.824,

[2024-11-06 11:31:52] ,1,62.052,430.82,53.637,34.633,448.747,89.493,

[2024-11-06 11:32:01] ,1,77.804,488.952,87.444,32.854,495.411,14.407,

[2024-11-06 11:32:12] ,1,9.39,497.586,-68.385,53.22,517.491,-18.273,

[2024-11-06 11:32:25] ,1,3.063,479.461,71.089,4.315,496.202,-4.554,

[2024-11-06 11:32:36] ,1,72.663,426.602,-9.211,-0.562,515.25,-69.146,

[2024-11-06 11:32:46] ,3,40.763,457.382,22.218,48.343,495.543,-32.53,

[2024-11-06 11:32:59] ,1,2.206,443.607,82.439,14.531,507.802,46.801,

[2024-11-06 11:33:16] ,2,-8.01,415.134,159.146,39.049,456.459,73.78,

[2024-11-06 11:33:26] ,2,77.54,473.463,-83.884,7.94,481.702,0,

[2024-11-06 11:33:38] ,3,43.861,450.395,-57.039,-3.066,450.593,4.921,

[2024-11-06 11:33:49] ,1,-6.164,449.011,29.006,16.64,456.92,25.894,

[2024-11-06 11:34:00] ,3,22.704,404.918,-76.891,-6.296,422.252,64.636,

[2024-11-06 11:34:12] ,2,38.588,473.266,-106.844,17.563,474.65,152.103,

[2024-11-06 11:34:24] ,2,2.536,492.709,-178.977,63.37,504.836,156.194,

[2024-11-06 11:34:43] ,2,21.254,418.363,145.751,70.554,434.907,34.535,

[2024-11-06 11:34:52] ,2,78.595,467.466,126.666,-9.591,480.516,-178.986,

[2024-11-06 11:35:04] ,3,-10.382,413.882,48.24,34.568,426.404,-53.584,

[2024-11-06 11:35:17] ,1,11.961,453.493,-40.764,65.281,462.457,46.801,

[2024-11-06 11:35:27] ,3,54.538,411.838,59.167,4.381,475.507,41.54,

[2024-11-06 11:35:46] ,1,-2.935,415.002,88.479,17.233,465.357,-54.23,

[2024-11-06 11:35:56] ,2,55.461,462.918,103.183,24.549,492.841,-46.432,

[2024-11-06 11:36:08] ,3,-6.23,430.095,5.297,47.486,430.622,-37.476,

[2024-11-06 11:36:22] ,1,4.843,423.372,-30.184,51.243,432.995,77.8,

[2024-11-06 11:36:35] ,1,-0.628,401.095,74.476,7.94,481.966,9.051,

[2024-11-06 11:36:45] ,1,68.379,494.884,10.713,-4.714,516.502,74.97,

[2024-11-06 11:36:57] ,2,75.761,455.536,21.516,3.986,466.279,-123.83,

[2024-11-06 11:37:08] ,2,58.888,504.572,138.24,11.368,518.018,-141.499,

[2024-11-06 11:37:21] ,2,27.647,408.345,145.597,18.486,423.57,-128.897,

[2024-11-06 11:37:34] ,1,-10.448,447.363,71.405,3.59,480.647,-23.658,

[2024-11-06 11:37:52] ,2,61.722,462.259,-170.87,72.795,466.213,-2.045,

[2024-11-06 11:38:03] ,3,3.524,422.911,16.518,67.588,452.307,-87.346,

[2024-11-06 11:38:13] ,1,25.802,416.123,-74.612,50.254,435.566,14.407,

[2024-11-06 11:38:24] ,1,-11.635,438.532,63.662,15.454,454.218,18.435,

[2024-11-06 11:38:35] ,1,1.679,478.341,-83.938,47.09,481.307,-22.736,

[2024-11-06 11:38:47] ,1,71.806,507.143,-51.582,-6.56,516.897,23.131,

[2024-11-06 11:38:59] ,2,74.904,500.091,37.073,53.352,514.525,137.203,

[2024-11-06 11:39:13] ,1,-4.846,485.129,65.681,-4.253,502.266,5.56,

[2024-11-06 11:39:21] ,3,33.908,496.993,40.972,11.829,503.32,-88.103,

[2024-11-06 11:39:35] ,1,50.386,477.945,-88.995,32.063,513.075,-25.419,

[2024-11-06 11:39:53] ,1,-11.239,419.879,-18.113,80.836,436.752,-37.381,

[2024-11-06 11:40:01] ,2,56.581,408.411,-138.281,65.347,424.691,-175.406,

[2024-11-06 11:40:13] ,2,27.977,484.866,-53.936,8.929,504.572,-148.426,

[2024-11-06 11:40:26] ,1,41.224,497.322,46.081,55.922,503.056,49.674,

[2024-11-06 11:40:36] ,3,79.583,505.166,-85.014,-10.976,513.075,-14.315,

[2024-11-06 11:40:48] ,2,-9.262,444.925,-160.925,31.14,453.691,30.619,

[2024-11-06 11:41:06] ,1,9.522,419.945,-66.14,-10.976,450.593,65.472,

[2024-11-06 11:41:15] ,2,15.19,443.936,126.469,56.449,482.757,-68.854,

[2024-11-06 11:41:27] ,2,-3.989,491.918,7.628,31.602,496.268,85.95,

[2024-11-06 11:41:38] ,3,49.068,447.627,-56.31,14.531,460.875,-7.866,

[2024-11-06 11:41:51] ,2,52.231,425.811,-76.209,37.468,497.322,-90,

[2024-11-06 11:42:01] ,1,16.311,429.172,-32.433,25.999,494.62,68.854,

[2024-11-06 11:42:10] ,2,4.777,403.534,-139.733,8.731,512.218,39.936,

[2024-11-06 11:42:30] ,1,83.472,423.307,55.597,56.845,477.022,87.99,

[2024-11-06 11:42:39] ,3,-9.13,478.472,78.914,41.356,517.161,54.284,

[2024-11-06 11:42:52] ,2,67.258,419.879,12.417,-0.43,516.897,-167.082,

[2024-11-06 11:43:02] ,3,-1.814,464.566,23.847,-8.01,489.809,6.843,

[2024-11-06 11:43:21] ,1,86.174,464.292,75.101,9.654,468.906,-53.13,

[2024-11-06 11:43:31] ,2,24.418,418.815,9.211,9.456,431.997,127.786,

[2024-11-06 11:43:42] ,2,30.679,438.785,-83.938,60.536,459.612,-164.745,

[2024-11-06 11:43:54] ,3,9.522,494.94,-23.499,86.833,511.681,48.013,

[2024-11-06 11:44:07] ,1,59.745,473.915,-64.341,36.677,506.606,46.801,

[2024-11-06 11:44:16] ,2,16.904,415.717,-87.955,12.554,485.053,127.875,

[2024-11-06 11:44:30] ,2,-4.582,423.682,28.61,11.763,484.45,-23.658,

[2024-11-06 11:44:39] ,3,10.049,449.782,87.754,50.056,497.698,13.023,

[2024-11-06 11:44:50] ,4,14.56,470.409,54.806,37.599,472.982,-71.723,

[2024-11-06 11:45:03] ,2,2.733,409.709,137.899,-6.823,507.255,53.334,

[2024-11-06 11:45:20] ,1,-4.78,437.523,13.912,5.963,459.932,-30.877,

[2024-11-06 11:45:29] ,3,22.496,451.496,57.875,-7.031,482.605,-35.272,

[2024-11-06 11:45:42] ,4,-4.131,430.273,6.563,73.312,472.257,-12.308,

[2024-11-06 11:46:00] ,3,0.614,407.996,-62.58,13.401,442.862,78.17,

[2024-11-06 11:46:09] ,4,-7.138,447.987,-62.333,77.53,516.284,-84.806,

[2024-11-06 11:46:21] ,2,29.483,431.657,163.009,25.726,501.521,162.525,

[2024-11-06 11:46:31] ,2,11.358,416.564,7.189,40.226,499.411,171.87,

[2024-11-06 11:46:41] ,3,78.585,413.993,-54.372,4.173,513.977,18.194,

[2024-11-06 11:46:54] ,2,34.755,500.334,-116.338,41.017,511.671,-38.501,

[2024-11-06 11:47:05] ,1,44.971,430.8,-52.524,11.028,462.964,17.802,

[2024-11-06 11:47:16] ,3,1.076,429.152,-64.113,42.73,480.562,-41.257,

[2024-11-06 11:47:36] ,2,42.598,430.141,26.338,51.43,506.727,28.61,

[2024-11-06 11:47:46] ,4,56.439,423.616,-37.073,85.967,507.452,90,

[2024-11-06 11:48:00] ,3,20.585,440.423,48.991,79.771,517.471,55.452,

[2024-11-06 11:48:18] ,2,61.119,469.818,105.876,79.837,471.334,153.895,

[2024-11-06 11:48:27] ,3,24.869,416.3,-35.272,-4.988,508.968,-34.43,

[2024-11-06 11:48:39] ,1,26.253,484.78,-40.061,59.801,490.052,-80.789,

[2024-11-06 11:48:53] ,2,42.73,453.737,118.811,44.444,471.598,62.987,

[2024-11-06 11:49:10] ,1,71.203,439.434,-51.499,-6.438,443.982,-87.489,

[2024-11-06 11:49:19] ,1,68.632,456.834,-5.609,4.239,488.207,25.201,

[2024-11-06 11:49:30] ,3,31.13,418.343,-1.528,-3.011,460.657,86.987,

[2024-11-06 11:49:46] ,2,5.228,492.227,146.449,10.501,515.493,-16.015,

[2024-11-06 11:49:57] ,3,-8.811,443.85,35.054,17.223,517.602,24.349,

[2024-11-06 11:50:09] ,2,32.119,484.78,-54.638,4.767,492.886,36.769,

[2024-11-06 11:50:26] ,2,12.61,450.968,-153.208,27.571,469.884,91.005,

[2024-11-06 11:50:37] ,2,-10.854,429.943,20.2,8.589,452.814,-155.014,

[2024-11-06 11:50:50] ,3,58.153,493.414,71.445,78.123,507.518,-1.153,

[2024-11-06 11:50:59] ,1,31.328,503.234,50.389,60.592,518.921,82.811,

[2024-11-06 11:51:13] ,2,45.037,495.061,-74.612,-3.208,507.782,130.657,

[2024-11-06 11:51:31] ,2,84.582,448.332,-171.293,21.178,492.491,3.545,

[2024-11-06 11:51:42] ,1,-2.22,411.291,32.276,58.285,466.918,-17.324,

[2024-11-06 11:51:54] ,2,26.121,452.484,-22.543,50.771,504.684,-83.884,

[2024-11-06 11:52:03] ,3,0.087,492.293,9.15,16.037,512.857,-37.708,

[2024-11-06 11:52:17] ,2,80.232,441.082,-64.12,24.605,508.705,-110.376,

[2024-11-06 11:52:28] ,1,27.901,445.037,44.284,-1.626,491.305,30.44,

[2024-11-06 11:52:45] ,1,3.514,401.603,52.619,37.853,444.773,-45.36,

[2024-11-06 11:52:54] ,1,-7.163,481.88,70.448,26.385,507.782,-41.042,

[2024-11-06 11:53:06] ,3,35.217,411.291,69.756,-1.231,506.53,58.97,

[2024-11-06 11:53:19] ,2,22.628,428.098,-174.391,82.539,463.887,34.535,

[2024-11-06 11:53:29] ,2,43.126,490.711,-157.068,24.408,492.491,11.211,

[2024-11-06 11:53:49] ,1,55.055,449.584,74.612,70.61,500.664,76.088,

[2024-11-06 11:53:57] ,2,46.883,505.014,135,10.896,507.914,115.88,

[2024-11-06 11:54:09] ,3,5.162,415.839,83.911,0.219,477.134,-23.348,

[2024-11-06 11:54:24] ,1,-9.272,430.471,27.022,72.719,440.489,22.463,

[2024-11-06 11:54:32] ,1,9.973,465.402,14.769,-5.845,481.221,54.638,

[2024-11-06 11:54:43] ,2,37.589,473.971,177.99,51.43,490.448,-153.886,

[2024-11-06 11:54:56] ,3,17.092,433.437,-42.859,76.476,474.498,80.036,

[2024-11-06 11:55:11] ,3,-0.242,467.907,-69.179,-4.856,499.939,57.995,

[2024-11-06 11:55:23] ,2,37.787,482.473,-155.472,22.233,506.398,24.74,

[2024-11-06 11:55:41] ,2,51.298,413.137,-131.76,0.944,474.564,110.788,

[2024-11-06 11:55:50] ,3,-2.088,415.641,16.626,8.919,449.452,52.224,

[2024-11-06 11:56:10] ,1,75.948,429.614,59.3,29.483,519.58,-4.594,

[2024-11-06 11:56:19] ,2,-6.174,458.35,136.779,72.257,467.248,-176.934,

[2024-11-06 11:56:31] ,2,67.71,485.439,20.2,-7.229,514.373,-174.852,

[2024-11-06 11:56:43] ,3,-1.758,411.225,-74.107,38.776,431.591,37.174,

[2024-11-06 11:57:03] ,1,15.114,413.203,-21.516,50.639,493.941,65.681,

[2024-11-06 11:57:12] ,1,32.119,496.38,71.405,86.889,512.198,-35.417,

[2024-11-06 11:57:23] ,2,-4.724,421.705,-54.758,-2.879,460.987,62.076,

[2024-11-06 11:57:35] ,2,66.326,475.355,151.39,-6.24,504.618,-50.782,

[2024-11-06 11:57:46] ,3,38.117,403.909,11.234,75.685,421.837,88.462,

[2024-11-06 11:57:58] ,3,-2.747,439.962,45.535,64.744,498.884,-75.411,

[2024-11-06 11:58:11] ,2,-6.042,410.962,-158.009,23.485,492.623,53.936,

[2024-11-06 11:58:21] ,3,8.26,423.484,4.544,3.119,475.948,-3.74,

[2024-11-06 11:58:33] ,1,60.526,483.923,-43.221,3.317,492.821,27.897,

[2024-11-06 11:58:44] ,2,19.728,451.825,16.699,72.521,461.052,1.023,

[2024-11-06 11:58:54] ,1,38.973,486.625,-64.106,-11.645,509.957,-47.521,

[2024-11-06 11:59:12] ,1,36.535,444.905,62.076,60.394,475.816,85.986,

[2024-11-06 11:59:21] ,2,59.735,453.012,-61.631,37.721,487.35,-95.511,

[2024-11-06 11:59:32] ,3,-11.051,461.58,68.477,32.448,511.736,74.578,

[2024-11-06 11:59:45] ,2,-6.833,514.043,-84.898,39.039,517.207,26.565,

[2024-11-06 11:59:54] ,2,9.842,469.159,115.017,33.635,485.9,-155.014,

[2024-11-06 12:00:06] ,4,2.196,480.496,-6.45,49.783,481.55,61.429,

[2024-11-06 12:00:19] ,3,-3.208,425.725,-78.914,18.542,485.505,8.661,

[2024-11-06 12:00:28] ,3,-6.504,506.727,-46.071,26.121,512.725,76.891,

[2024-11-06 12:00:48] ,1,81.287,423.814,-77.082,56.439,441.412,-11.113,

[2024-11-06 12:00:57] ,2,-1.165,436.205,107.956,76.41,458.218,-63.208,

[2024-11-06 12:01:09] ,2,38.446,493.48,97.063,-1.692,508.573,145.465,

[2024-11-06 12:01:20] ,3,7.535,463.096,-20.206,14.455,501.389,-4.544,

[2024-11-06 12:01:31] ,4,35.283,422.298,-11.211,30.537,449.057,-66.088,

[2024-11-06 12:01:44] ,1,1.142,475.684,-7.496,-8.942,498.752,23.86,

[2024-11-06 12:01:52] ,1,29.812,509.166,-22.932,17.948,514.571,77.692,

[2024-11-06 12:02:04] ,4,32.646,458.68,41.139,17.158,471.005,-84.043,

[2024-11-06 12:02:18] ,1,-2.088,483.132,72.044,4.173,510.616,8.631,

[2024-11-06 12:02:26] ,4,33.814,459.929,39.428,35.81,478.057,-37.842,

[2024-11-06 12:02:48] ,4,44.378,409.182,82.304,15.444,484.055,-29.683,

[2024-11-06 12:02:57] ,1,-2.549,474.3,-64.558,47.476,497.105,46.067,

[2024-11-06 12:03:05] ,1,63.426,507.848,65.726,29.614,513.911,-54.048,

[2024-11-06 12:03:18] ,1,39.039,502.971,-12.308,10.896,513.648,-50.389,

[2024-11-06 12:03:28] ,2,23.748,434.887,-80.372,14.126,484.45,-118.811,

[2024-11-06 12:03:48] ,1,5.426,422.759,28.61,-9.074,442.927,19.552,

[2024-11-06 12:04:06] ,3,16.037,492.03,-70.244,4.701,511.802,-17.832,

[2024-11-06 12:04:17] ,2,23.617,401.471,-65.726,34.887,448.068,139.236,

[2024-11-06 12:04:30] ,1,33.239,487.087,47.49,72.719,488.932,-49.343,

[2024-11-06 12:04:47] ,2,16.367,463.952,-90,6.019,492.689,154.341,

[2024-11-06 12:05:05] ,2,26.121,407.205,11.411,59.998,455.252,55.751,

[2024-11-06 12:05:14] ,2,68.896,484.055,-104.899,12.61,484.846,17.802,

[2024-11-06 12:05:33] ,3,-10.326,406.612,-6.129,34.558,438.38,65.807,

[2024-11-06 12:05:51] ,4,44.68,435.238,61.876,39.303,471.598,-58.523,

[2024-11-06 12:06:01] ,1,45.235,437.127,62.076,-7.558,459.405,-27.229,

[2024-11-06 12:06:09] ,2,42.862,401.8,55.597,-11.117,428.296,-83.437,

[2024-11-06 12:06:21] ,2,7.139,449.518,-43.221,80.298,470.082,-38.82,

[2024-11-06 12:06:31] ,2,54.33,498.027,69.8,75.685,503.63,-30.256,

[2024-11-06 12:06:42] ,2,7.008,509.627,131.76,53.276,515.032,-70.758,

[2024-11-06 12:06:55] ,2,50.376,479.243,-57.144,44.114,510.682,-132.101,

[2024-11-06 12:07:05] ,3,65.337,415.378,56.416,29.153,452.55,63.602,

[2024-11-06 12:07:18] ,1,58.944,484.846,15.388,20.058,492.227,36.769,

[2024-11-06 12:07:27] ,2,-0.836,460.327,-39.999,40.292,477.398,-140.323,

[2024-11-06 12:07:40] ,1,-6.372,491.305,-36.363,-1.692,505.343,70.278,

[2024-11-06 12:07:49] ,2,-6.57,473.839,111.615,32.119,501.718,156.4,

[2024-11-06 12:08:02] ,3,20.453,422.562,75.411,23.814,507.123,-52.595,

[2024-11-06 12:08:14] ,2,-9.865,482.275,135,15.51,497.039,110.854,

[2024-11-06 12:08:27] ,2,-1.363,422.034,132.479,8.26,507.65,-154.12,

[2024-11-06 12:08:45] ,1,-3.472,472.916,-59.123,72.126,506.596,19.895,

[2024-11-06 12:08:53] ,2,13.862,493.743,-86.934,5.689,518.591,38.82,

[2024-11-06 12:09:13] ,3,46.355,430.471,-31.159,10.171,436.996,-81.601,

[2024-11-06 12:09:30] ,1,68.369,449.782,-29.055,44.905,452.814,-42.173,

[2024-11-06 12:09:39] ,1,66.787,478.98,35.242,-11.974,497.896,2.027,

[2024-11-06 12:09:50] ,3,16.63,432.975,-54.638,-7.492,451.43,-17.716,

[2024-11-06 12:10:01] ,3,56.176,488.141,40.972,54.396,507.452,32.208,

[2024-11-06 12:10:12] ,3,36.469,513.911,65.145,-2.879,515.691,49.066,

[2024-11-06 12:10:23] ,4,20.387,471.532,-81.444,38.776,471.532,30.256,

[2024-11-06 12:10:37] ,1,11.358,482.341,11.017,10.105,500.993,88.986,

[2024-11-06 12:10:46] ,1,-8.942,503.696,8.202,37.326,512.461,28.856,

[2024-11-06 12:10:57] ,3,57.823,508.902,40.934,27.044,519.646,-68.057,

[2024-11-06 12:11:16] ,1,2.723,468.5,39.999,65.601,484.846,-53.637,

[2024-11-06 12:11:35] ,1,33.569,489.855,88.479,-11.579,514.702,24.274,

[2024-11-06 12:11:53] ,1,47.937,440.093,-5.609,1.537,514.043,32.981,

[2024-11-06 12:12:02] ,2,58.285,407.139,166.464,48.86,508.968,103.912,

[2024-11-06 12:12:15] ,1,55.319,463.623,-81.444,72.06,497.039,-32.981,

[2024-11-06 12:12:24] ,3,36.271,444.048,53.584,6.217,500.73,-40.684,

[2024-11-06 12:12:38] ,1,60.855,481.88,-46.081,20.058,505.739,-34.824,

[2024-11-06 12:12:49] ,3,54.989,503.3,10.339,-7.624,512,-68.057,

[2024-11-06 12:13:11] ,2,36.798,454.923,-78.395,21.903,494.468,117.924,

[2024-11-06 12:13:20] ,1,74.498,477.332,-35.952,-9.404,492.161,-77.8,

[2024-11-06 12:13:31] ,1,39.171,499.28,60.255,18.542,511.143,38.1,

[2024-11-06 12:13:44] ,1,-2.351,416.893,84.898,52.485,435.809,66.602,

[2024-11-06 12:14:02] ,1,57.758,471.532,14.158,16.235,496.248,-61.631,

[2024-11-06 12:14:11] ,2,38.776,417.618,0,58.219,426.582,-48.576,

[2024-11-06 12:14:22] ,2,5.492,439.368,-131.424,-8.217,482.737,82.439,

[2024-11-06 12:14:35] ,4,44.971,419.332,-60.698,8.392,470.741,-52.038,

[2024-11-06 12:14:45] ,2,-8.811,510.155,-142.619,22.628,511.275,-69.146,

[2024-11-06 12:14:55] ,2,46.487,453.407,41.091,29.944,479.375,-24.775,

[2024-11-06 12:15:07] ,2,-6.174,491.7,-176.961,58.878,508.046,9.713,

[2024-11-06 12:15:16] ,3,1.142,416.893,13.023,13.467,512.659,4.953,

[2024-11-06 12:15:36] ,1,-4.526,443.784,68.199,-4.461,497.368,81.369,

[2024-11-06 12:15:44] ,2,52.88,401.075,127.694,-9.733,483.923,-80.372,

[2024-11-06 12:15:57] ,4,52.683,454.462,-67.847,-1.165,464.612,-83.157,

[2024-11-06 12:16:12] ,1,55.714,464.809,77.307,13.928,505.739,40.326,

[2024-11-06 12:16:23] ,3,-10.656,415.443,-31.357,25.264,418.08,-76.519,

[2024-11-06 12:16:32] ,2,52.221,411.357,-45.725,83.001,438.841,-112.659,

[2024-11-06 12:16:43] ,2,47.278,473.641,-171.444,31.328,487.614,156.801,

[2024-11-06 12:16:57] ,3,-0.045,435.282,25.382,1.471,498.225,-39.611,

[2024-11-06 12:17:08] ,1,7.601,460.723,-85.525,-1.297,489.393,-9.13,

[2024-11-06 12:17:18] ,2,31.328,425.33,-131.042,67.446,452.155,18.113,

[2024-11-06 12:17:31] ,2,41.939,457.23,71.565,29.944,507.848,2.045,

[2024-11-06 12:17:40] ,4,26.583,423.089,-72.646,7.667,472.257,-8.236,

[2024-11-06 12:18:00] ,1,-2.483,444.312,86.987,10.171,463.689,40.061,

[2024-11-06 12:18:08] ,1,-3.34,496.511,44.64,76.937,510.023,87.421,

[2024-11-06 12:18:19] ,2,-3.736,419.662,118.61,60.789,495.127,-69.8,

[2024-11-06 12:18:31] ,4,-6.372,461.646,85.833,48.398,471.4,54.854,

[2024-11-06 12:18:45] ,2,42.203,444.18,150.255,-6.636,485.571,-91.014,

[2024-11-06 12:18:55] ,4,32.514,420.914,-169.287,33.042,443.652,-98.059,

[2024-11-06 12:19:06] ,2,59.537,466.655,152.312,81.287,484.977,-119.554,

[2024-11-06 12:19:15] ,1,53.935,445.827,-38.186,2.064,513.121,16.991,

[2024-11-06 12:19:26] ,2,47.739,500.532,-77.196,-9.733,507.189,140.064,

[2024-11-06 12:19:37] ,3,2.196,423.484,87.328,4.833,491.502,51.163,

[2024-11-06 12:19:50] ,3,16.037,481.616,20.688,14.917,500.796,-86.967,

[2024-11-06 12:20:02] ,2,31.592,490.25,-170.287,0.483,502.641,159.624,

[2024-11-06 12:20:21] ,1,64.085,452.023,-6.062,14.983,464.216,74.876,

[2024-11-06 12:20:32] ,4,45.37,471.537,-30.046,30.149,479.108,-45.335,

[2024-11-06 12:20:44] ,3,-9.931,437.918,-31.483,51.43,515.23,-74.476,

[2024-11-06 12:20:54] ,4,13.137,500.071,22.08,-9.074,506.266,-73.496,

[2024-11-06 12:21:06] ,2,7.469,463.755,-78.294,42.73,493.084,-34.249,

[2024-11-06 12:21:22] ,1,17.553,440.621,66.14,50.178,443.652,85.95,

[2024-11-06 12:21:30] ,2,34.03,429.877,-30.877,39.764,482.539,15.739,

[2024-11-06 12:21:41] ,4,-6.833,464.348,75.411,5.953,479.968,-45.264,

[2024-11-06 12:21:56] ,2,-8.811,406.941,-124.403,57.494,410.632,-27.711,

[2024-11-06 12:22:06] ,1,12.544,490.514,-41.8,32.976,498.884,-2.01,

[2024-11-06 12:22:15] ,2,30.867,418.343,-24.274,11.094,459.339,114.775,

[2024-11-06 12:22:27] ,4,44.642,454.725,-26.338,55.912,502.707,72.216,

[2024-11-06 12:22:47] ,1,83.726,419.003,30.256,-4.131,507.914,6.68,

[2024-11-06 12:22:55] ,2,21.903,440.357,10.125,62.964,448.464,71.887,

[2024-11-06 12:23:06] ,2,80.232,470.412,-29.302,36.996,486.164,135.716,

[2024-11-06 12:23:17] ,3,33.569,456.241,82.082,1.471,457.889,3.013,

[2024-11-06 12:23:29] ,4,54.528,497.83,8.399,38.446,513.055,72.532,

[2024-11-06 12:23:42] ,1,64.81,401.009,-34.695,-10.129,460.591,27.242,

[2024-11-06 12:23:50] ,3,-2.879,501.652,79.287,67.314,515.955,46.091,

[2024-11-06 12:24:03] ,3,13.73,461.58,68.477,58.021,509.166,-50.389,

[2024-11-06 12:24:15] ,1,45.96,487.614,52.829,74.432,496.709,20.376,

[2024-11-06 12:24:27] ,2,41.28,494.666,-172.875,14.521,514.307,0,

[2024-11-06 12:24:40] ,3,27.044,447.541,-17.844,37.26,480.298,-75.964,

[2024-11-06 12:24:57] ,2,11.423,414.389,-12.804,19.201,446.552,3.514,

[2024-11-06 12:25:06] ,1,31.789,447.739,-1.005,65.864,508.177,-55.886,

[2024-11-06 12:25:17] ,4,10.237,469.357,-15.945,25.231,478.014,8.337,

[2024-11-06 12:25:30] ,1,0.351,406.084,-14.036,9.446,486.757,39.677,

[2024-11-06 12:25:38] ,3,-8.745,432.909,-51.992,19.596,456.505,79.729,

[2024-11-06 12:25:52] ,3,-11.381,458.152,78.17,30.867,493.348,7.595,

[2024-11-06 12:26:07] ,4,62.239,416.037,-84.852,64.876,487.812,-76.701,

[2024-11-06 12:26:17] ,1,47.344,435.875,78.887,13.598,436.798,12.308,

[2024-11-06 12:26:28] ,1,8.392,475.091,-43.586,23.88,493.216,-42.879,

[2024-11-06 12:26:45] ,1,33.108,423.221,-75.719,67.71,480.1,66.4,

[2024-11-06 12:26:54] ,2,25.923,443.455,-14.642,44.444,450.573,20.497,

[2024-11-06 12:27:05] ,4,18.142,466.428,-56.853,46.355,470.477,-16.557,

[2024-11-06 12:27:20] ,1,60.394,466.062,10.125,-11.117,488.471,-38.897,

[2024-11-06 12:27:29] ,1,-10.986,403.975,-40.992,-7.492,458.087,-48.909,

[2024-11-06 12:27:39] ,2,8.062,473.312,102.095,45.63,487.812,-142.927,

[2024-11-06 12:27:51] ,4,25.396,491.832,102.693,15.378,504.355,169.287,

[2024-11-06 12:28:12] ,1,11.753,458.35,-20.497,15.114,494.996,29.055,

[2024-11-06 12:28:19] ,2,21.837,429.021,-131.042,57.362,445.102,152.526,

[2024-11-06 12:28:35] ,1,13.73,458.152,-18.435,-3.208,462.371,-8.631,

[2024-11-06 12:28:51] ,1,15.18,485.571,-66.541,65.073,515.23,-88.968,

[2024-11-06 12:29:00] ,2,0.483,429.943,-99.211,41.808,478.98,-82.999,

[2024-11-06 12:29:12] ,4,63.755,418.541,-45,8.458,473.509,-35.48,

[2024-11-06 12:29:25] ,2,56.308,456.043,124.249,82.869,482.143,127.381,

[2024-11-06 12:29:34] ,3,28.626,443.982,-76.239,21.639,511.209,-26.565,

[2024-11-06 12:29:47] ,3,-10.986,477.266,-72.646,14.258,499.082,-66.652,

[2024-11-06 12:30:05] ,4,32.062,462.372,29.867,53.144,496.05,-31.682,

[2024-11-06 12:30:17] ,2,2.526,462.634,80.87,3.976,481.682,-72.044,

[2024-11-06 12:30:25] ,3,-6.372,429.35,56.416,54.001,449.584,42.071,

[2024-11-06 12:30:39] ,1,-1.099,496.248,-90,9.512,510.748,55.176,

[2024-11-06 12:30:58] ,4,30.273,466.193,133.946,-1.561,474.959,7.063,

[2024-11-06 12:31:10] ,2,43.785,484.977,165.842,6.876,497.961,10.125,

[2024-11-06 12:31:19] ,3,54.594,407.93,-29.65,-0.506,465.93,20.821,

[2024-11-06 12:31:38] ,1,-1.099,472.718,-47.827,39.501,507.321,-40.326,

[2024-11-06 12:31:47] ,2,18.014,426.582,164.124,65.337,475.618,-60.945,

[2024-11-06 12:32:00] ,2,8.128,493.216,93.039,23.946,503.102,-119.495,

[2024-11-06 12:32:10] ,3,12.939,448.793,23.199,-2.483,475.487,-18.076,

[2024-11-06 12:32:23] ,2,20.058,460.987,0,35.151,462.305,62.771,

[2024-11-06 12:32:32] ,2,11.423,486.757,36.064,25.001,504.091,49.343,

[2024-11-06 12:32:42] ,3,2.196,513.977,-21.588,29.746,516.35,-34.216,

[2024-11-06 12:33:02] ,2,28.494,408.984,-42.825,25.001,452.089,136.757,

[2024-11-06 12:33:11] ,4,9.109,475.12,-7.787,27.176,483.264,57.414,

[2024-11-06 12:33:23] ,4,15.246,425,-53.054,-5.911,443.85,85.456,

[2024-11-06 12:33:35] ,1,-11.117,499.873,67.73,26.648,506.859,26.338,

[2024-11-06 12:33:43] ,2,32.514,449.914,82.439,15.708,504.157,44.275,

[2024-11-06 12:33:56] ,2,43.192,447.146,-123.551,33.964,518.459,117.255,

[2024-11-06 12:34:09] ,1,40.687,427.043,40.326,61.251,440.027,-71.887,

[2024-11-06 12:34:26] ,3,23.419,499.346,20.601,52.023,505.211,86.566,

[2024-11-06 12:34:39] ,1,34.426,488.339,1.005,36.205,514.636,61.837,

[2024-11-06 12:34:51] ,3,36.535,448.596,-35.669,-9.733,506.53,75.411,

[2024-11-06 12:35:11] ,2,5.887,444.18,-8.631,49.585,517.009,85.406,

[2024-11-06 12:35:21] ,3,32.778,505.541,3.411,-3.538,508.507,-25.201,

[2024-11-06 12:35:40] ,1,46.158,406.875,30.256,4.305,432.975,33.83,

[2024-11-06 12:35:48] ,1,24.473,435.15,-25.442,39.633,470.609,-15.604,

[2024-11-06 12:35:59] ,1,58.417,491.7,51.103,42.664,504.223,8.707,

[2024-11-06 12:36:12] ,2,-5.581,479.177,-34.951,0.285,494.402,45.725,

[2024-11-06 12:36:23] ,2,28.428,408.787,-45,19.596,447.541,-17.802,

[2024-11-06 12:36:33] ,1,-11.117,486.032,57.295,19.992,488.537,-7.561,

[2024-11-06 12:36:54] ,2,-1.033,399.559,66.194,16.63,440.555,-24.066,

[2024-11-06 12:37:06] ,3,5.953,446.882,68.339,10.039,497.236,-85.456,

[2024-11-06 12:37:17] ,1,-0.704,399.823,46.45,-7.229,487.614,-77.196,

[2024-11-06 12:37:35] ,2,52.155,400.548,161.727,54.528,492.096,175.446,

[2024-11-06 12:37:53] ,3,7.469,432.382,25.382,-8.02,500.664,42.044,

[2024-11-06 12:38:05] ,1,-8.349,481.682,36.363,45.235,508.836,-8.202,

[2024-11-06 12:38:14] ,2,43.323,447.937,160.925,43.587,482.539,-157.92,

[2024-11-06 12:38:28] ,2,35.414,434.491,24.528,15.18,501.718,128.897,

[2024-11-06 12:38:46] ,1,36.996,449.255,-21.894,22.826,491.502,-87.99,

[2024-11-06 12:38:54] ,2,56.769,423.748,-36.666,68.237,462.305,153.208,

[2024-11-06 12:39:08] ,1,-2.22,513.121,-10.305,32.844,514.109,70.758,

[2024-11-06 12:39:17] ,3,18.41,464.809,32.758,84.648,507.255,-52.9,

[2024-11-06 12:39:33] ,1,-5.581,473.839,46.081,-6.108,495.655,-85.446,

[2024-11-06 12:39:45] ,1,13.401,509.957,43.243,27.637,511.671,32.981,

[2024-11-06 12:40:02] ,1,47.805,494.271,77.8,25.66,499.543,49.616,

[2024-11-06 12:40:11] ,3,37.523,405.689,50.684,30.208,484.582,-11.677,

[2024-11-06 12:40:24] ,2,60.921,448.727,80.372,30.669,466.523,-164.396,

[2024-11-06 12:40:36] ,1,35.085,417.091,-15.388,57.164,497.5,-87.466,

[2024-11-06 12:40:53] ,2,-7.624,456.241,-62.076,67.907,487.087,-11.211,

[2024-11-06 12:41:04] ,2,32.91,447.475,-91.014,14.323,480.693,90,

[2024-11-06 12:41:14] ,3,55.912,429.35,-62.241,56.967,473.377,-13.305,

[2024-11-06 12:41:28] ,2,-7.954,473.114,-70.925,29.087,494.402,-24.319,

[2024-11-06 12:41:45] ,1,46.553,418.805,-46.067,-4.856,468.764,18.595,

[2024-11-06 12:41:54] ,1,28.494,487.482,41.8,31.328,514.241,-8.707,

[2024-11-06 12:42:05] ,2,49.519,513.714,99.713,-10.129,514.439,4.086,

[2024-11-06 12:42:18] ,2,-0.045,492.293,163.985,50.771,508.177,62.978,

[2024-11-06 12:42:31] ,3,6.283,403.25,-17.468,24.935,491.436,39.903,

[2024-11-06 12:42:48] ,1,7.535,408.523,84.391,8.062,419.793,-88.977,

[2024-11-06 12:42:58] ,3,46.421,482.868,-83.951,-4.658,483.066,-62.755,

[2024-11-06 12:43:11] ,2,-8.745,483.462,132.479,10.698,495.193,-62.526,

[2024-11-06 12:43:21] ,3,58.153,476.146,-73.846,28.889,504.882,-83.112,

[2024-11-06 12:43:34] ,2,17.751,516.746,-115.88,39.039,518.196,-41.719,

[2024-11-06 12:43:51] ,4,80.43,444.246,15.388,36.601,446.882,40.764,

[2024-11-06 12:44:00] ,1,36.337,487.943,49.616,86.692,506.925,-3.641,

[2024-11-06 12:44:08] ,3,-5.713,433.568,82.733,-10.59,509.693,-33.901,

[2024-11-06 12:44:22] ,2,22.167,418.871,86.934,-0.177,519.25,13.912,

[2024-11-06 12:44:41] ,1,67.973,438.907,-1.534,79.903,461.843,-13.299,

[2024-11-06 12:44:49] ,2,19.069,431.855,-168.294,3.844,450.705,-180,

[2024-11-06 12:45:01] ,3,-3.67,434.096,5.711,50.046,438.05,-31.483,

[2024-11-06 12:45:12] ,3,49.585,472.784,-79.426,81.089,516.35,-15.154,

[2024-11-06 12:45:25] ,1,32.317,437.918,-31.739,36.271,513.318,-25.419,

[2024-11-06 12:45:34] ,2,8.128,455.582,-142.829,15.642,468.105,163.443,

[2024-11-06 12:45:46] ,3,-1.231,474.63,-72.646,30.603,493.414,7.219,

[2024-11-06 12:45:59] ,1,-1.363,508.705,70.925,57.758,512.791,80.2,

[2024-11-06 12:46:09] ,2,17.289,441.148,-72.525,-1.89,462.568,5.56,

[2024-11-06 12:46:23] ,2,81.88,443.455,65.26,-8.086,468.83,40.326,

[2024-11-06 12:46:40] ,1,25.66,434.623,15.876,-10.326,499.346,-37.786,

[2024-11-06 12:46:48] ,3,-9.733,456.702,32.005,-1.033,484.846,-29.604,

[2024-11-06 12:47:03] ,2,68.105,449.123,-116.792,-10.524,488.009,-60.698,

[2024-11-06 12:47:21] ,1,18.608,421.441,-12.2,24.012,488.668,-85.486,

[2024-11-06 12:47:30] ,2,20.058,408.655,106.991,59.867,488.734,-52.927,

[2024-11-06 12:47:41] ,3,61.976,425.396,-46.345,48.728,499.873,-71.806,

[2024-11-06 12:47:54] ,3,28.164,501.784,18.555,16.696,518.261,0,

[2024-11-06 12:48:07] ,1,7.469,465.732,-14.642,48.53,519.316,71.241,

[2024-11-06 12:48:16] ,4,23.095,455.851,-15.945,36.073,477.068,-11.505,

[2024-11-06 12:48:36] ,1,12.148,420.914,-29.999,-9.601,514.702,34.824,

[2024-11-06 12:48:44] ,2,12.148,442.005,-160.448,-9.601,458.482,176.961,

[2024-11-06 12:48:58] ,2,3.317,483.462,-161.565,40.951,488.273,-78.294,

[2024-11-06 12:49:12] ,1,18.08,464.941,-29.006,39.105,487.812,81.941,

[2024-11-06 12:49:21] ,2,54.462,451.034,80.87,43.192,464.941,7.561,

[2024-11-06 12:49:36] ,3,-10.59,499.807,75.779,18.476,511.539,-50.389,

[2024-11-06 12:49:53] ,1,-10.722,408.589,-90,11.16,461.777,23.199,

[2024-11-06 12:50:11] ,2,78.717,408.391,10.397,42.533,416.168,-108.113,

[2024-11-06 12:50:20] ,2,-10.195,438.446,-34.951,30.735,491.239,149.381,

[2024-11-06 12:50:35] ,2,-11.249,442.598,-83.938,50.112,500.005,-120.184,

[2024-11-06 12:50:52] ,1,66.128,438.116,82.937,-9.733,449.98,75.719,

[2024-11-06 12:51:00] ,1,-6.899,468.237,-55.049,10.369,500.664,50.001,

[2024-11-06 12:51:12] ,2,52.946,427.505,-148.69,17.751,462.634,-95.957,

[2024-11-06 12:51:23] ,2,34.558,485.9,12.2,27.637,506.925,-7.628,

[2024-11-06 12:51:34] ,4,83.91,414.266,-30.784,33.701,469.159,7.431,

[2024-11-06 12:51:54] ,1,-0.77,417.684,-56.592,-7.229,430.405,38.186,

[2024-11-06 12:52:02] ,2,33.503,425,-16.361,-4.329,443.652,13.299,

[2024-11-06 12:52:14] ,1,8.326,441.148,-46.432,84.451,442.466,-23.806,

[2024-11-06 12:52:23] ,1,-3.933,480.693,80.87,21.771,504.355,-51.103,

[2024-11-06 12:52:34] ,2,13.796,470.477,-142.829,33.371,489.657,147.995,

[2024-11-06 12:52:47] ,3,17.355,427.043,12.281,62.701,480.957,59.361,

[2024-11-06 12:53:00] ,1,7.469,416.168,-18.113,38.117,519.514,50.458,

[2024-11-06 12:53:10] ,2,18.608,486.691,-115.228,65.667,517.009,110.556,

[2024-11-06 12:53:24] ,4,64.414,422.364,-76.088,30.933,465.732,-8.661,

[2024-11-06 12:53:42] ,2,9.446,430.537,-37.786,47.014,514.043,-98.202,

[2024-11-06 12:53:49] ,3,42.467,433.041,-25.545,-5.12,458.35,-79.357,

[2024-11-06 12:54:02] ,2,55.912,450.705,-33.968,11.358,509.561,-2.045,

[2024-11-06 12:54:13] ,2,27.703,470.609,-47.49,-7.163,506.332,34.114,

[2024-11-06 12:54:31] ,2,8.985,413.664,20.854,-4.856,442.532,49.674,

[2024-11-06 12:54:39] ,3,48.069,411.621,-25.364,82.078,415.509,-41.73,

[2024-11-06 12:54:53] ,1,-7.031,408.655,-5.659,86.494,514.307,-35.417,

[2024-11-06 12:55:10] ,2,5.953,415.246,-147.724,-10.195,470.873,-109.075,

[2024-11-06 12:55:19] ,3,36.271,432.118,-35.054,8.523,511.275,40.437,

[2024-11-06 12:55:31] ,2,86.494,478.189,-92.045,15.048,479.112,125.074,

[2024-11-06 12:55:54] ,2,23.353,488.602,-4.014,72.587,496.05,49.343,

[2024-11-06 12:56:02] ,3,-9.865,498.555,61.571,45.762,507.914,9.588,

[2024-11-06 12:56:25] ,1,38.051,450.243,71.723,-3.011,476.937,-44.644,

[2024-11-06 12:56:37] ,2,46.355,504.486,-121.31,-4.658,509.825,115.419,

[2024-11-06 12:56:49] ,3,44.312,454.857,-8.236,5.558,469.555,90,

[2024-11-06 12:57:07] ,1,47.871,466.655,-16.082,-11.908,518.261,-29.302,

[2024-11-06 12:57:17] ,2,-9.931,448.068,-70.925,70.544,477.266,-82.875,

[2024-11-06 12:57:27] ,2,0.021,500.993,-150.255,79.442,507.386,-51.582,

[2024-11-06 12:57:46] ,1,84.451,421.309,30.964,46.817,470.346,35.362,

[2024-11-06 12:57:55] ,1,8.721,475.025,28.369,-7.426,486.559,-58.69,

[2024-11-06 12:58:06] ,2,26.055,445.168,-31.31,-3.076,449.518,13.912,

[2024-11-06 12:58:17] ,3,73.114,457.23,43.655,24.473,514.966,3.033,

[2024-11-06 12:58:30] ,1,19.662,495.127,-39.611,-6.833,504.091,-9.211,

[2024-11-06 12:58:47] ,2,-0.572,449.387,-122.705,67.38,456.768,-133.199,

[2024-11-06 12:58:57] ,3,5.689,471.73,-58.392,0.219,509.627,-83.491,

[2024-11-06 12:59:10] ,1,24.21,432.712,71.405,-11.381,509.759,-45,

[2024-11-06 12:59:19] ,2,10.171,466.391,-78.395,14.587,514.966,-168.19,

[2024-11-06 12:59:32] ,1,-3.34,459.273,31.31,15.246,512.396,-29.055,

[2024-11-06 12:59:50] ,1,19.333,410.171,65.934,32.185,494.007,33.408,

[2024-11-06 12:59:59] ,2,8.721,428.691,-146.87,47.278,442.598,165.231,

[2024-11-06 13:00:15] ,2,53.012,476.739,-88.995,30.867,515.691,137.521,

[2024-11-06 13:00:26] ,3,0.351,496.775,45.807,-11.776,513.846,-55.353,

[2024-11-06 13:00:39] ,3,-8.613,485.241,24.696,-11.249,503.761,-33.901,

[2024-11-06 13:00:50] ,2,58.021,438.314,-104.769,51.364,502.905,99.713,

[2024-11-06 13:01:08] ,1,85.703,436.271,-78.69,63.755,509.034,0.512,

[2024-11-06 13:01:17] ,2,9.71,458.68,-104.158,15.971,484.912,-122.856,

[2024-11-06 13:01:31] ,2,1.273,509.43,-62.289,-9.14,517.932,133.55,

[2024-11-06 13:01:50] ,1,55.78,454.725,74.745,-8.876,474.827,-5.56,

[2024-11-06 13:01:58] ,1,-10.524,399.23,45,77.794,490.646,-19.895,

[2024-11-06 13:02:09] ,2,35.744,472.521,19.385,2.328,478.057,-9.628,

[2024-11-06 13:02:20] ,3,9.842,451.1,89.621,48.201,496.511,86.566,

[2024-11-06 13:02:35] ,1,-3.011,474.3,78.395,20.321,497.632,-15.388,

[2024-11-06 13:02:52] ,1,5.162,417.816,-88.977,49.98,442.005,45.36,

[2024-11-06 13:03:03] ,1,54.396,484.977,36.363,2.658,513.516,-34.824,

[2024-11-06 13:03:14] ,1,58.417,511.934,18.759,-2.022,512.923,-84.44,

[2024-11-06 13:03:24] ,3,50.903,488.471,39.13,1.471,489.459,4.953,

[2024-11-06 13:03:38] ,1,-9.404,420.321,-24.74,83.989,481.352,44.275,

[2024-11-06 13:03:47] ,2,58.351,448.53,-91.014,4.239,461.843,50.711,

[2024-11-06 13:04:07] ,1,-6.701,481.88,34.249,75.948,497.434,-36.254,

[2024-11-06 13:04:15] ,2,-10.261,426.912,-25.201,27.703,445.037,-165.842,

[2024-11-06 13:04:29] ,2,49.123,453.737,-164.124,24.803,503.366,75.719,

[2024-11-06 13:04:48] ,1,-5.911,470.741,-44.644,25.923,484.187,18.75,

[2024-11-06 13:04:58] ,2,1.405,433.173,-63.208,14.192,494.798,-93.039,

[2024-11-06 13:05:16] ,2,24.408,494.402,9.13,-7.229,514.439,178.977,

[2024-11-06 13:05:25] ,3,-7.69,405.359,47.182,45.433,456.241,39.661,

[2024-11-06 13:05:38] ,2,60.526,418.673,112.463,37.194,489.525,-85.986,

[2024-11-06 13:05:48] ,3,8.128,475.223,1.872,10.369,497.5,-40.724,

[2024-11-06 13:06:12] ,3,42.137,483.659,45.531,-2.681,491.239,-57.674,

[2024-11-06 13:06:22] ,2,38.644,455.516,-180,-5.186,463.425,-27.924,

[2024-11-06 13:06:36] ,1,23.023,486.955,-78.495,74.828,489.196,-47.899,

[2024-11-06 13:06:46] ,2,67.182,485.768,-37.786,-9.272,502.971,-128.186,

[2024-11-06 13:06:59] ,1,18.344,484.252,-69.677,-1.692,499.411,56.592,

[2024-11-06 13:07:16] ,2,67.446,489.986,-120.44,32.053,501.323,64.341,

[2024-11-06 13:07:26] ,3,21.31,487.152,-43.68,0.153,515.889,3.814,

[2024-11-06 13:07:39] ,2,42.862,441.807,-93.013,42.598,486.23,-85.986,

[2024-11-06 13:07:56] ,1,7.996,431.723,-4.554,49.585,443.85,57.567,

[2024-11-06 13:08:05] ,3,7.601,496.05,-42.859,16.498,516.482,0.382,

[2024-11-06 13:08:18] ,2,-7.558,471.598,-15.739,70.28,510.352,-37.694,

[2024-11-06 13:08:37] ,2,13.071,443.389,111.615,72.851,443.784,-50.389,

[2024-11-06 13:08:46] ,2,8.721,459.998,-90,53.342,517.734,-77.583,

[2024-11-06 13:08:57] ,3,12.742,487.087,-57.242,73.048,500.4,-35.493,

[2024-11-06 13:09:08] ,3,38.248,502.048,-70.602,-6.965,517.207,-50.981,

[2024-11-06 13:09:27] ,1,0.548,438.841,-57.567,20.453,445.234,48.532,

[2024-11-06 13:09:37] ,1,-2.879,498.621,39.289,51.694,515.625,61.144,

[2024-11-06 13:09:48] ,2,75.223,499.148,-117.711,1.603,510.221,18.759,

[2024-11-06 13:09:59] ,3,-0.177,464.546,-76.608,25.001,502.048,4.544,

[2024-11-06 13:10:13] ,2,-5.186,435.15,92.534,76.673,500.796,123.261,

[2024-11-06 13:10:23] ,3,7.271,425.659,48.493,-6.965,490.25,28.944,

[2024-11-06 13:10:35] ,1,9.248,403.712,45.725,47.146,489.591,-70.925,

[2024-11-06 13:10:46] ,2,23.551,424.737,-82.304,-11.051,459.141,-113.398,

[2024-11-06 13:10:57] ,2,-7.954,489.262,-78.789,-5.976,503.168,120.44,

[2024-11-06 13:11:10] ,2,60.13,453.407,-57.144,52.814,519.777,82.304,

[2024-11-06 13:11:27] ,1,8.392,419.134,-41.76,32.251,446.355,-35.77,

[2024-11-06 13:11:38] ,1,73.378,403.184,51.988,18.08,416.234,-64.799,

[2024-11-06 13:11:56] ,1,28.296,492.03,-10.62,-9.865,509.43,-45.725,

[2024-11-06 13:12:15] ,4,23.245,459.82,-2.468,23.125,478.414,37.36,

[2024-11-06 13:12:33] ,1,4.767,434.887,68.854,59.933,443.323,-42.852,

[2024-11-06 13:12:41] ,3,60.855,474.959,45,0.021,518.393,-18.677,

[2024-11-06 13:12:54] ,1,12.214,448.596,45.716,-8.547,475.75,-30.877,

[2024-11-06 13:13:04] ,2,-5.845,433.305,-34.114,79.112,436.139,-58.861,

[2024-11-06 13:13:23] ,1,14.917,401.405,61.595,2.789,475.289,-57.144,

[2024-11-06 13:13:32] ,2,9.776,449.518,152.758,21.178,451.1,-33.551,

[2024-11-06 13:13:46] ,1,30.339,507.65,-9.211,75.487,513.055,-41.332,

[2024-11-06 13:13:55] ,2,61.448,469.357,61.631,16.433,484.846,-98.556,

[2024-11-06 13:14:10] ,2,68.501,411.621,2.556,-3.011,458.548,-28.369,

[2024-11-06 13:14:20] ,1,5.03,425.527,-54.758,5.294,492.425,75.719,

[2024-11-06 13:14:32] ,1,23.089,463.03,81.027,43.983,513.977,-8.707,

[2024-11-06 13:14:49] ,2,1.273,423.287,32.705,-11.579,506.596,-159.146,

[2024-11-06 13:14:59] ,4,-5.054,487.482,-53.054,28.56,503.3,26.395,

[2024-11-06 13:15:12] ,2,-1.231,408.787,-55.886,63.953,482.143,73.496,

[2024-11-06 13:15:22] ,1,76.871,431.13,24.274,57.23,436.534,69.326,

[2024-11-06 13:15:41] ,1,64.876,488.273,6.062,52.946,495.984,13.791,

[2024-11-06 13:15:50] ,2,22.892,427.637,-87.466,-0.44,487.416,9.628,

[2024-11-06 13:16:01] ,4,57.296,426.582,41.222,66.853,449.057,83.911,

[2024-11-06 13:16:15] ,1,11.489,400.746,-46.801,16.564,440.027,62.312,

[2024-11-06 13:16:23] ,2,56.11,453.473,38.581,46.421,507.848,-4.086,

[2024-11-06 13:16:34] ,3,1.076,459.866,-69.179,35.48,488.734,-54.638,

[2024-11-06 13:16:45] ,3,19.926,460.13,62.765,11.094,490.184,-11.459,

[2024-11-06 13:17:00] ,2,5.03,467.116,24.775,-7.361,491.502,29.745,

[2024-11-06 13:17:16] ,2,16.433,439.368,114.528,64.876,466.523,26.338,

[2024-11-06 13:17:25] ,2,2.723,484.714,117.688,46.092,491.041,154.558,

[2024-11-06 13:17:36] ,3,52.617,438.446,-33.374,-1.231,455.78,-70.244,

[2024-11-06 13:17:48] ,4,-11.83,399.753,83.358,54.726,414.587,76.584,

[2024-11-06 13:18:01] ,2,13.73,443.521,-68.385,36.798,490.25,-5.057,

[2024-11-06 13:18:12] ,4,-9.14,487.021,107.324,-1.495,501.718,120.44,

[2024-11-06 13:18:25] ,2,-9.272,464.612,-142.524,50.244,476.212,-88.995,

[2024-11-06 13:18:41] ,1,-4.922,478.321,-34.663,1.273,500.4,-0.507,

[2024-11-06 13:18:50] ,2,4.701,455.846,-168.294,53.869,471.862,-58.261,

[2024-11-06 13:19:03] ,1,49.387,435.677,-57.295,5.36,499.873,24.528,

[2024-11-06 13:19:12] ,3,7.601,482.143,-5.97,24.21,499.346,76.608,

[2024-11-06 13:19:26] ,2,10.039,430.339,-46.432,50.837,483.659,137.148,

[2024-11-06 13:22:34] ,2,10.039,430.339,-46.432,50.837,483.725,137.49,

[2024-11-06 13:22:39] ,2,10.039,430.339,-46.432,50.837,483.659,137.148,

[2024-11-06 13:22:47] ,2,30.076,484.45,-117.924,11.226,514.439,-81.87,

[2024-11-06 13:23:02] ,3,9.248,481.418,77.879,49.585,497.698,-61.39,

[2024-11-06 13:23:20] ,4,-4.856,401.471,-26.565,70.148,435.084,45.725,

[2024-11-06 13:23:33] ,1,8.458,488.8,-46.067,41.742,508.375,-23.398,

[2024-11-06 13:23:40] ,3,39.171,456.439,-28.25,9.776,464.282,3.389,

[2024-11-06 13:23:52] ,4,62.371,423.55,11.81,26.78,518.064,-28.275,

[2024-11-06 13:24:12] ,2,12.544,434.952,153.886,66.985,441.939,110.674,

[2024-11-06 13:24:20] ,2,14.455,450.243,175.486,68.105,486.427,26.792,

[2024-11-06 13:24:32] ,4,1.076,409.314,65.513,30.405,504.289,69.8,

[2024-11-06 13:24:43] ,4,17.089,481.705,10.261,29.614,484.384,-74.261,

[2024-11-06 13:24:54] ,1,65.271,487.746,-3.039,16.235,515.691,27.711,

[2024-11-06 13:25:03] ,3,0.219,489.525,-18.555,-10.92,519.514,79.97,

[2024-11-06 13:25:22] ,1,37.853,483.132,86.486,12.742,511.539,-80.789,

[2024-11-06 13:25:33] ,4,-7.888,466.984,-21.801,30.735,508.968,-84.632,

[2024-11-06 13:25:44] ,4,14.082,442.758,-49.505,31.394,469.093,-22.218,

[2024-11-06 13:25:54] ,4,-5.515,441.609,27.711,40.819,519.514,-139.343,

[2024-11-06 13:26:07] ,4,78.782,444.509,-5.749,-11.776,488.471,42.58,

[2024-11-06 13:26:17] ,1,17.487,464.018,7.431,-1.231,483.198,-27.924,

[2024-11-06 13:26:27] ,4,7.535,482.275,12.938,30.867,499.214,-79.357,

[2024-11-06 13:26:46] ,1,69.489,407.666,81.724,2.658,499.28,0,

[2024-11-06 13:26:54] ,2,5.755,418.343,83.938,44.048,450.507,-21.615,

[2024-11-06 13:27:07] ,1,63.294,426.714,54.758,14.851,464.941,44.301,

[2024-11-06 13:27:16] ,1,-9.931,489.855,-57.295,-6.24,512,-23.6,

[2024-11-06 13:27:27] ,4,17.565,432.419,-6.897,37.589,480.957,3.764,

[2024-11-06 13:27:40] ,1,18.739,426.582,24.066,0.746,432.382,-34.951,

[2024-11-06 13:27:48] ,2,33.042,408.918,-76.088,32.448,488.734,-47.862,

[2024-11-06 13:27:59] ,4,-8.84,446.972,-68.927,31.855,470.082,-30.793,

[2024-11-06 13:28:19] ,1,-0.308,431.064,-57.295,-0.44,448.332,2.534,

[2024-11-06 13:28:29] ,1,56.901,440.95,-77.307,43.323,492.491,65.472,

[2024-11-06 13:28:39] ,2,1.669,432.777,124.951,75.026,506.596,177.936,

[2024-11-06 13:28:50] ,4,36.205,430.537,31.483,37.919,464.875,88.869,

[2024-11-06 13:29:04] ,1,61.976,476.739,43.568,32.119,518.591,-64.12,

[2024-11-06 13:29:12] ,3,3.251,472.652,77.43,43.587,488.602,44.201,

[2024-11-06 13:29:27] ,1,-0.77,477.398,40.711,8.392,488.932,82.439,

[2024-11-06 13:29:36] ,4,28.626,455.45,-88.493,78.453,494.798,-42.825,

[2024-11-06 13:29:48] ,2,1.867,458.218,127.476,68.962,507.518,46.095,

[2024-11-06 13:29:56] ,3,35.019,481.023,1.872,40.819,508.243,47.956,

[2024-11-06 13:30:09] ,1,18.937,444.905,-60.068,1.801,446.157,-76.817,

[2024-11-06 13:30:26] ,1,45.63,452.287,83.494,-2.747,474.432,87.489,

[2024-11-06 13:30:36] ,3,6.151,423.55,13.392,72.982,448.266,39.369,

[2024-11-06 13:30:49] ,2,-1.297,418.212,-77.692,2.064,459.141,73.156,

[2024-11-06 13:31:00] ,1,-0.506,453.143,-78.887,1.405,504.486,-71.887,

[2024-11-06 13:31:09] ,4,34.096,477.332,69.034,39.105,516.218,45,

[2024-11-06 13:31:22] ,4,-3.538,512.33,-25.201,22.628,512.396,67.703,

[2024-11-06 13:31:40] ,1,22.76,423.682,70.925,36.073,448.464,9.545,

[2024-11-06 13:31:48] ,2,52.814,478.65,11.706,-4.658,512,-83.32,

[2024-11-06 13:31:59] ,3,-4.329,410.896,-68.057,82.342,442.202,46.882,

[2024-11-06 13:32:11] ,4,54.923,424.143,32.276,33.767,473.707,9.951,

[2024-11-06 13:32:25] ,1,20.717,418.014,-73.985,62.635,467.182,-22.736,

[2024-11-06 13:32:35] ,2,12.808,449.98,-79.875,49.058,498.95,-151.39,

[2024-11-06 13:32:46] ,1,45.367,497.961,-22.932,17.026,517.734,31.139,

[2024-11-06 13:32:55] ,3,-8.217,500.532,-15.789,72.917,514.241,-25.877,

[2024-11-06 13:33:17] ,3,31.262,419.925,-36.87,21.903,497.961,-82.405,

[2024-11-06 13:33:28] ,1,-1.824,491.041,-34.535,33.437,494.139,-70.448,

[2024-11-06 13:33:40] ,2,-1.561,487.284,-165.719,70.478,509.1,-118.163,

[2024-11-06 13:33:51] ,1,33.371,492.227,-18.595,69.226,502.575,-68.009,

[2024-11-06 13:34:08] ,3,8.128,488.075,72.87,74.432,511.209,-71.565,

[2024-11-06 13:34:20] ,2,13.796,420.65,-151.837,-1.956,481.682,-136.081,

[2024-11-06 13:34:33] ,1,-10.854,436.402,76.817,5.953,462.832,30.364,

[2024-11-06 13:34:43] ,2,-1.033,438.05,-10.214,84.253,482.143,-62.049,

[2024-11-06 13:35:01] ,4,27.176,457.427,-59.636,10.46,464.609,-43.958,

[2024-11-06 13:35:12] ,2,-11.908,503.959,65.472,18.673,518.13,-163.985,

[2024-11-06 13:35:21] ,3,14.126,421.573,-63.947,-8.942,427.702,71.323,

[2024-11-06 13:35:41] ,3,19.201,443.323,-35.889,16.498,485.637,-27.917,

[2024-11-06 13:35:53] ,2,-6.108,510.155,-30.44,29.021,518.196,-26.338,

[2024-11-06 13:36:04] ,1,7.601,455.516,33.83,9.644,507.65,-38.186,

[2024-11-06 13:36:21] ,1,5.36,471.664,-26.342,-9.733,506.266,-32.55,

[2024-11-06 13:36:29] ,2,61.976,504.684,0,11.292,507.584,-75.593,

[2024-11-06 13:36:49] ,1,8.853,441.939,29.745,-4.263,489.064,45.716,

[2024-11-06 13:36:57] ,2,-0.242,454.989,-59.381,63.03,518.855,71.727,

[2024-11-06 13:37:17] ,1,50.376,429.284,49.289,67.182,440.884,8.631,

[2024-11-06 13:37:26] ,1,19.398,495.918,-86.486,48.333,499.214,4.554,

[2024-11-06 13:37:39] ,1,-1.692,400.284,-44.275,1.339,490.975,-87.99,

[2024-11-06 13:37:48] ,3,21.376,440.621,43.394,77.53,466.193,34.743,

[2024-11-06 13:38:00] ,1,11.358,456.637,-31.218,55.846,501.85,-19.075,

[2024-11-06 13:38:10] ,2,45.696,406.546,-81.293,85.373,452.023,-161.887,

[2024-11-06 13:38:22] ,2,47.739,457.098,132.879,32.646,498.225,40.326,

[2024-11-06 13:38:33] ,3,33.108,406.48,88.472,80.826,515.427,10.477,

[2024-11-06 13:38:46] ,1,28.362,444.509,-55.337,-3.801,444.839,74.745,

[2024-11-06 13:38:55] ,2,74.564,472.323,-94.554,51.167,501.521,19.722,

[2024-11-06 13:39:07] ,2,62.108,508.046,-122.981,74.762,515.889,46.469,

[2024-11-06 13:39:18] ,3,59.867,483.132,7.97,34.36,505.343,53.889,

[2024-11-06 13:39:30] ,2,24.605,482.473,159.034,15.971,518.855,-172.811,

[2024-11-06 13:39:43] ,2,-7.361,481.221,107.475,34.096,506.53,-119.999,

[2024-11-06 13:39:53] ,3,57.692,417.75,-63.605,-9.733,504.025,-88.472,

[2024-11-06 13:40:13] ,2,43.258,498.555,-177.973,31.394,516.021,28.856,

[2024-11-06 13:40:23] ,4,22.149,455.524,6.394,29.529,471.251,-58.36,

[2024-11-06 13:40:36] ,1,-0.308,486.823,-62.312,7.798,498.95,62.978,

[2024-11-06 13:40:44] ,2,45.037,420.387,110.376,57.692,516.68,-4.677,

[2024-11-06 13:40:57] ,2,69.357,418.739,57.45,3.514,472.191,-48.576,

[2024-11-06 13:41:09] ,1,47.739,422.496,-58.426,21.442,454.132,-37.962,

[2024-11-06 13:41:26] ,2,-2.286,416.498,79.786,24.342,505.014,3.545,

[2024-11-06 13:41:37] ,1,18.014,427.702,-72.372,-3.736,448.332,-16.844,

[2024-11-06 13:41:48] ,3,1.998,482.077,-16.411,86.823,494.271,-49.606,

[2024-11-06 13:42:06] ,3,38.314,494.6,-87.346,8.853,515.361,-77.638,

[2024-11-06 13:42:32] ,1,23.221,430.537,53.936,26.253,449.452,70.615,

[2024-11-06 13:42:42] ,1,67.973,453.209,2.534,42.664,504.486,70.925,

[2024-11-06 13:42:53] ,1,68.369,510.089,-10.808,15.839,512.791,-53.334,

[2024-11-06 13:43:04] ,3,-1.495,468.171,-18.555,68.83,486.823,69.756,

[2024-11-06 13:43:18] ,1,31.987,485.966,-46.054,44.048,502.443,56.592,

[2024-11-06 13:43:27] ,2,21.969,410.105,148.158,1.01,492.359,95.56,

[2024-11-06 13:43:43] ,2,9.578,492.821,-100.037,-6.306,499.214,-160.448,

[2024-11-06 13:43:54] ,1,-7.426,494.534,68.199,-7.229,510.748,72.525,

[2024-11-06 13:44:11] ,1,74.103,475.882,-82.372,-7.295,501.982,84.44,

[2024-11-06 13:44:22] ,3,1.801,403.25,28.457,-1.626,467.841,11.753,

[2024-11-06 13:44:35] ,2,22.035,483.264,-116.565,4.042,491.832,-20.026,

[2024-11-06 13:44:53] ,1,74.037,501.718,46.45,23.155,506.661,80.789,

[2024-11-06 13:45:10] ,3,19.003,423.55,42.044,36.205,441.609,31.483,

[2024-11-06 13:45:21] ,1,1.735,502.443,61.144,36.798,509.298,6.116,

[2024-11-06 13:45:33] ,1,-1.89,488.075,-43.199,53.078,511.473,47.899,

[2024-11-06 13:45:50] ,3,0.614,466.325,42.071,48.333,511.143,-24.349,

[2024-11-06 13:46:01] ,1,10.237,460.525,22.08,38.248,516.68,18.759,

[2024-11-06 13:46:11] ,2,-5.845,499.543,85.95,14.258,500.664,123.83,

[2024-11-06 13:46:33] ,3,11.951,440.225,-66.153,4.108,517.075,19.398,

[2024-11-06 13:46:51] ,1,57.164,399.757,42.447,-7.163,408.589,65.513,

[2024-11-06 13:46:59] ,2,1.273,460.789,-104.158,50.31,462.568,112.27,

[2024-11-06 13:47:12] ,3,3.646,490.843,39.369,46.883,491.041,22.999,

[2024-11-06 13:47:22] ,4,20.98,456.834,-41.468,43.126,476.146,8.482,

[2024-11-06 13:47:37] ,1,39.039,444.575,-21.615,4.767,467.577,8.059,

[2024-11-06 13:47:45] ,2,13.796,444.18,7.628,18.41,517.932,-64.12,

[2024-11-06 13:48:06] ,1,-1.495,437.127,48.576,11.951,493.216,37.476,

[2024-11-06 13:48:16] ,1,0.812,440.423,-74.261,-11.974,507.716,-77.692,

[2024-11-06 13:48:25] ,2,4.042,502.707,-168.19,67.907,514.834,-171.724,

[2024-11-06 13:48:39] ,4,47.014,487.218,48.209,-1.231,515.559,9.525,

[2024-11-06 13:48:57] ,2,8.326,413.73,73.496,74.96,441.939,-157.537,

[2024-11-06 13:49:07] ,3,16.037,490.052,-60.396,33.767,500.598,-51.459,

[2024-11-06 13:49:28] ,4,57.692,413.598,-51.9,27.11,480.298,52.682,

[2024-11-06 13:49:40] ,1,31.328,423.418,-8.707,65.798,479.309,-81.369,

[2024-11-06 13:49:48] ,2,48.53,439.171,-118.369,-2.945,486.362,-117.242,

[2024-11-06 13:49:59] ,3,16.63,458.68,-71.565,10.303,507.65,-63.947,

[2024-11-06 13:50:12] ,1,-1.231,509.232,-68.671,16.762,515.889,-73.496,

[2024-11-06 13:50:29] ,2,18.673,463.227,26.342,-0.111,468.302,12.308,

[2024-11-06 13:50:39] ,1,19.398,407.007,83.884,1.933,412.741,-64.12,

[2024-11-06 13:50:50] ,1,13.269,492.161,-18.911,-4.395,518.855,7.696,

[2024-11-06 13:51:01] ,2,47.212,477.859,141.814,24.869,485.834,143.936,

[2024-11-06 13:51:20] ,2,38.578,410.237,-159.624,56.044,447.937,-158.199,

[2024-11-06 13:51:29] ,2,19.728,466.655,-119.932,-2.286,478.584,-21.146,

[2024-11-06 13:51:50] ,1,38.446,451.034,-22.08,60.723,495.721,40.326,

[2024-11-06 13:51:59] ,2,37.853,407.534,-25.201,-11.315,507.386,119.302,

[2024-11-06 13:52:12] ,2,20.189,462.107,-71.878,42.005,490.448,90,

[2024-11-06 13:52:22] ,2,27.901,509.891,-98.707,11.951,518.986,39.218,

[2024-11-06 13:52:34] ,1,69.621,445.168,2.027,-7.097,491.239,-40.711,

[2024-11-06 13:52:45] ,3,14.983,481.287,-76.054,-1.692,511.011,48.24,

[2024-11-06 13:52:59] ,2,57.428,480.232,-19.075,3.317,480.825,-180,

[2024-11-06 13:53:17] ,1,15.905,462.239,87.013,-1.495,481.023,73.156,

[2024-11-06 13:53:25] ,2,6.876,429.877,120.184,39.962,513.186,-144.048,

[2024-11-06 13:53:46] ,2,17.883,444.773,-32.164,-2.879,459.471,-149.381,

[2024-11-06 13:53:56] ,3,-11.249,451.166,25.04,12.544,460.591,6.382,

[2024-11-06 13:54:07] ,1,46.223,493.48,88.986,-9.601,511.934,-50.064,

[2024-11-06 13:54:25] ,3,0.548,432.712,-80.036,14.653,503.564,-81.601,

[2024-11-06 13:54:36] ,2,7.798,480.034,42.879,4.371,510.814,-16.65,

[2024-11-06 13:54:45] ,1,27.242,433.7,-20.026,23.748,495.786,59.816,

[2024-11-06 13:54:57] ,1,47.146,480.298,-21.146,29.417,517.339,39.936,

[2024-11-06 13:55:23] ,3,11.423,402.459,-79.592,8.853,515.889,-25.201,

[2024-11-06 13:55:34] ,1,4.569,423.484,-19.242,8.128,503.827,-26.792,

[2024-11-06 13:55:46] ,1,45.235,454.396,-58.95,7.667,497.566,-20.674,

[2024-11-06 13:55:57] ,2,-3.538,458.877,-62.076,76.476,515.889,-84.806,

[2024-11-06 13:56:15] ,3,23.551,428.23,-70.244,-0.506,477.859,42.603,

[2024-11-06 13:56:33] ,1,-4.526,456.9,19.075,20.123,461.316,-67.647,

[2024-11-06 13:56:42] ,2,22.76,407.798,-56.31,34.162,467.709,0,

[2024-11-06 13:57:01] ,1,26.714,402.789,-54.048,21.178,494.336,-22.27,

[2024-11-06 13:57:10] ,3,-3.34,454.725,-83.534,5.36,479.046,-7.918,

[2024-11-06 13:57:32] ,1,-2.681,454.264,-83.437,-7.426,489.459,-25.88,

[2024-11-06 13:57:41] ,2,30.603,463.821,150.751,80.101,488.009,-127.786,

[2024-11-06 13:57:55] ,1,1.076,440.687,-75.231,37.194,492.03,26.114,

[2024-11-06 13:58:07] ,2,18.937,430.932,-111.329,76.673,449.518,-159.624,

[2024-11-06 13:58:17] ,2,-3.604,459.734,-13.791,46.223,512.659,-151.837,

[2024-11-06 13:58:38] ,3,-3.67,454.264,-69.044,76.344,515.691,-81.488,

[2024-11-06 13:58:48] ,1,44.576,423.55,51.9,42.862,490.382,39.611,

[2024-11-06 13:59:00] ,1,13.467,440.357,9.13,72.653,504.882,80.2,

[2024-11-06 13:59:18] ,2,14.983,451.759,-127.171,54.198,465.139,135,

[2024-11-06 13:59:36] ,1,61.053,426.121,-29.745,63.755,492.952,-75.593,

[2024-11-06 13:59:44] ,3,33.701,420.123,88.103,37.523,489.327,10.271,

[2024-11-06 13:59:56] ,2,8.326,407.205,-97.628,78.651,417.289,-26.105,

[2024-11-06 14:00:07] ,2,-9.272,444.443,142.524,70.742,465.271,44.64,

[2024-11-06 14:00:19] ,2,56.439,466.062,161.565,48.464,476.805,6.563,

[2024-11-06 14:00:32] ,2,0.878,407.007,38.1,54.594,478.255,-146.87,

[2024-11-06 14:00:45] ,1,-9.667,429.152,47.521,56.835,440.291,-79.38,

[2024-11-06 14:00:54] ,2,9.051,482.802,-113.658,13.533,507.98,127.381,

[2024-11-06 14:01:14] ,1,77.662,439.171,-27.474,10.764,467.182,68.106,

[2024-11-06 14:01:23] ,2,-10.195,450.112,132.479,45.63,473.971,-119.249,

[2024-11-06 14:01:35] ,2,-5.251,479.705,-173.938,53.671,499.543,115.201,

[2024-11-06 14:01:48] ,1,-10.59,471.137,-51.419,5.03,514.702,-10.305,

[2024-11-06 14:01:59] ,3,15.378,502.773,59.167,-6.372,511.011,-6.888,

[2024-11-06 14:02:18] ,1,30.603,429.021,28.369,30.603,499.411,42.138,

[2024-11-06 14:02:35] ,2,26.055,436.007,-111.801,29.285,468.5,30.364,

[2024-11-06 14:02:46] ,1,-4.724,489.855,-27.242,9.842,517.536,-59.56,

[2024-11-06 14:02:55] ,3,28.164,496.248,-72.646,58.746,501.125,49.028,

[2024-11-06 14:03:15] ,1,18.739,497.236,-24.986,25.923,518.525,36.666,

[2024-11-06 14:03:34] ,1,78.321,401.734,-68.587,20.717,489.723,-71.089,

[2024-11-06 14:03:44] ,2,-7.558,431.13,57.724,7.733,431.855,160.925,

[2024-11-06 14:03:57] ,3,1.933,506.332,13.392,33.701,508.046,10.271,

[2024-11-06 14:04:10] ,2,47.608,495.984,49.289,5.689,509.364,145.465,

[2024-11-06 14:04:27] ,1,57.098,457.032,17.324,36.996,499.016,49.616,

[2024-11-06 14:04:37] ,2,38.842,452.155,-171.444,20.123,468.896,150.562,

[2024-11-06 14:04:48] ,2,1.669,485.505,-145.049,-7.558,510.221,-174.391,

[2024-11-06 14:05:01] ,2,36.798,491.964,-78.395,-11.249,492.227,-39.999,

[2024-11-06 14:05:18] ,1,20.585,430.075,-8.13,39.303,445.498,28.369,

[2024-11-06 14:05:26] ,1,82.342,474.037,5.56,19.926,487.35,70.145,

[2024-11-06 14:05:39] ,1,2.789,500.532,14.407,28.692,513.977,-55.886,

[2024-11-06 14:05:57] ,1,-7.163,453.143,17.956,50.376,512.659,5.148,

[2024-11-06 14:06:16] ,2,-1.363,408.655,-146.739,45.367,507.782,-10.214,

[2024-11-06 14:06:29] ,3,49.783,479.902,-77.43,-8.481,505.146,57.47,

[2024-11-06 14:06:41] ,2,17.883,508.639,-85.95,-2.286,518.723,144.462,

[2024-11-06 14:06:54] ,2,58.483,425.462,-171.369,24.342,446.157,-143.936,

[2024-11-06 14:07:07] ,3,-8.547,446.948,20.113,-10.656,503.63,-49.316,

[2024-11-06 14:07:26] ,1,17.421,419.991,82.372,36.073,444.971,-22.08,

[2024-11-06 14:07:36] ,2,-1.561,452.023,73.009,37.194,492.293,119.745,

[2024-11-06 14:07:55] ,1,32.119,440.489,75.842,14.323,443.916,18.911,

[2024-11-06 14:08:03] ,3,10.567,429.812,-25.201,19.267,504.289,-37.476,

[2024-11-06 14:08:16] ,2,10.105,456.307,26.565,19.003,505.409,14.407,

[2024-11-06 14:08:28] ,1,-0.901,492.623,-19.552,33.701,501.586,-57.295,

[2024-11-06 14:08:46] ,1,0.614,474.366,-22.08,8.326,514.636,-58.426,

[2024-11-06 14:08:54] ,2,-0.638,442.862,-5.102,-8.547,481.682,-10.214,

[2024-11-06 14:09:05] ,2,61.646,496.38,-22.463,-6.965,505.673,-136.081,

[2024-11-06 14:09:18] ,2,33.042,429.284,-139.674,11.687,472.257,146.725,

[2024-11-06 14:09:28] ,2,-3.801,478.387,-85.486,43.06,519.448,-73.35,

[2024-11-06 14:09:39] ,3,9.38,444.18,21.801,67.842,500.927,22.297,

[2024-11-06 14:09:53] ,1,19.926,464.282,66.997,-2.417,473.377,22.27,

[2024-11-06 14:10:11] ,4,44.378,459.207,-73.918,67.973,490.975,-1.534,

[2024-11-06 14:10:21] ,3,77.926,406.743,44.454,-7.492,480.166,-24.193,

[2024-11-06 14:10:37] ,1,85.044,418.805,-85.323,1.933,433.964,-47.148,

[2024-11-06 14:10:46] ,2,3.185,455.45,-180,-4.263,471.598,-53.231,

[2024-11-06 14:11:00] ,1,6.085,411.423,5.148,39.567,423.221,56.592,

[2024-11-06 14:11:09] ,1,34.953,452.55,53.13,6.019,455.318,-80.455,

[2024-11-06 14:11:21] ,2,-10.195,431.789,93.039,72.06,508.902,-45.365,

[2024-11-06 14:11:40] ,1,4.767,427.373,-38.186,69.357,427.834,-68.009,

[2024-11-06 14:11:49] ,2,-8.679,449.387,152.758,0.746,507.914,-28.163,

[2024-11-06 14:12:01] ,3,29.548,427.109,36.111,75.553,449.189,38.541,

[2024-11-06 14:12:12] ,3,41.544,490.052,30.964,1.471,493.809,36.111,

[2024-11-06 14:12:24] ,2,-7.822,483,-19.075,35.612,508.705,91.534,

[2024-11-06 14:12:37] ,1,32.778,447.937,-10.528,64.678,451.1,3.545,

[2024-11-06 14:12:45] ,2,15.048,448.662,129.289,-10.656,462.437,131.091,

[2024-11-06 14:12:56] ,3,11.951,494.073,49.276,49.255,499.609,63.605,

[2024-11-06 14:13:09] ,1,-1.626,474.63,-58.261,42.203,516.482,-57.019,

[2024-11-06 14:13:26] ,2,23.88,507.716,-73.496,0.351,512.461,117.711,

[2024-11-06 14:13:37] ,3,80.298,443.191,58.841,75.026,463.491,-67.351,

[2024-11-06 14:13:49] ,2,13.73,499.477,-84.391,4.898,510.221,-93.066,

[2024-11-06 14:14:01] ,1,15.708,488.668,53.936,-1.561,499.675,-27.474,

[2024-11-06 14:14:18] ,2,28.758,484.187,-55.337,35.678,506.793,-119.999,

[2024-11-06 14:14:27] ,1,40.951,425.593,-35.242,14.521,451.232,0,

[2024-11-06 14:14:41] ,3,12.28,449.716,-2.261,15.312,480.034,-1.507,

[2024-11-06 14:15:01] ,1,-5.383,505.277,73.985,41.346,517.339,38.1,

[2024-11-06 14:15:10] ,3,7.798,473.377,64.277,13.203,500.598,-38.541,

[2024-11-06 14:15:34] ,1,49.058,431.393,35.655,31.262,500.532,22.736,

[2024-11-06 14:15:42] ,1,60.987,444.443,75.842,22.628,518.525,-9.8,

[2024-11-06 14:15:57] ,3,0.021,435.018,-76.977,42.401,493.414,42.859,

[2024-11-06 14:16:18] ,2,49.519,446.355,86.455,-3.933,451.166,0,

[2024-11-06 14:16:27] ,2,22.43,456.9,-173.938,-7.229,485.768,-115.659,

[2024-11-06 14:16:47] ,3,39.567,451.034,63.435,0.417,518.789,-18.677,

[2024-11-06 14:16:58] ,2,45.037,457.955,80.455,18.476,515.559,-144.048,

[2024-11-06 14:17:11] ,1,73.18,454.132,-2.027,-11.051,509.1,33.69,

[2024-11-06 14:17:28] ,1,39.962,448.266,57.144,2.526,496.907,-68.385,

[2024-11-06 14:17:37] ,2,38.051,428.757,-109.552,-6.767,465.6,-117.688,

[2024-11-06 14:17:50] ,3,3.646,444.114,59.554,-3.999,504.355,-74.211,

[2024-11-06 14:18:09] ,2,61.976,409.643,-98.276,13.137,446.223,-17.802,

[2024-11-06 14:18:18] ,4,37.311,447.942,-63.435,33.371,467.841,-57.414,

[2024-11-06 14:18:32] ,1,76.871,447.937,-77.196,2.064,500.532,-48.576,

[2024-11-06 14:18:41] ,2,77.926,467.775,-87.955,23.287,490.118,-7.561,

[2024-11-06 14:19:00] ,1,44.576,441.543,11.113,9.908,483,-14.158,

[2024-11-06 14:19:11] ,1,-1.89,421.903,-32.981,3.053,504.75,-73.009,

[2024-11-06 14:19:28] ,1,41.544,428.362,-80.87,-2.879,500.796,36.769,

[2024-11-06 14:19:41] ,1,15.773,465.93,78.983,42.335,515.032,-88.466,

[2024-11-06 14:19:50] ,3,49.321,448.991,-87.725,68.369,517.339,13.943,

[2024-11-06 14:20:05] ,4,26.177,463.925,10.923,10.501,476.673,24.114,

[2024-11-06 14:20:15] ,2,2.328,416.103,119.999,78.651,417.421,134.635,

[2024-11-06 14:20:23] ,2,2.592,437.193,92.027,56.242,451.693,77.8,

[2024-11-06 14:20:34] ,2,1.867,457.098,42.138,81.023,492.03,-32.115,

[2024-11-06 14:20:45] ,2,47.278,507.518,140.782,29.087,519.184,-111.801,

[2024-11-06 14:20:58] ,2,65.996,463.887,-65.472,8.458,465.6,-149.636,

[2024-11-06 14:21:08] ,2,78.914,478.65,-130.657,74.696,499.543,99.211,

[2024-11-06 14:21:21] ,2,34.36,442.796,113.199,44.773,507.584,-118.61,

[2024-11-06 14:21:34] ,1,-5.054,507.98,-48.958,35.414,512.659,80.287,

[2024-11-06 14:21:52] ,2,29.417,404.832,-146.31,-9.997,475.091,-176.961,

[2024-11-06 14:22:01] ,4,44.708,460.064,52.158,31.777,467.011,32.881,

[2024-11-06 14:22:14] ,1,-7.097,410.764,7.189,81.814,452.287,66.4,

[2024-11-06 14:22:22] ,2,16.696,466.852,-86.021,68.83,503.102,-18.759,

[2024-11-06 14:22:33] ,3,5.887,449.123,0.379,22.958,505.343,-21.801,

[2024-11-06 14:22:44] ,1,26.78,488.734,-13.069,7.205,512.264,-37.786,

[2024-11-06 14:22:56] ,1,2.262,489.327,71.089,3.58,516.218,7.189,

[2024-11-06 14:23:15] ,1,12.808,417.025,82.875,9.117,444.707,-13.299,

[2024-11-06 14:23:24] ,2,56.11,427.966,-96.062,4.701,488.471,144.758,

[2024-11-06 14:23:44] ,1,5.558,485.9,14.158,8.523,507.584,46.081,

[2024-11-06 14:23:53] ,3,28.296,440.027,78.986,47.673,483.396,17.241,

[2024-11-06 14:24:06] ,1,-7.031,507.65,75.101,38.776,513.582,51.103,

[2024-11-06 14:24:15] ,2,53.539,429.812,147.995,58.285,481.682,-176.961,

[2024-11-06 14:24:30] ,1,48.201,460.459,80.455,77.728,519.448,-86.906,

[2024-11-06 14:24:48] ,2,21.639,431.525,107.475,10.567,478.65,-118.811,

[2024-11-06 14:24:59] ,3,73.048,448.266,6.843,7.403,516.021,-31.357,

[2024-11-06 14:25:20] ,1,0.285,465.402,33.408,46.026,495.852,-72.525,

[2024-11-06 14:25:45] ,1,6.151,426.846,88.479,-10.524,473.18,49.289,

[2024-11-06 14:26:03] ,1,14.323,429.152,-21.146,76.542,463.952,-22.463,

[2024-11-06 14:26:11] ,2,51.035,481.352,-46.432,-4.395,500.861,51.814,

[2024-11-06 14:26:23] ,3,9.183,466.918,72.041,-6.636,476.673,-88.103,

[2024-11-06 14:26:35] ,3,43.653,505.805,-54.418,7.733,509.891,-31.483,

[2024-11-06 14:26:47] ,1,20.98,450.309,4.97,78.123,503.366,-32.115,

[2024-11-06 14:26:58] ,2,34.426,499.939,29.745,0.153,515.955,29.999,

[2024-11-06 14:27:09] ,1,27.901,451.825,26.565,2.921,482.473,-24.986,

[2024-11-06 14:27:19] ,3,46.948,417.487,-31.682,-7.624,477.2,-43.118,

[2024-11-06 14:27:37] ,1,47.41,443.455,-58.69,7.139,456.966,45,

[2024-11-06 14:27:46] ,2,24.605,435.348,-170.372,35.085,462.634,90,

[2024-11-06 14:27:59] ,2,48.53,491.107,40.711,-2.879,508.705,-70.758,

[2024-11-06 14:28:11] ,1,9.842,453.868,0.507,-10.261,510.616,50.064,

[2024-11-06 14:28:20] ,2,46.421,421.771,86.934,30.273,440.752,169.38,

[2024-11-06 14:28:34] ,3,40.687,472.652,-31.805,-0.242,477.134,-77.8,

[2024-11-06 14:28:53] ,1,27.044,422.957,-40.711,32.119,440.818,-40.764,

[2024-11-06 14:29:03] ,2,47.739,484.187,93.514,13.598,506.398,38.501,

[2024-11-06 14:29:21] ,1,-0.045,482.737,-83.437,9.644,517.734,-10.305,

[2024-11-06 14:29:30] ,3,5.426,435.282,80.85,-6.438,470.346,-15.686,

[2024-11-06 14:29:42] ,2,-4.329,449.387,166.817,-10.392,460.262,-49.289,

[2024-11-06 14:29:58] ,2,-7.558,478.584,28.811,59.603,484.846,-147.724,

[2024-11-06 14:30:09] ,2,65.798,490.184,-56.592,53.803,514.571,-47.175,

[2024-11-06 14:30:18] ,3,43.192,487.812,57.674,-8.415,492.557,-87.709,

[2024-11-06 14:30:38] ,1,-3.274,500.598,-60.255,6.612,512.264,21.801,

[2024-11-06 14:30:56] ,2,-9.008,423.682,-80.287,3.119,502.114,64.12,

[2024-11-06 14:31:06] ,3,-4.724,468.698,6.009,82.012,468.698,-64.799,

[2024-11-06 14:31:18] ,1,-11.249,456.9,-58.69,51.826,458.087,-83.494,

[2024-11-06 14:31:38] ,2,44.839,477.991,-163.639,9.578,506.266,138.24,

[2024-11-06 14:31:57] ,1,1.603,426.714,-3.039,83.857,452.814,14.407,

[2024-11-06 14:32:05] ,2,9.71,401.471,38.1,61.317,491.371,45,

[2024-11-06 14:32:17] ,2,-8.283,477.53,29.249,19.926,498.159,21.801,

[2024-11-06 14:32:28] ,3,25.66,494.732,-46.071,29.483,518.327,-43.379,

[2024-11-06 14:32:39] ,2,10.896,475.618,151.429,-8.942,479.639,3.066,

[2024-11-06 14:32:56] ,1,49.783,433.766,79.786,26.517,445.168,80.372,

[2024-11-06 14:33:05] ,2,13.335,464.743,65.225,71.796,488.998,3.576,

[2024-11-06 14:33:17] ,1,46.883,489.986,88.479,81.946,508.507,14.036,

[2024-11-06 14:33:27] ,1,35.876,513.582,-32.276,15.971,518.986,-85.406,

[2024-11-06 14:33:39] ,2,-3.999,464.875,107.324,-3.34,479.902,98.059,

[2024-11-06 14:33:49] ,2,7.733,494.996,-42.852,19.992,505.146,-127.786,

[2024-11-06 14:34:09] ,2,-10.722,427.175,-40.326,70.544,447.937,-173.938,

[2024-11-06 14:34:18] ,2,45.498,451.496,50.323,55.385,466.589,17.475,

[2024-11-06 14:34:30] ,1,16.037,457.427,47.827,13.335,509.1,45.36,

[2024-11-06 14:34:39] ,2,64.019,478.716,81.941,66.853,496.643,86.934,

[2024-11-06 14:34:50] ,4,85.428,418.265,49.059,22.76,483.198,32.586,

[2024-11-06 14:35:03] ,1,-5.713,404.503,-90,17.223,406.48,72.372,

[2024-11-06 14:35:12] ,1,-2.022,475.948,-70.448,-9.14,485.505,-70.925,

[2024-11-06 14:35:23] ,4,38.248,455.582,72.399,16.96,502.18,-19.272,

[2024-11-06 14:35:46] ,2,47.344,486.296,121.05,22.892,501.916,14.769,

[2024-11-06 14:35:54] ,1,5.426,495.918,-80.372,65.535,502.18,-77.692,

[2024-11-06 14:36:04] ,4,58.087,419.662,34.535,20.189,454.659,-41.84,

[2024-11-06 14:36:18] ,1,45.433,432.382,-50.001,-7.426,433.832,-29.932,

[2024-11-06 14:36:26] ,1,17.487,435.348,51.814,46.685,453.671,51.34,

[2024-11-06 14:36:38] ,4,27.703,409.973,70.758,60.394,491.832,-47.49,

[2024-11-06 14:36:49] ,3,-5.383,478.387,-51.694,-2.549,505.936,-22.999,

[2024-11-06 14:37:07] ,2,-7.229,462.832,-15.388,39.501,465.271,-14.517,

[2024-11-06 14:37:16] ,2,-2.417,487.877,-119.932,34.096,488.009,-15.876,

[2024-11-06 14:37:27] ,3,31.328,403.58,17.103,51.958,501.257,32.005,

[2024-11-06 14:37:39] ,4,21.771,432.052,69.326,20.189,495.457,-72.525,

[2024-11-06 14:37:53] ,3,19.53,421.573,-86.967,15.444,488.602,9.834,

[2024-11-06 14:38:10] ,1,38.117,515.691,-14.407,55.78,517.536,20.854,

[2024-11-06 14:38:18] ,2,-3.076,433.568,84.44,27.373,495.061,-44.64,

[2024-11-06 14:38:30] ,4,35.14,457.45,11.962,50.573,504.157,-35.952,

[2024-11-06 14:38:47] ,1,3.053,476.937,24.986,53.408,507.452,-50.064,

[2024-11-06 14:38:54] ,2,-11.645,495.589,133.919,33.569,519.975,-114.066,

[2024-11-06 14:39:10] ,4,14.126,455.45,24.228,10.171,487.152,85.486,

[2024-11-06 14:39:28] ,4,17.166,451.908,79.077,18.014,474.432,86.517,

[2024-11-06 14:39:38] ,4,49.123,421.968,74.124,7.601,497.698,7.628,

[2024-11-06 14:39:47] ,4,4.569,401.009,-29.554,-3.34,482.868,-168.294,

[2024-11-06 14:40:05] ,1,81.617,477.925,11.31,33.305,519.118,-55.886,

[2024-11-06 14:40:14] ,3,2.723,459.405,-27.741,50.178,463.755,-35.889,

[2024-11-06 14:40:24] ,1,39.369,420.584,-73.639,-6.042,478.189,-71.565,

[2024-11-06 14:40:42] ,1,46.487,418.871,-84.943,-0.967,443.652,56.87,

[2024-11-06 14:40:52] ,3,13.203,405.887,53.973,28.692,439.962,-88.116,

[2024-11-06 14:41:06] ,2,65.667,462.239,-154.799,59.01,501.982,-94.554,

[2024-11-06 14:41:16] ,3,0.548,476.146,-4.888,10.039,511.868,36.111,

[2024-11-06 14:41:35] ,1,17.619,413.005,86.455,20.058,492.886,-77.417,

[2024-11-06 14:41:46] ,2,17.026,430.998,-162.525,-8.745,516.943,95.148,

[2024-11-06 14:41:56] ,3,76.41,474.762,-34.961,52.221,482.934,30.964,

[2024-11-06 14:42:09] ,3,48.135,497.632,-44.193,24.605,515.691,-21.588,

[2024-11-06 14:42:19] ,4,3.383,430.932,-87.346,19.53,495.127,53.231,

[2024-11-06 14:42:34] ,4,-0.967,512.989,50.684,22.958,517.998,87.709,

[2024-11-06 14:42:51] ,2,48.135,418.541,136.081,64.942,486.493,114.986,

[2024-11-06 14:42:59] ,4,5.755,463.096,27.741,62.503,463.096,58.195,

[2024-11-06 14:43:11] ,3,-7.888,468.764,45.799,15.708,489.591,7.97,

[2024-11-06 14:43:21] ,1,64.876,455.516,59.381,73.576,500.466,-84.898,

[2024-11-06 14:43:32] ,2,14.521,422.298,115.201,-4.263,491.766,-67.264,

[2024-11-06 14:43:44] ,4,14.653,476.409,-67.264,18.871,514.834,-2.291,

[2024-11-06 14:43:59] ,2,5.294,483.462,-130.711,10.501,500.268,-111.329,

[2024-11-06 14:44:09] ,2,-10.92,464.414,-3.039,47.739,514.9,-23.131,

[2024-11-06 14:44:19] ,2,21.178,496.248,-21.146,40.423,497.896,-131.424,

[2024-11-06 14:44:30] ,1,-3.274,470.016,-9.13,36.864,486.757,16.699,

[2024-11-06 14:44:41] ,3,32.976,442.598,49.808,13.862,490.646,48.991,

[2024-11-06 14:44:52] ,3,-6.504,484.384,-73.374,26.978,516.614,-59.167,

[2024-11-06 14:45:10] ,2,17.751,488.8,-153.208,41.083,498.159,-135,

[2024-11-06 14:45:28] ,1,62.964,427.505,-10.713,66.919,446.684,-48.2,

[2024-11-06 14:45:36] ,2,10.896,481.616,63.213,35.151,494.6,-82.439,

[2024-11-06 14:45:47] ,3,1.669,449.914,75.872,-2.549,517.339,53.437,

[2024-11-06 14:46:00] ,2,62.108,433.964,53.936,30.142,517.471,153.895,

[2024-11-06 14:46:18] ,1,13.137,461.052,31.05,82.276,494.798,41.379,

[2024-11-06 14:46:27] ,4,50.046,424.407,73.374,13.664,488.602,-9.15,

[2024-11-06 14:46:40] ,4,22.76,505.936,61.905,0.746,506.134,0,

[2024-11-06 14:46:51] ,2,37.392,414.455,-34.114,22.958,421.968,-140.389,

[2024-11-06 14:47:00] ,1,56.637,478.321,8.631,34.426,499.939,-22.932,

[2024-11-06 14:47:13] ,3,8.062,489.393,15.322,39.171,515.625,16.26,

[2024-11-06 14:47:33] ,4,81.023,449.057,4.594,-3.604,497.105,12.693,

[2024-11-06 14:47:42] ,2,-5.779,475.816,78.887,4.305,508.836,39.218,

[2024-11-06 14:47:52] ,1,19.003,403.646,-46.801,5.821,476.409,25.894,

[2024-11-06 14:48:09] ,1,-3.867,416.828,-66.4,49.651,494.468,-1.521,

[2024-11-06 14:48:19] ,2,79.178,403.58,133.891,63.755,446.816,-156.602,

[2024-11-06 14:48:33] ,2,1.867,408.721,177.955,41.214,438.775,53.231,

[2024-11-06 14:48:42] ,2,3.712,442.532,-2.027,4.108,490.646,117.924,

[2024-11-06 14:48:56] ,2,26.055,440.752,146.17,68.369,460.591,-36.363,

[2024-11-06 14:49:06] ,3,-8.679,500.071,-28.61,73.51,502.839,57.913,

[2024-11-06 14:49:19] ,1,23.551,404.437,-17.14,-1.758,469.291,-23.199,

[2024-11-06 14:49:37] ,1,13.203,449.255,30.364,-0.704,500.202,71.405,

[2024-11-06 14:49:46] ,2,0.878,461.118,-121.31,23.485,468.566,137.121,

[2024-11-06 14:50:17] ,1,85.769,413.862,-25.174,61.383,438.38,-27.924,

[2024-11-06 14:50:25] ,1,67.776,467.182,28.61,8.392,468.962,56.032,

[2024-11-06 14:50:36] ,1,16.63,508.968,-35.952,64.348,516.943,21.991,

[2024-11-06 14:50:47] ,2,51.694,447.937,173.938,29.548,467.512,-25.677,

[2024-11-06 14:50:59] ,2,82.539,482.341,-147.724,40.687,502.509,-145.886,

[2024-11-06 14:51:12] ,1,39.633,446.816,75.842,8.458,478.65,-33.968,

[2024-11-06 14:51:22] ,1,48.464,420.98,12.804,0.548,495.589,27.474,

[2024-11-06 14:51:34] ,1,34.36,497.302,-83.938,-0.901,511.802,21.991,

[2024-11-06 14:51:44] ,2,11.489,419.266,-180,80.364,458.35,47.899,

[2024-11-06 14:51:59] ,1,60.064,499.411,-6.621,10.962,514.241,-74.97,

[2024-11-06 14:52:09] ,3,46.619,467.973,-29.419,41.28,501.718,-33.374,

[2024-11-06 14:52:27] ,2,-6.306,486.296,15.388,69.226,507.848,18.759,

[2024-11-06 14:52:37] ,2,72.719,476.673,-100.713,25.66,511.143,-16.015,

[2024-11-06 14:52:55] ,2,3.448,424.473,133.199,25.33,463.096,42.541,

[2024-11-06 14:53:06] ,2,-6.701,434.557,-54.345,14.653,466.391,168.009,

[2024-11-06 14:53:17] ,4,71.862,434.096,65.961,17.158,465.732,-55.896,

[2024-11-06 14:53:31] ,1,45.894,481.946,-74.261,50.639,514.241,73.985,

[2024-11-06 14:53:39] ,3,20.848,471.4,-69.312,12.412,499.939,-23.499,

[2024-11-06 14:54:00] ,1,59.537,442.202,84.943,16.103,449.914,19.552,

[2024-11-06 14:54:12] ,2,21.442,456.702,-24.319,-1.758,500.334,-94.05,

[2024-11-06 14:54:29] ,2,4.239,445.3,127.476,47.673,486.296,-34.951,

[2024-11-06 14:54:39] ,3,17.158,444.905,44.734,13.203,478.518,-72.399,

[2024-11-06 14:54:51] ,2,14.719,402.064,-117.255,-7.558,475.882,137.148,

[2024-11-06 14:55:09] ,1,14.06,447.871,77.8,14.521,506.2,28.61,

[2024-11-06 14:55:18] ,2,66.919,508.441,-13.912,46.751,512.923,-64.12,

[2024-11-06 14:55:32] ,3,53.473,489.855,6.423,1.339,515.032,31.682,

[2024-11-06 14:55:42] ,1,-6.767,490.843,-42.51,42.796,494.864,29.055,

[2024-11-06 14:56:00] ,2,-8.151,453.605,-168.789,27.176,518.855,-91.534,

[2024-11-06 14:56:09] ,3,50.508,466.193,-44.465,9.71,508.771,-78.17,

[2024-11-06 14:56:22] ,1,51.826,448.2,8.059,43.851,492.821,33.83,

[2024-11-06 14:56:31] ,3,-0.177,472.059,-66.306,15.642,504.421,-27.759,

[2024-11-06 14:56:51] ,1,35.546,491.502,8.631,83.923,515.823,-53.858,

[2024-11-06 14:57:00] ,3,57.296,445.63,-29.091,21.376,466.721,-4.514,

[2024-11-06 14:57:20] ,2,-11.842,492.161,163.496,-7.097,511.802,-94.086,

[2024-11-06 14:57:31] ,1,19.201,428.032,-42.852,76.146,514.966,-79.603,

[2024-11-06 14:57:42] ,2,-5.779,485.834,152.526,54.396,489.921,-92.027,

[2024-11-06 14:57:53] ,1,22.892,418.673,48.576,43.983,483.264,27.688,

[2024-11-06 14:58:04] ,3,15.51,495.193,-33.901,14.192,518.591,-70.115,

[2024-11-06 14:58:23] ,2,9.644,403.514,-38.82,68.83,483.066,-168.69,

[2024-11-06 14:58:35] ,1,15.312,436.007,-45,38.512,438.512,14.281,

[2024-11-06 14:58:44] ,2,54.528,454.264,-119.055,79.507,506.068,144.881,

[2024-11-06 14:58:58] ,1,-3.801,420.189,42.825,13.994,469.093,44.293,

[2024-11-06 14:59:08] ,3,32.514,456.505,72.041,74.564,517.734,-10.03,

[2024-11-06 14:59:20] ,3,3.712,486.098,-70.852,25.594,512.593,16.991,

[2024-11-06 14:59:31] ,1,37.458,491.7,-86.486,42.928,505.409,-86.455,

[2024-11-06 14:59:49] ,2,40.292,400.284,-16.015,28.033,438.973,11.706,

[2024-11-06 14:59:58] ,3,50.771,417.025,56.944,-0.704,494.6,88.103,

[2024-11-06 15:00:10] ,3,19.728,411.489,-66.852,2.46,507.848,58.318,

[2024-11-06 15:00:20] ,1,-1.956,408.853,15.524,-0.901,455.846,-22.736,

[2024-11-06 15:00:32] ,2,-9.338,432.712,140.064,45.762,505.607,77.692,

[2024-11-06 15:00:52] ,3,12.478,476.409,-51.399,16.564,513.516,24.349,

[2024-11-06 15:01:05] ,1,63.623,475.223,7.561,3.58,515.427,-9.211,

[2024-11-06 15:01:15] ,1,17.883,471.137,17.802,-2.549,483.923,66.801,

[2024-11-06 15:01:24] ,2,73.905,427.571,56.31,39.435,436.666,87.99,

[2024-11-06 15:01:36] ,2,9.117,445.366,166.931,72.521,480.43,145.176,

[2024-11-06 15:01:47] ,3,22.298,403.909,-44.728,1.669,427.966,-28.429,

[2024-11-06 15:02:00] ,1,24.144,430.734,19.385,34.03,443.125,-11.113,

[2024-11-06 15:02:09] ,1,79.705,457.362,47.521,74.696,476.08,41.76,

[2024-11-06 15:02:19] ,4,-3.406,511.473,10.214,69.094,519.25,75.964,

[2024-11-06 15:02:32] ,2,86.098,440.752,-5.102,44.905,459.866,-73.918,

[2024-11-06 15:02:40] ,2,62.108,490.777,103.791,79.771,506.661,-53.746,

[2024-11-06 15:02:51] ,3,69.819,421.309,7.267,35.348,498.159,80.102,

[2024-11-06 15:03:02] ,3,53.737,507.65,-32.53,9.117,508.375,-78.541,

[2024-11-06 15:03:14] ,4,55.121,443.455,-41.091,-4.79,469.95,-40.643,

[2024-11-06 15:03:27] ,4,20.058,415.773,-1.014,62.964,426.318,34.951,

[2024-11-06 15:03:35] ,1,45.564,449.518,-69.034,8.787,465.6,77.525,

[2024-11-06 15:03:43] ,2,57.56,439.5,-77.307,56.769,502.311,-173.379,

[2024-11-06 15:03:55] ,2,15.048,511.143,-118.369,77.992,516.482,173.32,

[2024-11-06 15:04:07] ,3,36.403,421.639,-66.501,15.18,435.348,20.821,

[2024-11-06 15:04:19] ,4,21.376,482.802,-82.999,3.383,518.525,1.032,

[2024-11-06 15:04:32] ,1,-5.12,404.041,-70.758,7.733,428.757,-72.676,

[2024-11-06 15:04:40] ,1,59.669,464.348,32.433,82.078,490.382,49.343,

[2024-11-06 15:04:51] ,2,21.112,418.937,144.048,31.723,502.905,109.075,

[2024-11-06 15:05:02] ,4,35.546,412.412,16.015,-9.404,504.157,51.814,

[2024-11-06 15:05:14] ,3,1.076,450.968,-45.269,-6.57,516.152,-37.942,

[2024-11-06 15:05:22] ,4,31.064,437.523,77.307,22.082,470.474,42.455,

[2024-11-06 15:05:35] ,2,-0.901,448.2,-103.791,-3.208,466.259,-138.576,

[2024-11-06 15:05:43] ,2,45.367,491.107,152.526,65.601,493.743,-100.214,

[2024-11-06 15:05:55] ,2,66.589,511.802,-143.746,48.596,513.516,-21.516,

[2024-11-06 15:06:06] ,3,-0.901,485.109,78.616,12.28,519.052,55.257,

[2024-11-06 15:06:17] ,1,17.026,483.396,-64.772,34.36,501.521,13.791,

[2024-11-06 15:06:31] ,2,27.571,496.643,69.326,40.16,506.134,122.276,

[2024-11-06 15:06:43] ,2,18.871,502.707,-167.692,29.483,513.384,55.465,

[2024-11-06 15:06:54] ,1,78.453,416.564,72.708,-3.736,451.562,18.911,

[2024-11-06 15:07:03] ,1,20.123,456.241,54.23,13.335,510.089,16.504,

[2024-11-06 15:07:23] ,2,-10.261,421.046,-101.81,-11.776,464.941,-97.561,

[2024-11-06 15:07:32] ,3,16.433,430.668,-54.728,14.192,503.63,-18.555,

[2024-11-06 15:07:44] ,1,47.937,500.796,-86.455,1.208,518.591,-42.479,

[2024-11-06 15:07:55] ,2,-7.558,440.489,-86.961,40.226,519.316,-155.726,

[2024-11-06 15:08:07] ,4,16.63,449.716,30.579,20.321,509.693,11.459,

[2024-11-06 15:08:35] ,4,2.723,407.139,29.105,65.408,486.108,60.781,

[2024-11-06 15:10:26] ,2,55.583,406.809,-60.446,-6.57,427.043,162.525,

[2024-11-06 15:10:32] ,2,55.583,406.809,-60.446,-6.57,427.043,162.525,

[2024-11-06 15:10:40] ,4,21.969,400.087,82.304,35.546,458.746,2.49,

[2024-11-06 15:10:54] ,4,85.044,457.559,-42.479,-10.129,472.652,-39.289,

[2024-11-06 15:11:02] ,2,53.935,494.205,-123.83,6.283,509.166,-69.146,

[2024-11-06 15:11:10] ,4,72.982,423.616,14.685,59.01,510.089,73.374,

[2024-11-06 15:11:22] ,4,-7.426,399.559,58.772,50.442,407.073,37.786,

[2024-11-06 15:11:33] ,1,59.273,439.83,42.51,71.664,466.325,-56.87,

[2024-11-06 15:11:40] ,4,39.896,408.193,75.044,12.61,498.489,31.159,

[2024-11-06 15:11:53] ,3,45.169,502.377,-50.925,61.053,516.811,-69.624,

[2024-11-06 15:12:01] ,4,-1.824,450.441,67.264,46.092,476.277,46.414,

[2024-11-06 15:12:13] ,1,-6.372,432.316,77.8,71.467,494.6,-46.801,

[2024-11-06 15:12:22] ,1,32.646,424.473,10.713,44.576,438.907,-12.095,

[2024-11-06 15:12:32] ,4,4.239,446.75,-116.565,78.651,479.837,-104.899,

[2024-11-06 15:12:44] ,3,45.564,461.975,-86.611,20.98,495.655,70.728,

[2024-11-06 15:12:55] ,1,25.133,418.805,-79.287,60.064,455.318,0.507,

[2024-11-06 15:13:04] ,2,37.655,439.237,124.951,23.88,495.984,104.281,

[2024-11-06 15:13:16] ,4,4.503,432.382,-75.506,-11.645,475.223,-68.691,

[2024-11-06 15:13:28] ,4,10.171,504.157,45,69.226,519.448,43.363,

[2024-11-06 15:13:38] ,1,57.033,470.939,22.08,-6.306,507.518,-48.24,

[2024-11-06 15:13:45] ,4,22.167,442.598,63.435,20.519,503.761,-10.643,

[2024-11-06 15:14:09] ,1,18.146,431.196,74.124,50.31,482.473,-7.561,

[2024-11-06 15:14:20] ,2,84.714,420.387,-14.162,9.973,426.055,122.705,

[2024-11-06 15:14:39] ,2,83.198,497.896,-99.8,2.13,509.166,45,

[2024-11-06 15:14:51] ,3,8.128,424.407,-17.832,-5.713,477.464,18.914,

[2024-11-06 15:15:08] ,1,-5.383,481.089,-50.711,63.096,493.875,-59.123,

[2024-11-06 15:15:25] ,1,17.421,413.4,-78.19,-4.592,511.341,-39.611,

[2024-11-06 15:15:34] ,3,13.796,448.596,-78.247,13.269,519.448,15.422,

[2024-11-06 15:15:48] ,1,-7.295,406.678,6.68,-9.536,439.237,19.075,

[2024-11-06 15:15:57] ,4,8.787,427.373,-63.605,2.213,503.213,89.215,

[2024-11-06 15:16:18] ,2,0.944,406.678,100.808,13.005,452.287,-37.962,

[2024-11-06 15:16:26] ,4,40.621,428.427,-60.539,7.996,474.168,64.618,

[2024-11-06 15:16:40] ,1,-6.24,462.437,85.446,3.448,514.241,-60.698,

[2024-11-06 15:16:49] ,4,29.614,444.641,65.886,-3.867,453.605,-44.284,

[2024-11-06 15:17:01] ,2,-4.922,439.698,79.786,58.68,509.232,101.81,

[2024-11-06 15:17:17] ,1,28.626,426.252,43.568,36.535,492.755,-86.486,

[2024-11-06 15:17:26] ,2,40.16,435.941,175.446,19.003,496.248,159.326,

[2024-11-06 15:17:37] ,3,-0.77,441.148,-75.411,3.712,470.873,72.399,

[2024-11-06 15:17:50] ,3,-5.251,508.705,4.953,31.328,509.957,7.645,

[2024-11-06 15:18:03] ,2,7.337,475.948,169.38,65.667,504.552,45,

[2024-11-06 15:18:15] ,4,1.801,442.202,-72.646,5.953,477.134,62.418,

[2024-11-06 15:18:34] ,2,40.621,485.702,92.01,29.285,505.541,65.26,

[2024-11-06 15:18:43] ,1,-2.22,497.236,-72.044,1.471,513.186,-32.276,

[2024-11-06 15:18:52] ,3,44.971,478.255,-86.967,22.233,504.157,-75.779,

[2024-11-06 15:19:07] ,2,27.044,495.325,-63.886,19.794,506.661,-160.278,

[2024-11-06 15:19:16] ,4,50.112,417.882,90,47.833,465.481,-13.917,

[2024-11-06 15:19:30] ,1,-6.899,441.148,30.184,54.594,455.78,36.469,

[2024-11-06 15:19:46] ,1,49.189,477.332,-24.986,28.56,491.502,16.699,

[2024-11-06 15:19:55] ,1,64.744,499.214,57.019,16.498,519.448,0,

[2024-11-06 15:20:06] ,2,72.323,433.371,163.985,43.719,515.955,22.659,

[2024-11-06 15:20:18] ,3,26.648,415.312,-86.186,11.028,447.277,75.141,

[2024-11-06 15:20:30] ,4,48.069,413.466,-28.61,15.532,477.548,2.961,

[2024-11-06 15:20:43] ,3,39.171,441.28,73.951,-6.965,483.659,-42.044,

[2024-11-06 15:20:53] ,1,37.194,403.975,10.305,39.83,506.398,52.927,

[2024-11-06 15:21:02] ,2,23.089,427.768,-60.698,-11.579,445.893,86.934,

[2024-11-06 15:21:15] ,1,-2.681,471.532,51.419,66.985,510.023,-89.488,

[2024-11-06 15:21:26] ,2,44.378,450.771,-11.605,12.61,518.064,-52.214,

[2024-11-06 15:21:44] ,1,27.11,488.273,-51.419,7.798,491.239,80.87,

[2024-11-06 15:21:55] ,2,38.051,467.907,111.431,56.901,469.489,85.95,

[2024-11-06 15:22:10] ,3,17.223,429.35,69.399,48.464,515.559,-65.999,

[2024-11-06 15:22:21] ,4,23.814,469.291,21.894,0.351,470.214,20.966,

[2024-11-06 15:22:32] ,2,-2.813,415.048,-94.05,6.744,439.698,-146.592,

[2024-11-06 15:22:40] ,3,-9.601,490.711,-78.541,29.087,511.539,61.725,

[2024-11-06 15:23:00] ,1,20.453,462.964,-80.538,18.41,508.836,75.101,

[2024-11-06 15:23:10] ,2,42.928,475.684,-22.08,19.267,483.593,139.939,

[2024-11-06 15:23:22] ,3,12.412,427.768,-89.241,2.46,453.143,-30.12,

[2024-11-06 15:23:51] ,2,27.044,451.957,-142.734,64.019,504.882,156.4,

[2024-11-06 15:24:03] ,3,69.292,458.877,-11.014,-5.449,482.737,51.992,

[2024-11-06 15:24:23] ,1,64.019,404.634,-88.968,6.546,411.357,-78.789,

[2024-11-06 15:24:32] ,2,30.933,429.35,-70.925,50.705,473.443,15.739,

[2024-11-06 15:24:43] ,2,69.621,491.305,159.146,53.144,503.3,-105.03,

[2024-11-06 15:24:55] ,2,7.601,512.989,-11.81,27.439,515.296,-156.869,

[2024-11-06 15:25:08] ,2,20.585,406.216,41.379,-10.656,462.173,159.146,

[2024-11-06 15:25:18] ,3,27.505,429.746,31.483,1.669,491.7,79.729,

[2024-11-06 15:25:29] ,3,71.401,499.741,-2.69,-9.799,500.598,79.661,

[2024-11-06 15:25:42] ,1,55.846,435.48,59.123,37.458,459.537,-7.063,

[2024-11-06 15:25:51] ,2,41.017,402.657,-100.305,17.553,457.23,-93.013,

[2024-11-06 15:26:06] ,1,23.748,442.927,0,-11.315,514.571,57.45,

[2024-11-06 15:26:14] ,2,8.589,470.609,141.028,52.089,502.575,-163.496,

[2024-11-06 15:26:35] ,2,71.005,410.896,-43.55,42.598,501.916,128.501,

[2024-11-06 15:26:46] ,1,43.258,405.557,-90,10.171,511.011,77.692,

[2024-11-06 15:26:57] ,1,-3.999,471.466,51.814,43.06,485.307,-4.514,

[2024-11-06 15:27:07] ,2,56.439,480.1,140.389,21.244,515.691,70.758,

[2024-11-06 15:27:20] ,2,-5.383,497.302,75.719,26.187,510.484,-100.214,

[2024-11-06 15:27:31] ,3,-9.601,430.141,80.102,0.021,507.98,64.799,

[2024-11-06 15:27:49] ,1,10.501,428.493,16.991,11.555,454.132,11.706,

[2024-11-06 15:27:57] ,2,-5.713,399.428,-170.112,-0.77,438.973,-16.361,

[2024-11-06 15:28:09] ,3,18.278,485.768,74.416,19.86,517.866,71.686,

[2024-11-06 15:28:22] ,1,1.603,435.348,-40.711,-0.77,455.846,82.372,

[2024-11-06 15:28:31] ,1,0.878,514.636,-30.44,18.08,519.448,-1.023,

[2024-11-06 15:28:42] ,2,74.894,471.796,145.465,-4.131,477.991,131.424,

[2024-11-06 15:29:02] ,1,12.61,455.516,-15.739,16.301,485.241,43.586,

[2024-11-06 15:29:12] ,1,1.669,445.564,-83.437,66.326,462.371,-80.87,

[2024-11-06 15:29:22] ,1,2.855,463.293,-15.739,43.719,503.959,-45.716,

[2024-11-06 15:29:33] ,2,75.948,404.173,-71.4,85.505,466.391,-103.912,

[2024-11-06 15:29:44] ,3,52.88,447.805,59.88,-1.165,510.089,51.927,

[2024-11-06 15:29:58] ,1,7.008,489.327,-20.497,-2.022,517.471,-55.465,

[2024-11-06 15:30:08] ,2,84.253,451.166,90,81.617,473.641,-19.895,

[2024-11-06 15:30:27] ,1,46.553,446.355,88.493,62.767,450.177,80.372,

[2024-11-06 15:30:36] ,2,69.16,466.655,-151.837,60.064,483.33,165.231,

[2024-11-06 15:30:50] ,1,12.083,464.282,30.793,49.717,487.812,8.13,

[2024-11-06 15:30:59] ,1,-11.117,473.641,26.792,24.078,514.571,-61.39,

[2024-11-06 15:31:11] ,3,16.762,431.657,-33.69,-3.142,484.121,-39.13,

[2024-11-06 15:31:30] ,1,-1.099,422.496,-60.945,84.846,440.423,25.88,

[2024-11-06 15:31:39] ,1,59.867,458.746,-67.92,12.017,479.968,60.317,

[2024-11-06 15:31:53] ,2,54.923,449.98,-20.2,21.112,452.814,110.788,

[2024-11-06 15:32:05] ,3,21.969,426.648,-65.462,57.626,500.005,56.099,

[2024-11-06 15:32:26] ,1,49.848,452.88,58.523,86.692,513.78,-6.74,

[2024-11-06 15:32:36] ,1,50.573,407.996,-69.624,7.667,435.809,21.801,

[2024-11-06 15:32:46] ,1,9.842,467.512,-12.583,73.18,514.109,-54.162,

[2024-11-06 15:32:57] ,3,-1.758,454.791,-51.992,18.146,519.316,73.374,

[2024-11-06 15:33:13] ,1,15.576,484.252,83.991,54.396,517.141,3.608,

[2024-11-06 15:33:30] ,2,34.426,408.457,55.176,57.428,491.239,-96.062,

[2024-11-06 15:33:40] ,4,9.248,479.441,-53.826,26.237,480.376,43.958,

[2024-11-06 15:33:53] ,1,16.828,443.718,25.442,-1.297,481.221,-39.289,

[2024-11-06 15:34:02] ,3,23.485,485.307,77.957,70.346,495.655,47.701,

[2024-11-06 15:34:21] ,1,21.771,423.155,18.595,9.578,510.418,75.101,

[2024-11-06 15:34:30] ,3,67.182,468.5,25.382,12.083,473.443,-76.695,

[2024-11-06 15:34:42] ,2,27.044,455.977,121.9,34.953,514.571,-112.932,

[2024-11-06 15:34:54] ,3,-1.692,496.314,55.472,28.889,503.959,-36.111,

[2024-11-06 15:35:06] ,4,83.923,429.284,-54.048,29.351,517.866,-9.8,

[2024-11-06 15:35:22] ,2,78.387,487.284,-39.542,11.292,493.348,-159.8,

[2024-11-06 15:35:32] ,1,13.335,450.837,-29.006,14.323,494.402,78.789,

[2024-11-06 15:35:43] ,3,49.519,439.039,82.781,1.933,470.675,34.528,

[2024-11-06 15:35:57] ,2,11.753,435.216,-112.932,71.532,499.28,-36.666,

[2024-11-06 15:36:10] ,3,-3.801,477.266,-56.31,20.387,505.409,-50.925,

[2024-11-06 15:36:22] ,2,60.921,404.7,-138.281,40.028,499.543,-33.83,

[2024-11-06 15:36:40] ,1,6.678,460.855,73.443,30.801,519.448,-44.64,

[2024-11-06 15:36:49] ,4,55.912,441.675,74.678,-8.942,442.862,42.325,

[2024-11-06 15:37:03] ,4,-10.392,474.893,59.036,10.764,482.934,-12.958,

[2024-11-06 15:37:14] ,2,-8.481,404.7,-30.964,-6.24,457.164,-135,

[2024-11-06 15:37:30] ,4,23.155,438.973,-7.172,81.155,511.143,66.548,

[2024-11-06 15:37:40] ,4,56.242,470.675,82.372,28.033,475.882,75.358,

[2024-11-06 15:37:52] ,2,-0.638,440.752,-17.475,18.41,496.314,176.455,

[2024-11-06 15:38:01] ,3,-10.722,476.014,75.872,0.483,501.521,-38.779,

[2024-11-06 15:38:20] ,1,24.473,418.805,1.521,54.264,434.03,-68.199,

[2024-11-06 15:38:29] ,4,40.292,507.584,-36.666,60.921,518.921,-40.601,

[2024-11-06 15:38:41] ,2,-3.538,433.7,-97.628,27.505,445.893,51.028,

[2024-11-06 15:38:49] ,4,9.446,497.5,-67.001,10.764,514.373,-4.167,

[2024-11-06 15:39:09] ,2,27.901,423.089,16.991,-5.911,463.491,3.039,

[2024-11-06 15:39:16] ,4,14.917,494.073,-79.357,33.173,519.118,52.595,

[2024-11-06 15:39:29] ,4,10.171,431.987,-54.048,18.344,475.552,85.986,

[2024-11-06 15:39:40] ,4,2.328,493.677,-82.439,59.273,500.993,-31.05,

[2024-11-06 15:39:49] ,4,9.578,473.048,-145.337,65.732,486.823,104.899,

[2024-11-06 15:39:59] ,4,-7.558,444.641,-82.082,55.78,516.548,34.114,

[2024-11-06 15:40:11] ,1,21.442,439.764,-41.424,79.903,476.673,14.407,

[2024-11-06 15:40:19] ,2,2.46,446.421,138.24,41.478,504.421,-174.391,

[2024-11-06 15:40:34] ,1,63.096,436.402,4.594,19.794,444.707,9.13,

[2024-11-06 15:40:45] ,1,5.558,483.923,26.338,44.905,491.964,1.521,

[2024-11-06 15:41:02] ,1,13.203,429.746,62.076,65.337,438.973,-1.521,

[2024-11-06 15:41:11] ,1,62.437,493.48,-31.574,26.319,502.773,2.534,

[2024-11-06 15:41:22] ,1,39.171,505.607,-16.504,12.412,510.418,-85.406,

[2024-11-06 15:41:34] ,2,-0.374,435.743,145.751,42.269,473.839,-128.972,

[2024-11-06 15:41:48] ,2,6.217,479.507,-14.281,43.521,491.436,-72.044,

[2024-11-06 15:41:57] ,2,36.601,479.573,-14.642,7.93,497.434,32.005,

[2024-11-06 15:42:07] ,4,62.042,443.652,75.044,-11.579,445.498,86.186,

[2024-11-06 15:42:21] ,3,21.903,401.471,13.851,15.444,465.271,62.103,

[2024-11-06 15:42:30] ,2,-9.536,444.377,-12.693,-7.492,505.211,-137.175,

[2024-11-06 15:42:48] ,1,9.183,433.437,-78.294,62.108,445.3,-34.535,

[2024-11-06 15:42:57] ,2,30.208,412.478,-12.2,-1.165,462.041,52.524,

[2024-11-06 15:43:08] ,2,80.628,502.048,-53.44,35.876,511.209,-16.65,

[2024-11-06 15:43:18] ,3,48.003,479.837,14.036,64.348,509.693,74.476,

[2024-11-06 15:43:33] ,1,25.792,413.532,2.534,37.985,506.332,-69.8,

[2024-11-06 15:43:44] ,3,-3.208,403.843,-46.357,46.817,419.266,-83.911,

[2024-11-06 15:44:02] ,1,49.848,426.846,30.877,44.51,443.587,-43.586,

[2024-11-06 15:44:11] ,2,38.38,458.087,44.644,40.819,506.398,110.854,

[2024-11-06 15:44:24] ,3,17.092,436.666,69.532,68.962,452.55,23.847,

[2024-11-06 15:44:37] ,1,1.142,437.325,62.758,-6.701,466.127,-45.36,

[2024-11-06 15:44:48] ,1,9.051,440.423,-6.563,63.36,486.164,61.837,

[2024-11-06 15:44:58] ,3,21.046,485.505,-22.011,77.794,514.043,45,

[2024-11-06 15:45:11] ,2,-8.745,443.521,29.302,51.233,507.848,12.804,

[2024-11-06 15:45:28] ,2,-2.549,497.961,87.973,15.773,515.098,-175.406,

[2024-11-06 15:45:41] ,1,28.758,487.877,-50.323,46.158,489.196,0,

[2024-11-06 15:45:49] ,4,60.847,465.399,20.273,-11.974,501.982,43.118,

[2024-11-06 15:46:12] ,1,4.108,411.555,-45.36,11.16,480.232,-80.455,

[2024-11-06 15:46:19] ,2,13.664,422.298,63.662,57.098,457.823,-175.95,

[2024-11-06 15:46:40] ,1,42.994,433.766,-7.125,73.971,494.93,5.102,

[2024-11-06 15:46:48] ,3,-3.538,455.977,45.269,41.214,518.261,-45.272,

[2024-11-06 15:47:03] ,1,18.278,442.664,-16.844,14.521,493.48,63.886,

[2024-11-06 15:47:14] ,1,8.985,410.105,-84.391,13.137,506.596,14.899,

[2024-11-06 15:47:32] ,1,-2.088,429.943,43.568,32.119,458.943,33.275,

[2024-11-06 15:47:44] ,2,78.848,458.877,-85.406,71.928,469.884,-1.534,

[2024-11-06 15:47:54] ,3,40.226,451.43,-24.567,-4.065,471.4,-50.631,

[2024-11-06 15:48:22] ,2,78.453,415.18,45,38.051,496.314,-127.786,

[2024-11-06 15:48:33] ,1,19.267,403.514,74.97,77.464,494.666,-30.7,

[2024-11-06 15:48:43] ,2,9.578,419.068,61.837,-0.704,517.471,150.698,

[2024-11-06 15:48:54] ,3,76.146,449.452,-66.852,42.269,455.648,13.583,

[2024-11-06 15:49:09] ,3,14.126,452.88,34.315,38.051,515.296,-75.685,

[2024-11-06 15:49:20] ,1,-8.547,434.755,-49.674,19.003,490.448,8.13,

[2024-11-06 15:49:34] ,1,13.071,443.718,-18.277,14.983,510.484,-60.001,

[2024-11-06 15:49:51] ,2,8.326,435.216,120.619,65.93,437.062,-76.701,

[2024-11-06 15:50:03] ,2,6.678,430.537,-39.218,80.101,476.343,-83.83,

[2024-11-06 15:50:12] ,2,2.328,498.357,87.973,33.833,507.057,147.019,

[2024-11-06 15:50:32] ,1,-11.908,403.909,45,73.839,449.716,75.719,

[2024-11-06 15:50:40] ,2,-6.438,444.575,133.568,60.592,473.707,-72.676,

[2024-11-06 15:50:53] ,2,37.26,428.559,104.899,0.219,490.382,-87.466,

[2024-11-06 15:51:03] ,3,-9.404,465.271,49.028,29.021,514.439,-14.589,

[2024-11-06 15:51:23] ,1,-3.142,443.257,-78.887,50.112,489.921,18.435,

[2024-11-06 15:51:33] ,2,4.371,461.58,-129.289,-2.022,483.33,-87.973,

[2024-11-06 15:51:47] ,1,3.91,424.868,-48.576,49.123,512.198,-86.961,

[2024-11-06 15:51:56] ,3,45.63,438.446,15.686,10.698,507.386,50.145,

[2024-11-06 15:52:10] ,2,72.455,470.082,-112.27,-2.351,504.684,94.086,

[2024-11-06 15:52:20] ,3,62.898,461.777,-45.269,7.996,476.212,-88.116,

[2024-11-06 15:52:33] ,3,78.585,488.866,-16.26,22.43,513.516,31.357,

[2024-11-06 15:52:51] ,4,46.026,451.693,0,-11.051,506.068,-83.379,

[2024-11-06 15:53:04] ,2,57.428,503.366,-62.289,14.917,511.934,-158.962,

[2024-11-06 15:53:21] ,1,10.171,479.177,-71.089,37.655,496.643,-13.791,

[2024-11-06 15:53:29] ,2,32.317,417.816,138.621,43.323,433.041,-62.312,

[2024-11-06 15:53:41] ,3,45.828,468.368,24.382,15.708,511.868,-17.354,

[2024-11-06 15:54:00] ,1,13.664,425.989,-51.814,64.217,449.584,-23.86,

[2024-11-06 15:54:10] ,1,51.167,499.477,-20.854,22.101,506.398,-5.609,

[2024-11-06 15:54:20] ,2,18.212,442.137,-180,-8.217,460.789,27.924,

[2024-11-06 15:54:32] ,2,5.755,480.627,-165.101,34.623,505.475,16.015,

[2024-11-06 15:54:45] ,1,35.612,404.437,43.919,-8.745,417.75,-29.554,

[2024-11-06 15:54:55] ,3,51.101,466.259,34.838,-2.417,492.03,0,

[2024-11-06 15:55:11] ,2,33.503,438.05,75.231,-10.788,491.305,52.524,

[2024-11-06 15:55:28] ,3,49.585,445.893,64.113,-11.908,506.727,39.075,

[2024-11-06 15:55:40] ,2,29.021,446.882,-170.949,-8.481,456.571,-112.736,

[2024-11-06 15:55:53] ,1,-5.976,423.023,-86.455,46.026,425.857,45,

[2024-11-06 15:56:03] ,1,38.248,439.83,68.385,80.43,479.705,35.952,

[2024-11-06 15:56:15] ,1,2.921,431.262,52.927,10.83,475.223,46.067,

[2024-11-06 15:56:26] ,2,66.194,487.482,35.952,-11.579,502.905,165.593,

[2024-11-06 15:56:44] ,1,83.462,447.937,46.801,7.008,476.08,62.103,

[2024-11-06 15:56:54] ,1,77.728,472.652,56.31,29.746,501.059,52.829,

[2024-11-06 15:57:12] ,1,50.508,455.318,74.261,56.439,478.584,54.345,

[2024-11-06 15:57:22] ,2,-10.854,417.684,12.804,-5.383,448.266,-111.615,

[2024-11-06 15:57:34] ,2,16.828,493.677,-24.528,7.996,505.673,52.214,

[2024-11-06 15:57:45] ,1,9.578,435.546,37.171,-3.34,506.793,27.022,

[2024-11-06 15:57:55] ,3,29.021,504.75,-68.057,76.41,519.909,9.652,

[2024-11-06 15:58:15] ,1,8.787,445.432,60.945,-7.097,472.718,-84.489,

[2024-11-06 15:58:25] ,1,23.748,486.823,-18.277,22.233,504.552,6.621,

[2024-11-06 15:58:36] ,3,27.637,419.53,-9.898,-11.513,452.748,64.455,

[2024-11-06 15:58:49] ,2,-0.506,483.791,122.433,57.494,502.641,127.476,

[2024-11-06 15:59:02] ,1,29.219,430.405,60.945,3.976,506.002,24.274,

[2024-11-06 15:59:18] ,2,43.983,473.312,18.911,78.057,481.55,-53.334,

[2024-11-06 15:59:29] ,2,5.558,500.861,-57.995,20.519,501.982,-145.886,

[2024-11-06 15:59:39] ,3,-9.47,460.262,-54.638,40.951,501.652,77.264,

[2024-11-06 15:59:59] ,1,80.826,464.084,-56.592,-4.131,495.391,-56.449,

[2024-11-06 16:00:08] ,2,16.037,461.777,65.886,15.048,507.65,-106.991,

[2024-11-06 16:00:19] ,3,48.992,462.239,39.95,16.63,490.975,-15.322,

[2024-11-06 16:00:32] ,2,1.208,403.909,166.584,10.039,458.746,-46.067,

[2024-11-06 16:00:42] ,2,-8.283,505.871,0,63.426,511.077,55.597,

[2024-11-06 16:01:01] ,1,-8.151,512.527,78.19,14.455,519.448,47.521,

[2024-11-06 16:01:09] ,2,8.721,429.416,88.977,70.28,494.864,-106.015,

[2024-11-06 16:01:21] ,2,5.623,501.784,43.199,21.573,507.255,149.56,

[2024-11-06 16:01:34] ,1,35.283,418.014,-87.466,10.435,435.677,-2.027,

[2024-11-06 16:01:45] ,3,31.394,427.439,71.323,10.83,496.182,-84.703,

[2024-11-06 16:02:04] ,1,-3.801,444.773,-39.611,18.278,493.743,-88.986,

[2024-11-06 16:02:14] ,2,44.51,480.1,97.561,72.389,517.075,175.84,

[2024-11-06 16:02:33] ,1,0.021,476.014,26.338,-2.615,508.507,-34.824,

[2024-11-06 16:02:42] ,2,0.878,451.364,-155.472,59.273,485.439,-126.769,

[2024-11-06 16:02:57] ,2,38.446,405.623,127.786,1.208,474.959,-94.514,

[2024-11-06 16:03:14] ,1,-1.758,408.457,-66.869,59.735,440.291,16.361,

[2024-11-06 16:03:23] ,2,41.412,426.252,-3.066,19.926,434.359,-164.612,

[2024-11-06 16:03:43] ,1,63.426,430.602,-51.499,27.967,436.337,-24.986,

[2024-11-06 16:03:51] ,2,59.471,493.018,-70.758,26.253,493.611,-97.125,

[2024-11-06 16:04:04] ,1,-11.974,484.187,-21.801,42.796,491.964,-41.424,

[2024-11-06 16:04:32] ,2,37.919,443.652,175.486,-0.704,456.637,121.31,

[2024-11-06 16:04:51] ,2,3.712,428.427,-153.662,21.508,491.436,-104.769,

[2024-11-06 16:05:17] ,2,52.551,462.898,-169.38,22.892,483.264,71.25,

[2024-11-06 16:05:28] ,2,10.896,432.448,177.489,-4.856,456.439,170.87,

[2024-11-06 16:06:06] ,2,5.096,399.889,169.192,42.994,495.259,39.611,

[2024-11-06 16:06:17] ,4,35.085,415.773,43.199,10.962,423.418,-65.934,

[2024-11-06 16:14:40] ,4,53.803,422.43,22.932,39.303,468.5,9.462,

[2024-11-06 16:15:48] ,4,53.869,422.496,22.27,39.303,468.5,9.462,

[2024-11-06 16:16:04] ,4,53.869,422.496,22.27,61.317,441.543,28.369,

[2024-11-06 16:16:08] ,1,27.703,414.982,17.628,84.385,426.977,-75.964,

[2024-11-06 16:17:31] ,1,27.769,414.982,18.113,84.385,426.977,-75.964,

[2024-11-06 16:17:32] ,1,27.769,414.982,18.113,84.385,426.977,-75.964,

[2024-11-06 16:17:33] ,1,27.769,414.982,18.113,84.385,426.977,-75.964,

[2024-11-06 16:17:41] ,1,27.769,414.982,18.113,84.385,426.977,-75.964,

[2024-11-06 16:18:02] ,1,27.769,414.982,18.113,84.385,426.977,-75.964,

[2024-11-06 16:18:09] ,1,27.769,414.982,18.113,84.385,426.977,-75.964,

[2024-11-06 16:18:17] ,1,27.769,414.982,18.113,84.385,426.977,-75.964,

[2024-11-06 16:18:37] ,1,27.703,414.982,17.628,84.385,427.043,-75.466,

[2024-11-06 16:18:44] ,1,27.703,414.982,17.628,53.869,422.43,-66.869,

[2024-11-06 16:18:52] ,1,27.703,414.982,17.628,53.869,422.43,-66.869,

[2024-11-06 16:18:53] ,1,27.703,414.982,17.628,53.869,422.43,-66.869,

[2024-11-06 16:19:38] ,1,27.703,414.982,17.628,53.869,422.43,-66.869,

[2024-11-06 16:19:44] ,1,27.703,414.982,17.628,5.228,431.525,-61.39,

[2024-11-06 16:19:51] ,1,27.703,414.982,17.628,53.869,422.43,-66.869,

[2024-11-06 16:42:52] ,1,24.03,411.298,-39.936,40.547,442.086,-67.73,

[2024-11-06 16:46:14] ,1,26.229,429.667,-57.724,56.808,440.789,-74.124,

[2024-11-06 16:47:48] ,1,26.165,429.669,-57.995,56.808,440.789,-74.124,

[2024-11-06 16:49:30] ,1,43.258,432.646,19.552,5.642,441.668,-39.999,

[2024-11-06 16:49:37] ,1,47.564,433.874,55.465,5.642,441.668,-39.999,

[2024-11-06 16:51:18] ,1,53.174,441.73,82.937,8.248,447.249,87.466,

[2024-11-06 16:57:02] ,1,50.574,445.706,-75.719,9.022,447.215,87.466,

[2024-11-06 16:59:45] ,1,7.538,445.857,87.466,55.573,447.16,-70.925,

[2024-11-06 17:01:12] ,1,7.39,445.965,89.488,55.573,447.16,-70.925,

[2024-11-06 17:03:42] ,1,6.424,446.146,-85.406,55.978,447.61,-71.565,

[2024-11-06 17:05:51] ,1,53.19,447.432,49.674,8.227,455.764,-34.535,

[2024-11-06 17:07:08] ,1,54.453,448.937,-88.977,5.618,456.952,80.87,

[2024-11-06 17:10:45] ,1,54.412,449.475,-87.99,-0.657,511.668,44.275,

[2024-11-06 17:14:55] ,1,51.125,449.822,-77.307,-1.126,458.607,80.372,

[2024-11-06 17:16:13] ,1,48.997,412.741,-47.521,-1.858,427.002,35.952,

[2024-11-06 17:17:02] ,1,50.074,509.974,-83.32,15.576,510.55,-16.65,

[2024-11-06 17:18:23] ,3,43.803,450.076,77.8,-6.701,469.225,-74.678,

[2024-11-06 17:22:41] ,3,44.338,449.471,77.43,-6.042,468.83,-79.287,

[2024-11-06 17:25:34] ,3,44.278,449.536,77.879,-5.054,468.962,-80.538,

[2024-11-06 17:28:23] ,3,45.103,456.241,-33.587,13.533,463.425,-88.869,

[2024-11-06 17:28:29] ,3,45.037,456.175,-33.071,13.533,463.425,-88.869,

[2024-11-06 17:28:34] ,3,45.037,456.241,-32.758,13.533,463.425,-88.869,

[2024-11-06 17:33:05] ,3,46.252,457.098,-33.071,17.276,464.508,74.516,

[2024-11-06 17:35:37] ,3,46.516,455.911,-33.071,17.205,464.51,74.157,

[2024-11-06 17:38:23] ,3,46.656,455.925,-32.442,16.698,464.834,75.693,

[2024-11-06 17:43:08] ,3,49.666,454.511,-78.986,18.344,463.689,21.523,

[2024-11-06 17:44:00] ,3,50.881,453.365,-78.616,18.344,463.689,21.523,

[2024-11-06 17:46:25] ,3,50.044,454.787,-79.729,18.344,463.689,21.523,

[2024-11-06 17:47:55] ,3,50.063,451.974,-78.914,18.146,465.93,19.026,

