[2025-03-07 09:36:43] ,1,25.967,439.055,-15.388,30.251,489.607,-76.817,

[2025-03-07 09:36:50] ,1,87.46,504.502,39.542,22.539,505.293,63.886,

[2025-03-07 09:37:00] ,3,16.146,401.487,-12.821,29.992,414.932,-34.647,

[2025-03-07 09:37:09] ,3,9.832,463.005,87.739,-2.086,491.057,-45.807,

[2025-03-07 09:37:20] ,1,34.667,402.673,-66.194,11.796,423.039,-53.231,

[2025-03-07 09:37:29] ,1,-3.626,454.082,-21.329,60.964,485.85,-39.999,

[2025-03-07 09:37:38] ,1,85.614,482.621,-60.895,38.687,503.118,79.287,

[2025-03-07 09:37:48] ,2,70.323,433.716,93.094,8.105,443.075,29.302,

[2025-03-07 09:37:59] ,1,8.369,440.241,69.034,39.28,512.346,-80.2,

[2025-03-07 09:38:07] ,2,68.412,399.641,-77.758,54.044,437.143,135,

[2025-03-07 09:38:16] ,2,18.189,454.939,136.432,1.976,491.189,113.86,

[2025-03-07 09:38:27] ,2,44.289,454.346,52.524,6.589,459.882,-66.602,

[2025-03-07 09:42:43] ,2,6.589,459.882,-66.602,39.083,472.998,153.435,

[2025-03-07 09:42:49] ,2,6.589,459.882,-66.602,39.083,472.998,153.435,

[2025-03-07 09:43:03] ,1,25.373,439.846,27.688,77.969,504.832,-26.333,

[2025-03-07 09:43:11] ,1,16.476,454.543,-62.103,54.571,505.03,3.066,

[2025-03-07 09:43:21] ,1,31.767,511.159,-19.895,-4.615,518.343,-33.408,

[2025-03-07 09:43:30] ,2,11.598,400.168,-138.281,25.703,464.166,36.469,

[2025-03-07 09:43:40] ,3,18.651,426.927,-28.095,3.638,483.28,-68.827,

[2025-03-07 09:43:49] ,3,-9.803,500.811,-50.389,12.047,504.24,65.304,

[2025-03-07 09:43:58] ,4,60.305,401.157,-31.964,-9.334,419.122,-67.051,

[2025-03-07 09:46:10] ,2,-9.097,416.184,14.534,39.083,485.521,91.014,

[2025-03-07 09:46:15] ,2,-9.097,416.25,14.407,39.083,485.521,91.014,

[2025-03-07 09:46:24] ,1,4.81,430.223,22.27,48.178,451.512,14.769,

[2025-03-07 09:46:31] ,1,36.117,474.448,85.986,-6.79,500.416,-71.405,

[2025-03-07 09:46:41] ,2,33.81,512.28,-3.576,76.519,514.125,-59.482,

[2025-03-07 09:46:50] ,3,18.1,403.991,-78.84,-7.911,407.089,5.404,

[2025-03-07 09:47:00] ,2,-7.647,432.2,169.786,77.639,477.612,72.216,

[2025-03-07 09:47:08] ,2,12.258,489.739,-139.289,47.255,493.693,-79.786,

[2025-03-07 09:47:17] ,3,6.392,470.691,10.138,12.851,504.634,-26.053,

[2025-03-07 09:47:28] ,1,10.346,403.991,-33.261,11.071,474.777,65.681,

[2025-03-07 09:47:38] ,1,3.623,484.664,3.545,35.326,517.684,42.825,

[2025-03-07 09:47:47] ,3,58.262,406.298,27.937,-6.551,478.6,-83.951,

[2025-03-07 09:47:59] ,3,75.09,450.589,-76.891,-6.832,452.105,-56.834,

[2025-03-07 09:48:09] ,2,0.789,487.893,-56.592,-2.242,507.402,52.927,

[2025-03-07 09:48:19] ,1,-9.492,444.393,-75.719,16.871,508.391,-79.192,

[2025-03-07 09:48:27] ,4,17.201,414.932,-28.457,87.127,432.832,-44.626,

[2025-03-07 09:48:39] ,3,12.709,409.396,-37.405,24.846,476.491,19.628,

[2025-03-07 09:48:54] ,1,56.483,402.475,-3.641,10.412,418.689,-56.592,

[2025-03-07 09:49:02] ,1,-4.945,425.939,-63.662,79.88,438.923,-61.595,

[2025-03-07 09:49:12] ,1,-1.583,456.059,-30.877,23.462,482.357,-45.707,

[2025-03-07 09:49:21] ,1,14.433,508.325,-52.619,52.396,515.443,-84.852,

[2025-03-07 09:49:31] ,2,57.142,422.512,-47.521,36.776,494.484,-140.711,

[2025-03-07 09:49:40] ,3,40.157,437.209,-48.493,2.755,474.028,76.239,

[2025-03-07 09:49:49] ,4,32.689,401.816,-5.404,83.212,411.088,59.128,

[2025-03-07 09:49:59] ,4,87.855,464.759,-5.659,17.275,465.901,22.917,

[2025-03-07 09:50:07] ,2,17.728,467.593,-106.361,23.66,503.316,-65.934,

[2025-03-07 09:50:16] ,1,54.373,442.482,17.14,82.714,483.807,32.115,

[2025-03-07 09:50:23] ,1,56.087,402.278,-20.739,33.612,500.218,-20.854,

[2025-03-07 09:50:33] ,2,25.439,420.534,-26.565,-2.967,420.666,171.215,

[2025-03-07 09:50:42] ,2,56.285,473.262,-20.674,15.355,474.118,-141.419,

[2025-03-07 09:50:51] ,3,10.971,419.389,62.58,20.089,448.473,36.946,

[2025-03-07 09:51:00] ,3,-7.911,457.575,-24.193,17.909,499.041,64.799,

[2025-03-07 09:51:11] ,1,61.689,406.166,-87.917,17.069,423.302,-20.2,

[2025-03-07 09:51:19] ,1,71.642,465.55,-29.554,11.928,469.373,1.521,

[2025-03-07 09:51:29] ,3,-5.194,461.068,-33.166,19.652,503.25,-33.374,

[2025-03-07 09:51:40] ,1,51.078,435.627,18.113,28.01,461.662,-48.2,

[2025-03-07 09:51:49] ,3,14.119,478.886,68.339,-5.406,512.148,90,

[2025-03-07 09:52:01] ,3,9.793,436.352,-61.725,13.709,498.834,-85.806,

[2025-03-07 09:52:12] ,2,41.455,487.696,-119.055,9.423,491.848,116.338,

[2025-03-07 09:52:22] ,1,40.928,442.548,-90,-5.274,475.107,-12.308,

[2025-03-07 09:52:38] ,1,69.005,432.464,76.088,44.685,432.662,51.499,

[2025-03-07 09:52:47] ,1,33.085,456.521,29.249,2.239,457.114,24.986,

[2025-03-07 09:52:56] ,1,76.189,468.714,-49.674,23.33,469.966,31.477,

[2025-03-07 09:53:05] ,2,12.192,404.189,-34.403,36.776,416.053,-174.898,

[2025-03-07 09:53:16] ,3,30.413,433.61,82.355,23.219,516.915,88.091,

[2025-03-07 09:53:25] ,4,-9.62,397.224,24.228,61.836,419.165,20.556,

[2025-03-07 10:01:26] ,1,78.76,423.237,26.333,58.13,479.589,0,

[2025-03-07 10:01:31] ,1,78.76,423.237,26.333,57.998,479.655,0,

[2025-03-07 10:01:38] ,1,12.983,480.775,-60.505,8.237,496.396,4.554,

[2025-03-07 10:01:48] ,2,47.321,427.323,67.537,62.283,453.291,150.945,

[2025-03-07 10:01:59] ,1,3.096,401.355,4.635,34.403,410.055,88.466,

[2025-03-07 10:02:07] ,1,69.796,481.434,-40.326,39.742,506.743,-60.001,

[2025-03-07 10:02:16] ,2,37.369,438.989,152.076,67.16,457.246,12.918,

[2025-03-07 10:02:26] ,3,42.444,459.487,24.538,1.114,512.602,52.292,

[2025-03-07 10:02:35] ,4,69.077,410.357,-71.896,12.653,432.398,-79.695,

[2025-03-07 10:02:46] ,1,67.16,448.15,-32.705,47.717,473.262,-86.987,

[2025-03-07 10:02:54] ,2,-9.229,429.827,14.407,17.135,435.693,160.278,

[2025-03-07 10:03:03] ,2,67.226,475.437,-144.048,32.689,503.514,43.919,

[2025-03-07 10:03:13] ,1,5.205,438,39.999,13.971,465.946,55.337,

[2025-03-07 10:03:21] ,1,27.944,469.768,57.567,31.898,489.277,-24.986,

[2025-03-07 10:03:34] ,2,-10.151,410.516,-93.122,-9.295,489.08,79.786,

[2025-03-07 10:03:44] ,1,52.923,432.002,-78.789,14.96,467.923,-16.844,

[2025-03-07 10:03:52] ,1,-10.547,473.657,67.068,65.183,491.584,-52.619,

[2025-03-07 10:04:02] ,3,2.503,414.075,7.696,-0.457,440.966,-34.528,

[2025-03-07 10:04:18] ,1,31.964,493.891,-45.716,17.069,505.491,-71.887,

[2025-03-07 10:04:27] ,2,25.044,424.027,134.64,2.635,436.484,47.862,

[2025-03-07 10:04:36] ,2,19.639,453.357,-11.113,50.617,463.837,-180,

[2025-03-07 10:04:45] ,2,11.071,469.768,-48.909,36.051,479.062,-85.95,

[2025-03-07 10:04:53] ,2,57.076,507.402,-62.049,13.378,516.827,107.14,

[2025-03-07 10:05:04] ,1,12.983,411.834,-39.542,-8.306,416.053,87.955,

[2025-03-07 10:05:12] ,1,10.28,469.109,48.909,52.067,470.559,-29.495,

[2025-03-07 10:05:21] ,2,-9.163,487.3,-84.44,30.119,507.534,55.465,

[2025-03-07 10:05:32] ,1,68.017,434.705,-80.2,-10.151,458.893,-80.87,

[2025-03-07 10:05:40] ,3,54.567,415.239,53.437,56.087,503.909,-1.922,

[2025-03-07 10:05:51] ,2,30.91,444.459,-147.295,34.667,507.073,-165.593,

[2025-03-07 10:06:07] ,1,47.321,423.962,57.995,-10.217,425.082,-55.049,

[2025-03-07 10:06:15] ,1,30.976,426.796,14.407,19.442,432.464,-26.792,

[2025-03-07 10:06:24] ,1,61.558,443.668,62.076,54.242,483.214,-86.455,

[2025-03-07 10:06:34] ,2,41.851,397.334,65.513,6.589,410.384,-100.305,

[2025-03-07 10:06:44] ,1,-0.265,400.103,22.38,48.903,423.171,78.69,

[2025-03-07 10:06:52] ,1,18.189,435.957,-40.711,73.817,445.843,45.725,

[2025-03-07 10:07:02] ,2,13.51,404.518,22.659,56.285,474.448,-159.326,

[2025-03-07 10:07:13] ,2,0.658,491.584,-105.255,-1.583,503.843,-80.87,

[2025-03-07 10:07:22] ,3,23.33,457.773,21.173,40.862,507.402,13.851,

[2025-03-07 10:07:32] ,1,4.217,402.343,-31.139,74.476,418.293,21.038,

[2025-03-07 10:07:41] ,1,41.126,425.214,-46.801,26.428,441.098,79.786,

[2025-03-07 10:07:50] ,2,14.367,430.948,-145.751,16.41,514.916,-70.448,

[2025-03-07 10:08:00] ,3,-9.558,426.927,11.908,38.226,455.927,-12.57,

[2025-03-07 10:08:09] ,3,8.958,476.394,49.276,44.391,492.965,70.115,

[2025-03-07 10:08:18] ,3,75.579,510.377,64.819,-1.583,511.489,18.677,

[2025-03-07 10:08:29] ,1,9.687,409,12.918,-8.504,455.137,60.945,

[2025-03-07 10:08:38] ,1,69.73,487.827,-16.65,10.346,499.23,20.2,

[2025-03-07 10:08:49] ,2,-4.154,414.141,86.392,61.821,502.591,-180,

[2025-03-07 10:08:57] ,3,18.937,414.074,61.02,35.575,442.942,30.12,

[2025-03-07 10:09:08] ,1,11.994,402.343,-20.072,-4.813,415.987,-73.843,

[2025-03-07 10:09:23] ,1,36.248,407.748,-36.254,80.144,473.262,48.621,

[2025-03-07 10:09:32] ,1,42.378,492.243,-33.83,-3.692,496.725,69.326,

[2025-03-07 10:09:42] ,2,47.651,449.864,-15.876,33.48,515.773,-35.119,

[2025-03-07 10:09:51] ,3,-5.418,472.537,-37.776,54.251,480.875,44.465,

[2025-03-07 10:10:00] ,3,11.664,407.353,-21.231,26.514,484.927,-48.209,

[2025-03-07 10:10:11] ,1,-3.692,413.812,-72.216,5.008,468.252,26.114,

[2025-03-07 10:10:20] ,3,-7.779,438.857,6.843,22.21,486.905,-3.411,

[2025-03-07 10:10:31] ,1,-9.69,469.439,83.938,-1.781,486.707,65.014,

[2025-03-07 10:10:41] ,1,5.667,408.671,-27.951,35.458,439.121,26.565,

[2025-03-07 10:10:49] ,2,75.332,433.123,135,12.785,449.073,-56.17,

[2025-03-07 10:11:06] ,1,21.353,401.289,-59.744,0.13,418.689,-51.499,

[2025-03-07 10:11:14] ,1,19.244,436.155,-63.435,11.73,451.973,47.49,

[2025-03-07 10:11:23] ,1,61.755,453.687,50.001,-0.595,474.975,4.514,

[2025-03-07 10:11:33] ,2,14.564,418.491,-160.589,39.412,421.655,-8.202,

[2025-03-07 10:11:42] ,2,4.151,436.946,9.713,23.792,459.091,-106.844,

[2025-03-07 10:11:51] ,2,62.678,475.634,-120.877,22.539,484.137,-61.189,

[2025-03-07 10:11:59] ,4,51.228,415.929,60.35,59.646,431.739,-23.651,

[2025-03-07 10:12:09] ,3,47.357,477.48,-71.565,-3.842,497.459,89.241,

[2025-03-07 10:12:19] ,1,-5.538,400.168,22.184,44.883,433.452,-65.934,

[2025-03-07 10:12:28] ,1,-2.901,438.132,-62.076,7.512,481.237,-22.736,

[2025-03-07 10:12:39] ,2,-2.836,459.091,29.055,-4.417,472.8,106.844,

[2025-03-07 10:12:47] ,2,0.987,485.389,-106.361,33.942,518.805,-31.842,

[2025-03-07 10:12:56] ,3,69.335,461.464,7.219,44.417,488.4,53.281,

[2025-03-07 10:13:07] ,1,31.371,399.443,16.798,1.514,426.927,-2.534,

[2025-03-07 10:13:16] ,3,55.095,400.861,54.058,45.182,496.51,85.806,

[2025-03-07 10:13:27] ,1,30.119,434.902,-46.779,53.912,492.507,-62.526,

[2025-03-07 10:13:35] ,3,-1.674,488.552,-62.083,20.61,502.839,37.708,

[2025-03-07 10:13:47] ,1,44.619,470.493,-53.231,32.821,495.539,-1.023,

[2025-03-07 10:13:58] ,3,36.908,420.996,23.148,47.203,442.562,73.482,

[2025-03-07 10:14:14] ,2,-10.811,447.952,-130.711,-0.397,459.223,157.264,

[2025-03-07 10:14:23] ,1,29.658,400.366,-31.675,1.119,418.162,-41.76,

[2025-03-07 10:14:31] ,1,34.667,426.862,-79.875,68.148,427.257,-71.241,

[2025-03-07 10:14:41] ,1,7.38,435.1,-11.211,36.117,436.814,-83.379,

[2025-03-07 10:14:51] ,1,11.533,453.225,-25.228,27.417,486.443,-28.369,

[2025-03-07 10:15:02] ,1,12.587,433.452,-59.123,28.933,439.582,-15.876,

[2025-03-07 10:15:10] ,1,76.123,453.489,47.521,26.296,477.48,43.243,

[2025-03-07 10:15:20] ,2,10.148,495.077,38.186,37.764,497.78,-16.991,

[2025-03-07 10:15:30] ,1,14.169,429.827,45.716,47.387,488.355,-66.4,

[2025-03-07 10:15:39] ,2,15.289,455.137,-51.103,30.514,474.646,114.114,

[2025-03-07 10:15:49] ,1,-1.583,419.875,41.379,26.296,512.741,88.479,

[2025-03-07 10:15:58] ,2,7.314,470.296,-128.581,24.385,472.602,-180,

[2025-03-07 10:16:07] ,3,72.129,419.228,40.934,11.947,505.491,-50.631,

[2025-03-07 10:16:23] ,1,84.032,428.641,-79.095,54.967,439.846,66.602,

[2025-03-07 10:16:32] ,1,43.169,476.689,-41.091,36.446,490.134,-36.064,

[2025-03-07 10:16:41] ,1,47.255,505.161,41.76,-4.351,509.775,-3.066,

[2025-03-07 10:16:51] ,2,72.828,399.443,143.549,-1.583,402.475,-16.798,

[2025-03-07 10:17:00] ,2,26.823,410.45,72.86,11.862,425.543,-86.934,

[2025-03-07 10:17:08] ,2,-1.32,426.993,176.934,-5.67,443.075,-7.125,

[2025-03-07 10:17:17] ,2,34.798,450.852,-13.299,0.328,472.339,-75.842,

[2025-03-07 10:17:26] ,3,10.478,458.696,-14.128,11.345,505.557,-68.199,

[2025-03-07 10:17:36] ,2,3.953,452.302,59.381,27.746,462.189,-90,

[2025-03-07 10:17:47] ,1,61.558,485.916,35.655,-6.988,517.289,66.666,

[2025-03-07 10:17:55] ,3,7.195,470.321,87.725,52.457,504.557,52.595,

[2025-03-07 10:18:07] ,1,42.971,409.528,-9.377,31.173,424.225,-10.808,

[2025-03-07 10:18:17] ,2,28.208,475.7,178.986,-2.176,516.036,-158.671,

[2025-03-07 10:18:28] ,1,0.064,424.489,43.199,29.262,459.355,-28.131,

[2025-03-07 10:18:36] ,2,60.833,465.221,163.009,10.873,514.323,170.112,

[2025-03-07 10:18:45] ,3,43.63,432.925,-3.814,10.955,475.993,33.69,

[2025-03-07 10:18:56] ,1,18.585,416.316,7.253,-6.395,479.589,-86.961,

[2025-03-07 10:19:07] ,3,-5.081,415.591,-85.396,19.969,451.709,-6.423,

[2025-03-07 10:19:23] ,1,49.694,414.998,36.254,67.951,433.518,-80.287,

[2025-03-07 10:19:32] ,1,42.905,440.768,-50.001,23.067,456.257,20.674,

[2025-03-07 10:19:41] ,2,16.673,399.839,19.584,-4.22,414.141,-3.094,

[2025-03-07 10:19:50] ,2,63.535,458.762,-43.568,53.451,486.048,-60.505,

[2025-03-07 10:19:59] ,3,22.384,432.024,63.947,-9.361,444.723,19.038,

[2025-03-07 10:20:10] ,3,-3.758,461.662,19.272,39.968,470.955,-70.728,

[2025-03-07 10:20:20] ,3,13.436,471.481,36.416,33.505,476.494,74.314,

[2025-03-07 10:20:31] ,1,26.889,453.291,-6.062,36.908,465.155,63.435,

[2025-03-07 10:20:42] ,4,85.944,458.564,8.785,82.319,503.909,14.162,

[2025-03-07 10:24:03] ,2,-7.317,402.146,-59.036,2.635,418.557,119.745,

[2025-03-07 10:24:08] ,2,-7.317,402.146,-59.036,2.635,418.557,119.745,

[2025-03-07 10:24:15] ,2,4.612,478.6,-100.62,19.705,480.907,172.372,

[2025-03-07 10:24:24] ,2,21.683,503.448,76.584,30.844,514.521,-180,

[2025-03-07 10:24:33] ,3,86.01,482.687,5.749,61.554,504.041,-36.111,

[2025-03-07 10:24:43] ,4,86.01,458.564,8.865,82.319,503.975,13.658,

[2025-03-07 10:24:56] ,3,0.389,399.451,51.28,27.087,442.021,16.88,

[2025-03-07 10:25:04] ,1,1.317,453.159,-66.602,80.539,472.602,81.724,

[2025-03-07 10:25:15] ,3,-10.133,487.959,-50.925,-2.045,504.371,-26.053,

[2025-03-07 10:25:27] ,2,5.798,440.241,54.758,43.498,482.357,45,

[2025-03-07 10:25:35] ,3,19.046,501.471,0.759,-10.026,502.115,80.412,

[2025-03-07 10:25:52] ,1,-1.649,416.448,60.001,16.08,421.259,-73.985,

[2025-03-07 10:26:00] ,1,1.976,432.068,-82.372,36.051,436.616,61.39,

[2025-03-07 10:26:10] ,1,2.503,445.777,-16.361,-3.297,464.562,80.87,

[2025-03-07 10:26:20] ,1,12.389,474.316,9.13,26.758,485.125,-45.707,

[2025-03-07 10:26:31] ,1,-2.901,505.821,44.275,7.248,515.707,-82.875,

[2025-03-07 10:26:41] ,2,51.144,434.243,-166.701,22.408,463.837,-157.264,

[2025-03-07 10:26:49] ,2,62.48,466.868,147.724,4.942,492.573,-19.075,

[2025-03-07 10:26:58] ,3,39.984,462.694,86.211,48.776,490.251,57.47,

[2025-03-07 10:27:08] ,1,6.26,417.964,-77.082,1.976,499.23,-13.299,

[2025-03-07 10:27:17] ,4,77.31,481.368,53.027,77.771,513.202,36.87,

[2025-03-07 10:27:31] ,1,47.848,513.532,77.196,21.551,517.091,-45,

[2025-03-07 10:27:45] ,1,18.585,407.023,-47.553,35.721,436.682,-69.8,

[2025-03-07 10:27:54] ,1,21.155,469.241,18.75,-0.265,489.871,63.886,

[2025-03-07 10:28:03] ,1,55.23,490.991,6.062,13.576,496.857,63.886,

[2025-03-07 10:28:12] ,2,35.194,414.8,73.985,42.576,425.28,-123.408,

[2025-03-07 10:28:22] ,2,17.86,433.65,-78.294,12.258,448.875,108.435,

[2025-03-07 10:28:30] ,3,-3.583,435.891,-39.903,-9.841,468.791,64.618,

[2025-03-07 10:28:39] ,3,38.423,469.505,7.172,72.418,483.609,-84.632,

[2025-03-07 10:28:50] ,1,47.585,447.755,69.8,19.508,509.248,15.524,

[2025-03-07 10:28:59] ,2,38.951,405.375,-117.711,68.148,441.625,108.759,

[2025-03-07 10:29:08] ,3,23.143,419.253,44.193,41.917,482.687,-20.468,

[2025-03-07 10:29:19] ,1,74.278,452.698,-90,59.646,460.014,-45.716,

[2025-03-07 10:29:27] ,2,7.051,398.125,12.022,10.939,438.462,90,

[2025-03-07 10:29:38] ,1,36.051,489.475,-84.943,46.464,504.371,-75.593,

[2025-03-07 10:29:46] ,3,37.618,413.218,-84.632,78.154,495.539,-89.226,

[2025-03-07 10:29:57] ,1,2.569,427.916,-24.74,-7.054,437.539,-36.064,

[2025-03-07 10:30:06] ,1,29.921,462.189,85.986,64.062,511.752,-62.049,

[2025-03-07 10:30:16] ,2,74.805,405.837,102.131,18.717,477.809,-152.758,

[2025-03-07 10:30:28] ,1,25.242,465.88,-35.48,44.355,489.739,-29.302,

[2025-03-07 10:30:39] ,3,13.133,428.905,-52.292,39.353,434.731,45,

[2025-03-07 10:30:55] ,1,50.946,427.125,6.621,63.601,436.484,-1.534,

[2025-03-07 10:31:04] ,2,27.812,461.002,152.987,57.076,469.241,164.612,

[2025-03-07 10:31:14] ,2,37.764,474.646,-141.419,-2.836,492.639,-174.391,

[2025-03-07 10:31:23] ,3,3.055,420.609,41.222,8.369,446.502,-9.15,

[2025-03-07 10:31:34] ,2,10.346,399.18,-66.46,30.712,401.553,-175.914,

[2025-03-07 10:31:42] ,2,50.551,408.473,-4.635,5.667,422.314,-92.556,

[2025-03-07 10:31:51] ,2,20.562,450.325,136.432,6.787,462.321,-76.817,

[2025-03-07 10:31:59] ,2,46.992,492.573,94.554,44.421,512.016,27.951,

[2025-03-07 10:32:10] ,4,81.261,411.25,-84.71,79.485,433.387,85.878,

[2025-03-07 10:32:20] ,3,64.02,412.565,41.474,12.267,488.421,-68.199,

[2025-03-07 10:32:35] ,2,58.526,412.625,-177.955,64.326,433.914,-128.897,

[2025-03-07 10:32:53] ,4,82.121,409.066,-52.496,10.895,419.493,-31.711,

[2025-03-07 10:34:35] ,1,2.503,411.241,-6.17,24.385,413.482,-41.042,

[2025-03-07 10:34:40] ,1,2.503,411.241,-6.17,24.385,413.482,-41.042,

[2025-03-07 10:34:47] ,1,10.148,422.643,57.995,53.451,423.105,-44.284,

[2025-03-07 10:34:57] ,1,80.671,448.15,-73.985,11.005,462.716,36.87,

[2025-03-07 10:35:07] ,1,65.183,463.837,21.329,34.93,477.941,71.089,

[2025-03-07 10:35:16] ,1,54.242,486.575,23.398,87.526,489.014,46.801,

[2025-03-07 10:35:25] ,1,15.883,504.634,-4.594,32.36,515.707,81.798,

[2025-03-07 10:35:35] ,2,-10.547,418.689,-47.175,28.142,456.059,146.449,

[2025-03-07 10:35:44] ,2,-1.32,491.98,-149.381,37.171,500.877,-180,

[2025-03-07 10:35:53] ,3,41.933,430.829,60.018,75.001,506.696,55.134,

[2025-03-07 10:36:04] ,1,31.305,409.264,55.886,72.762,438.593,86.934,

[2025-03-07 10:36:12] ,1,45.146,454.873,31.31,65.776,465.814,-18.595,

[2025-03-07 10:36:22] ,1,75.53,486.048,-68.009,3.228,491.584,1.534,

[2025-03-07 10:36:31] ,1,61.821,495.011,41.379,19.376,505.623,-3.039,

[2025-03-07 10:36:40] ,2,32.36,435.627,-67.73,43.235,481.83,-173.884,

[2025-03-07 10:36:50] ,2,29.46,512.082,-168.085,-8.504,518.475,106.65,

[2025-03-07 10:37:00] ,1,27.483,412.559,-13.912,79.88,419.875,-62.049,

[2025-03-07 10:37:08] ,1,-5.472,455.927,-70.925,31.701,474.843,68.569,

[2025-03-07 10:37:18] ,3,56.812,479.325,-11.459,58.856,496.071,56.099,

[2025-03-07 10:37:34] ,1,-10.547,421.391,-7.189,54.571,431.277,41.042,

[2025-03-07 10:37:45] ,1,71.18,412.823,-77.978,35.655,430.618,59.56,

[2025-03-07 10:37:55] ,1,32.755,469.834,73.918,54.571,489.739,-40.711,

[2025-03-07 10:38:04] ,3,-1.064,453.027,36.416,39.016,504.361,47.701,

[2025-03-07 10:38:17] ,1,-4.154,457.312,-20.2,16.014,496.527,53.637,

[2025-03-07 10:38:27] ,1,-9.69,509.907,84.852,17.069,517.355,-5.659,

[2025-03-07 10:38:44] ,1,21.683,409.989,36.666,-3.956,418.359,39.611,

[2025-03-07 10:38:53] ,2,-4.286,401.355,170.112,46.464,460.673,-107.802,

[2025-03-07 10:39:03] ,3,22.494,438.496,33.166,3.953,448.743,-13.671,

[2025-03-07 10:39:13] ,4,-10.151,458.243,55.784,16.547,462.914,84.364,

[2025-03-07 10:39:22] ,1,50.814,421.589,21.516,-10.349,432.727,42.852,

[2025-03-07 10:39:30] ,3,30.918,464.43,-86.236,43.828,482.961,55.685,

[2025-03-07 10:39:40] ,3,25.733,501.734,-43.655,-2.063,506.216,-88.854,

[2025-03-07 10:39:50] ,1,21.485,404.387,-52.716,-8.636,428.839,42.51,

[2025-03-07 10:39:59] ,1,42.576,439.912,-67.068,36.183,481.698,32.433,

[2025-03-07 10:40:09] ,1,1.778,485.784,-58.261,54.308,487.3,38.186,

[2025-03-07 10:40:18] ,1,75.794,491.123,-35.119,17.464,493.957,-54.638,

[2025-03-07 10:40:28] ,2,45.278,459.618,-60.068,12.389,472.207,-77.905,

[2025-03-07 10:40:38] ,1,6.326,454.148,66.14,34.073,502.261,16.015,

[2025-03-07 10:40:46] ,3,-9.163,435.166,23.348,82.447,446.606,49.066,

[2025-03-07 10:40:58] ,1,2.305,420.007,-71.405,22.671,510.764,82.372,

[2025-03-07 10:41:07] ,3,18.247,471.68,-73.951,67.845,513.44,32.619,

[2025-03-07 10:41:18] ,1,8.105,501.998,-27.022,72.037,508.918,-36.973,

[2025-03-07 10:41:31] ,2,44.487,446.305,142.829,57.208,492.375,-109.722,

[2025-03-07 10:41:47] ,1,75.926,449.007,32.005,31.767,462.716,38.66,

[2025-03-07 10:41:55] ,2,26.362,431.937,-59.816,4.942,454.148,16.991,

[2025-03-07 10:42:05] ,2,51.869,462.518,-146.449,17.794,488.882,-11.211,

[2025-03-07 10:42:13] ,3,65.037,473.515,80.036,35.853,483.675,-29.275,

[2025-03-07 10:42:24] ,1,15.817,429.3,6.062,42.114,479.259,-35.77,

[2025-03-07 10:42:32] ,2,5.205,480.775,-171.369,81.857,489.211,-168.69,

[2025-03-07 10:42:41] ,3,56.449,430.401,32.005,22.35,482.772,73.12,

[2025-03-07 10:42:52] ,1,14.96,432.068,-53.637,-6.263,477.084,58.261,

[2025-03-07 10:43:01] ,3,59.746,411.571,-42.534,26.296,423.302,29.461,

[2025-03-07 10:43:10] ,3,17.867,461.423,77.43,9.834,510.848,59.689,

[2025-03-07 10:43:21] ,1,33.151,492.309,50.001,72.169,504.634,77.583,

[2025-03-07 10:43:32] ,2,18.453,501.009,-120.184,55.033,506.743,20.556,

[2025-03-07 10:43:48] ,1,7.117,426.73,47.862,-6.197,435.298,50.711,

[2025-03-07 10:43:56] ,1,29.855,490.53,58.261,30.778,503.777,79.287,

[2025-03-07 10:44:05] ,1,75.267,513.466,-50.856,25.308,517.421,56.592,

[2025-03-07 10:44:15] ,2,33.744,398.982,-147.171,67.226,408.539,-59.744,

[2025-03-07 10:44:24] ,3,22.276,431.541,-18.076,5.267,514.297,53.664,

[2025-03-07 10:44:35] ,1,35.128,440.9,41.424,46.794,447.755,-37.569,

[2025-03-07 10:44:43] ,1,48.046,462.584,83.938,7.908,480.973,-12.2,

[2025-03-07 10:44:53] ,2,66.896,398.718,91.577,7.908,401.948,-120.256,

[2025-03-07 10:45:02] ,2,21.089,411.307,85.914,56.219,428.839,118.61,

[2025-03-07 10:45:11] ,2,7.973,440.571,131.042,64.985,447.755,-68.854,

[2025-03-07 10:45:19] ,2,82.319,462.189,147.019,23.198,464.891,67.92,

[2025-03-07 10:45:28] ,3,23.989,428.114,21.448,-2.901,454.543,12.2,

[2025-03-07 10:45:38] ,2,4.283,439.714,45,39.742,446.964,-33.551,

[2025-03-07 10:45:48] ,1,30.712,431.937,-89.488,55.033,489.607,-75.593,

[2025-03-07 10:45:56] ,2,14.037,462.321,-72.676,67.16,478.666,-76.584,

[2025-03-07 10:46:23] ,4,6.787,397.334,-55.134,83.769,506.414,-8.865,

[2025-03-07 10:46:34] ,3,48.639,442.152,12.2,19.627,486.443,-89.236,

[2025-03-07 10:46:42] ,4,87.16,412.142,-37.921,52.149,472.124,21.098,

[2025-03-07 10:52:04] ,1,48.376,403.068,-48.24,73.026,408.671,45,

[2025-03-07 10:52:09] ,1,48.376,403.068,-48.24,73.026,408.671,45,

[2025-03-07 10:52:16] ,1,-1.583,409.725,-52.306,54.044,417.832,87.444,

[2025-03-07 10:52:26] ,1,81.198,429.366,21.038,-10.613,433.716,-16.991,

[2025-03-07 10:52:35] ,1,6.326,444.064,-82.372,0.328,462.189,-4.514,

[2025-03-07 10:52:45] ,1,26.889,466.671,-60.751,34.139,483.082,-73.301,

[2025-03-07 10:52:54] ,1,36.644,499.427,-89.488,3.096,510.961,-6.621,

[2025-03-07 10:53:06] ,1,10.346,436.089,-88.986,33.612,463.837,-66.997,

[2025-03-07 10:53:14] ,1,18.848,468.912,-35.074,55.889,483.873,-2.027,

[2025-03-07 10:53:24] ,2,31.767,433.584,-180,75.332,466.143,-106.65,

[2025-03-07 10:53:33] ,2,52.858,470.296,83.379,23.66,492.573,150.945,

[2025-03-07 10:53:41] ,3,76.98,483.609,-12.736,36.685,506.546,-72.168,

[2025-03-07 10:53:52] ,1,23.067,414.471,60.255,74.08,478.139,-50.064,

[2025-03-07 10:54:01] ,1,42.246,492.177,-86.455,16.41,511.489,82.811,

[2025-03-07 10:54:12] ,2,30.646,505.886,-5.659,56.944,506.282,-4.122,

[2025-03-07 10:54:22] ,1,13.905,439.187,-29.055,12.983,485.652,13.791,

[2025-03-07 10:54:37] ,1,46.135,402.673,-79.192,58.723,469.637,19.075,

[2025-03-07 10:54:45] ,1,39.083,482.027,54.23,20.298,494.484,45,

[2025-03-07 10:54:55] ,2,29.196,473.855,93.483,-0.199,513.796,-104.899,

[2025-03-07 10:55:04] ,3,49.936,422.973,-72.532,4.271,424.829,83.534,

[2025-03-07 10:55:13] ,1,85.351,509.577,39.872,17.267,514.191,11.411,

[2025-03-07 10:55:23] ,3,36.069,430.157,-86.947,13.254,451.749,58.195,

[2025-03-07 10:55:32] ,3,-4.909,498.307,-60.725,67.031,501.075,-34.961,

[2025-03-07 10:55:43] ,3,-8.579,431.25,71.806,58.694,500.316,63.263,

[2025-03-07 10:55:54] ,1,33.348,457.18,0,-10.151,473.591,10.214,

[2025-03-07 10:56:02] ,1,12.587,500.811,74.612,59.383,503.448,-63.662,

[2025-03-07 10:56:12] ,3,20.958,434.375,6.089,17.428,464.608,62.259,

[2025-03-07 10:56:25] ,3,-7.629,463.309,-76.608,15.685,479.127,-16.411,

[2025-03-07 10:56:35] ,1,11.005,402.409,-10.905,-0.858,449.864,55.049,

[2025-03-07 10:56:44] ,1,-0.661,467,6.062,27.153,508.721,-71.241,

[2025-03-07 10:57:02] ,2,36.71,434.507,-43.199,1.053,458.498,-147.995,

[2025-03-07 10:57:10] ,2,21.683,462.189,-161.089,11.335,500.086,117.924,

[2025-03-07 10:57:19] ,3,71.213,430.182,39.855,69.73,458.168,2.672,

[2025-03-07 10:57:28] ,3,37.487,477.414,-84.703,3.426,485.125,-26.565,

[2025-03-07 10:57:39] ,3,41.126,433.518,90,-8.585,496.593,-64.113,

[2025-03-07 10:57:49] ,2,11.269,410.648,88.968,59.844,428.114,-92.556,

[2025-03-07 10:57:58] ,2,44.948,482.752,-90,66.237,495.209,135,

[2025-03-07 10:58:07] ,3,4.678,437.275,-19.272,75.173,452.002,63.435,

[2025-03-07 10:58:19] ,2,30.448,409.989,-165.466,80.869,493.693,-155.26,

[2025-03-07 10:58:29] ,2,26.56,466.143,-148.95,36.38,486.707,-118.369,

[2025-03-07 10:58:36] ,3,22.789,505.02,37.174,-2.433,515.707,-34.33,

[2025-03-07 10:58:53] ,2,-10.679,412.493,-36.254,35.985,503.25,-167.8,

[2025-03-07 10:59:01] ,1,15.092,418.03,-57.724,76.98,420.007,40.601,

[2025-03-07 10:59:10] ,1,61.426,402.871,73.202,47.651,443.8,85.446,

[2025-03-07 10:59:19] ,1,11.269,466.012,87.013,-7.383,497.186,-36.769,

[2025-03-07 10:59:31] ,1,14.894,434.573,-30.877,19.639,474.712,67.457,

[2025-03-07 10:59:39] ,1,69.071,482.884,78.69,40.071,488.75,-72.044,

[2025-03-07 10:59:49] ,1,35.26,502.393,82.811,9.819,504.239,41.76,

[2025-03-07 11:00:00] ,1,18.189,468.318,-61.189,12.389,490.925,5.102,

[2025-03-07 11:00:09] ,2,25.11,409.593,-35.242,35.26,439.648,169.192,

[2025-03-07 11:00:19] ,1,63.667,470.955,-24.066,4.019,492.309,51.419,

[2025-03-07 11:00:27] ,2,48.31,490.859,81.293,12.587,505.821,-155.26,

[2025-03-07 11:00:37] ,2,38.885,512.543,47.175,21.419,516.959,47.899,

[2025-03-07 11:00:47] ,1,19.112,510.434,-56.592,3.689,511.225,-13.299,

[2025-03-07 11:00:55] ,2,2.635,431.409,36.769,10.28,459.618,-115.659,

[2025-03-07 11:01:06] ,1,42.576,431.673,28.61,41.851,492.111,38.897,

[2025-03-07 11:01:21] ,1,13.576,467.923,-38.972,2.701,475.305,-69.034,

[2025-03-07 11:01:30] ,1,36.71,496.593,-46.779,57.998,515.971,63.435,

[2025-03-07 11:01:39] ,2,56.153,405.705,0,28.01,407.946,-141.582,

[2025-03-07 11:01:48] ,2,72.498,437.143,-68.009,68.017,454.807,-105.524,

[2025-03-07 11:01:57] ,2,72.696,480.116,-57.724,26.692,501.273,132.852,

[2025-03-07 11:02:05] ,3,51.144,439.384,10.713,-5.142,460.871,-29.275,

[2025-03-07 11:02:16] ,3,37.298,465.966,50.339,-1.254,489.08,-0.759,

[2025-03-07 11:02:27] ,1,-3.89,407.155,-61.348,-10.679,448.809,-43.221,

[2025-03-07 11:02:37] ,1,56.878,467.198,13.791,18.519,498.834,51.814,

[2025-03-07 11:02:48] ,1,-7.449,415.591,66.4,66.83,491.386,-84.391,

[2025-03-07 11:03:03] ,1,18.189,401.684,32.55,39.742,410.648,9.8,

[2025-03-07 11:03:12] ,1,35.853,432.002,74.476,67.094,432.596,-44.635,

[2025-03-07 11:03:21] ,1,7.842,457.839,64.106,62.744,487.168,26.338,

[2025-03-07 11:03:31] ,3,86.801,431.475,0,54.462,445.58,-69.887,

[2025-03-07 11:03:44] ,3,74.278,415.987,11.31,24.206,484.598,-50.87,

[2025-03-07 11:03:54] ,3,26.161,450.557,54.028,-3.755,478.733,84.289,

[2025-03-07 11:04:03] ,4,82.378,414.589,-12.642,11.533,419.612,7.189,

[2025-03-07 11:04:16] ,4,81.29,418.559,-45,74.212,494.946,-81.798,

[2025-03-07 11:04:25] ,3,17.294,497.963,61.905,-1.883,510.302,-43.919,

[2025-03-07 11:04:35] ,3,63.403,477.15,23.148,27.236,506.246,33.584,

[2025-03-07 11:04:51] ,3,-1.41,443.856,70.602,-3.272,509.907,-77.264,

[2025-03-07 11:05:01] ,4,80.612,411.261,-42.026,85.351,478.337,55.305,

[2025-03-07 11:05:12] ,4,80.81,411.756,52.4,81.857,454.28,-73.202,

[2025-03-07 11:05:28] ,3,22.059,419,75.779,6.128,429.762,24.349,

[2025-03-07 11:05:38] ,3,67.819,434.507,21.943,87.448,465.221,-37.708,

[2025-03-07 11:05:54] ,3,22.538,412.921,76.891,44.85,425.412,-71.323,

[2025-03-07 11:06:10] ,3,-6.104,439.162,32.53,-5.604,493.561,0,

[2025-03-07 11:06:19] ,4,78.184,415.208,84.758,58.13,419.348,74.476,

[2025-03-07 11:09:11] ,1,65.248,409.33,-24.274,31.635,422.907,6.116,

[2025-03-07 11:09:16] ,1,65.248,409.33,-24.274,31.635,422.907,6.116,

[2025-03-07 11:09:23] ,1,58.196,419.348,-15.03,17.135,423.83,1.023,

[2025-03-07 11:09:32] ,1,46.398,427.389,86.934,2.898,427.652,43.568,

[2025-03-07 11:09:42] ,1,83.967,436.748,-79.695,15.948,444.064,43.221,

[2025-03-07 11:09:51] ,1,-1.122,473.393,-57.414,58.13,482.884,-32.005,

[2025-03-07 11:10:01] ,1,40.467,490.727,72.044,50.748,501.471,-78.69,

[2025-03-07 11:10:11] ,1,17.069,509.973,-45,40.73,516.959,-46.095,

[2025-03-07 11:10:22] ,1,80.342,443.602,40.992,10.28,467.462,57.144,

[2025-03-07 11:10:30] ,1,-1.649,476.952,-23.398,13.18,500.548,-80.87,

[2025-03-07 11:10:40] ,4,54.176,398.125,-36.87,86.867,476.293,-39.144,

[2025-03-07 11:10:52] ,1,24.714,405.837,7.696,24.253,496.132,-28.61,

[2025-03-07 11:10:59] ,3,65.797,473.759,33.056,-9.013,489.211,-50.87,

[2025-03-07 11:11:10] ,1,51.869,475.832,83.437,-10.613,494.221,2.556,

[2025-03-07 11:11:22] ,3,28.558,472.078,60.725,47.854,506.15,-34.43,

[2025-03-07 11:11:38] ,1,-9.229,403.068,40.267,27.417,434.112,49.289,

[2025-03-07 11:11:46] ,1,87.657,455.993,31.139,-5.274,484.598,69.326,

[2025-03-07 11:11:56] ,3,7.228,439.775,79.661,38.552,471.68,-80.538,

[2025-03-07 11:12:09] ,1,-10.415,408.143,-13.536,-2.836,438.462,53.231,

[2025-03-07 11:12:17] ,1,-8.306,505.161,-33.408,67.951,515.048,71.075,

[2025-03-07 11:12:35] ,1,1.251,402.607,8.785,-9.492,472.932,-30.877,

[2025-03-07 11:12:44] ,2,13.444,468.384,114.775,76.98,472.866,178.977,

[2025-03-07 11:12:53] ,3,50.683,435.166,26.053,24.912,454.148,-13.671,

[2025-03-07 11:13:02] ,3,-3.927,454.873,-43.929,64.523,482.884,26.053,

[2025-03-07 11:13:11] ,3,4.059,484.137,-78.616,14.696,510.105,29.129,

[2025-03-07 11:13:21] ,2,-7.976,475.173,-82.439,30.514,503.909,-41.424,

[2025-03-07 11:13:31] ,1,35.655,414.009,6.68,3.887,464.891,-7.561,

[2025-03-07 11:13:39] ,1,15.355,467.198,5.511,6.985,481.566,-59.381,

[2025-03-07 11:13:49] ,2,10.346,498.834,173.379,21.485,513.071,63.435,

[2025-03-07 11:14:03] ,2,16.871,400.234,64.359,55.164,487.3,77.307,

[2025-03-07 11:14:14] ,1,9.423,468.384,-39.677,60.767,469.373,-73.009,

[2025-03-07 11:14:22] ,1,30.251,495.934,-80.789,60.898,499.296,20.854,

[2025-03-07 11:14:32] ,1,-7.383,503.975,78.69,16.871,508.325,56.592,

[2025-03-07 11:14:41] ,3,-0.002,416.778,-35.493,45.708,423.944,85.778,

[2025-03-07 11:14:53] ,3,0.66,484.664,-85.833,5.545,515.707,-81.545,

[2025-03-07 11:15:02] ,1,9.753,400.564,-81.215,83.439,513.136,39.472,

[2025-03-07 11:15:14] ,1,85.417,475.898,52.927,36.38,506.084,-83.884,

[2025-03-07 11:15:31] ,1,82.978,454.741,-45,70.126,458.102,-15.524,

[2025-03-07 11:15:39] ,1,52.528,478.139,-61.869,23.726,495.934,54.345,

[2025-03-07 11:15:49] ,2,7.578,432.068,42.101,-10.547,438.264,57.567,

[2025-03-07 11:15:58] ,3,-3.583,410.117,79.523,34.941,444.987,-68.339,

[2025-03-07 11:16:07] ,3,22.803,475.041,-26.901,2.126,492.441,-53.054,

[2025-03-07 11:16:18] ,1,59.251,465.352,55.465,20.892,494.352,33.83,

[2025-03-07 11:16:27] ,1,39.939,497.582,88.466,8.633,513.005,-13.912,

[2025-03-07 11:16:38] ,2,2.503,476.755,-3.039,-9.031,486.905,9.713,

[2025-03-07 11:16:49] ,1,3.096,408.868,61.837,34.93,421.523,-65.26,

[2025-03-07 11:16:57] ,1,11.796,480.841,-69.034,74.014,498.9,-33.261,

[2025-03-07 11:17:08] ,3,21.217,414.316,53.437,16.278,455.466,4.544,

[2025-03-07 11:17:24] ,2,24.253,404.914,169.603,31.042,453.489,88.986,

[2025-03-07 11:17:32] ,2,37.105,478.798,46.779,61.096,489.541,45,

[2025-03-07 11:17:41] ,3,-10.262,415.262,-47.956,2.702,429.762,-66.852,

[2025-03-07 11:17:52] ,2,44.751,466.671,39.677,24.253,477.809,166.817,

[2025-03-07 11:18:02] ,1,13.839,397.862,-11.514,21.748,427.389,-51.499,

[2025-03-07 11:18:10] ,2,72.498,507.666,93.122,47.387,517.025,-171.215,

[2025-03-07 11:18:19] ,3,53.183,457.575,-85.426,-0.352,484.979,70.852,

[2025-03-07 11:18:32] ,1,-8.108,408.078,-86.392,43.762,446.239,19.722,

[2025-03-07 11:18:41] ,2,6.392,479.457,-51.028,47.453,497.45,27.711,

[2025-03-07 11:18:50] ,2,2.173,513.927,162.86,13.51,514.586,157.341,

[2025-03-07 11:19:01] ,1,-9.097,425.675,-84.898,7.644,495.473,-23.131,

[2025-03-07 11:19:10] ,3,15.36,431.541,-75.315,21.433,488.882,-33.166,

[2025-03-07 11:19:21] ,2,40.137,458.432,175.446,68.214,509.116,49.733,

[2025-03-07 11:19:37] ,1,38.489,411.768,35.119,29.064,462.189,88.986,

[2025-03-07 11:19:45] ,1,-2.836,497.384,-66.869,55.56,505.293,-11.81,

[2025-03-07 11:19:54] ,2,-10.481,477.546,-176.455,55.823,483.609,132.852,

[2025-03-07 11:20:04] ,3,9.292,428.312,-2.275,17.464,445.909,17.241,

[2025-03-07 11:20:14] ,1,11.005,422.775,-71.405,52.396,440.768,-41.424,

[2025-03-07 11:20:23] ,1,38.819,464.825,51.028,20.364,478.271,-33.275,

[2025-03-07 11:20:33] ,2,9.423,399.114,-111.705,44.158,451.314,127.476,

[2025-03-07 11:20:44] ,3,-5.846,473.987,-55.472,56.022,507.035,72.532,

[2025-03-07 11:21:00] ,2,16.673,430.882,-149.56,18.717,467.527,-146.032,

[2025-03-07 11:21:09] ,3,-3.269,443.919,85.426,-2.506,483.741,-7.97,

[2025-03-07 11:21:25] ,3,3.648,426.202,-56.944,57.331,429.3,36.416,

[2025-03-07 11:21:41] ,3,0.362,467.531,78.986,17.929,481.134,77.146,

[2025-03-07 11:21:50] ,3,-0.199,399.575,3.84,38.596,481.237,-78.616,

[2025-03-07 11:21:59] ,1,80.869,405.112,20.556,46.662,434.968,41.8,

[2025-03-07 11:22:08] ,1,74.607,453.884,-10.305,62.151,458.63,64.106,

[2025-03-07 11:22:17] ,1,31.503,463.309,58.95,67.226,495.341,-86.424,

[2025-03-07 11:22:27] ,1,24.714,496,69.974,85.021,499.164,81.215,

[2025-03-07 11:22:37] ,3,37.325,506.084,-69.887,54.703,509.841,2.672,

[2025-03-07 11:22:48] ,1,6.589,410.516,24.274,34.469,415.789,-88.968,

[2025-03-07 11:22:57] ,1,11.598,439.384,-25.201,37.698,446.832,-83.379,

[2025-03-07 11:23:06] ,1,78.76,467.593,28.405,12.06,493.496,58.69,

[2025-03-07 11:23:16] ,1,33.217,496.33,-47.862,24.648,512.543,37.073,

[2025-03-07 11:23:27] ,1,7.314,433.452,74.612,-3.956,472.8,35.362,

[2025-03-07 11:23:35] ,1,59.251,510.632,31.842,23.001,517.157,-75.593,

[2025-03-07 11:23:45] ,3,1.704,415.972,80.348,-8.999,457.377,-43.118,

[2025-03-07 11:23:57] ,1,-3.165,480.446,-56.725,14.169,481.83,30.184,

[2025-03-07 11:24:08] ,3,85.225,496.198,-86.135,27.593,517.684,-39.855,

[2025-03-07 11:24:24] ,2,49.958,469.834,166.701,6.655,507.798,-158.484,

[2025-03-07 11:24:32] ,3,-7.706,452.082,57.995,-4.263,481.566,-31.805,

[2025-03-07 11:24:45] ,1,63.469,411.175,78.589,-9.624,440.768,-86.424,

[2025-03-07 11:25:00] ,1,7.512,419.809,-28.61,16.673,443.471,-54.638,

[2025-03-07 11:25:09] ,1,62.81,447.755,-67.73,-5.604,510.039,73.639,

[2025-03-07 11:25:22] ,1,13.51,447.821,84.943,21.683,459.75,81.444,

[2025-03-07 11:25:30] ,1,11.73,482.159,24.986,3.623,518.014,-57.295,

[2025-03-07 11:25:41] ,3,18.759,417.888,70.602,9.753,505.952,16.991,

[2025-03-07 11:25:57] ,1,61.755,432.2,55.886,-3.165,446.832,-28.61,

[2025-03-07 11:26:06] ,1,59.712,468.516,37.875,-3.956,474.448,-45,

[2025-03-07 11:26:23] ,3,26.49,452.681,80.538,53.583,466.143,3.033,

[2025-03-07 11:26:31] ,4,32.397,472.123,0,19.639,475.371,73.78,

[2025-03-07 11:26:43] ,4,31.108,470.427,61.869,85.219,511.621,28.195,

[2025-03-07 11:26:51] ,1,46.201,420.666,38.897,8.105,421.787,-23.6,

[2025-03-07 11:26:58] ,1,22.276,433.057,32.005,-0.397,443.273,-20.497,

[2025-03-07 11:27:08] ,1,16.805,459.223,-43.586,43.235,465.023,71.089,

[2025-03-07 11:27:17] ,1,9.555,473.262,-41.84,71.18,476.162,-27.474,

[2025-03-07 11:27:27] ,1,22.935,487.498,82.999,37.369,491.914,20.026,

[2025-03-07 11:27:36] ,1,1.448,493.43,60.751,0.46,505.227,79.287,

[2025-03-07 11:27:49] ,1,54.176,420.996,-88.466,5.139,433.057,-75.719,

[2025-03-07 11:27:59] ,3,-1.432,450.787,-32.326,1.396,513.993,-76.149,

[2025-03-07 11:28:09] ,1,-8.965,455.137,5.057,48.903,465.946,-10.037,

[2025-03-07 11:28:18] ,3,29.528,429.893,-85.806,5.139,473.393,90,

[2025-03-07 11:28:35] ,1,38.423,423.764,42.852,-1.913,505.161,61.39,

[2025-03-07 11:28:43] ,3,-0.617,412.314,64.123,8.268,443.252,32.125,

[2025-03-07 11:28:54] ,1,74.937,446.7,-50.001,25.967,518.409,-78.19,

[2025-03-07 11:29:03] ,3,-7.533,438.066,-79.287,16.212,478.271,-19.148,

[2025-03-07 11:29:13] ,3,27.864,500.328,71.445,54.901,500.482,-15.054,

[2025-03-07 11:29:24] ,1,36.512,464.496,-50.323,27.351,508.325,-1.534,

[2025-03-07 11:29:34] ,1,-10.086,440.966,-25.659,11.862,443.668,18.595,

[2025-03-07 11:29:50] ,1,24.78,425.412,-70.278,30.91,453.95,-66.801,

[2025-03-07 11:29:58] ,1,29.789,467.659,31.739,72.894,513.136,-52.716,

[2025-03-07 11:30:08] ,3,45.756,442.241,68.339,56.718,455.993,-41.507,

[2025-03-07 11:30:17] ,3,7.071,478.139,-48.18,26.296,494.484,-18.555,

[2025-03-07 11:30:30] ,3,20.562,454.807,26.565,-8.212,485.257,-44.465,

[2025-03-07 11:30:39] ,4,18.387,409.462,-67.141,77.318,414.924,-48.042,

[2025-03-07 11:30:50] ,3,83.434,422.705,52.125,4.915,461.022,82.828,

[2025-03-07 11:30:59] ,1,74.607,453.884,2.045,-10.876,518.805,13.912,

[2025-03-07 11:31:11] ,3,36.085,482.471,31.805,8.5,493.707,55.472,

[2025-03-07 11:31:27] ,1,4.085,401.355,81.215,40.994,414.207,47.862,

[2025-03-07 11:31:36] ,1,7.644,415.657,-24.274,20.628,426.796,39.999,

[2025-03-07 11:31:45] ,1,33.151,435.166,53.231,-8.833,441.427,-84.391,

[2025-03-07 11:31:55] ,2,32.887,402.475,-58.595,21.353,412.296,-96.621,

[2025-03-07 11:32:08] ,4,82.187,485.059,-42.101,45.41,505.821,54.758,

[2025-03-07 11:35:00] ,1,-4.088,397.334,80.707,18.717,411.505,6.17,

[2025-03-07 11:35:05] ,1,-4.088,397.334,80.707,18.651,411.505,5.659,

[2025-03-07 11:35:12] ,1,2.635,420.534,11.31,49.958,430.684,-5.102,

[2025-03-07 11:35:22] ,1,4.81,439.714,-22.27,15.685,451.446,47.49,

[2025-03-07 11:35:31] ,1,53.187,457.048,-25.659,-7.449,463.573,-42.173,

[2025-03-07 11:35:41] ,1,72.762,464.1,-87.444,15.487,498.175,-60.505,

[2025-03-07 11:35:50] ,1,57.405,500.021,-32.433,4.876,506.809,-38.186,

[2025-03-07 11:36:00] ,4,82.187,484.993,-41.719,20.892,512.543,-34.961,

[2025-03-07 11:36:12] ,1,9.951,494.88,76.817,45.871,495.011,-30.619,

[2025-03-07 11:36:19] ,2,64.589,452.566,-71.241,57.603,477.282,38.186,

[2025-03-07 11:36:30] ,1,14.96,416.843,-81.798,57.076,501.668,46.801,

[2025-03-07 11:36:39] ,1,53.846,484.268,-86.455,20.76,503.184,-7.628,

[2025-03-07 11:36:48] ,2,5.996,486.246,-153.208,31.305,487.63,96.062,

[2025-03-07 11:36:57] ,4,-3.2,458.102,-43.394,42.957,467.268,65.12,

[2025-03-07 11:37:09] ,1,19.508,495.275,72.525,-7.713,507.534,-25.659,

[2025-03-07 11:37:16] ,4,9.489,466.077,44.648,33.085,505.161,43.568,

[2025-03-07 11:37:34] ,2,4.48,416.184,12.308,83.967,464.43,114.274,

[2025-03-07 11:37:41] ,2,10.544,468.252,-172.999,-0.331,481.368,-76.329,

[2025-03-07 11:37:50] ,3,56.747,437.868,-35.272,50.152,497.78,-66.153,

[2025-03-07 11:38:00] ,1,66.632,413.548,-38.1,56.021,441.098,-57.995,

[2025-03-07 11:38:09] ,3,51.161,460.871,-69.179,48.925,490.134,-69.887,

[2025-03-07 11:38:18] ,4,49.035,404.584,6.226,82.66,415.835,-62.021,

[2025-03-07 11:38:30] ,2,40.928,433.782,13.912,15.817,484.862,-2.01,

[2025-03-07 11:38:37] ,3,19.837,430.948,24.349,-5.131,447.488,84.668,

[2025-03-07 11:38:46] ,3,13.141,448.336,61.75,35.421,488.294,69.532,

[2025-03-07 11:38:57] ,4,-5.67,407.55,15.154,25.115,413.575,77.264,

[2025-03-07 11:39:06] ,4,-9.992,424.489,-58.318,25.616,434.968,-39.661,

[2025-03-07 11:39:14] ,3,-1.298,440.637,-55.784,28.998,496.923,-1.146,

[2025-03-07 11:39:23] ,1,46.003,423.105,34.535,48.903,458.762,-84.987,

[2025-03-07 11:39:32] ,1,14.894,488.618,19.552,18.98,508.259,5.057,

[2025-03-07 11:39:41] ,2,2.108,444.525,-72.525,-7.186,476.689,-53.231,

[2025-03-07 11:39:50] ,3,42.611,506.677,-88.078,4.508,517.552,-70.602,

[2025-03-07 11:40:01] ,2,4.876,441.691,171.798,-4.615,472.932,-52.524,

[2025-03-07 11:40:10] ,2,-4.945,498.966,75.593,-1.649,511.95,118.163,

[2025-03-07 11:40:20] ,2,29.13,442.943,88.977,48.705,454.609,-36.363,

[2025-03-07 11:40:35] ,1,15.421,403.53,-5.102,50.748,405.837,4.122,

[2025-03-07 11:40:43] ,1,14.696,428.114,39.999,5.798,465.023,21.431,

[2025-03-07 11:40:52] ,1,21.946,507.073,-14.899,64.721,512.214,-10.397,

[2025-03-07 11:41:02] ,2,61.096,446.173,-55.049,-2.901,453.687,5.057,

[2025-03-07 11:41:11] ,2,57.076,467.593,-7.125,46.596,483.873,152.312,

[2025-03-07 11:41:19] ,3,35.54,433.421,81.656,33.1,459.763,73.589,

[2025-03-07 11:41:28] ,2,20.958,458.564,142.431,22.21,472.339,-51.028,

[2025-03-07 11:41:37] ,3,64.853,492.177,4.953,40.878,516.432,-69.044,

[2025-03-07 11:41:48] ,1,33.942,459.091,-45,-6.79,494.682,74.124,

[2025-03-07 11:41:57] ,2,13.642,405.375,26.105,32.228,423.105,-68.671,

[2025-03-07 11:42:06] ,3,6.128,421.787,18.194,52.853,425.397,52.826,

[2025-03-07 11:42:16] ,1,2.833,460.014,-88.506,58.789,504.436,0,

[2025-03-07 11:42:25] ,2,-3.363,426.993,154.341,20.892,432.793,-146.17,

[2025-03-07 11:42:37] ,2,6.062,485.718,71.089,62.019,488.882,-132.101,

[2025-03-07 11:42:46] ,3,7.707,442.972,54.418,17.469,479.761,67.148,

[2025-03-07 11:42:56] ,2,42.51,448.809,-129.999,72.564,494.286,-135,

[2025-03-07 11:43:05] ,3,-10.542,443.471,-67.496,-10.811,463.375,24.193,

[2025-03-07 11:43:15] ,4,2.185,486.18,-33.481,8.876,501.207,-39.369,

[2025-03-07 11:43:26] ,3,0.394,443.339,-6.089,-3.708,492.118,64.96,

[2025-03-07 11:43:34] ,1,38.226,415.657,28.856,62.283,477.15,-39.999,

[2025-03-07 11:43:46] ,1,16.08,421.984,43.568,26.164,509.577,-26.792,

[2025-03-07 11:43:56] ,1,13.51,419.216,-22.463,73.092,502.327,-72.86,

[2025-03-07 11:44:05] ,3,76.519,487.168,19.163,3.816,509.977,51.52,

[2025-03-07 11:44:16] ,3,54.505,435.034,6.129,42.791,509.335,68.412,

[2025-03-07 11:44:28] ,2,74.41,484.532,31.842,49.694,498.439,-177.955,

[2025-03-07 11:44:40] ,1,-3.495,446.437,-74.124,-1.847,480.446,-63.435,

[2025-03-07 11:44:51] ,2,58.196,502.657,133.919,1.251,515.048,-65.934,

[2025-03-07 11:45:03] ,3,-2.836,423.632,-1.897,9.001,480.38,-41.009,

[2025-03-07 11:45:19] ,1,50.023,428.443,18.273,-6.065,498.373,26.338,

[2025-03-07 11:45:28] ,2,28.208,408.803,-79.695,7.512,409.923,78.19,

[2025-03-07 11:45:37] ,2,67.292,446.173,-154.12,11.994,446.634,-149.381,

[2025-03-07 11:45:46] ,3,-8.108,458.102,3.033,33.151,481.962,-10.505,

[2025-03-07 11:45:56] ,1,37.962,399.443,-28.856,19.376,402.409,-60.698,

[2025-03-07 11:46:05] ,1,6.853,423.368,9.211,32.03,450.259,-14.158,

[2025-03-07 11:46:14] ,1,5.667,462.98,-85.986,64.326,467.264,52.524,

[2025-03-07 11:46:24] ,1,28.405,477.282,-20.966,7.117,481.83,53.531,

[2025-03-07 11:46:33] ,2,53.846,410.912,-8.785,65.776,419.15,9.377,

[2025-03-07 11:46:42] ,2,-6.329,440.439,-137.862,56.68,483.741,-145.465,

[2025-03-07 11:46:52] ,1,-0.133,451.446,33.13,27.548,480.512,12.095,

[2025-03-07 11:47:00] ,3,22.351,420.666,-33.901,-1.715,474.052,-24.193,

[2025-03-07 11:47:11] ,1,56.548,500.021,50.064,21.023,506.348,-48.2,

[2025-03-07 11:47:20] ,3,0.542,421.655,-32.735,19.278,453.319,39.661,

[2025-03-07 11:47:30] ,3,35.194,499.361,14.589,-7.557,499.691,-46.345,

[2025-03-07 11:47:41] ,2,-5.999,491.848,132.479,65.908,503.909,42.479,

[2025-03-07 11:47:51] ,1,63.271,484.334,-64.799,34.271,515.905,-9.211,

[2025-03-07 11:48:02] ,3,6.519,449.323,52.753,-9.852,470.757,-71.565,

[2025-03-07 11:48:14] ,2,0.526,506.941,154.581,13.905,512.807,103.416,

[2025-03-07 11:48:25] ,1,40.862,398.916,-22.38,24.978,487.63,23.398,

[2025-03-07 11:48:40] ,1,47.585,463.177,-13.183,47.453,484.532,5.057,

[2025-03-07 11:48:49] ,1,35.787,470.823,14.642,69.071,493.298,-63.435,

[2025-03-07 11:48:59] ,1,17.464,494.748,74.876,4.151,505.096,8.707,

[2025-03-07 11:49:08] ,1,31.569,505.557,-3.576,49.496,505.821,48.2,

[2025-03-07 11:49:18] ,1,86.867,511.884,36.87,15.948,514.455,51.103,

[2025-03-07 11:49:27] ,2,10.544,406.298,-69.326,50.748,427.191,62.076,

[2025-03-07 11:49:38] ,2,60.569,446.766,78.789,7.183,455.73,-34.663,

[2025-03-07 11:49:47] ,2,79.353,477.677,23.131,-10.217,493.034,35.242,

[2025-03-07 11:49:57] ,2,69.203,401.882,-113.268,-7.515,425.807,-29.745,

[2025-03-07 11:50:04] ,1,34.601,404.716,54.048,-10.876,443.471,70.448,

[2025-03-07 11:50:13] ,1,46.86,497.648,-46.081,29.987,502.525,-65.934,

[2025-03-07 11:50:23] ,1,18.848,403.53,31.139,59.448,505.03,26.565,

[2025-03-07 11:50:32] ,1,70.719,514.059,-88.452,46.201,518.146,76.088,

[2025-03-07 11:50:42] ,2,40.598,433.123,29.999,69.203,453.818,20.854,

[2025-03-07 11:50:51] ,3,4.101,440.791,68.339,38.277,469.439,-38.306,

[2025-03-07 11:51:02] ,1,81.198,425.741,24.487,17.003,432.068,-21.801,

[2025-03-07 11:51:10] ,1,-8.372,447.227,9.713,2.833,452.764,-12.693,

[2025-03-07 11:51:20] ,2,34.139,402.409,-72.708,42.18,419.348,-140.064,

[2025-03-07 11:51:29] ,2,18.585,455.334,-6.009,13.839,472.009,-3.039,

[2025-03-07 11:51:37] ,2,57.076,489.211,-37.073,10.742,500.416,31.574,

[2025-03-07 11:51:46] ,3,-0.352,430.437,64.29,21.473,517.091,-89.231,

[2025-03-07 11:51:57] ,1,-0.924,421.852,-50.064,55.098,461.53,-25.201,

[2025-03-07 11:52:06] ,1,33.81,485.521,51.028,21.353,498.307,-90,

[2025-03-07 11:52:17] ,1,-8.438,494.221,8.13,22.539,517.025,-88.977,

[2025-03-07 11:52:27] ,2,6.128,430.025,174.391,26.033,435.562,-123.13,

[2025-03-07 11:52:36] ,2,32.887,499.559,20.376,0.262,509.182,-69.8,

[2025-03-07 11:52:44] ,3,2.78,479.127,-86.589,75.034,486.225,32.087,

[2025-03-07 11:53:01] ,1,62.612,399.443,4.16,13.773,408.737,50.782,

[2025-03-07 11:53:09] ,1,36.117,498.307,-66.14,41.258,517.75,-17.628,

[2025-03-07 11:53:18] ,2,14.63,456.784,-147.144,21.419,467.725,135.352,

[2025-03-07 11:53:28] ,2,-2.176,468.121,166.209,18.914,501.141,10.713,

[2025-03-07 11:53:37] ,3,11.755,430.627,41.222,59.849,450.101,67.203,

[2025-03-07 11:53:49] ,1,-3.297,469.307,19.385,7.117,480.512,-53.531,

[2025-03-07 11:53:58] ,1,50.353,499.032,2.027,31.767,505.557,25.201,

[2025-03-07 11:54:11] ,1,-10.481,440.966,63.662,-5.67,489.409,-57.567,

[2025-03-07 11:54:23] ,1,21.353,427.521,-84.898,16.739,482.818,84.489,

[2025-03-07 11:54:32] ,3,84.316,425.016,-48.814,22.767,464.644,88.502,

[2025-03-07 11:54:41] ,2,41.06,424.818,-28.163,25.373,444.327,175.446,

[2025-03-07 11:54:50] ,2,48.046,448.546,21.329,63.139,457.773,92.556,

[2025-03-07 11:54:59] ,2,44.883,486.905,39.999,1.185,506.809,146.31,

[2025-03-07 11:55:09] ,1,-7.647,479.589,-87.99,34.271,509.116,87.955,

[2025-03-07 11:55:18] ,3,63.337,435.496,29.792,43.037,462.057,-21.661,

[2025-03-07 11:55:30] ,2,-10.613,432.134,175.406,-1.913,493.825,-27.022,

[2025-03-07 11:55:39] ,3,2.38,408.473,-75.685,16.881,462.03,81.283,

[2025-03-07 11:55:51] ,3,-9.229,413.746,12.736,50.753,493.693,-34.743,

[2025-03-07 11:56:07] ,1,16.871,408.407,73.496,37.237,482.093,43.933,

[2025-03-07 11:56:16] ,1,67.621,483.873,-15.388,38.885,504.371,-88.977,

[2025-03-07 11:56:25] ,2,51.012,445.58,45,5.667,497.911,-118.369,

[2025-03-07 11:56:36] ,2,71.048,502.855,37.381,53.451,516.827,-133.55,

[2025-03-07 11:56:45] ,3,21.748,463.837,19.502,15.092,509.709,6.509,

[2025-03-07 11:56:56] ,1,14.696,433.65,-50.001,24.187,467.132,-14.642,

[2025-03-07 11:57:05] ,1,67.423,470.889,-41.76,87.064,486.707,-49.733,

[2025-03-07 11:57:14] ,2,1.712,438.264,-73.009,1.317,469.175,-118.369,

[2025-03-07 11:57:23] ,3,-9.397,449.012,69.532,66.501,491.452,-24.349,

[2025-03-07 11:57:34] ,2,26.428,433.057,48.958,19.508,453.225,110.323,

[2025-03-07 11:57:42] ,2,-9.229,479.589,-133.568,17.464,511.621,-93.039,

[2025-03-07 11:57:52] ,1,8.105,423.698,43.199,16.41,436.946,-29.055,

[2025-03-07 11:58:00] ,2,-8.504,427.191,161.887,64.787,508.721,-13.033,

[2025-03-07 11:58:10] ,3,-9.229,460.739,-13.671,2.412,493.561,-62.083,

[2025-03-07 11:58:20] ,1,18.585,500.746,-19.552,31.767,512.939,29.745,

[2025-03-07 11:58:31] ,2,33.876,407.814,66.194,-9.229,503.118,-8.202,

[2025-03-07 11:58:40] ,3,37.948,510.54,86.543,0.084,518.607,-48.814,

[2025-03-07 11:58:50] ,1,44.223,412.428,29.554,-4.813,513.598,16.015,

[2025-03-07 11:59:06] ,1,-5.011,470.296,22.736,7.38,484.532,43.946,

[2025-03-07 11:59:15] ,1,27.417,494.221,-17.475,66.567,501.8,43.919,

[2025-03-07 11:59:24] ,2,19.969,398.059,3.608,58.592,480.775,-174.391,

[2025-03-07 11:59:33] ,3,66.942,428.306,79.661,34.422,440.241,-53.054,

[2025-03-07 11:59:43] ,3,50.603,464.034,-38.073,34.223,514.784,-69.265,

[2025-03-07 11:59:54] ,1,37.633,423.698,19.242,-10.745,436.089,16.991,

[2025-03-07 12:00:02] ,1,43.367,485.587,-12.2,57.471,493.825,27.474,

[2025-03-07 12:00:11] ,1,39.148,507.666,24.274,12.653,516.432,-48.24,

[2025-03-07 12:00:21] ,2,24.187,422.907,-133.919,11.203,434.705,9.211,

[2025-03-07 12:00:30] ,3,3.623,454.28,-14.494,44.883,454.346,11.753,

[2025-03-07 12:00:39] ,4,87.262,466.143,-17.784,21.235,490.88,-83.118,

[2025-03-07 12:00:51] ,1,21.023,398.323,-10.905,32.689,446.964,41.8,

[2025-03-07 12:00:58] ,1,-3.297,469.307,-78.887,7.446,489.607,-24.319,

[2025-03-07 12:01:07] ,1,-5.142,490.332,-31.739,7.183,503.777,-84.44,

[2025-03-07 12:01:17] ,2,4.546,429.827,108.113,-2.44,443.998,157.537,

[2025-03-07 12:01:29] ,2,30.778,451.775,-107.324,62.414,464.693,-112.736,

[2025-03-07 12:01:39] ,1,30.185,408.737,22.184,19.178,480.314,-81.444,

[2025-03-07 12:01:47] ,2,-6.592,421.062,-19.722,43.367,423.105,-60.698,

[2025-03-07 12:01:59] ,1,15.817,453.291,12.2,2.503,514.521,3.066,

[2025-03-07 12:02:09] ,3,12.587,513.136,-11.908,40.097,518.343,-45.272,

[2025-03-07 12:02:25] ,1,34.996,397.137,-86.392,7.776,417.041,80.372,

[2025-03-07 12:02:34] ,1,8.369,433.255,-72.198,25.901,437.737,76.329,

[2025-03-07 12:02:43] ,2,57.339,427.587,76.209,-4.154,433.189,-171.369,

[2025-03-07 12:02:52] ,2,5.271,447.887,68.854,78.167,449.666,24.274,

[2025-03-07 12:03:01] ,3,28.603,464.891,17.13,19.389,493.455,34.004,

[2025-03-07 12:03:13] ,1,6.787,404.782,10.905,40.467,469.834,31.477,

[2025-03-07 12:03:25] ,3,3.755,419.612,17.832,69.717,449.577,76.149,

[2025-03-07 12:03:34] ,2,81.396,409.132,146.165,28.339,446.898,-12.095,

[2025-03-07 12:03:42] ,2,50.814,449.996,86.455,-9.163,466.868,153.208,

[2025-03-07 12:03:51] ,2,23.264,482.489,-104.158,1.185,510.368,-77.196,

[2025-03-07 12:04:00] ,3,39.222,472.708,58.195,11.598,501.602,20.113,

[2025-03-07 12:04:10] ,2,1.053,410.912,-162.216,6.589,472.339,83.991,

[2025-03-07 12:04:19] ,3,26.494,432.991,-28.944,16.937,494.155,-11.753,

[2025-03-07 12:04:30] ,1,50.353,457.443,26.114,46.662,482.093,82.875,

[2025-03-07 12:04:38] ,2,7.776,442.877,18.595,-10.086,481.368,-128.581,

[2025-03-07 12:04:48] ,3,10.498,415.756,33.265,52.787,504.816,52.9,

[2025-03-07 12:04:58] ,1,-1.386,417.634,11.81,78.035,455.598,-18.759,

[2025-03-07 12:05:07] ,2,40.335,483.412,122.856,39.017,501.536,49.674,

[2025-03-07 12:05:18] ,3,1.646,435.43,-9.15,-3.495,509.973,18.194,

[2025-03-07 12:05:33] ,1,-4.681,407.023,-23.6,68.61,407.418,-7.836,

[2025-03-07 12:05:42] ,1,-2.572,426.005,-13.912,17.069,444.327,6.563,

[2025-03-07 12:05:52] ,1,28.669,449.205,-17.802,3.162,454.412,0,

[2025-03-07 12:06:01] ,1,81.264,485.191,-53.027,69.203,514.257,-87.955,

[2025-03-07 12:06:10] ,2,8.435,399.246,9.377,38.621,405.573,-92.556,

[2025-03-07 12:06:20] ,2,12.258,467.396,138.2,6.458,487.366,-169.875,

[2025-03-07 12:06:30] ,1,4.612,425.082,-11.211,66.303,433.387,62.978,

[2025-03-07 12:06:38] ,1,-3.758,489.805,73.156,68.346,506.546,-35.538,

[2025-03-07 12:06:47] ,2,51.012,423.566,21.991,32.558,484.664,-83.379,

[2025-03-07 12:06:56] ,3,-6.86,436.688,83.911,10.889,461.925,-76.329,

[2025-03-07 12:07:07] ,1,9.094,414.207,-72.525,41.06,418.953,4.594,

[2025-03-07 12:07:16] ,1,8.698,453.159,-21.801,69.269,473.13,66.869,

[2025-03-07 12:07:25] ,2,70.982,505.952,128.82,7.314,507.93,35.242,

[2025-03-07 12:07:34] ,3,25.967,444.196,12.57,53.05,490.403,51.459,

[2025-03-07 12:07:45] ,2,4.612,446.898,130.711,39.148,503.909,-146.31,

[2025-03-07 12:07:56] ,1,-4.088,432.662,-72.525,34.073,467.33,52.431,

[2025-03-07 12:08:06] ,2,1.514,452.566,-159.8,33.744,508.918,-173.83,

[2025-03-07 12:08:21] ,1,45.41,420.996,60.446,52.66,431.607,82.811,

[2025-03-07 12:08:29] ,2,69.005,398.587,149.4,77.178,443.009,58.158,

[2025-03-07 12:08:38] ,3,25.044,461.398,-17.488,43.331,469.439,-87.739,

[2025-03-07 12:08:49] ,1,-4.549,454.082,-4.554,37.698,460.146,28.131,

[2025-03-07 12:08:58] ,2,41.917,497.911,81.87,28.603,506.809,17.628,

[2025-03-07 12:09:07] ,3,22.036,418.425,-87.328,12.06,433.189,18.555,

[2025-03-07 12:09:18] ,1,1.514,401.355,67.341,-5.933,444.987,75.231,

[2025-03-07 12:09:27] ,1,3.36,491.848,-1.507,14.696,492.639,-16.991,

[2025-03-07 12:09:36] ,1,21.617,505.689,76.701,0.46,518.211,74.612,

[2025-03-07 12:09:46] ,3,18.459,420.11,67.351,57.934,435.627,-67.001,

[2025-03-07 12:09:55] ,3,5.966,469.439,-42.071,46.86,490.727,4.167,

[2025-03-07 12:10:08] ,1,35.721,500.021,20.674,35.787,517.157,-10.808,

[2025-03-07 12:10:16] ,2,18.98,406.298,106.798,31.635,430.025,178.977,

[2025-03-07 12:10:25] ,2,53.121,459.223,-123.83,68.412,461.793,-26.565,

[2025-03-07 12:10:34] ,2,-0.463,473.13,41.091,54.044,476.952,165.719,

[2025-03-07 12:10:42] ,3,-3.302,433.965,52.826,22.144,458.69,47.397,

[2025-03-07 12:10:59] ,1,1.119,397.73,-8.785,30.91,413.284,36.666,

[2025-03-07 12:11:07] ,2,24.055,401.421,153.895,51.078,411.109,-55.886,

[2025-03-07 12:11:18] ,3,11.796,414.339,14.685,49.958,448.809,8.717,

[2025-03-07 12:11:31] ,3,10.283,458.624,56.834,-10.283,512.411,3.814,

[2025-03-07 12:11:40] ,1,31.437,401.553,-81.798,28.405,413.087,82.304,

[2025-03-07 12:11:49] ,1,49.167,422.38,4.086,14.037,444.064,-54.23,

[2025-03-07 12:11:58] ,1,86.142,481.962,-40.992,17.267,489.607,-45.707,

[2025-03-07 12:12:08] ,1,25.242,505.425,16.991,8.698,506.677,16.361,

[2025-03-07 12:12:17] ,2,57.208,408.934,163.202,53.451,448.084,-44.64,

[2025-03-07 12:12:27] ,2,66.698,461.662,118.369,28.339,476.491,3.039,

[2025-03-07 12:12:35] ,2,79.287,497.45,86.392,56.153,498.571,-52.927,

[2025-03-07 12:12:44] ,3,35.865,493.39,59.167,84.472,518.146,-39.806,

[2025-03-07 12:12:53] ,4,8.303,425.807,6.116,70.521,514.125,-86.878,

[2025-03-07 12:13:05] ,1,12.455,441.23,-84.943,81.198,456.389,-63.435,

[2025-03-07 12:13:12] ,1,38.489,460.146,83.494,-7.911,483.477,47.49,

[2025-03-07 12:13:22] ,2,3.162,499.23,-144.345,29.592,514.521,-176.424,

[2025-03-07 12:13:31] ,3,5.139,411.241,-29.982,84.764,430.091,-75.493,

[2025-03-07 12:13:42] ,1,81.198,450.589,86.934,11.335,458.63,-37.875,

[2025-03-07 12:13:50] ,2,11.598,407.418,-54.162,17.662,473.459,17.324,

[2025-03-07 12:13:59] ,2,28.471,489.014,-122.433,38.292,508.061,-12.804,

[2025-03-07 12:14:08] ,3,41.06,432.727,-26.395,15.094,502.929,46.345,

[2025-03-07 12:14:19] ,1,49.826,475.832,64.341,8.237,487.102,87.973,

[2025-03-07 12:14:31] ,2,-8.636,461.991,-157.73,-0.858,478.534,73.639,

[2025-03-07 12:14:39] ,3,80.014,462.927,35.181,-4.503,503.179,79.661,

[2025-03-07 12:14:51] ,1,75.069,495.539,10.808,2.833,500.746,85.446,

[2025-03-07 12:15:07] ,1,8.435,406.298,-75.466,26.494,419.15,-18.595,

[2025-03-07 12:15:16] ,1,-1.979,429.827,12.2,52.33,442.746,57.567,

[2025-03-07 12:15:25] ,1,33.085,460.146,-46.757,22.671,472.339,-7.001,

[2025-03-07 12:15:34] ,2,47.848,419.414,53.334,27.417,432.332,-81.369,

[2025-03-07 12:15:43] ,2,42.905,435.957,83.938,33.414,502.525,-157.537,

[2025-03-07 12:15:52] ,3,47.231,478.139,-72.284,16.914,487.62,30.964,

[2025-03-07 12:16:03] ,1,54.769,410.45,78.085,15.685,446.898,-74.745,

[2025-03-07 12:16:12] ,1,27.021,503.118,-4.05,62.085,518.211,50.856,

[2025-03-07 12:16:21] ,2,-1.451,414.932,-125.242,40.862,477.875,-37.875,

[2025-03-07 12:16:30] ,3,-4.116,481.09,31.483,42.171,510.566,-85.047,

[2025-03-07 12:16:41] ,1,41.851,485.587,85.446,-9.954,488.75,-80.287,

[2025-03-07 12:16:50] ,2,-4.615,452.368,-2.027,2.833,479.193,-91.014,

[2025-03-07 12:17:06] ,1,64.655,464.166,-11.81,32.096,494.616,76.817,

[2025-03-07 12:17:15] ,1,48.508,507.468,20.854,33.546,512.28,40.326,

[2025-03-07 12:17:24] ,2,49.298,466.868,-180,5.139,475.173,-56.725,

[2025-03-07 12:17:33] ,3,0.255,415.525,-74.107,4.437,453.027,-46.865,

[2025-03-07 12:17:42] ,3,18.071,492.046,-86.589,2.568,493.496,-74.778,

[2025-03-07 12:17:53] ,1,-5.867,434.902,-85.95,83.11,434.902,-35.242,

[2025-03-07 12:18:02] ,3,32.294,477.743,5.262,16.5,492.111,-57.039,

[2025-03-07 12:18:15] ,2,1.976,467.33,122.856,19.508,512.016,-136.432,

[2025-03-07 12:18:27] ,1,-0.99,437.341,73.156,5.864,473.393,-45.356,

[2025-03-07 12:18:43] ,1,11.269,417.239,24.74,4.942,432.793,-32.433,

[2025-03-07 12:18:51] ,1,47.848,439.318,71.089,-5.67,450.589,-18.435,

[2025-03-07 12:19:01] ,1,-0.529,477.546,-1.014,84.626,482.423,38.82,

[2025-03-07 12:19:10] ,2,51.276,425.675,-110.674,17.728,432.793,149.816,

[2025-03-07 12:19:20] ,3,6.4,457.114,-67.989,63.073,483.675,-35.582,

[2025-03-07 12:19:29] ,2,56.087,401.553,-50.528,41.917,460.212,88.995,

[2025-03-07 12:19:39] ,1,44.948,411.703,-44.275,-7.647,412.955,-51.9,

[2025-03-07 12:19:47] ,1,-9.69,439.121,-43.933,6.787,489.409,-47.827,

[2025-03-07 12:19:57] ,2,36.908,446.041,73.009,52.989,481.368,-164.612,

[2025-03-07 12:20:06] ,3,67.499,444.393,-68.199,66.497,476.162,-66.153,

[2025-03-07 12:20:17] ,1,48.705,436.155,-67.73,20.035,443.998,-47.121,

[2025-03-07 12:20:25] ,2,68.807,456.916,-99.13,16.146,506.48,-25.659,

[2025-03-07 12:20:35] ,3,87.689,454.367,40.147,8.633,463.573,-22.011,

[2025-03-07 12:20:44] ,3,64.202,483.639,44.731,42.594,493.1,-76.608,

[2025-03-07 12:20:54] ,1,-1.451,398.982,11.411,80.144,428.509,35.119,

[2025-03-07 12:21:03] ,1,68.807,412.428,-40.267,62.744,453.027,-45.36,

[2025-03-07 12:21:12] ,3,45.937,414.405,29.129,79.221,501.932,20.016,

[2025-03-07 12:21:23] ,1,52.66,408.934,-23.806,38.753,518.277,71.727,

[2025-03-07 12:21:32] ,3,6.26,447.887,-1.897,16.473,469.09,48.46,

[2025-03-07 12:21:42] ,3,-2.308,486.575,-17.601,73.313,512.819,78.389,

[2025-03-07 12:21:53] ,1,71.048,470.691,16.361,-1.913,473.196,79.472,

[2025-03-07 12:22:01] ,1,-8.965,511.884,-2.045,19.573,517.684,-1.534,

[2025-03-07 12:22:10] ,2,62.546,489.607,-27.022,75.201,504.041,-132.101,

[2025-03-07 12:22:21] ,1,35.787,415.657,-46.081,34.271,461.2,85.486,

[2025-03-07 12:22:31] ,1,57.339,478.073,72.044,-4.417,483.082,17.802,

[2025-03-07 12:22:40] ,3,-10.086,468.516,0.759,30.906,496.559,49.563,

[2025-03-07 12:22:53] ,2,61.426,460.08,-104.281,-6.395,493.166,16.991,

[2025-03-07 12:23:02] ,2,39.61,471.021,123.968,-8.042,493.957,-117.474,

[2025-03-07 12:23:12] ,1,24.978,453.423,-24.528,-1.32,494.221,88.977,

[2025-03-07 12:23:28] ,1,23.462,401.684,-79.695,-7.054,448.15,-50.001,

[2025-03-07 12:23:36] ,1,-10.283,463.177,52.524,1.514,467.396,26.342,

[2025-03-07 12:23:46] ,1,13.18,470.032,15.124,21.88,488.684,54.926,

[2025-03-07 12:23:55] ,2,61.426,400.696,-54.162,87.262,408.341,-21.606,

[2025-03-07 12:24:06] ,2,35.194,415.723,106.015,-3.033,420.271,-27.474,

[2025-03-07 12:24:15] ,2,68.017,446.964,-169.786,52.923,466.737,-33.551,

[2025-03-07 12:24:23] ,1,6.326,495.539,59.381,44.421,507.336,15.388,

[2025-03-07 12:24:32] ,2,26.23,475.832,114.319,-3.824,484.4,-79.38,

[2025-03-07 12:24:43] ,1,23.067,427.718,-14.407,76.98,432.464,-55.597,

[2025-03-07 12:24:51] ,1,65.248,439.121,-70.278,25.439,456.652,23.86,

[2025-03-07 12:25:01] ,1,4.942,466.671,-67.264,26.23,511.95,-7.189,

[2025-03-07 12:25:10] ,2,49.233,433.189,-66.869,3.426,449.402,22.932,

[2025-03-07 12:25:20] ,2,76.255,492.177,67.341,-7.581,504.041,41.424,

[2025-03-07 12:25:28] ,3,15.704,446.766,-76.695,59.546,454.148,-59.689,

[2025-03-07 12:25:39] ,1,5.271,448.875,-47.862,21.023,469.505,42.173,

[2025-03-07 12:25:48] ,2,64.326,433.255,-121.574,79.419,476.557,127.381,

[2025-03-07 12:25:59] ,1,-5.736,413.943,-64.581,0.526,436.155,6.062,

[2025-03-07 12:26:07] ,1,31.503,451.907,-87.99,44.817,463.968,89.497,

[2025-03-07 12:26:18] ,1,49.496,417.568,1.548,-3.033,443.141,-68.854,

[2025-03-07 12:26:28] ,1,85.68,452.039,0,-6.856,460.212,2.01,

[2025-03-07 12:26:37] ,2,4.942,450.193,68.199,7.446,493.891,-140.001,

[2025-03-07 12:26:49] ,1,34.403,472.537,88.493,51.605,513.334,-20.556,

[2025-03-07 12:26:57] ,3,85.351,498.241,18.435,10.787,509.577,-84.251,

[2025-03-07 12:27:14] ,1,-6.526,439.648,36.064,-0.331,451.182,63.208,

[2025-03-07 12:27:22] ,1,-0.265,477.546,17.324,25.044,488.618,24.986,

[2025-03-07 12:27:32] ,1,78.76,508.984,23.806,5.337,517.091,-77.082,

[2025-03-07 12:27:41] ,2,37.303,411.9,-29.999,39.28,427.389,-105.524,

[2025-03-07 12:27:50] ,2,61.492,505.886,-47.899,47.255,517.025,-26.105,

[2025-03-07 12:27:59] ,3,-10.067,423.368,-53.358,20.562,448.941,24.538,

[2025-03-07 12:28:08] ,3,43.693,466.077,-85.456,69.401,490.925,-26.053,

[2025-03-07 12:28:17] ,4,9.094,423.698,-5.102,45.539,495.582,90,

[2025-03-07 12:28:31] ,1,71.51,445.382,-30.44,35.326,516.498,-36.254,

[2025-03-07 12:28:40] ,1,12.653,449.205,-5.057,-5.011,456.389,-14.281,

[2025-03-07 12:28:55] ,3,30.646,453.961,55.685,3.38,470.164,-32.125,

[2025-03-07 12:29:04] ,3,-2.638,492.507,-17.716,-7.713,505.952,-3.789,

[2025-03-07 12:29:14] ,3,19.593,509.775,-54.197,83.703,514.718,-5.02,

[2025-03-07 12:29:25] ,1,69.401,401.684,-47.586,31.701,417.041,-53.637,

[2025-03-07 12:29:33] ,1,22.276,441.955,1.014,60.701,442.812,-17.956,

[2025-03-07 12:29:42] ,1,-2.242,463.243,-65.225,-10.613,517.025,21.516,

[2025-03-07 12:29:52] ,3,42.444,410.318,29.982,82.978,442.416,-28.794,

[2025-03-07 12:30:05] ,2,-4.088,427.784,-16.504,34.864,431.146,-34.951,

[2025-03-07 12:30:13] ,4,37.962,467.857,-14.036,13.905,482.489,-62.758,

[2025-03-07 12:30:23] ,1,58.723,436.814,-50.001,-3.231,444.459,73.156,

[2025-03-07 12:30:30] ,3,11.738,432.505,81.167,1.773,498.521,50.631,

[2025-03-07 12:30:40] ,4,52.251,399.811,-38.66,77.771,492.177,90,

[2025-03-07 12:30:52] ,1,56.812,406.891,6.17,-3.033,490.398,43.568,

[2025-03-07 12:30:59] ,1,29.921,496.857,-60.255,83.571,498.768,80.2,

[2025-03-07 12:31:08] ,2,-1.913,445.777,30.44,59.317,490.2,93.576,

[2025-03-07 12:31:19] ,2,71.971,458.234,80.707,32.228,510.566,36.666,

[2025-03-07 12:31:29] ,2,-0.99,470.559,-155.472,33.744,508.457,-82.875,

[2025-03-07 12:31:38] ,1,29.064,413.153,81.798,51.539,421.325,-83.884,

[2025-03-07 12:31:46] ,3,36.68,459.552,-71.565,83.378,479.984,-81.167,

[2025-03-07 12:31:59] ,2,-7.449,511.423,135,34.798,516.827,117.022,

[2025-03-07 12:32:15] ,1,14.498,409.857,-18.759,49.892,481.764,31.31,

[2025-03-07 12:32:23] ,2,70.521,433.914,6.17,26.823,434.243,-23.398,

[2025-03-07 12:32:32] ,3,28.127,413.482,-84.632,0.46,440.768,-2.654,

[2025-03-07 12:32:44] ,1,45.344,412.23,-48.621,58.658,430.355,56.17,

[2025-03-07 12:32:53] ,1,-0.924,431.277,-40.384,-2.77,452.171,-68.385,

[2025-03-07 12:33:02] ,1,81.726,453.489,-3.066,84.823,471.152,-8.785,

[2025-03-07 12:33:12] ,1,30.251,462.518,-21.894,44.553,486.312,50.711,

[2025-03-07 12:33:21] ,1,26.889,512.543,43.568,7.314,517.157,70.105,

[2025-03-07 12:33:30] ,2,18.717,429.037,56.17,74.41,481.237,145.886,

[2025-03-07 12:33:39] ,2,3.03,484.334,170.87,27.944,497.911,-127.073,

[2025-03-07 12:33:48] ,3,30.454,420.387,57.47,54.872,459.421,-61.056,

[2025-03-07 12:33:59] ,1,5.667,430.223,83.379,53.912,430.421,-7.125,

[2025-03-07 12:34:08] ,1,35.194,470.032,41.8,45.08,484.071,-27.013,

[2025-03-07 12:34:17] ,2,14.301,459.223,31.31,67.357,508.061,8.276,

[2025-03-07 12:34:27] ,2,43.696,471.943,-154.772,46.135,506.282,-86.424,

[2025-03-07 12:34:35] ,3,-5.604,420.073,19.885,55.887,464.018,48.209,

[2025-03-07 12:34:52] ,1,-10.151,423.105,-60.698,87.657,447.359,68.484,

[2025-03-07 12:35:01] ,1,23.067,488.091,77.417,32.162,500.416,-71.565,

[2025-03-07 12:35:10] ,3,-6.48,406.478,37.942,32.767,413.259,43.919,

[2025-03-07 12:35:20] ,3,21.551,445.843,-21.661,12.587,472.339,27.408,

[2025-03-07 12:35:29] ,3,47.123,485.652,-5.297,50.899,504.766,-52.826,

[2025-03-07 12:35:40] ,1,-10.349,400.696,-75.838,59.185,466.275,-14.281,

[2025-03-07 12:35:51] ,1,38.16,431.014,-75.101,-2.176,488.091,59.207,

[2025-03-07 12:36:00] ,1,21.089,496.923,46.067,13.642,515.773,4.635,

[2025-03-07 12:36:09] ,2,29.921,444.591,-175.95,76.387,492.309,-78.085,

[2025-03-07 12:36:20] ,1,72.762,497.384,-4.086,20.167,504.305,-70.758,

[2025-03-07 12:36:35] ,2,7.644,445.118,118.811,64.721,497.516,2.045,

[2025-03-07 12:36:44] ,4,56.417,448.612,-35.074,11.533,481.368,40.764,

[2025-03-07 12:36:55] ,2,56.614,423.368,-160.925,-2.836,449.93,-131.8,

[2025-03-07 12:37:02] ,2,61.162,504.832,-30.877,8.567,504.898,124.249,

[2025-03-07 12:37:12] ,2,23.133,445.777,78.294,63.996,493.1,25.88,

[2025-03-07 12:37:27] ,2,26.56,411.505,-115.88,38.885,441.296,-104.769,

[2025-03-07 12:37:35] ,1,59.91,407.089,57.171,13.708,410.055,16.65,

[2025-03-07 12:37:43] ,1,-3.429,412.823,-43.919,27.417,437.341,-31.739,

[2025-03-07 12:37:53] ,1,0.13,456.257,76.931,70.587,491.98,27.924,

[2025-03-07 12:38:02] ,3,25.835,423.764,-4.953,87.952,453.097,69.624,

[2025-03-07 12:38:14] ,1,61.623,400.037,-65.045,75.398,414.141,76.967,

[2025-03-07 12:38:22] ,1,44.289,459.091,-34.789,86.207,482.357,63.435,

[2025-03-07 12:38:32] ,1,0.46,498.373,79.287,50.221,500.548,9.13,

[2025-03-07 12:38:41] ,3,28.076,439.846,17.354,-9.721,461.596,-71.445,

[2025-03-07 12:38:51] ,3,84.626,512.807,17.949,37.171,517.618,13.481,

[2025-03-07 12:39:02] ,1,86.207,431.409,61.595,40.533,451.577,60.068,

[2025-03-07 12:39:10] ,1,80.803,468.648,-85.914,35.128,477.677,-14.642,

[2025-03-07 12:39:20] ,1,56.614,479.984,-70.448,77.639,485.85,73.009,

[2025-03-07 12:39:29] ,2,31.239,441.23,-145.751,1.712,470.625,-105.255,

[2025-03-07 12:39:38] ,3,40.598,420.732,28.944,16.915,429.102,-78.914,

[2025-03-07 12:39:47] ,3,63.21,429.262,77.264,14.324,478.205,-56.519,

[2025-03-07 12:39:58] ,1,58.789,486.312,78.69,-3.099,490.464,-21.329,

[2025-03-07 12:40:07] ,2,23.594,404.255,155.513,56.483,513.202,-161.727,

[2025-03-07 12:40:16] ,3,-1.074,428.887,71.086,-8.511,454.939,-65.462,

[2025-03-07 12:40:27] ,1,77.573,446.832,-29.554,43.235,469.307,-73.78,

[2025-03-07 12:40:35] ,3,54.788,452.368,-53.358,63.257,477.216,-73.374,

[2025-03-07 12:40:45] ,4,73.876,397.194,29.678,80.537,509.94,61.098,

[2025-03-07 12:40:56] ,1,-7.12,481.698,50.711,25.11,483.28,72.676,

[2025-03-07 12:41:03] ,2,15.026,416.58,-42.825,-3.824,436.55,-14.407,

[2025-03-07 12:41:14] ,1,-5.736,436.089,75.593,28.405,463.639,-26.123,

[2025-03-07 12:41:30] ,2,39.873,407.88,-167.978,16.08,442.35,-159.503,

[2025-03-07 12:41:38] ,3,36.38,427.455,16.626,38.555,489.936,16.518,

[2025-03-07 12:41:49] ,1,-3.099,404.65,56.739,-8.57,474.184,15.255,

[2025-03-07 12:41:57] ,1,58.658,477.48,23.86,2.173,479.457,2.511,

[2025-03-07 12:42:07] ,2,47.783,437.868,101.706,71.576,481.632,-140.389,

[2025-03-07 12:42:16] ,2,20.958,503.052,-178.977,53.912,504.041,-154.581,

[2025-03-07 12:42:26] ,1,15.092,447.096,-33.551,58.196,459.75,86.455,

[2025-03-07 12:42:34] ,2,-2.111,420.271,-68.009,32.426,472.471,92.01,

[2025-03-07 12:42:44] ,2,54.373,494.286,24.528,18.717,500.746,-56.17,

[2025-03-07 12:42:54] ,1,13.312,492.111,49.289,58.196,505.227,-49.343,

[2025-03-07 12:43:10] ,1,54.505,407.616,-22.463,56.746,459.552,82.937,

[2025-03-07 12:43:19] ,3,13.708,431.475,-12.938,42.971,478.864,12.57,

[2025-03-07 12:43:30] ,2,30.712,456.059,33.13,-5.208,467.264,129.359,

[2025-03-07 12:43:39] ,2,47.387,496.527,14.899,74.937,510.039,-65.513,

[2025-03-07 12:43:48] ,1,4.612,407.682,-70.758,1.844,429.234,37.073,

[2025-03-07 12:43:57] ,1,-10.547,444.525,52.125,15.026,464.496,-25.894,

[2025-03-07 12:44:06] ,1,68.807,485.323,53.334,10.939,492.968,50.323,

[2025-03-07 12:44:16] ,1,24.583,502.525,-75.593,-3.495,504.239,54.638,

[2025-03-07 12:44:27] ,1,34.535,420.93,-52.927,19.903,483.412,-49.939,

[2025-03-07 12:44:36] ,1,25.967,498.373,30.877,34.271,512.609,-10.214,

[2025-03-07 12:44:45] ,2,22.605,400.168,-55.305,23.594,467,-157.264,

[2025-03-07 12:44:55] ,2,-8.372,471.68,23.398,40.137,484.532,92.534,

[2025-03-07 12:45:03] ,2,60.898,507.6,-112.463,9.028,509.446,53.637,

[2025-03-07 12:45:15] ,1,41.06,439.977,-31.31,-0.199,513.005,-68.671,

[2025-03-07 12:45:23] ,2,-5.801,423.302,99.13,83.835,455.202,-117.474,

[2025-03-07 12:45:40] ,1,-2.506,421.325,16.504,-8.833,464.693,-38.66,

[2025-03-07 12:45:48] ,1,74.212,399.246,39.472,66.896,510.632,-20.376,

[2025-03-07 12:45:57] ,2,57.208,489.08,-109.722,-7.911,517.355,-46.095,

[2025-03-07 12:46:06] ,3,38.951,402.278,13.57,15.626,417.437,-86.16,

[2025-03-07 12:46:17] ,3,67.439,417.305,-32.943,-5.007,444.538,46.071,

[2025-03-07 12:46:26] ,3,54.862,455.862,-77.43,-9.002,464.891,-58.841,

[2025-03-07 12:46:37] ,1,-5.736,438.527,-58.69,79.485,462.518,13.416,

[2025-03-07 12:46:46] ,2,16.937,406.496,109.411,42.246,432.793,61.39,

[2025-03-07 12:46:57] ,1,11.73,472.471,67.457,47.123,504.502,-71.405,

[2025-03-07 12:47:12] ,1,30.58,439.648,8.13,-5.867,453.818,69.974,

[2025-03-07 12:47:21] ,1,25.901,457.641,-17.802,4.283,466.473,-21.894,

[2025-03-07 12:47:30] ,2,37.764,467,-145.049,64.523,487.366,-63.662,

[2025-03-07 12:47:39] ,2,40.335,496.593,47.862,85.746,497.582,-150.446,

[2025-03-07 12:47:49] ,1,36.578,492.309,89.493,4.876,511.093,1.023,

[2025-03-07 12:47:59] ,1,15.883,491.518,58.69,-1.386,509.05,-6.68,

[2025-03-07 12:48:08] ,2,-3.692,415.064,-172.811,-7.976,491.189,-11.81,

[2025-03-07 12:48:19] ,1,-8.438,435.562,56.592,19.573,440.505,-60.068,

[2025-03-07 12:48:34] ,1,38.358,398.784,13.536,46.201,424.489,10.808,

[2025-03-07 12:48:43] ,1,12.192,448.15,-27.688,16.146,486.839,14.769,

[2025-03-07 12:48:52] ,2,-4.747,414.668,-100.808,5.535,425.412,86.934,

[2025-03-07 12:49:03] ,2,73.882,428.707,32.981,24.451,433.123,153.208,

[2025-03-07 12:49:12] ,2,3.689,435.891,-104.769,66.105,460.146,-78.294,

[2025-03-07 12:49:20] ,2,29.13,483.741,-150.505,0.526,498.109,-47.49,

[2025-03-07 12:49:29] ,2,78.232,501.273,-80.112,-10.02,503.777,-29.999,

[2025-03-07 12:49:38] ,4,0.36,397.726,79.771,83.004,409.939,-35.91,

[2025-03-07 12:49:49] ,2,-1.715,413.746,160.105,5.205,505.952,-27.022,

[2025-03-07 12:49:59] ,2,21.221,491.782,76.209,-8.042,499.361,98.13,

[2025-03-07 12:50:24] ,4,22.344,454.436,18.591,30.448,473.327,-39.677,

[2025-03-07 12:52:49] ,1,10.676,412.889,-86.934,-7.713,422.248,80.789,

[2025-03-07 12:52:54] ,1,10.676,412.889,-86.934,-7.713,422.314,80.287,

[2025-03-07 12:53:02] ,1,77.112,432.134,-18.759,6.26,439.45,-55.049,

[2025-03-07 12:53:11] ,1,25.439,446.964,-40.384,20.43,507.6,1.014,

[2025-03-07 12:53:21] ,1,86.471,513.071,-62.969,0.196,514.521,-2.556,

[2025-03-07 12:53:30] ,3,30.712,429.037,7.219,35.853,493.957,-20.113,

[2025-03-07 12:53:41] ,1,42.444,427.389,-4.086,60.833,434.507,-53.231,

[2025-03-07 12:53:50] ,1,27.417,434.968,-18.595,-5.208,444.196,-9.713,

[2025-03-07 12:53:59] ,1,55.033,451.05,74.124,26.164,508.127,60.945,

[2025-03-07 12:54:09] ,2,29.921,411.571,18.759,55.428,418.228,-133.55,

[2025-03-07 12:54:18] ,2,12.785,443.668,63.435,85.878,473.987,145.886,

[2025-03-07 12:54:27] ,3,76.15,440.175,-45,33.374,453.99,32.645,

[2025-03-07 12:54:36] ,3,76.255,457.839,-12.281,14.986,463.968,-82.828,

[2025-03-07 12:54:45] ,3,58.818,465.863,62.083,-2.358,479.947,33.69,

[2025-03-07 12:54:56] ,1,31.173,416.843,10.808,-0.858,438.264,-7.561,

[2025-03-07 12:55:04] ,1,-4.615,463.639,-2.01,78.298,465.616,31.139,

[2025-03-07 12:55:14] ,1,2.964,476.359,56.449,76.519,493.561,-62.289,

[2025-03-07 12:55:23] ,2,51.144,424.489,2.045,51.144,449.996,169.786,

[2025-03-07 12:55:32] ,3,3.598,424,38.779,15.813,492.081,49.276,

[2025-03-07 12:55:43] ,1,60.305,483.609,3.545,11.796,504.568,-50.001,

[2025-03-07 12:55:52] ,2,63.864,445.843,84.943,49.892,481.698,20.2,

[2025-03-07 12:56:01] ,2,3.492,482.489,156.602,41.983,502.064,55.886,

[2025-03-07 12:56:09] ,3,75.532,485.394,46.621,78.035,502.196,-10.477,

[2025-03-07 12:56:20] ,1,-5.801,439.252,-14.281,85.153,487.3,-35.119,

[2025-03-07 12:56:30] ,1,-10.876,491.386,-81.293,8.303,510.368,35.952,

[2025-03-07 12:56:41] ,3,31.727,419.941,-57.792,48.423,505.557,-63.435,

[2025-03-07 12:56:57] ,1,6.062,434.309,-18.595,-6.856,439.121,-21.615,

[2025-03-07 12:57:05] ,1,47.321,469.834,47.121,61.821,486.839,56.592,

[2025-03-07 12:57:22] ,1,-3.824,405.968,0,11.203,435.562,81.87,

[2025-03-07 12:57:31] ,1,71.51,450.852,1.534,18.189,455.862,5.013,

[2025-03-07 12:57:40] ,2,-0.99,452.302,70.448,24.385,502.459,-53.936,

[2025-03-07 12:57:49] ,3,36.771,469.456,50.579,53.472,514.784,-76.891,

[2025-03-07 12:58:00] ,1,48.508,419.678,43.221,44.026,470.955,-84.489,

[2025-03-07 12:58:08] ,2,57.933,437.737,149.56,4.414,444.855,-45.716,

[2025-03-07 12:58:19] ,3,-6.106,419.15,-82.733,31.036,484.666,36.193,

[2025-03-07 12:58:29] ,3,-4.483,497.714,-29.604,10.222,508.5,57.995,

[2025-03-07 12:58:40] ,2,4.942,410.846,144.462,37.369,414.141,-25.88,

[2025-03-07 12:58:50] ,2,81.528,475.437,-142.214,4.48,476.689,-124.249,

[2025-03-07 12:59:05] ,2,25.835,401.882,18.925,-0.924,404.057,155.726,

[2025-03-07 12:59:12] ,2,-6.526,440.307,-93.039,56.285,492.771,-180,

[2025-03-07 12:59:21] ,3,3.963,459.128,44.201,29.262,497.846,90,

[2025-03-07 12:59:32] ,2,59.778,401.091,-55.305,38.094,462.782,-162.676,

[2025-03-07 12:59:40] ,2,6.523,501.405,-174.44,38.226,504.832,-141.814,

[2025-03-07 12:59:49] ,3,6.07,412.996,58.116,10.526,474.324,89.246,

[2025-03-07 13:00:01] ,2,41.785,397.137,25.866,-3.956,447.359,-138.2,

[2025-03-07 13:00:11] ,2,72.498,434.968,11.211,-9.295,508.523,21.329,

[2025-03-07 13:00:20] ,4,39.939,462.123,10.437,16.212,472.471,-62.103,

[2025-03-07 13:00:38] ,2,42.18,435.496,144.638,26.758,514.982,-125.242,

[2025-03-07 13:00:47] ,2,29.13,403.464,66.194,0.921,495.802,54.345,

[2025-03-07 13:00:55] ,4,-9.87,397.81,60.642,59.267,400.221,1.577,

[2025-03-07 13:01:06] ,2,-2.44,457.839,-172.372,65.117,495.868,85.406,

[2025-03-07 13:01:13] ,4,67.621,398.191,6.864,85.087,513.532,-14.162,

[2025-03-07 13:09:55] ,1,67.753,398.125,-82.747,72.696,422.182,-88.452,

[2025-03-07 13:10:00] ,1,67.753,398.125,-82.747,72.696,422.248,-87.936,

[2025-03-07 13:10:07] ,1,29.723,401.025,60.001,49.628,419.678,57.295,

[2025-03-07 13:10:17] ,1,-5.538,427.652,22.932,54.242,438.857,27.924,

[2025-03-07 13:10:26] ,1,49.958,456.191,25.894,70.06,466.209,-26.792,

[2025-03-07 13:10:36] ,1,58.064,477.809,62.312,78.628,487.102,-46.081,

[2025-03-07 13:10:45] ,1,85.219,513.466,76.342,67.621,515.048,50.064,

[2025-03-07 13:10:55] ,3,75.53,440.175,14.589,72.103,452.105,14.221,

[2025-03-07 13:11:04] ,3,27.108,484.4,-69.664,27.387,506.611,-83.534,

[2025-03-07 13:11:15] ,1,1.251,419.216,-24.74,51.737,446.239,-60.505,

[2025-03-07 13:11:24] ,2,18.914,411.241,-54.462,57.405,500.614,-7.696,

[2025-03-07 13:11:33] ,1,3.689,468.582,25.894,42.839,508.259,46.067,

[2025-03-07 13:11:42] ,3,47.19,427.325,46.882,-3.766,457.971,-65.462,

[2025-03-07 13:11:51] ,3,80.282,484.16,45.272,44.368,488.446,87.739,

[2025-03-07 13:12:02] ,1,46.201,417.7,-20.376,32.887,439.977,34.951,

[2025-03-07 13:12:11] ,2,22.012,490.991,153.662,-4.022,505.293,-22.463,

[2025-03-07 13:12:22] ,1,27.087,487.366,68.569,-10.151,511.093,-81.87,

[2025-03-07 13:12:30] ,3,-9.012,466.275,-49.808,76.765,483.148,-38.779,

[2025-03-07 13:12:41] ,1,48.178,404.782,71.565,2.569,434.112,3.576,

[2025-03-07 13:12:50] ,2,29.526,507.6,-159.146,-3.758,508.852,165.964,

[2025-03-07 13:13:06] ,1,68.412,404.584,-56.889,35.194,418.425,-87.955,

[2025-03-07 13:13:14] ,1,67.16,437.012,-29.302,49.035,462.65,-58.95,

[2025-03-07 13:13:24] ,1,20.826,464.166,-37.266,69.73,466.275,-73.496,

[2025-03-07 13:13:33] ,1,38.292,510.302,-4.594,60.239,517.025,64.359,

[2025-03-07 13:13:44] ,1,9.16,402.212,26.105,43.828,415.591,-57.295,

[2025-03-07 13:13:53] ,1,56.614,437.737,-45.716,8.105,460.212,52.431,

[2025-03-07 13:14:02] ,2,-8.833,424.093,-158.009,29.46,425.346,138.576,

[2025-03-07 13:14:12] ,1,7.776,479.325,57.144,32.36,482.818,46.414,

[2025-03-07 13:14:21] ,2,31.569,449.205,-131.424,12.455,490.859,38.581,

[2025-03-07 13:14:32] ,2,28.142,497.78,-46.081,53.451,516.761,15.03,

[2025-03-07 13:14:42] ,3,15.835,465.352,-50.579,75.058,516.229,36.793,

[2025-03-07 13:14:52] ,3,51.935,459.882,11.83,47.98,511.291,-17.354,

[2025-03-07 13:15:02] ,2,0.789,410.582,-27.711,39.676,473.591,168.789,

[2025-03-07 13:15:18] ,3,6.821,468.714,-42.603,42.18,472.405,1.131,

[2025-03-07 13:15:26] ,3,60.371,488.948,-1.528,38.387,490.153,40.437,

[2025-03-07 13:15:35] ,4,85.323,405.562,27.284,80.473,515.971,-4.122,

[2025-03-07 13:15:48] ,2,62.019,403.266,-173.26,59.976,452.171,-135,

[2025-03-07 13:15:55] ,2,-2.176,475.371,112.736,16.608,489.936,-48.909,

[2025-03-07 13:16:04] ,3,5.271,504.305,-1.146,-6.922,517.355,15.054,

[2025-03-07 13:16:15] ,3,-5.781,463.902,-48.46,-1.604,500.827,83.112,

[2025-03-07 13:16:31] ,2,34.535,417.305,-83.379,-0.001,426.071,9.13,

[2025-03-07 13:16:39] ,2,35.458,432.991,-128.897,66.501,492.046,48.576,

[2025-03-07 13:16:49] ,2,12.258,397.071,-58.325,30.251,463.441,-106.844,

[2025-03-07 13:16:59] ,2,17.333,430.948,13.791,32.294,513.005,46.801,

[2025-03-07 13:17:08] ,3,55.71,425.939,-86.947,7.821,482.739,70.852,

[2025-03-07 13:17:24] ,2,6.26,436.155,160.925,38.819,453.752,114.986,

[2025-03-07 13:17:32] ,4,87.592,425.346,-57.609,33.744,465.418,31.9,

[2025-03-07 13:17:43] ,4,32.558,464.562,80.049,87.23,506.945,-58.768,

[2025-03-07 13:17:53] ,2,-5.274,445.777,-58.95,-10.613,458.102,158.854,

[2025-03-07 13:18:02] ,2,11.071,425.016,-2.045,-6.988,495.736,43.221,

[2025-03-07 13:18:13] ,2,-10.151,460.343,83.991,-5.604,478.798,-161.089,

[2025-03-07 13:18:22] ,2,4.283,417.041,116.792,-5.208,495.143,114.066,

[2025-03-07 13:18:53] ,4,56.21,401.75,-71.4,75.794,518.871,6.226,

[2025-03-07 13:21:27] ,1,-7.054,418.491,-41.424,79.221,430.289,-27.474,

[2025-03-07 13:21:32] ,1,-7.054,418.491,-41.424,79.221,430.289,-27.474,

[2025-03-07 13:21:40] ,1,65.248,411.768,-1.032,27.417,418.096,24.986,

[2025-03-07 13:21:49] ,1,70.785,440.175,-31.139,52.396,441.427,65.472,

[2025-03-07 13:21:58] ,1,47.058,468.45,-14.158,55.23,495.736,-26.338,

[2025-03-07 13:22:08] ,1,53.912,515.773,5.148,26.955,517.157,-69.146,

[2025-03-07 13:22:18] ,3,6.719,420.732,-66.349,7.19,496.659,-34.216,

[2025-03-07 13:22:29] ,1,18.98,399.048,-9.293,54.242,427.982,40.657,

[2025-03-07 13:22:37] ,1,72.235,491.452,21.991,46.201,504.766,-30.184,

[2025-03-07 13:22:47] ,2,12.719,438.923,152.312,43.828,476.887,-78.495,

[2025-03-07 13:22:58] ,2,39.873,468.846,-115.442,82.451,492.309,-172.304,

[2025-03-07 13:23:06] ,3,69.618,410.384,-54.058,50.149,443.968,76.608,

[2025-03-07 13:23:15] ,1,38.358,456.916,76.931,72.63,516.696,61.595,

[2025-03-07 13:23:24] ,3,45.302,496.433,32.849,62.742,505.952,-35.803,

[2025-03-07 13:23:35] ,1,51.803,433.387,-73.009,32.36,476.096,-16.557,

[2025-03-07 13:23:44] ,2,21.485,411.637,-2.064,28.339,505.359,-100.808,

[2025-03-07 13:23:53] ,3,1.904,440.277,76.608,36.86,453.95,-86.967,

[2025-03-07 13:25:37] ,3,36.625,453.95,-84.327,60.437,504.107,20.244,

[2025-03-07 13:25:42] ,3,36.624,453.884,-84.289,60.437,504.107,20.244,

[2025-03-07 13:25:50] ,3,82.253,506.018,25.181,-2.297,508.3,43.919,

[2025-03-07 13:26:01] ,1,37.896,432.991,-87.466,66.698,437.473,-23.131,

[2025-03-07 13:26:09] ,4,24.648,428.575,87.955,84.823,477.612,-4.122,

[2025-03-07 13:26:21] ,1,-2.77,485.191,-21.801,-10.745,493.627,-30.44,

[2025-03-07 13:26:36] ,1,60.042,423.698,-45.365,14.762,513.598,78.69,

[2025-03-07 13:26:44] ,2,1.185,471.152,-42.879,75.135,514.389,-163.202,

[2025-03-07 13:26:54] ,3,76.58,482.318,49.853,1.406,506.546,-46.345,

[2025-03-07 13:27:05] ,1,-0.463,434.112,-32.433,24.121,511.489,6.116,

[2025-03-07 13:27:16] ,2,29.658,416.448,16.504,-1.913,456.652,130.384,

[2025-03-07 13:27:32] ,1,41.323,425.016,74.612,41.785,489.739,-66.14,

[2025-03-07 13:27:40] ,1,57.208,500.943,-74.476,-4.615,518.277,51.103,

[2025-03-07 13:27:50] ,2,31.042,414.405,101.915,68.082,443.537,-105.876,

[2025-03-07 13:27:59] ,2,69.203,452.566,78.69,59.778,473.591,-36.363,

[2025-03-07 13:28:08] ,2,28.01,496.593,84.943,45.937,517.421,107.628,

[2025-03-07 13:28:18] ,1,7.117,423.698,-19.722,-2.242,431.475,-12.308,

[2025-03-07 13:28:26] ,1,87.46,441.032,89.484,69.598,459.882,-73.985,

[2025-03-07 13:28:35] ,2,-8.833,408.868,-105.03,22.078,437.671,-142.524,

[2025-03-07 13:28:44] ,2,1.251,453.555,-152.312,57.273,473.789,-90,

[2025-03-07 13:28:53] ,2,67.423,484.071,-100.214,47.98,490.727,-143.231,

[2025-03-07 13:29:02] ,3,42.905,409.857,-21.943,28.405,424.621,24.349,

[2025-03-07 13:29:12] ,1,28.933,439.648,39.677,-10.415,446.832,-52.524,

[2025-03-07 13:29:21] ,1,-4.351,462.518,85.486,10.676,466.473,33.968,

[2025-03-07 13:29:30] ,1,57.669,468.582,-58.69,32.953,493.957,40.711,

[2025-03-07 13:29:39] ,2,67.094,458.432,173.938,66.962,505.359,35.119,

[2025-03-07 13:29:49] ,3,10.742,420.6,8.022,47.717,439.121,2.261,

[2025-03-07 13:29:59] ,1,22.408,420.996,-27.242,84.296,491.386,71.565,

[2025-03-07 13:30:08] ,2,48.31,411.9,-60.446,46.926,504.436,165.593,

[2025-03-07 13:30:17] ,3,48.788,467.33,-32.645,34.456,505.942,80.036,

[2025-03-07 13:30:28] ,1,62.48,424.95,-30.877,11.598,481.171,-45.707,

[2025-03-07 13:30:37] ,1,73.289,500.811,-34.824,16.542,518.871,-32.981,

[2025-03-07 13:30:46] ,2,37.962,501.536,17.628,59.185,506.611,36.254,

[2025-03-07 13:30:55] ,3,0.328,438.396,26.395,38.86,459.212,31.092,

[2025-03-07 13:31:05] ,2,19.244,451.973,-124.663,0.328,512.477,-155.045,

[2025-03-07 13:31:14] ,3,0.725,460.805,-67.001,-10.151,496.593,-24.88,

[2025-03-07 13:31:26] ,1,17.003,417.305,-79.192,-6.658,447.359,-63.208,

[2025-03-07 13:31:38] ,1,49.76,515.971,-12.804,28.405,516.761,-57.724,

[2025-03-07 13:31:54] ,1,45.146,413.812,-4.594,28.142,422.512,-80.789,

[2025-03-07 13:32:02] ,1,37.633,436.55,39.999,76.387,506.084,18.273,

[2025-03-07 13:32:12] ,2,78.43,431.739,-55.176,63.271,437.012,98.13,

[2025-03-07 13:32:23] ,2,47.585,440.834,39.289,-4.615,460.475,110.674,

[2025-03-07 13:32:31] ,3,-5.237,427.389,-61.056,80.308,485.589,69.756,

[2025-03-07 13:32:42] ,1,-2.836,406.891,85.365,9.028,421.655,32.705,

[2025-03-07 13:32:50] ,2,41.06,424.027,-137.148,82.055,434.177,-160.589,

[2025-03-07 13:33:00] ,1,24.912,456.059,40.384,-1.913,494.946,-42.173,

[2025-03-07 13:33:08] ,2,28.603,439.912,-117.013,49.76,515.575,120.877,

[2025-03-07 13:33:18] ,4,20.405,403.883,63.778,45.605,405.447,35.803,

[2025-03-07 13:33:27] ,3,66.567,480.643,9.964,9.985,484.334,-30.12,

[2025-03-07 13:33:36] ,1,77.112,422.841,49.008,47.189,469.241,67.92,

[2025-03-07 13:33:45] ,2,43.301,433.518,145.886,21.353,511.818,130.326,

[2025-03-07 13:33:54] ,3,10.808,461.991,-7.97,43.362,489.298,50.339,

[2025-03-07 13:34:05] ,1,39.017,441.164,-56.17,-5.67,460.871,-84.987,

[2025-03-07 13:34:13] ,3,62.148,409.767,48.814,78.514,496.264,-86.927,

[2025-03-07 13:34:25] ,1,57.998,469.505,25.894,-0.199,506.216,-5.609,

[2025-03-07 13:34:34] ,2,0.855,458.893,-42.51,28.801,516.696,-130.657,

[2025-03-07 13:34:45] ,4,70.851,400.828,-59.4,42.905,429.498,-26.338,

[2025-03-07 13:35:04] ,1,22.276,408.539,50.711,0.394,414.009,80.372,

[2025-03-07 13:35:11] ,1,39.017,436.682,-18.595,41.983,512.411,16.991,

[2025-03-07 13:35:20] ,3,78.447,428.18,-76.519,17.818,444.753,82.03,

[2025-03-07 13:35:30] ,2,40.73,416.316,161.241,66.303,443.866,150.255,

[2025-03-07 13:35:39] ,3,12.086,471.877,-57.558,86.72,504.425,37.333,

[2025-03-07 13:35:48] ,2,11.401,432.859,-140.001,70.323,484.598,124.535,

[2025-03-07 13:35:58] ,1,38.753,400.168,76.967,58.723,425.741,-36.363,

[2025-03-07 13:36:06] ,1,7.38,492.441,-88.493,26.428,515.575,46.081,

[2025-03-07 13:36:16] ,2,11.994,422.577,-77.196,30.976,465.55,-105.739,

[2025-03-07 13:36:25] ,3,2.006,407.023,-59.167,52.077,455.334,-33.69,

[2025-03-07 13:36:34] ,3,64.95,499.823,-59.496,48.508,516.959,-19.038,

[2025-03-07 13:36:45] ,1,70.323,432.662,-46.081,76.848,517.091,44.635,

[2025-03-07 13:36:54] ,2,21.485,430.421,116.565,1.448,437.341,-76.209,

[2025-03-07 13:37:03] ,2,51.935,482.357,-75.719,21.089,498.702,30.619,

[2025-03-07 13:37:12] ,3,4.327,451.504,30.77,42.49,491.17,38.008,

[2025-03-07 13:37:22] ,1,44.421,427.916,-46.432,-5.538,434.639,-9.13,

[2025-03-07 13:37:31] ,1,81.726,449.93,-85.914,37.764,504.173,-64.12,

[2025-03-07 13:37:40] ,2,20.298,466.077,68.854,60.437,471.68,-163.009,

[2025-03-07 13:37:49] ,3,80.009,476.914,54.507,19.74,514.257,-42.325,

[2025-03-07 13:38:00] ,2,58.658,455.202,-54.345,76.519,507.073,-30.964,

[2025-03-07 13:38:10] ,1,-5.142,441.296,-3.039,3.623,500.152,-48.958,

[2025-03-07 13:38:18] ,2,4.283,451.907,-152.076,-9.295,506.611,156.194,

[2025-03-07 13:38:29] ,4,-1.322,413.087,-66.349,-5.859,472.688,34.528,

[2025-03-07 13:38:40] ,1,-0.331,458.827,-24.528,82.319,501.998,37.284,

[2025-03-07 13:38:49] ,2,-10.086,441.032,129.999,29.196,507.6,-40.657,

[2025-03-07 13:39:04] ,1,38.423,399.575,-56.31,39.544,462.914,18.277,

[2025-03-07 13:39:12] ,2,56.878,409.989,-4.594,49.233,434.705,135.716,

[2025-03-07 13:39:21] ,2,13.708,466.275,-54.926,5.733,496.198,-44.64,

[2025-03-07 13:39:30] ,3,70.633,444.657,-84.289,17.107,488.323,39.13,

[2025-03-07 13:39:41] ,1,26.362,427.323,41.8,27.548,447.952,8.973,

[2025-03-07 13:39:49] ,1,86.932,454.807,-90,39.478,485.257,28.811,

[2025-03-07 13:39:59] ,3,14.057,415.062,42.044,41.366,446.225,75.506,

[2025-03-07 13:40:08] ,2,76.717,407.484,-70.907,7.248,446.173,80.372,

[2025-03-07 13:40:17] ,4,38.028,413.548,78.19,-5.472,426.796,13.912,

[2025-03-07 13:40:28] ,1,15.948,427.455,-82.372,2.503,507.6,59.816,

[2025-03-07 13:40:35] ,3,15.161,446.173,-75.141,10.838,478.885,40.236,

[2025-03-07 13:40:47] ,4,-9.822,486.114,-29.792,21.748,499.361,-11.459,

[2025-03-07 13:40:57] ,4,-5.736,452.105,53.054,22.671,467.396,-34.101,

[2025-03-07 13:41:07] ,2,20.562,503.448,-32.005,75.662,517.75,-180,

[2025-03-07 13:41:14] ,3,54.612,409.519,70.475,10.557,418.518,68.057,

[2025-03-07 13:41:23] ,4,29.774,433.986,64.96,11.127,515.111,36.642,

[2025-03-07 13:41:33] ,4,86.669,425.148,76.967,17.754,467.773,54.118,

[2025-03-07 13:41:44] ,2,30.514,493.364,-124.951,-2.77,504.239,157.068,

[2025-03-07 13:41:59] ,2,-9.756,406.693,-57.45,17.333,437.275,-90,

[2025-03-07 13:42:06] ,2,41.389,442.284,-122.005,48.376,457.377,-145.465,

[2025-03-07 13:42:15] ,2,20.892,480.709,163.156,38.292,501.734,-55.465,

[2025-03-07 13:42:24] ,3,19.472,456.274,88.493,15.734,499.955,-73.12,

[2025-03-07 13:42:34] ,3,4.171,433.321,-48.743,69.203,476.359,-3.434,

[2025-03-07 13:42:51] ,2,14.103,456.784,90,83.044,461.398,137.175,

[2025-03-07 13:43:01] ,4,71.273,397.083,-27.814,85.664,415.045,63.435,

[2025-03-07 13:45:24] ,1,85.746,414.932,-26.333,36.973,415.723,3.545,

[2025-03-07 13:45:30] ,1,85.746,414.932,-26.333,36.973,415.723,3.545,

[2025-03-07 13:45:37] ,1,77.376,425.412,3.066,85.153,442.68,-82.875,

[2025-03-07 13:45:46] ,1,77.969,456.784,85.95,45.014,459.882,7.561,

[2025-03-07 13:45:56] ,1,0.987,491.321,-4.514,48.903,512.082,-13.416,

[2025-03-07 13:46:05] ,2,38.753,433.65,150.505,49.694,439.121,-153.886,

[2025-03-07 13:46:15] ,2,28.801,488.486,-12.693,13.905,491.452,-114.986,

[2025-03-07 13:46:24] ,1,7.578,465.221,19.855,87.855,513.136,2.579,

[2025-03-07 13:46:33] ,3,-3.4,457.443,-58.713,10.616,511.976,77.347,

[2025-03-07 13:46:44] ,1,25.044,405.771,44.275,47.98,407.418,78.19,

[2025-03-07 13:46:53] ,1,35.655,420.93,5.609,45.871,430.487,52.524,

[2025-03-07 13:47:02] ,1,16.278,444.262,39.677,35.194,445.316,4.014,

[2025-03-07 13:47:11] ,1,82.517,466.802,60.255,81.594,480.709,38.186,

[2025-03-07 13:47:20] ,2,66.039,409.857,-76.464,19.837,493.1,-36.363,

[2025-03-07 13:47:29] ,3,7.461,412.625,-81.924,-5.273,437.352,35.362,

[2025-03-07 13:47:39] ,3,-9.229,455.071,21.801,35.589,464.034,90,

[2025-03-07 13:47:48] ,3,46.838,478.93,-39.95,66.864,487.63,69.887,

[2025-03-07 13:47:59] ,1,42.18,414.734,-15.524,63.205,426.071,-76.584,

[2025-03-07 13:48:08] ,1,-6.131,436.352,72.676,32.558,441.164,-11.211,

[2025-03-07 13:48:17] ,1,61.755,463.705,-60.945,78.364,474.448,-81.798,

[2025-03-07 13:48:26] ,1,45.871,480.314,-17.324,16.014,502.855,0.507,

[2025-03-07 13:48:36] ,2,39.148,509.973,54.758,-7.317,516.63,77.583,

[2025-03-07 13:48:45] ,3,13.315,413.644,87.31,3.096,446.437,-11.014,

[2025-03-07 13:48:54] ,3,69.159,504.766,-47.161,14.169,518.541,12.653,

[2025-03-07 13:49:05] ,1,65.38,446.766,-9.13,18.585,450.062,-67.457,

[2025-03-07 13:49:13] ,1,-0.397,457.905,-75.231,64.919,517.355,-30.964,

[2025-03-07 13:49:24] ,1,55.56,397.4,51.582,17.926,493.43,59.381,

[2025-03-07 13:49:33] ,2,-7.251,440.043,2.045,78.035,446.107,126.254,

[2025-03-07 13:49:44] ,1,55.494,438.132,-49.674,24.78,456.916,28.369,

[2025-03-07 13:49:52] ,3,15.553,405.046,15.154,31.99,470.625,-57.355,

[2025-03-07 13:50:04] ,1,-10.876,465.155,-66.801,73.421,465.418,-60.698,

[2025-03-07 13:50:20] ,2,22.803,427.455,102.804,49.76,438.923,-69.974,

[2025-03-07 13:50:29] ,3,-10.448,432.007,78.914,6.949,444.278,88.493,

[2025-03-07 13:50:39] ,2,11.994,437.143,-46.432,26.626,459.618,-88.493,

[2025-03-07 13:50:48] ,2,12.06,485.389,-151.189,31.239,505.821,163.496,

[2025-03-07 13:50:57] ,3,72.2,462.167,62.418,57.468,501.773,49.028,

[2025-03-07 13:51:09] ,2,12.719,403.859,-131.332,43.96,476.359,152.312,

[2025-03-07 13:51:17] ,2,-3.363,487.037,19.075,-8.504,503.448,129.611,

[2025-03-07 13:51:26] ,3,50.683,425.675,23.348,51.937,494.616,-85.806,

[2025-03-07 13:51:35] ,4,84.296,425.675,-11.411,29.592,480.973,-45,

[2025-03-07 13:51:48] ,2,34.93,475.371,62.987,-10.151,508.457,138.621,

[2025-03-07 13:52:02] ,2,4.876,480.775,60.751,51.078,513.73,-122.276,

[2025-03-07 13:52:13] ,2,4.019,398.323,-24.015,8.633,468.055,-139.236,

[2025-03-07 13:52:21] ,2,62.348,472.537,-73.009,10.214,504.041,121.31,

[2025-03-07 13:52:30] ,3,14.037,428.114,15.054,9.116,443.471,-55.996,

[2025-03-07 13:52:46] ,2,-7.449,402.607,48.281,22.737,420.271,-160.758,

[2025-03-07 13:52:55] ,2,-4.945,453.159,69.974,74.805,466.868,72.86,

[2025-03-07 13:53:03] ,3,11.533,474.514,6.34,20.826,490.991,-18.792,

[2025-03-07 13:53:14] ,2,14.367,421.325,117.474,59.514,480.248,90,

[2025-03-07 13:53:25] ,2,50.617,483.016,75.719,56.417,509.841,-27.711,

[2025-03-07 13:53:47] ,4,86.712,419.342,63.435,32.162,479.918,-49.616,

[2025-03-07 13:57:01] ,1,43.103,416.843,-76.701,86.932,419.216,-27.493,

[2025-03-07 13:57:07] ,1,43.103,416.843,-76.701,86.867,419.216,-27.031,

[2025-03-07 13:57:14] ,1,20.233,403.662,36.666,68.346,417.634,73.35,

[2025-03-07 13:57:23] ,1,10.742,472.668,74.396,77.442,491.255,-81.293,

[2025-03-07 13:57:33] ,2,11.269,418.689,-11.81,32.953,460.937,158.569,

[2025-03-07 13:57:44] ,1,-9.954,414.734,48.2,59.844,441.098,-80.87,

[2025-03-07 13:57:52] ,1,71.905,455.268,3.545,66.303,474.843,76.701,

[2025-03-07 13:58:01] ,1,85.285,411.834,60.642,-7.647,477.546,28.131,

[2025-03-07 13:58:11] ,2,54.308,464.693,-105.255,-5.67,513.73,22.932,

[2025-03-07 13:58:20] ,3,42.401,403.728,-46.9,-6.677,495.209,-39.075,

[2025-03-07 13:58:31] ,1,58.064,459.223,16.844,76.057,479.127,85.406,

[2025-03-07 13:58:40] ,2,25.835,421.589,29.745,73.619,424.357,8.785,

[2025-03-07 13:58:49] ,2,58.592,425.28,-10.808,40.664,453.884,117.242,

[2025-03-07 13:58:57] ,3,27.901,400.366,-46.637,1.888,435.407,86.211,

[2025-03-07 13:59:07] ,3,19.771,443.141,7.97,9.358,508.786,19.756,

[2025-03-07 13:59:16] ,3,69.05,511.287,79.592,-5.857,516.271,44.193,

[2025-03-07 13:59:27] ,1,48.442,452.368,19.075,78.298,490.068,24.066,

[2025-03-07 13:59:35] ,2,30.119,416.58,-47.521,16.476,469.637,-170.949,

[2025-03-07 13:59:44] ,2,2.964,482.884,168.395,-8.57,511.027,159.146,

[2025-03-07 13:59:53] ,3,6.525,420.019,35.272,38.186,470.955,-82.828,

[2025-03-07 14:00:03] ,3,65.736,472.537,-57.792,15.308,493.166,-76.695,

[2025-03-07 14:00:13] ,1,39.412,401.487,3.094,67.028,450.984,12.804,

[2025-03-07 14:00:22] ,1,42.048,494.155,-24.066,58.196,500.284,-11.81,

[2025-03-07 14:00:31] ,2,28.537,402.475,20.556,73.355,426.137,107.14,

[2025-03-07 14:00:40] ,2,-10.151,427.587,-147.724,34.93,440.768,-72.044,

[2025-03-07 14:00:50] ,2,7.644,458.959,-164.612,78.694,487.498,-14.534,

[2025-03-07 14:00:58] ,3,-7.959,458.179,73.74,73.157,467.989,-3.053,

[2025-03-07 14:01:09] ,4,32.623,470.032,-57.836,48.31,508.127,41.424,

[2025-03-07 14:01:18] ,2,11.598,464.232,-33.968,19.903,499.098,-153.435,

[2025-03-07 14:01:32] ,2,32.228,483.807,-31.05,74.542,497.516,-159.444,

[2025-03-07 14:01:40] ,3,17.472,428.641,-34.216,35.128,455.071,-27.408,

[2025-03-07 14:01:51] ,2,6.062,503.711,-88.977,14.696,514.257,52.619,

[2025-03-07 14:02:02] ,2,2.964,408.341,163.843,50.946,502.921,-114.986,

[2025-03-07 14:02:12] ,1,1.778,399.378,30.964,6.128,448.348,-82.937,

[2025-03-07 14:02:23] ,3,33.102,442.229,60.208,63.332,461.433,86.947,

[2025-03-07 14:02:33] ,2,48.31,427.85,-113.6,76.387,502.723,5.659,

[2025-03-07 14:02:50] ,1,58.526,465.287,15.388,37.698,503.052,45.725,

[2025-03-07 14:02:58] ,2,46.662,409.791,-68.484,10.939,413.021,48.621,

[2025-03-07 14:03:07] ,3,17.935,484.169,67.64,3.558,492.507,3.013,

[2025-03-07 14:03:18] ,1,24.121,424.357,-75.719,66.039,478.205,-24.066,

[2025-03-07 14:03:27] ,1,8.764,491.782,-70.925,5.535,510.961,18.759,

[2025-03-07 14:03:37] ,2,28.339,449.468,14.158,59.58,450.193,-98.13,

[2025-03-07 14:03:46] ,2,3.558,457.641,-3.039,53.648,487.168,-161.405,

[2025-03-07 14:03:54] ,3,31.302,410.121,-74.476,63.645,509.31,79.592,

[2025-03-07 14:04:05] ,1,12.126,413.548,-10.305,9.687,470.164,52.829,

[2025-03-07 14:04:14] ,2,-6.065,440.9,-152.758,26.626,496.198,-45,

[2025-03-07 14:04:23] ,3,38.608,471.218,-73.482,-8.842,492.941,71.806,

[2025-03-07 14:04:34] ,4,85.379,426.654,49.059,76.519,512.148,10.397,

[2025-03-07 14:04:48] ,1,-4.286,443.668,-3.545,73.026,495.077,-79.192,

[2025-03-07 14:04:57] ,1,52.462,486.971,-52.125,-6.263,489.607,54.638,

[2025-03-07 14:05:07] ,1,23.726,463.968,12.2,7.314,474.514,-60.068,

[2025-03-07 14:05:46] ,4,-8.604,398.132,31.232,81.289,415.002,-40.941,

[2025-03-07 14:12:09] ,1,81.396,414.8,48.668,57.867,430.487,83.379,

[2025-03-07 14:12:14] ,1,81.462,414.8,49.008,57.867,430.487,83.379,

[2025-03-07 14:12:21] ,1,72.432,455.202,33.83,61.162,467.923,-17.324,

[2025-03-07 14:12:31] ,1,73.157,479.852,60.255,35.523,500.68,7.628,

[2025-03-07 14:12:40] ,2,81.792,434.507,114.066,62.612,499.098,84.898,

[2025-03-07 14:12:50] ,4,-8.624,398.135,31.95,50.748,457.773,-1.507,

[2025-03-07 14:13:01] ,1,37.698,450.193,52.125,70.982,456.389,-41.091,

[2025-03-07 14:13:08] ,2,15.355,397.664,-119.554,7.248,432.925,49.289,

[2025-03-07 14:13:17] ,2,56.68,443.273,-169.786,25.044,443.932,-177.973,

[2025-03-07 14:13:26] ,3,-3.397,417.307,69.756,81.551,423.11,41.474,

[2025-03-07 14:13:35] ,3,46.485,470.427,-54.854,62.589,480.248,-40.192,

[2025-03-07 14:13:45] ,3,0.789,484.73,20.821,47.539,495.539,-54.638,

[2025-03-07 14:13:55] ,1,40.203,432.925,40.711,85.482,476.359,-65.045,

[2025-03-07 14:14:04] ,1,41.851,485.784,-42.51,61.096,506.15,2.579,

[2025-03-07 14:14:14] ,2,72.301,407.814,52.4,20.496,431.805,-2.534,

[2025-03-07 14:14:23] ,2,5.271,468.187,-94.514,8.633,480.841,-80.455,

[2025-03-07 14:14:31] ,2,-7.713,489.409,-135.716,40.005,503.118,18.113,

[2025-03-07 14:14:40] ,3,6.012,438.101,81.601,67.22,483.49,50.925,

[2025-03-07 14:14:49] ,4,83.967,492.573,-6.74,80.869,511.555,-75.838,

[2025-03-07 14:15:01] ,1,8.698,397.4,-16.65,75.135,481.698,88.977,

[2025-03-07 14:15:08] ,2,15.289,412.032,-33.69,-4.747,442.087,-159.146,

[2025-03-07 14:15:17] ,2,30.976,466.143,-104.281,15.883,487.63,53.231,

[2025-03-07 14:15:26] ,3,51.558,431.343,-52.826,34.148,437.843,81.225,

[2025-03-07 14:15:37] ,2,70.06,424.555,-177.421,66.83,446.239,152.526,

[2025-03-07 14:15:45] ,3,-6.79,495.077,-27.072,17.452,506.481,65.304,

[2025-03-07 14:15:56] ,1,26.626,439.384,-8.13,-6.461,494.55,46.067,

[2025-03-07 14:16:06] ,4,-10.02,403.068,50.738,86.998,501.009,-22.859,

[2025-03-07 14:16:17] ,1,30.91,409.923,-23.6,6.523,516.564,-57.295,

[2025-03-07 14:16:32] ,2,65.776,459.355,57.567,16.212,467.33,-84.987,

[2025-03-07 14:16:40] ,3,60.326,445.58,-55.257,-10.179,486.18,-41.257,

[2025-03-07 14:16:51] ,2,30.646,400.696,-146.739,7.512,445.316,-164.745,

[2025-03-07 14:17:02] ,2,45.08,466.934,53.531,-3.758,518.541,85.365,

[2025-03-07 14:17:17] ,1,52.067,475.305,31.739,79.946,487.366,48.958,

[2025-03-07 14:17:25] ,1,20.167,487.762,48.532,23.989,502.591,85.406,

[2025-03-07 14:17:34] ,2,38.226,430.355,-8.202,18.058,441.164,-114.319,

[2025-03-07 14:17:44] ,2,-10.547,457.707,46.432,8.171,480.643,-155.225,

[2025-03-07 14:17:54] ,2,36.248,422.907,-123.408,0.394,442.021,21.615,

[2025-03-07 14:18:03] ,3,10.125,465.88,-88.493,45.907,509.166,31.682,

[2025-03-07 14:18:13] ,2,22.671,492.573,-97.628,-10.349,496.857,126.769,

[2025-03-07 14:18:25] ,2,-10.942,439.516,-137.862,38.555,489.673,-137.827,

[2025-03-07 14:18:34] ,1,49.562,488.157,50.711,31.635,496.791,52.524,

[2025-03-07 14:18:49] ,1,11.796,420.337,-32.705,69.928,435.891,57.295,

[2025-03-07 14:18:58] ,1,70.455,467.593,-40.326,81.132,482.884,-40.992,

[2025-03-07 14:19:08] ,2,66.237,402.343,-101.619,0.723,481.632,42.852,

[2025-03-07 14:19:17] ,3,-0.099,409,-42.299,12.258,435.364,20.468,

[2025-03-07 14:19:28] ,3,-5.011,458.366,90,40.137,488.618,11.753,

[2025-03-07 14:26:57] ,1,-6.461,423.566,32.005,41.258,440.966,81.87,

[2025-03-07 14:27:04] ,1,-1.649,441.823,4.554,35.062,461.332,46.757,

[2025-03-07 14:27:14] ,1,19.639,511.686,88.466,62.81,511.686,-16.157,

[2025-03-07 14:27:23] ,2,28.669,432.134,-148.426,50.617,502.327,46.801,

[2025-03-07 14:27:33] ,2,74.607,506.15,-111.516,-8.174,518.739,129.289,

[2025-03-07 14:27:43] ,1,-9.097,431.409,-51.103,49.364,470.559,35.77,

[2025-03-07 14:27:51] ,1,61.294,477.15,76.209,36.446,483.609,-55.62,

[2025-03-07 14:28:01] ,2,54.637,422.577,-13.912,84.296,464.43,106.65,

[2025-03-07 14:28:10] ,3,51.605,436.55,8.022,27.746,439.582,3.411,

[2025-03-07 14:28:19] ,3,-3.203,479.984,-44.465,77.934,501.335,74.745,

[2025-03-07 14:28:30] ,1,81.594,421.918,30.518,-7.251,427.125,22.932,

[2025-03-07 14:28:39] ,1,37.369,432.662,-74.612,16.739,438,-5.057,

[2025-03-07 14:28:48] ,1,54.967,458.959,86.486,-10.481,467.659,-73.156,

[2025-03-07 14:28:58] ,1,58.592,485.85,50.001,0.592,517.421,43.199,

[2025-03-07 14:29:07] ,4,-6.567,450.778,21.727,87.855,465.748,-7.189,

[2025-03-07 14:30:25] ,2,-8.57,437.605,-180,87.921,465.748,-97.125,

[2025-03-07 14:30:30] ,2,-8.57,437.605,-178.986,75.398,485.191,34.535,

[2025-03-07 14:30:39] ,1,0.064,426.4,26.792,24.517,472.602,-6.009,

[2025-03-07 14:30:47] ,2,34.733,454.412,-123.13,47.519,478.402,69.503,

[2025-03-07 14:30:56] ,3,55.885,464.926,49.276,85.003,471.35,-63.608,

[2025-03-07 14:31:06] ,3,7.455,494.452,44.465,65.443,502.096,54.197,

[2025-03-07 14:31:16] ,1,8.369,409.923,45.716,44.421,431.541,9.211,

[2025-03-07 14:31:25] ,2,22.605,399.773,-155.045,-3.824,432.266,63.886,

[2025-03-07 14:31:34] ,2,-8.24,469.241,177.466,12.653,481.632,155.014,

[2025-03-07 14:31:43] ,3,77.385,438.483,34.43,72.498,454.412,7.595,

[2025-03-07 14:31:53] ,1,12.851,398.455,86.392,27.153,496.132,38.186,

[2025-03-07 14:32:02] ,2,48.442,433.782,148.158,71.707,499.164,-150.001,

[2025-03-07 14:32:11] ,2,32.953,507.732,-145.465,13.642,514.059,-61.837,

[2025-03-07 14:32:23] ,2,57.208,422.116,178.977,-5.604,444.13,116.338,

[2025-03-07 14:32:38] ,1,69.401,461.134,-90,40.269,477.15,23.199,

[2025-03-07 14:32:46] ,2,48.903,407.023,-161.075,17.728,438.198,68.199,

[2025-03-07 14:32:55] ,2,55.758,477.15,126.064,73.619,487.3,-175.365,

[2025-03-07 14:33:04] ,3,41.587,426.993,-29.461,-10.931,466.934,-81.656,

[2025-03-07 14:33:15] ,1,10.61,400.168,-85.365,-7.845,413.087,89.484,

[2025-03-07 14:33:24] ,1,64.721,471.812,-25.201,41.587,485.389,68.199,

[2025-03-07 14:33:33] ,3,8.012,463.771,-71.924,24.929,516.564,-32.735,

[2025-03-07 14:33:50] ,1,5.469,398.389,32.115,17.728,462.98,38.27,

[2025-03-07 14:33:59] ,1,61.953,471.087,78.395,87.064,501.866,80.623,

[2025-03-07 14:34:08] ,2,65.644,436.155,59.3,-7.449,475.371,103.183,

[2025-03-07 14:34:17] ,3,40.071,428.509,1.909,45.304,484.862,-82.781,

[2025-03-07 14:34:26] ,4,80.473,424.884,82.235,13.378,443.009,-66.393,

[2025-03-07 14:34:38] ,1,37.369,401.684,-28.405,0.987,444.196,-52.829,

[2025-03-07 14:34:45] ,2,58.262,438.396,-15.388,19.771,465.88,125.074,

[2025-03-07 14:34:54] ,3,65.446,419.414,25.71,32.805,430.355,-63.947,

[2025-03-07 14:35:03] ,3,30.312,486.988,50.579,0.987,491.386,4.167,

[2025-03-07 14:35:14] ,2,14.63,414.932,-106.991,75.398,443.537,-137.521,

[2025-03-07 14:35:22] ,2,-4.681,486.575,-59.636,2.239,514.521,-44.275,

[2025-03-07 14:35:31] ,3,48.147,411.966,-60.684,48.376,450.325,-9.09,

[2025-03-07 14:35:41] ,1,19.639,477.084,12.095,28.735,492.639,-67.457,

[2025-03-07 14:35:50] ,1,65.314,495.275,3.576,36.908,508.193,42.138,

[2025-03-07 14:35:59] ,2,9.951,404.321,-21.516,45.08,440.043,-146.592,

[2025-03-07 14:36:08] ,2,24.648,454.477,116.565,58.196,477.941,-79.287,

[2025-03-07 14:36:19] ,1,13.642,468.78,-28.811,24.912,499.296,-15.388,

[2025-03-07 14:36:28] ,1,2.898,401.948,82.747,-1.254,418.821,-75.593,

[2025-03-07 14:36:37] ,1,17.926,447.887,-8.059,18.848,463.375,84.987,

[2025-03-07 14:36:47] ,1,19.508,489.673,-24.986,-8.767,509.973,11.915,

[2025-03-07 14:36:56] ,3,61.686,436.065,48.778,52.431,482.621,-42.325,

[2025-03-07 14:37:13] ,1,39.412,420.337,43.919,61.228,449.271,-33.83,

[2025-03-07 14:37:21] ,2,34.205,409.132,40.657,31.833,441.691,173.437,

[2025-03-07 14:37:31] ,2,43.301,449.666,-152.076,46.201,499.757,-85.95,

[2025-03-07 14:37:39] ,3,21.671,469.043,-64.779,33.702,483.543,-56.725,

[2025-03-07 14:37:50] ,1,10.346,402.146,-49.343,-9.558,449.666,23.398,

[2025-03-07 14:37:58] ,1,58.789,460.541,22.736,33.678,466.868,4.475,

[2025-03-07 14:38:08] ,2,23.33,431.673,-49.674,40.994,447.557,-120.619,

[2025-03-07 14:38:19] ,3,2.505,426.603,46.621,17.398,455.466,-4.514,

[2025-03-07 14:38:59] ,4,67.621,414.405,-58.595,24.325,456.293,27.44,

[2025-03-07 14:40:02] ,1,16.937,408.803,78.789,52.792,419.282,-10.713,

[2025-03-07 14:40:08] ,1,16.937,408.803,78.789,52.726,419.282,-11.211,

[2025-03-07 14:40:15] ,1,67.621,414.405,31.405,64.787,436.484,20.2,

[2025-03-07 14:40:24] ,1,84.757,448.084,-73.496,0.196,449.468,-25.442,

[2025-03-07 14:40:34] ,1,24.385,456.191,-62.543,19.244,470.691,-16.082,

[2025-03-07 14:40:43] ,1,86.537,482.687,-54.462,83.373,496.198,-10.808,

[2025-03-07 14:40:53] ,1,68.939,503.975,-88.977,5.93,508.984,-70.278,

[2025-03-07 14:41:02] ,2,-6.79,416.053,-38.1,8.171,442.548,-27.474,

[2025-03-07 14:41:11] ,2,7.512,460.277,-123.275,-9.163,467.923,-13.671,

[2025-03-07 14:41:20] ,3,46.531,441.164,-80.85,56.812,489.409,-7.97,

[2025-03-07 14:41:29] ,3,-7.186,493.561,-3.033,42.576,505.755,-14.221,

[2025-03-07 14:41:40] ,1,8.171,436.616,39.289,43.63,463.837,-3.979,

[2025-03-07 14:41:49] ,1,74.937,491.189,24.74,26.098,513.993,6.116,

[2025-03-07 14:41:58] ,2,-7.186,424.818,-24.955,61.228,427.652,-83.83,

[2025-03-07 14:42:07] ,2,27.614,431.146,-49.343,54.505,442.218,-9.713,

[2025-03-07 14:42:16] ,2,34.139,484.4,-31.739,16.212,484.927,-5.057,

[2025-03-07 14:42:25] ,2,48.508,501.075,51.499,72.169,507.402,-112.184,

[2025-03-07 14:42:33] ,3,12.851,451.775,-9.031,30.374,455.73,-73.951,

[2025-03-07 14:42:43] ,4,66.632,397.466,14.13,86.735,426.598,76.464,

[2025-03-07 14:42:54] ,1,8.962,440.966,74.745,72.301,456.125,59.123,

[2025-03-07 14:43:01] ,1,60.042,468.648,56.87,35.128,470.625,-15.739,

[2025-03-07 14:43:10] ,2,37.369,414.734,70.105,51.342,441.098,-40.326,

[2025-03-07 14:43:21] ,1,49.233,466.341,-86.455,-5.208,468.977,-65.886,

[2025-03-07 14:43:29] ,1,75.398,489.475,70.278,64.919,517.882,-14.162,

[2025-03-07 14:43:38] ,3,21.73,430.1,89.241,4.829,454.807,-86.987,

[2025-03-07 14:43:49] ,2,17.398,418.953,90,59.514,515.377,-48.668,

[2025-03-07 14:43:57] ,3,9.292,468.714,14.859,35.523,515.18,3.84,

[2025-03-07 14:44:14] ,1,2.305,409.396,6.68,47.848,429.366,-37.073,

[2025-03-07 14:44:23] ,1,16.739,465.616,60.751,44.948,473.262,-9.13,

[2025-03-07 14:44:32] ,1,27.021,480.512,81.027,6.128,493.957,13.791,

[2025-03-07 14:44:42] ,2,63.008,479.325,-142.927,-4.747,481.83,55.751,

[2025-03-07 14:44:52] ,1,34.205,460.212,1.507,-5.076,479.655,-62.312,

[2025-03-07 14:45:01] ,2,70.126,402.146,97.907,22.012,509.841,169.786,

[2025-03-07 14:45:10] ,3,53.95,482.752,-41.507,36.548,483.148,-71.565,

[2025-03-07 14:45:20] ,1,-7.383,484.334,0,15.092,507.864,34.114,

[2025-03-07 14:45:31] ,1,9.885,508.193,-2.045,31.898,516.564,65.26,

[2025-03-07 14:45:47] ,2,10.214,397.334,74.338,21.287,409.725,155.26,

[2025-03-07 14:45:55] ,2,55.823,447.821,-143.936,69.005,452.632,119.055,

[2025-03-07 14:46:03] ,1,-8.833,435.891,-55.337,29.13,436.023,33.13,

[2025-03-07 14:46:12] ,1,54.901,465.88,-2.511,41.851,497.78,46.779,

[2025-03-07 14:46:22] ,2,2.701,475.964,-49.236,1.976,489.277,-53.936,

[2025-03-07 14:46:31] ,2,48.376,506.611,18.759,6.787,515.707,-107.628,

[2025-03-07 14:46:40] ,3,-6.79,422.446,8.775,29.723,488.223,-10.271,

[2025-03-07 14:46:51] ,1,2.767,476.491,32.586,26.033,486.971,-10.62,

[2025-03-07 14:46:59] ,1,66.896,496.396,-39.218,-2.242,506.348,37.073,

[2025-03-07 14:47:09] ,2,16.608,453.95,116.565,-6.79,474.118,45,

[2025-03-07 14:47:18] ,2,-10.811,496.066,81.87,8.896,510.302,47.521,

[2025-03-07 14:47:27] ,3,51.501,407.023,74.476,25.505,408.934,3.073,

[2025-03-07 14:47:39] ,1,59.448,416.184,45.725,20.496,448.546,-73.156,

[2025-03-07 14:47:47] ,1,-2.111,492.639,-6.116,12.126,500.614,2.027,

[2025-03-07 14:47:58] ,1,0.46,444.459,-73.156,-3.561,470.296,-31.739,

[2025-03-07 14:48:14] ,1,29.723,431.673,70.925,49.364,462.518,-51.419,

[2025-03-07 14:48:23] ,2,7.314,409.132,157.341,-4.483,411.505,-23.131,

[2025-03-07 14:48:32] ,2,-7.713,432.596,-50.001,61.294,438.264,165.593,

[2025-03-07 14:48:41] ,3,29.658,413.153,-74.846,43.235,477.612,5.262,

[2025-03-07 14:48:52] ,4,79.178,412.513,79.509,83.604,516.891,46.848,

[2025-03-07 14:49:03] ,1,13.378,465.352,49.616,-2.638,467.527,25.894,

[2025-03-07 14:49:10] ,2,9.423,423.83,5.609,67.16,474.382,34.114,

[2025-03-07 14:49:19] ,2,21.419,488.552,72.676,42.51,508.523,81.293,

[2025-03-07 14:49:30] ,2,41.192,434.968,4.554,-8.108,449.798,-37.476,

[2025-03-07 14:49:37] ,2,5.469,490.398,149.816,4.942,506.743,175.406,

[2025-03-07 14:49:46] ,3,69.364,410.582,-83.019,75.86,511.489,-7.748,

[2025-03-07 14:49:57] ,2,-3.363,496.725,-142.524,68.742,508.127,-62.745,

[2025-03-07 14:50:12] ,1,61.492,424.884,54.048,44.026,490.266,55.751,

[2025-03-07 14:50:20] ,2,78.826,459.157,-18.759,59.383,495.275,-80.789,

[2025-03-07 14:50:29] ,3,41.923,416.778,-34.43,27.635,452.896,-47.929,

[2025-03-07 14:50:39] ,3,40.22,464.034,-32.645,0.262,487.959,27.917,

[2025-03-07 14:50:49] ,1,-9.361,410.318,-6.17,-8.24,439.318,62.312,

[2025-03-07 14:51:00] ,1,75.728,486.971,-20.2,60.042,512.939,41.76,

[2025-03-07 14:51:09] ,2,69.005,450.984,152.076,77.442,465.616,150.698,

[2025-03-07 14:51:18] ,3,14.385,429.102,-52.826,54.931,439.714,-87.725,

[2025-03-07 14:51:27] ,3,26.189,488.618,-31.483,5.073,515.443,12.281,

[2025-03-07 14:51:39] ,3,16.033,419.546,-53.358,16.768,482.95,-70.728,

[2025-03-07 14:51:56] ,1,68.346,400.168,20.739,9.621,410.055,-76.209,

[2025-03-07 14:52:04] ,1,53.319,416.184,73.35,23.858,425.214,80.372,

[2025-03-07 14:52:14] ,1,73.223,433.452,61.39,11.598,439.055,63.435,

[2025-03-07 14:52:23] ,1,35.721,446.239,-71.565,10.28,466.868,6.941,

[2025-03-07 14:52:32] ,1,79.221,494.814,-19.895,5.403,505.821,35.655,

[2025-03-07 14:52:42] ,2,-3.165,408.341,14.407,-1.847,458.63,-32.856,

[2025-03-07 14:52:51] ,2,85.153,481.302,90,-8.899,498.571,90,

[2025-03-07 14:52:59] ,3,37.422,422.027,76.149,-9.421,436.287,-81.225,

[2025-03-07 14:53:10] ,1,-7.317,419.48,-29.302,21.551,429.893,85.95,

[2025-03-07 14:53:19] ,2,34.139,442.021,-20.674,74.476,469.109,-101.81,

[2025-03-07 14:53:29] ,3,52.328,405.309,-35.942,40.598,492.309,12.57,

[2025-03-07 14:53:40] ,2,-0.463,501.536,75.101,71.905,511.621,48.281,

[2025-03-07 14:53:48] ,3,-0.638,423.169,61.056,-6.4,453.196,76.608,

[2025-03-07 14:53:57] ,3,43.678,512.346,-72.897,9.997,517.355,-39.316,

[2025-03-07 14:54:08] ,2,10.017,433.057,-106.504,65.183,507.073,-143.027,

[2025-03-07 14:54:18] ,3,9.589,495.341,-42.603,11.486,516.427,42.299,

[2025-03-07 14:54:30] ,4,86.549,498.982,45.37,86.179,515.83,-19.759,

[2025-03-07 14:54:46] ,2,63.667,467.33,-171.87,-8.24,513.927,-30.44,

[2025-03-07 14:54:55] ,2,44.751,404.716,126.56,8.237,516.498,19.242,

[2025-03-07 14:55:04] ,2,22.671,407.55,-180,47.651,487.893,-13.791,

[2025-03-07 14:55:12] ,3,59.317,428.773,-28.944,3.578,434.112,-54.331,

[2025-03-07 14:55:21] ,3,36.514,467.228,77.062,-8.665,482.291,-41.791,

[2025-03-07 14:55:34] ,2,-1.715,438.066,130.711,66.698,477.348,11.31,

[2025-03-07 14:55:44] ,2,25.044,488.223,10.214,36.051,502.855,107.14,

[2025-03-07 14:56:00] ,2,-3.956,418.491,-105.03,-3.297,466.605,-48.909,

[2025-03-07 14:56:08] ,3,34.139,415.987,-19.038,21.236,517.05,68.199,

[2025-03-07 14:56:19] ,1,54.242,399.509,63.667,74.805,409.396,13.151,

[2025-03-07 14:56:28] ,1,52.001,422.973,13.912,73.355,433.189,-40.326,

[2025-03-07 14:56:38] ,1,80.539,455.268,-43.919,73.289,468.648,-81.87,

[2025-03-07 14:56:47] ,2,23.989,441.823,118.811,14.762,482.489,-178.995,

[2025-03-07 14:56:56] ,2,30.91,495.671,81.798,-10.086,496.198,35.242,

[2025-03-07 14:57:07] ,1,46.201,461.859,37.171,59.119,468.648,27.924,

[2025-03-07 14:57:15] ,1,76.123,490.464,-53.637,33.678,501.536,41.424,

[2025-03-07 14:57:24] ,2,3.162,468.121,-165.719,13.51,477.282,-59.207,

[2025-03-07 14:57:34] ,3,3.426,450.193,-24.88,10.479,507.534,-66.852,

[2025-03-07 14:57:44] ,1,-7.449,431.014,-11.706,56.087,435.891,-29.055,

[2025-03-07 14:57:54] ,1,58.855,462.452,60.505,28.735,487.63,2.01,

[2025-03-07 14:58:03] ,2,75.926,477.216,127.073,-2.836,493.1,85.446,

[2025-03-07 14:58:15] ,1,49.364,514.323,-30.964,34.667,517.816,-83.884,

[2025-03-07 14:58:25] ,4,83.514,415.254,33.111,35.458,475.568,-23.003,

[2025-03-07 14:58:36] ,1,69.401,468.912,7.628,-2.572,517.157,18.273,

[2025-03-07 14:58:51] ,1,6.326,437.868,-10.214,45.146,514.389,-24.74,

[2025-03-07 14:58:59] ,2,-4.813,408.078,75.101,35.655,450.523,15.876,

[2025-03-07 14:59:08] ,2,24.714,480.841,-69.034,15.355,494.484,173.379,

[2025-03-07 14:59:17] ,3,44.196,415.723,-41.222,60.503,454.082,11.83,

[2025-03-07 14:59:26] ,3,78.904,457.048,-68.552,2.557,476.623,-64.618,

[2025-03-07 14:59:37] ,1,13.51,407.55,-66.4,44.223,410.384,14.036,

[2025-03-07 14:59:46] ,1,0.855,415.855,-66.4,39.28,455.664,-76.209,

[2025-03-07 14:59:55] ,3,-0.991,460.373,72.399,74.368,516.827,-87.31,

[2025-03-07 15:00:06] ,3,0.247,456.125,-64.113,29.248,494.615,30.12,

[2025-03-07 15:00:17] ,2,4.217,433.584,149.381,76.189,517.618,98.785,

[2025-03-07 15:00:27] ,1,76.782,458.366,-70.105,86.01,484.993,-90,

[2025-03-07 15:00:35] ,3,-6.131,437.868,-18.914,15.289,469.373,14.036,

[2025-03-07 15:00:44] ,3,11.186,503.127,64.799,76.686,506.858,85.778,

[2025-03-07 15:01:01] ,1,-2.111,430.75,29.495,8.171,435.693,29.745,

[2025-03-07 15:01:10] ,1,28.933,454.082,84.536,35.326,467.066,84.987,

[2025-03-07 15:01:19] ,1,12.983,504.107,84.943,12.192,514.718,85.446,

[2025-03-07 15:01:29] ,2,53.517,404.057,97.253,66.303,423.237,-70.758,

[2025-03-07 15:01:38] ,2,50.88,486.246,-57.567,52.528,505.952,-11.81,

[2025-03-07 15:01:46] ,3,44.357,444.856,56.31,-9.353,474.017,44.731,

[2025-03-07 15:01:55] ,4,-4.681,399.641,40.643,87.394,508.325,-27.951,

[2025-03-07 15:02:07] ,1,15.817,404.584,-13.299,40.994,495.934,-73.496,

[2025-03-07 15:02:14] ,2,-6.658,434.573,-147.295,23.001,436.221,93.039,

[2025-03-07 15:02:23] ,2,13.114,452.302,90,15.487,503.382,-76.088,

[2025-03-07 15:02:32] ,3,81.923,472.471,10.03,14.313,487.194,87.725,

[2025-03-07 15:02:42] ,1,53.055,456.784,48.2,-0.331,505.161,38.897,

[2025-03-07 15:02:51] ,2,18.783,420.666,120.877,39.544,492.375,-35.655,

[2025-03-07 15:03:02] ,3,35.176,415.921,-39.019,73.026,478.666,15.524,

[2025-03-07 15:03:18] ,2,55.033,409.33,87.936,68.939,475.371,62.526,

[2025-03-07 15:03:27] ,1,-9.097,401.618,49.008,15.355,493.825,-69.503,

[2025-03-07 15:03:36] ,2,57.405,485.323,143.637,54.769,500.284,90,

[2025-03-07 15:03:46] ,1,79.814,421.523,-27.255,-1.386,438.264,5.56,

[2025-03-07 15:03:54] ,2,55.692,407.88,-90,61.623,456.059,-134.284,

[2025-03-07 15:04:04] ,2,9.094,476.821,24.775,34.403,493.627,-81.369,

[2025-03-07 15:04:12] ,3,-6.043,400.762,-47.442,9.314,414.207,-55.886,

[2025-03-07 15:04:21] ,3,71.556,433.896,37.942,38.763,453.987,44.201,

[2025-03-07 15:04:31] ,3,36.833,475.766,-73.951,7.175,502.064,-36.946,

[2025-03-07 15:04:41] ,1,4.414,442.482,-47.827,4.81,505.886,8.707,

[2025-03-07 15:04:51] ,1,71.905,510.566,23.806,55.823,512.214,17.14,

[2025-03-07 15:05:02] ,1,41.323,407.616,-46.081,35.919,515.311,54.048,

[2025-03-07 15:05:11] ,2,-1.056,403.53,-87.955,86.669,443.866,-75.593,

[2025-03-07 15:05:20] ,2,49.958,503.052,-138.621,16.608,503.58,-132.138,

[2025-03-07 15:05:30] ,1,41.126,501.471,37.073,-0.792,518.936,-85.406,

[2025-03-07 15:05:47] ,1,-9.954,469.966,9.628,82.912,476.821,13.536,

[2025-03-07 15:05:58] ,1,-5.472,423.632,-86.455,32.096,423.962,65.934,

[2025-03-07 15:06:07] ,1,-10.349,438.132,51.419,-9.097,489.277,-86.486,

[2025-03-07 15:06:24] ,1,38.094,485.916,45,9.292,498.109,65.472,

[2025-03-07 15:06:35] ,1,-5.142,441.625,-78.887,16.41,471.482,-46.414,

[2025-03-07 15:06:44] ,1,64.26,487.696,0.507,56.944,503.052,31.139,

[2025-03-07 15:07:00] ,1,47.783,401.816,76.584,-2.111,427.916,33.408,

[2025-03-07 15:07:09] ,2,51.012,421.852,-4.086,67.687,435.43,-85.95,

[2025-03-07 15:07:18] ,2,71.312,448.743,54.345,1.448,454.346,-1.014,

[2025-03-07 15:07:27] ,2,57.933,442.218,135.716,80.012,493.364,-126.666,

[2025-03-07 15:07:37] ,1,27.285,403.728,-15.662,11.269,422.182,-3.545,

[2025-03-07 15:07:45] ,1,-4.088,473.13,42.879,57.208,487.498,-8.13,

[2025-03-07 15:07:54] ,1,18.321,495.341,55.337,78.957,511.159,-14.664,

[2025-03-07 15:08:04] ,2,53.714,439.318,-141.419,61.623,469.307,173.379,

[2025-03-07 15:08:13] ,2,66.303,455.598,13.299,64.589,509.248,74.476,

[2025-03-07 15:08:22] ,3,22.894,433.584,-45.535,74.764,492.771,-45.807,

[2025-03-07 15:08:32] ,1,31.767,465.682,44.644,16.476,485.455,-44.644,

[2025-03-07 15:08:41] ,2,63.469,431.343,-174.391,41.719,441.098,32.433,

[2025-03-07 15:08:50] ,2,-0.595,441.691,29.055,9.687,465.946,140.001,

[2025-03-07 15:08:59] ,3,34.357,417.964,-76.804,44.865,477.423,64.779,

[2025-03-07 15:09:08] ,3,33.48,494.814,-11.086,68.544,515.309,47.182,

[2025-03-07 15:09:19] ,1,15.817,418.887,58.426,48.178,499.955,-88.479,

[2025-03-07 15:09:30] ,3,20.79,484.4,-43.668,-0.508,499.165,60.871,

[2025-03-07 15:09:41] ,2,65.842,437.407,-174.391,14.564,502.459,-34.951,

[2025-03-07 15:09:58] ,2,69.862,404.123,-52.716,55.823,465.023,-114.528,

[2025-03-07 15:10:09] ,3,77.501,478.6,-74.211,42.408,507.955,82.355,

[2025-03-07 15:10:19] ,2,51.276,430.75,-11.211,8.171,508.193,57.995,

[2025-03-07 15:10:29] ,3,66.435,463.639,14.589,78.13,476.227,-30.833,

[2025-03-07 15:10:39] ,2,11.598,434.573,114.74,48.178,511.621,37.476,

[2025-03-07 15:10:54] ,2,25.571,407.418,96.621,34.073,433.716,-149.816,

[2025-03-07 15:11:02] ,1,1.976,427.059,-26.338,20.694,428.114,-56.17,

[2025-03-07 15:11:11] ,1,76.519,428.839,16.015,45.476,449.534,39.289,

[2025-03-07 15:11:20] ,1,76.453,481.83,-25.201,48.573,482.555,-73.156,

[2025-03-07 15:11:31] ,1,54.967,413.416,15.524,86.537,433.782,-1.548,

[2025-03-07 15:11:39] ,1,15.817,441.559,43.221,3.36,448.941,-20.026,

[2025-03-07 15:11:49] ,1,13.576,468.187,10.037,76.914,480.907,54.048,

[2025-03-07 15:11:58] ,1,-7.911,500.086,-52.524,73.157,500.943,26.565,

[2025-03-07 15:12:08] ,2,-9.031,436.88,-135.36,16.278,510.236,9.713,

[2025-03-07 15:12:21] ,2,5.667,422.38,-136.432,75.596,488.421,-164.97,

[2025-03-07 15:12:29] ,3,26.889,425.28,5.332,-6.197,491.65,5.711,

[2025-03-07 15:12:39] ,2,41.983,419.743,-116.796,40.73,506.414,16.65,

[2025-03-07 15:12:49] ,1,11.269,407.616,81.798,32.492,490.068,1.521,

[2025-03-07 15:13:04] ,1,16.476,437.341,-38.186,1.185,455.598,7.125,

[2025-03-07 15:13:13] ,1,71.839,488.421,-71.241,58.064,500.152,56.87,

[2025-03-07 15:13:22] ,2,42.312,409.33,-82.747,30.251,462.452,-164.261,

[2025-03-07 15:13:32] ,2,32.953,501.8,177.973,-1.913,510.039,-79.786,

[2025-03-07 15:13:40] ,3,9.184,414.471,-56.944,84.72,465.072,62.063,

[2025-03-07 15:13:50] ,3,47.029,468.775,70.244,0.086,481.237,-55.472,

[2025-03-07 15:14:00] ,2,4.085,488.025,-105.255,7.973,500.746,-71.887,

[2025-03-07 15:14:10] ,1,30.646,459.091,-54.23,-8.504,501.602,24.74,

[2025-03-07 15:14:19] ,3,4.23,443.749,73.482,52.579,488.223,-38.243,

[2025-03-07 15:14:36] ,1,32.096,427.982,-47.148,52.858,449.337,50.323,

[2025-03-07 15:14:45] ,1,49.958,489.871,-20.674,15.883,491.255,32.705,

[2025-03-07 15:14:54] ,1,43.63,507.007,3.066,77.705,515.443,6.74,

[2025-03-07 15:15:04] ,3,-0.173,422.314,-45.269,28.305,454.671,74.778,

[2025-03-07 15:15:14] ,3,80.144,455.796,0.382,5.469,458.432,23.694,

[2025-03-07 15:15:26] ,1,16.476,400.432,3.094,-10.283,466.341,-52.524,

[2025-03-07 15:15:36] ,1,-1.451,458.366,-11.113,30.778,475.964,43.586,

[2025-03-07 15:15:52] ,1,22.276,410.648,-37.073,46.003,425.214,-88.466,

[2025-03-07 15:16:08] ,1,-5.801,417.634,-37.073,85.021,434.243,-76.464,

[2025-03-07 15:17:00] ,2,52.792,412.296,-79.095,73.553,424.818,35.952,

[2025-03-07 15:18:06] ,1,46.794,436.352,-69.326,52.923,461.662,72.676,

[2025-03-07 15:18:11] ,1,46.794,436.352,-69.326,52.989,461.727,73.009,

[2025-03-07 15:18:19] ,1,14.367,478.534,17.176,-5.076,485.652,-48.2,

[2025-03-07 15:18:28] ,1,-10.086,505.227,50.001,-5.801,516.498,31.139,

[2025-03-07 15:18:38] ,2,52.792,412.362,-78.589,73.553,424.818,35.119,

[2025-03-07 15:18:47] ,2,31.833,452.896,160.925,68.939,483.543,-157.068,

[2025-03-07 15:18:56] ,3,80.935,450.589,13.851,42.229,491.169,75.872,

[2025-03-07 15:19:06] ,1,5.93,416.25,-41.042,75.53,426.796,-75.964,

[2025-03-07 15:19:15] ,1,4.612,505.821,-8.13,17.53,516.564,67.537,

[2025-03-07 15:19:25] ,2,34.403,435.496,-27.711,-5.604,481.896,150.068,

[2025-03-07 15:19:34] ,3,27.567,401.091,-50.44,10.98,459.882,-40.724,

[2025-03-07 15:19:43] ,3,56.699,477.216,-50.097,21.294,484.137,-81.339,

[2025-03-07 15:19:54] ,2,-0.792,450.984,162.525,59.844,456.455,49.674,

[2025-03-07 15:20:04] ,1,70.851,417.239,-48.281,30.448,440.373,-46.067,

[2025-03-07 15:20:15] ,2,-5.208,449.93,62.758,-5.801,482.225,-171.87,

[2025-03-07 15:20:23] ,3,17.032,451.494,62.083,66.962,483.346,90,

[2025-03-07 15:20:32] ,3,85.351,418.03,24.667,7.752,492.924,63.947,

[2025-03-07 15:20:43] ,1,48.705,419.15,-32.705,5.93,510.039,-47.862,

[2025-03-07 15:20:59] ,1,39.214,428.246,-75.101,18.651,514.718,45,

[2025-03-07 15:21:11] ,2,-4.879,482.621,107.475,19.178,489.277,87.466,

[2025-03-07 15:21:19] ,2,65.71,498.768,130.657,5.864,504.766,-144.758,

[2025-03-07 15:21:35] ,1,65.644,457.509,75.231,33.348,503.975,82.875,

[2025-03-07 15:21:43] ,2,22.012,404.98,141.499,23.33,424.423,18.595,

[2025-03-07 15:21:52] ,2,4.678,431.937,14.899,44.026,446.568,168.789,

[2025-03-07 15:22:01] ,2,18.453,502.393,44.275,67.951,503.118,53.637,

[2025-03-07 15:22:10] ,3,9.81,475.309,89.621,27.052,478.205,-43.409,

[2025-03-07 15:22:20] ,1,-9.031,451.841,67.73,5.996,484.862,51.028,

[2025-03-07 15:22:29] ,2,57.669,424.159,-35.538,15.289,449.732,-62.076,

[2025-03-07 15:22:38] ,2,31.767,493.891,153.662,24.517,504.568,59.816,

[2025-03-07 15:22:48] ,2,-8.833,455.268,76.209,51.012,509.314,135.365,

[2025-03-07 15:22:56] ,2,31.305,514.521,-77.583,13.444,518.673,114.74,

[2025-03-07 15:23:06] ,1,0.196,431.343,20.2,16.608,438.659,-14.407,

[2025-03-07 15:23:16] ,1,-1.979,398.125,-12.529,57.01,475.832,78.294,

[2025-03-07 15:23:24] ,2,24.319,430.75,-7.696,31.371,479.589,-152.987,

[2025-03-07 15:23:35] ,2,19.376,461.727,136.779,48.31,509.643,127.381,

[2025-03-07 15:23:46] ,2,-0.726,476.293,-128.972,17.267,497.582,-64.341,

[2025-03-07 15:24:02] ,1,16.278,405.573,-72.86,56.021,418.755,-60.698,

[2025-03-07 15:24:10] ,1,78.496,425.543,-8.785,1.251,481.5,37.171,

[2025-03-07 15:24:20] ,1,-0.529,501.602,-28.369,33.678,502.723,-41.424,

[2025-03-07 15:24:29] ,1,75.794,512.411,24.274,47.717,515.114,58.426,

[2025-03-07 15:24:39] ,3,-3.864,408.341,-57.792,62.12,451.512,-78.17,

[2025-03-07 15:24:50] ,1,61.689,402.541,73.698,77.244,429.959,80.2,

[2025-03-07 15:24:58] ,1,7.117,437.407,0,72.894,462.65,32.276,

[2025-03-07 15:25:08] ,2,10.939,404.848,-58.861,21.617,437.012,92.045,

[2025-03-07 15:25:20] ,3,53.648,405.046,5.02,5.184,476.468,86.236,

[2025-03-07 15:25:31] ,3,40.467,497.78,14.589,10.905,507.738,78.84,

[2025-03-07 15:25:47] ,3,8.346,412.428,-78.84,43.636,447.209,57.674,

[2025-03-07 15:25:56] ,3,64.985,471.087,25.545,8.237,482.027,-17.241,

[2025-03-07 15:26:07] ,3,-5.089,430.476,80.102,24.78,432.398,-17.716,

[2025-03-07 15:26:31] ,4,81.001,405.705,19.759,14.433,474.58,12.958,

[2025-03-07 15:28:07] ,1,42.246,404.848,-64.581,81.001,405.639,-70.735,

[2025-03-07 15:28:12] ,1,42.18,404.848,-64.799,81.001,405.639,-70.735,

[2025-03-07 15:28:20] ,1,18.848,424.884,56.592,-0.265,426.862,69.326,

[2025-03-07 15:28:29] ,1,81.857,438.659,46.801,41.389,450.457,62.987,

[2025-03-07 15:28:38] ,1,38.885,498.241,-22.736,24.517,501.8,22.736,

[2025-03-07 15:28:48] ,1,29.658,483.148,49.939,2.503,506.611,88.977,

[2025-03-07 15:28:57] ,2,-2.901,443.537,146.87,15.289,459.684,155.225,

[2025-03-07 15:29:08] ,1,-7.581,414.273,50.782,74.739,433.452,-45.725,

[2025-03-07 15:29:16] ,1,36.314,444.262,-83.938,80.276,457.377,-42.479,

[2025-03-07 15:29:26] ,1,13.444,487.893,-18.435,35.721,502.196,-10.214,

[2025-03-07 15:29:35] ,3,57.447,473.578,75.411,-5.029,496.075,89.236,

[2025-03-07 15:29:46] ,1,19.376,444.459,-12.2,55.626,476.03,15.255,

[2025-03-07 15:29:55] ,1,0.196,499.296,-73.156,38.951,509.577,-88.452,

[2025-03-07 15:30:04] ,2,30.712,403.728,59.3,58.723,495.671,-120.877,

[2025-03-07 15:30:15] ,1,2.437,429.498,4.594,45.344,505.425,0,

[2025-03-07 15:30:23] ,2,83.373,484.73,54.881,-0.133,507.007,11.31,

[2025-03-07 15:30:34] ,1,16.146,462.189,-62.758,14.696,486.773,-86.455,

[2025-03-07 15:30:42] ,3,-5.766,424.093,-88.091,59.646,469.175,23.348,

[2025-03-07 15:30:59] ,2,-0.99,459.289,16.991,47.519,491.255,126.363,

[2025-03-07 15:31:09] ,1,1.251,428.443,-2.556,-0.397,508.523,-38.186,

[2025-03-07 15:31:17] ,3,60.239,426.532,-18.314,28.537,502.986,-5.749,

[2025-03-07 15:31:28] ,1,-0.792,421.918,-88.466,5.271,484.993,86.987,

[2025-03-07 15:31:44] ,1,29.526,398.982,-12.417,50.551,435.1,-31.31,

[2025-03-07 15:31:53] ,1,17.794,441.164,19.552,29.723,445.448,51.028,

[2025-03-07 15:32:02] ,1,54.769,457.377,79.287,17.398,463.705,-75.231,

[2025-03-07 15:32:12] ,1,0.526,492.902,68.385,52.858,507.6,-16.65,

[2025-03-07 15:32:21] ,2,62.81,421.589,-106.65,80.539,462.057,39.936,

[2025-03-07 15:32:34] ,2,33.546,469.307,-22.08,37.501,492.639,-31.05,

[2025-03-07 15:32:44] ,2,69.269,426.334,-19.242,-8.701,461.925,87.99,

[2025-03-07 15:32:52] ,1,2.173,404.518,20.376,72.498,448.809,28.61,

[2025-03-07 15:33:01] ,1,21.155,511.159,-2.534,43.564,514.982,-45,

[2025-03-07 15:33:12] ,2,1.251,455.598,108.595,68.873,489.673,22.659,

[2025-03-07 15:33:28] ,1,-2.111,410.45,0,65.248,452.237,-15.388,

[2025-03-07 15:33:36] ,3,38.621,428.312,25.201,8.9,505.283,57.151,

[2025-03-07 15:33:47] ,1,21.023,440.307,-38.27,43.894,453.818,-6.062,

[2025-03-07 15:33:56] ,1,27.878,454.214,32.164,55.692,468.45,-20.026,

[2025-03-07 15:34:05] ,2,55.033,418.425,128.82,-7.713,440.241,34.951,

[2025-03-07 15:34:14] ,2,6.853,442.35,-28.61,83.835,498.439,66.666,

[2025-03-07 15:34:23] ,2,53.517,509.511,-172.875,30.514,513.532,-61.837,

[2025-03-07 15:34:32] ,3,-1.654,412.25,50.389,71.819,484.218,83.112,

[2025-03-07 15:34:42] ,1,31.635,404.584,71.241,69.928,473.591,-41.424,

[2025-03-07 15:34:51] ,2,63.798,424.687,-141.18,2.042,430.684,126.769,

[2025-03-07 15:35:00] ,2,15.883,470.164,15.876,-6.395,476.755,141.419,

[2025-03-07 15:35:09] ,2,83.242,484.466,71.075,31.305,489.014,26.792,

[2025-03-07 15:35:18] ,3,-0.924,409.791,10.339,20.035,417.832,23.148,

[2025-03-07 15:35:27] ,3,45.342,436.113,54.728,-1.672,459.211,70.728,

[2025-03-07 15:35:36] ,3,47.391,490.201,84.289,-1.618,503.316,-70.962,

[2025-03-07 15:35:47] ,1,8.171,404.914,3.094,23.594,432.793,51.499,

[2025-03-07 15:35:55] ,2,55.296,418.162,104.407,25.373,470.823,-57.836,

[2025-03-07 15:36:05] ,2,9.819,505.359,-138.576,40.071,506.809,117.022,

[2025-03-07 15:36:15] ,1,0.46,485.191,18.113,32.162,502.327,-85.406,

[2025-03-07 15:36:25] ,2,12.455,470.098,113.658,4.348,515.311,175.914,

[2025-03-07 15:36:36] ,1,16.212,457.048,-44.293,66.896,478.6,9.713,

[2025-03-07 15:36:46] ,3,16.278,456.191,-11.014,-6.526,474.382,2.654,

[2025-03-07 15:36:56] ,2,20.694,433.98,-136.432,42.048,446.502,170.87,

[2025-03-07 15:37:06] ,4,23.133,397.466,-17.942,86.1,508.234,62.266,

[2025-03-07 15:37:25] ,1,53.121,414.734,-4.086,15.487,484.664,-66.801,

[2025-03-07 15:37:33] ,1,22.078,421.457,-57.724,3.558,436.221,-21.991,

[2025-03-07 15:37:42] ,1,22.21,445.118,-33.551,22.276,481.368,-70.145,

[2025-03-07 15:37:51] ,3,-9.763,409.725,-74.107,66.994,435.076,62.58,

[2025-03-07 15:38:02] ,1,50.485,479.127,-38.972,69.862,487.564,81.369,

[2025-03-07 15:38:11] ,3,27.285,399.905,90,18.324,501.009,-35.054,

[2025-03-07 15:38:22] ,3,-6.763,417.939,32.53,17.784,512.346,-85.014,

[2025-03-07 15:38:39] ,1,26.823,441.296,-0.507,62.876,444.525,8.13,

[2025-03-07 15:38:47] ,1,-0.331,453.357,-65.014,39.148,491.782,47.49,

[2025-03-07 15:38:59] ,1,24.451,402.146,-28.652,-9.888,434.837,-18.595,

[2025-03-07 15:39:07] ,1,-4.879,453.225,11.113,10.873,471.548,85.03,

[2025-03-07 15:39:16] ,1,67.621,489.936,60.698,38.489,518.541,-13.416,

[2025-03-07 15:40:18] ,4,86.971,414.591,-14.931,82.055,481.434,69.444,

[2025-03-07 15:52:39] ,1,9.819,426.796,-58.69,45.41,431.541,44.284,

[2025-03-07 15:52:45] ,1,-10.942,415.393,64.799,9.819,426.796,-58.69,

[2025-03-07 15:52:52] ,1,45.41,431.541,44.284,39.808,515.246,-6.17,

[2025-03-07 15:53:01] ,2,44.289,411.175,124.824,33.612,437.473,-12.2,

[2025-03-07 15:53:11] ,3,17.293,413.033,40.934,16.278,492.968,16.518,

[2025-03-07 15:53:20] ,4,87.098,414.551,-14.931,82.121,481.434,69.928,

[2025-03-07 15:53:31] ,1,10.346,446.964,-17.802,32.096,459.552,-46.054,

[2025-03-07 15:53:38] ,1,12.587,467.593,-31.9,9.358,510.764,-79.192,

[2025-03-07 15:53:48] ,2,-3.89,419.084,96.17,-2.638,450.787,-107.956,

[2025-03-07 15:53:57] ,2,-0.858,463.705,29.055,59.514,497.384,-19.242,

[2025-03-07 15:54:06] ,3,54.993,480.973,-45,24.132,482.95,-68.339,

[2025-03-07 15:54:17] ,1,2.437,399.048,-51.988,-5.208,517.355,-81.293,

[2025-03-07 15:54:27] ,1,16.014,405.243,-87.973,67.555,439.912,16.015,

[2025-03-07 15:54:36] ,2,44.883,429.168,-8.707,63.93,468.582,117.022,

[2025-03-07 15:54:45] ,3,27.808,420.697,49.606,-3.107,436.682,-36.946,

[2025-03-07 15:54:57] ,3,23.129,420.833,49.316,15.553,458.234,-26.565,

[2025-03-07 15:55:13] ,2,22.21,404.321,76.584,38.819,448.018,48.576,

[2025-03-07 15:55:21] ,2,-5.604,473.262,-67.264,71.246,481.105,79.287,

[2025-03-07 15:55:32] ,1,19.969,413.087,-49.343,59.119,490.464,62.312,

[2025-03-07 15:55:42] ,3,3.12,426.532,-70.115,51.935,466.209,-27.917,

[2025-03-07 15:55:54] ,1,-7.054,414.8,-20.376,69.335,450.259,-17.628,

[2025-03-07 15:56:04] ,2,36.38,481.237,-180,0.658,507.798,87.955,

[2025-03-07 15:56:15] ,3,54.054,422.05,-33.797,18.453,513.796,-1.146,

[2025-03-07 15:56:31] ,1,17.069,413.218,-5.659,9.885,490.596,86.486,

[2025-03-07 15:56:40] ,2,45.344,434.177,-161.405,32.096,442.812,-153.435,

[2025-03-07 15:56:49] ,2,31.569,485.916,39.677,7.314,516.827,173.32,

[2025-03-07 15:56:59] ,1,-8.636,411.043,56.31,25.044,433.387,79.38,

[2025-03-07 15:57:10] ,2,10.214,479.457,-72.676,47.321,496.066,-60.255,

[2025-03-07 15:57:20] ,3,4.151,466.868,24.382,42.298,467.791,-64.277,

[2025-03-07 15:57:30] ,1,28.933,461.2,-54.23,20.628,500.877,-47.148,

[2025-03-07 15:57:41] ,1,23.33,483.675,45.707,31.569,513.73,5.609,

[2025-03-07 15:57:53] ,3,34.581,468.252,-63.099,6.688,502.352,39.903,

[2025-03-07 15:58:10] ,1,49.562,405.771,-34.824,28.076,423.632,-66.602,

[2025-03-07 15:58:19] ,1,29.394,444.855,50.323,5.864,458.959,13.671,

[2025-03-07 15:58:28] ,2,-7.383,417.634,-3.066,60.898,424.357,-18.759,

[2025-03-07 15:58:37] ,2,8.039,436.221,-35.655,38.028,458.432,128.581,

[2025-03-07 15:58:46] ,2,23.133,515.839,-152.978,36.973,516.3,35.538,

[2025-03-07 15:58:55] ,3,14.989,413.548,-43.919,11.862,478.007,5.262,

[2025-03-07 15:59:04] ,3,75.149,495.934,-33.056,17.334,496.638,80.85,

[2025-03-07 15:59:15] ,1,54.505,458.037,47.148,79.155,494.418,24.955,

[2025-03-07 15:59:24] ,3,5.82,437.099,88.103,-9.792,491.631,62.241,

[2025-03-07 15:59:35] ,3,22.605,467.659,-20.336,18.708,512.939,-80.036,

[2025-03-07 15:59:45] ,2,21.88,399.971,127.694,72.235,405.243,-11.514,

[2025-03-07 16:00:02] ,1,15.223,405.507,82.811,57.471,416.382,-37.381,

[2025-03-07 16:00:10] ,1,-3.165,435.957,39.289,-2.44,465.221,38.27,

[2025-03-07 16:00:19] ,2,42.444,399.443,-123.977,31.569,413.284,48.958,

[2025-03-07 16:00:28] ,2,70.851,426.532,-54.462,11.269,487.827,-39.999,

[2025-03-07 16:00:38] ,1,16.476,439.187,82.372,46.992,465.814,-66.801,

[2025-03-07 16:00:47] ,2,80.803,409.659,130.206,24.648,474.843,0,

[2025-03-07 16:00:59] ,2,-2.176,400.234,142.716,-9.69,412.823,150.446,

[2025-03-07 16:01:09] ,3,66.673,428.839,-40.684,78.232,447.623,3.411,

[2025-03-07 16:01:18] ,1,73.882,465.023,-63.208,68.742,479.655,3.545,

[2025-03-07 16:01:28] ,1,49.035,469.109,12.958,7.644,496.857,48.532,

[2025-03-07 16:01:37] ,1,36.908,482.159,87.489,31.173,512.609,-80.287,

[2025-03-07 16:01:47] ,2,34.469,459.75,-56.449,19.442,485.521,-90,

[2025-03-07 16:01:56] ,3,81.132,490.332,16.736,-6.21,507.05,76.149,

[2025-03-07 16:02:08] ,1,0.592,488.025,-0.512,28.076,509.314,76.209,

[2025-03-07 16:02:17] ,3,45.056,490.683,63.947,14.824,516.269,49.316,

[2025-03-07 16:02:34] ,1,66.764,416.25,67.341,84.56,482.225,-63.204,

[2025-03-07 16:02:42] ,2,20.958,464.496,-170.949,-2.374,492.309,-145.465,

[2025-03-07 16:02:53] ,1,16.08,443.537,-61.189,1.514,467.066,22.08,

[2025-03-07 16:03:01] ,1,30.646,500.877,-42.852,-5.67,517.091,-43.919,

[2025-03-07 16:03:11] ,3,32.84,460.607,-52.224,18.148,513.986,61.39,

[2025-03-07 16:03:22] ,3,-6.461,482.752,-0.764,29.987,499.625,-15.422,

[2025-03-07 16:03:34] ,1,21.155,439.846,10.713,7.71,483.28,-57.414,

[2025-03-07 16:03:45] ,1,13.839,492.111,-45,77.837,510.566,27.493,

[2025-03-07 16:04:00] ,1,22.078,402.146,69.624,-1.715,421.391,-68.854,

[2025-03-07 16:04:09] ,1,26.494,428.773,8.202,46.926,504.239,-90,

[2025-03-07 16:04:18] ,2,44.158,433.387,70.758,41.785,468.055,146.032,

[2025-03-07 16:04:27] ,3,10.968,460.65,32.326,-3.89,479.127,-12.488,

[2025-03-07 16:04:37] ,1,26.692,476.887,-23.199,-1.979,481.764,-84.489,

[2025-03-07 16:04:47] ,1,36.842,423.632,14.899,29.328,434.573,-70.925,

[2025-03-07 16:04:56] ,1,-4.417,455.993,-28.811,54.439,483.016,-80.87,

[2025-03-07 16:05:05] ,2,53.517,420.732,173.83,23.33,452.632,-5.057,

[2025-03-07 16:05:15] ,3,-9.476,489.793,42.859,34.073,506.282,-8.022,

[2025-03-07 16:05:27] ,2,22.408,483.082,-78.395,79.221,503.382,176.906,

[2025-03-07 16:05:37] ,3,82.253,422.709,8.185,57.208,476.227,-4.953,

[2025-03-07 16:05:47] ,1,25.242,462.65,-34.38,59.448,508.127,-73.985,

[2025-03-07 16:05:58] ,3,-2.045,437.737,-14.128,41.258,471.746,18.076,

[2025-03-07 16:06:15] ,1,24.187,424.225,-62.758,3.558,426.334,54.345,

[2025-03-07 16:06:24] ,1,1.383,472.405,-78.495,52.858,474.316,-65.225,

[2025-03-07 16:06:33] ,1,10.939,487.3,13.183,14.894,511.752,72.216,

[2025-03-07 16:06:43] ,2,52.396,441.23,136.801,5.008,449.996,-157.264,

[2025-03-07 16:06:54] ,3,54.681,419.48,-62.745,66.215,481.566,-62.755,

[2025-03-07 16:07:05] ,3,-10.151,427.191,-1.909,32.819,431.525,66.501,

[2025-03-07 16:07:15] ,2,15.817,409.857,140.856,-4.286,447.623,33.551,

[2025-03-07 16:07:26] ,2,51.473,498.702,-5.609,12.851,517.486,-16.157,

[2025-03-07 16:07:34] ,4,84.882,412.687,-52.815,27.94,461.134,-47.095,

[2025-03-07 16:07:45] ,3,39.567,472.009,-46.591,12.139,500.562,73.482,

[2025-03-07 16:08:00] ,2,9.16,440.439,140.323,6.787,454.741,-102.693,

[2025-03-07 16:08:09] ,2,39.873,457.312,113.658,43.96,490.991,-10.713,

[2025-03-07 16:08:19] ,2,33.348,442.416,21.615,75.069,443.471,-152.978,

[2025-03-07 16:08:26] ,2,30.844,481.962,0,9.687,494.352,-73.639,

[2025-03-07 16:08:38] ,2,-4.879,453.818,72.044,13.312,458.63,-158.385,

[2025-03-07 16:08:49] ,2,74.344,450.721,-115.201,65.842,473.591,151.837,

[2025-03-07 16:09:08] ,2,-4.483,471.746,103.791,7.578,508.127,-79.287,

[2025-03-07 16:09:17] ,2,6.523,423.237,-143.637,41.06,516.893,48.958,

[2025-03-07 16:10:30] ,1,69.005,420.996,-84.341,0.789,450.984,-65.225,

[2025-03-07 16:10:36] ,1,69.005,420.996,-84.341,0.855,450.984,-65.014,

[2025-03-07 16:10:43] ,1,73.421,457.246,14.407,22.342,469.175,71.723,

[2025-03-07 16:10:53] ,1,51.144,478.864,-18.595,43.828,503.58,24.74,

[2025-03-07 16:11:02] ,3,82.846,441.955,22.297,80.671,499.889,7.696,

[2025-03-07 16:11:13] ,3,43.168,477.009,47.675,5.423,490.332,-54.111,

[2025-03-07 16:11:24] ,1,-6.197,414.009,7.189,82.978,419.678,-26.333,

[2025-03-07 16:11:33] ,2,60.964,466.671,87.973,-1.188,486.443,-68.385,

[2025-03-07 16:11:43] ,1,1.514,466.605,62.312,80.473,484.334,-90,

[2025-03-07 16:11:53] ,1,12.521,497.911,17.475,-7.647,518.673,55.597,

[2025-03-07 16:12:09] ,1,18.783,427.652,-43.933,17.662,453.093,45,

[2025-03-07 16:12:18] ,2,0.855,407.88,-96.17,18.848,477.941,73.301,

[2025-03-07 16:12:27] ,3,36.812,481.566,-71.565,58.196,503.58,-6.888,

[2025-03-07 16:12:44] ,1,19.046,421.852,5.609,50.617,444.196,57.567,

[2025-03-07 16:12:52] ,1,3.953,486.312,-59.381,32.623,508.523,-87.466,

[2025-03-07 16:13:01] ,2,64.721,418.557,135,-2.374,454.016,-94.014,

[2025-03-07 16:13:11] ,2,10.478,474.843,54.638,3.689,501.141,69.8,

[2025-03-07 16:13:21] ,1,64.985,448.809,53.936,13.642,451.116,-68.569,

[2025-03-07 16:13:29] ,1,-3.363,477.612,68.569,23.133,492.573,-64.558,

[2025-03-07 16:13:38] ,1,6.458,499.23,-25.201,52.264,505.161,1.534,

[2025-03-07 16:13:48] ,2,32.953,472.8,-65.681,35.523,507.139,-68.199,

[2025-03-07 16:13:58] ,1,58.658,406.496,-14.664,23.66,474.514,55.62,

[2025-03-07 16:14:07] ,2,29.987,459.684,164.261,45.871,471.218,-138.2,

[2025-03-07 16:14:17] ,1,-0.397,498.966,-69.326,85.351,508.391,-79.095,

[2025-03-07 16:14:26] ,3,64.707,410.161,86.52,-3.561,446.832,-27.917,

[2025-03-07 16:14:37] ,2,47.717,483.741,0,61.558,492.441,-94.594,

[2025-03-07 16:14:45] ,3,4.215,417.239,-66.501,22.935,484.73,12.2,

[2025-03-07 16:14:58] ,1,39.676,446.634,62.987,1.91,493.825,-83.938,

[2025-03-07 16:15:08] ,2,-2.242,442.548,-45,63.008,495.011,-32.55,

[2025-03-07 16:15:19] ,2,45.937,450.589,90,56.417,500.614,-117.022,

[2025-03-07 16:15:27] ,3,5.205,443.009,24.696,49.562,465.352,0,

[2025-03-07 16:15:39] ,1,-10.613,462.321,-48.2,-1.451,496.33,-19.722,

[2025-03-07 16:15:55] ,1,-7.12,409.593,-58.861,28.735,510.632,77.196,

[2025-03-07 16:16:04] ,2,10.61,409,151.837,51.012,438.923,122.433,

[2025-03-07 16:16:13] ,3,9.777,442.021,-56.626,38.312,449.402,-54.638,

[2025-03-07 16:16:24] ,2,27.878,431.475,27.924,20.76,471.35,68.106,

[2025-03-07 16:16:32] ,3,19.461,418.228,-49.066,-7.52,448.016,51.992,

[2025-03-07 16:16:41] ,3,48.687,491.452,-88.854,-10.02,506.941,-19.038,

[2025-03-07 16:16:52] ,1,14.169,469.834,-78.983,14.564,497.846,-2.534,

[2025-03-07 16:17:01] ,2,46.201,402.871,19.584,-2.374,451.248,-169.875,

[2025-03-07 16:17:11] ,3,4.942,484.005,-1.138,73.101,484.334,-33.901,

[2025-03-07 16:17:23] ,3,57.704,419.903,39.611,-0.833,450.984,-70.244,

[2025-03-07 16:17:39] ,2,-3.033,402.739,-129.144,29.13,468.648,-147.144,

[2025-03-07 16:17:49] ,3,-3.883,454.148,-67.847,11.269,461.068,11.014,

[2025-03-07 16:18:04] ,2,39.61,407.88,63.204,3.492,420.864,-10.713,

[2025-03-07 16:18:14] ,2,15.619,443.339,61.869,45.673,506.48,-141.103,

[2025-03-07 16:18:21] ,3,9.266,431.014,-40.724,72.367,444.525,0.764,

[2025-03-07 16:18:30] ,1,36.908,425.412,-81.87,13.642,491.716,-61.869,

[2025-03-07 16:18:39] ,1,28.076,499.823,55.337,61.755,515.575,78.589,

[2025-03-07 16:18:48] ,3,79.732,463.968,-63.947,82.136,517.289,-76.339,

[2025-03-07 16:18:59] ,1,64.721,437.341,84.391,19.705,469.637,75.358,

[2025-03-07 16:19:07] ,2,-6.526,455.73,158.854,-7.12,483.082,71.089,

[2025-03-07 16:19:16] ,3,39.277,434.441,-36.111,12.653,438.725,-22.504,

[2025-03-07 16:19:25] ,3,3.365,490.002,-34.528,28.824,497.384,-46.606,

[2025-03-07 16:19:35] ,1,71.839,458.696,-45.36,-4.681,464.232,86.455,

[2025-03-07 16:19:46] ,1,52.858,498.966,-62.526,37.303,500.086,-11.211,

[2025-03-07 16:20:02] ,2,24.583,454.873,154.558,33.546,500.811,-73.639,

[2025-03-07 16:20:12] ,3,58.262,459.025,16.991,64.655,479.391,-3.411,

[2025-03-07 16:20:21] ,1,23.726,458.037,-56.725,-0.265,514.586,9.211,

[2025-03-07 16:20:31] ,2,-7.647,493.496,34.535,4.348,514.191,-177.973,

[2025-03-07 16:20:47] ,3,1.58,419.282,20.735,-8.302,498.321,35.054,

[2025-03-07 16:21:02] ,3,40.887,428.312,-45.807,8.436,487.311,35.362,

[2025-03-07 16:21:10] ,2,-10.086,425.873,34.114,-9.097,448.414,86.424,

[2025-03-07 16:21:20] ,3,-9.384,438.725,-62.418,16.039,502.393,-70.244,

[2025-03-07 16:21:30] ,2,81.66,467.462,-156.194,79.748,488.684,108.759,

[2025-03-07 16:21:38] ,3,-9.578,435.034,-39.369,-2.828,448.546,-34.216,

[2025-03-07 16:21:54] ,2,21.287,436.089,123.13,75.332,448.677,35.538,

[2025-03-07 16:22:02] ,2,26.56,475.173,-29.932,41.653,494.286,121.574,

[2025-03-07 16:22:11] ,3,32.058,418.03,-70.602,27.746,456.784,15.222,

[2025-03-07 16:22:21] ,3,9.54,409.845,37.405,52.029,496.593,-44.465,

[2025-03-07 16:22:31] ,2,16.608,400.959,-26.796,-10.876,465.089,137.49,

[2025-03-07 16:22:39] ,3,-10.806,436.155,-67.351,59.44,489.08,-80.036,

[2025-03-07 16:22:55] ,2,-1.122,423.368,-52.214,40.598,466.407,-147.144,

[2025-03-07 16:23:03] ,2,75.135,470.889,0,12.983,487.696,-95.56,

[2025-03-07 16:23:15] ,2,24.846,405.046,-109.411,62.151,451.512,-99.211,

[2025-03-07 16:23:25] ,2,-2.045,444.459,-73.156,14.103,455.664,-86.486,

[2025-03-07 16:23:32] ,3,-0.331,430.157,9.898,-7.923,461.727,-89.241,

[2025-03-07 16:23:41] ,3,16.947,472.027,73.229,61.743,500.943,-37.708,

[2025-03-07 16:23:50] ,3,-10.59,502.459,-56.099,70.745,518.186,32.619,

[2025-03-07 16:24:07] ,1,81.067,496,-44.635,12.785,496.725,81.87,

[2025-03-07 16:24:15] ,2,26.56,407.814,-38.418,65.908,449.139,92.045,

[2025-03-07 16:24:24] ,2,11.269,471.35,69.034,42.905,472.471,-11.605,

[2025-03-07 16:24:32] ,3,-6.922,449.468,28.095,86.693,470.164,-56.735,

[2025-03-07 16:24:42] ,2,29.921,453.884,-79.875,45.937,468.582,150.068,

[2025-03-07 16:24:50] ,2,29.789,468.582,-38.186,9.885,481.566,-11.113,

[2025-03-07 16:25:00] ,2,-4.351,467.857,57.144,68.544,489.08,9.293,

[2025-03-07 16:25:09] ,3,-7.449,436.616,-4.544,84.99,454.082,-60.539,

[2025-03-07 16:25:17] ,3,-10.415,484.993,21.801,-9.379,514.384,30.504,

[2025-03-07 16:25:29] ,2,-6.329,461.793,-12.308,10.28,512.477,-80.2,

[2025-03-07 16:25:41] ,2,29.855,475.041,13.671,84.955,503.118,-132.797,

[2025-03-07 16:25:57] ,2,4.546,408.803,-58.595,10.478,513.136,47.148,

[2025-03-07 16:26:12] ,2,25.901,458.3,125.77,58.987,518.475,86.906,

[2025-03-07 16:26:20] ,3,24.451,420.6,-8.022,-3.099,514.718,-5.749,

[2025-03-07 16:26:32] ,3,29.328,450.325,-26.735,-6.922,475.766,16.154,

[2025-03-07 16:26:42] ,4,78.298,450.457,-21.991,86.544,514.686,-28.695,

[2025-03-07 16:26:59] ,3,2.288,469.307,-38.894,48.663,492.117,41.507,

[2025-03-07 16:27:15] ,3,57.944,504.726,87.694,13.839,507.007,-15.322,

[2025-03-07 16:27:25] ,3,4.32,464.293,70.244,11.58,495.324,71.086,

[2025-03-07 16:27:41] ,3,57.235,478.454,61.905,62.949,517.618,-86.16,

