[2025-06-12 09:50:38] ,1,-2.259,432.077,69.326,56.466,432.539,-15.876,

[2025-06-12 09:50:46] ,1,-2.325,432.077,69.146,56.532,432.539,-15.388,

[2025-06-12 09:51:48] ,1,-2.325,432.143,68.671,56.532,432.539,-15.388,

[2025-06-12 09:51:55] ,1,22.523,498.645,-42.825,17.448,514.002,-1.548,

[2025-06-12 09:52:03] ,2,61.607,473.6,-29.302,43.811,512.948,-19.411,

[2025-06-12 09:52:12] ,4,83.62,428.32,44.265,71.165,517.267,26.801,

[2025-06-12 09:52:24] ,1,4.464,415.534,-33.69,35.771,470.832,6.621,

[2025-06-12 09:52:31] ,1,-4.302,496.47,68.671,47.964,516.968,-45,

[2025-06-12 09:52:48] ,1,8.484,419.555,-32.981,10.396,470.502,-85.486,

[2025-06-12 09:53:00] ,4,25.884,427.068,3.094,0.311,517.957,-36.973,

[2025-06-12 09:53:18] ,1,-4.038,446.709,70.448,69.252,446.841,46.081,

[2025-06-12 09:53:24] ,1,59.366,480.784,65.472,5.98,509.059,47.521,

[2025-06-12 09:53:33] ,2,64.77,406.109,-68.776,45.261,416.259,175.406,

[2025-06-12 09:53:42] ,2,16.855,473.864,8.13,43.943,491.527,-32.981,

[2025-06-12 09:53:49] ,4,81.139,399.84,51.089,-10.036,429.507,62.289,

[2025-06-12 09:53:58] ,4,82.5,459.429,80.623,66.155,494.823,-37.694,

[2025-06-12 09:54:08] ,1,43.086,412.041,-37.073,15.075,471.623,-25.659,

[2025-06-12 09:54:14] ,1,31.421,497.986,2.556,48.755,501.348,49.674,

[2025-06-12 09:54:23] ,2,-12.409,478.543,-84.391,-8.454,493.9,-106.504,

[2025-06-12 09:54:35] ,1,-7.268,508.927,59.744,21.336,514.727,19.722,

[2025-06-12 09:54:44] ,1,2.421,417.907,-43.55,4.332,458.902,-21.801,

[2025-06-12 09:55:01] ,1,12.966,402.616,-85.365,26.543,475.248,25.442,

[2025-06-12 09:55:09] ,2,36.496,419.818,34.824,39.396,475.973,-151.631,

[2025-06-12 09:55:17] ,2,50.007,486.979,-71.887,3.871,487.045,-150.698,

[2025-06-12 09:55:27] ,2,10.659,471.491,42.138,38.011,478.741,112.736,

[2025-06-12 09:55:35] ,4,83.686,497.327,4.16,-10.761,498.448,77.082,

[2025-06-12 09:55:45] ,2,67.539,473.864,47.521,-11.42,486.979,174.44,

[2025-06-12 09:55:55] ,4,81.38,466.35,83.26,47.371,514.727,-11.411,

[2025-06-12 09:56:11] ,1,-7.532,410.13,11.411,38.934,478.543,-37.171,

[2025-06-12 09:56:18] ,2,4.266,473.27,-101.706,20.743,484.145,-159.8,

[2025-06-12 09:56:28] ,1,33.332,489.418,34.249,8.748,516.704,-38.1,

[2025-06-12 09:56:41] ,1,47.107,514.398,-26.333,29.905,514.793,6.17,

[2025-06-12 09:57:13] ,4,76.37,468.854,-8.202,84.016,489.879,-29.554,

[2025-06-12 09:58:14] ,1,78.545,413.227,-62.049,38.868,447.104,-20.674,

[2025-06-12 09:58:21] ,1,74.13,454.882,69.146,49.414,477.423,-17.475,

[2025-06-12 09:58:30] ,2,-10.168,453.168,21.991,2.025,459.495,-25.659,

[2025-06-12 09:58:41] ,1,44.734,474.061,-55.049,47.766,504.182,88.968,

[2025-06-12 09:59:12] ,1,-0.611,458.507,-63.208,82.236,477.423,52.927,

[2025-06-12 10:00:11] ,1,63.848,466.02,1.521,24.83,472.348,37.171,

[2025-06-12 10:00:17] ,1,63.848,466.02,1.521,24.83,472.348,37.171,

[2025-06-12 10:00:23] ,1,82.236,477.423,52.927,43.35,488.364,-87.955,

[2025-06-12 10:00:34] ,1,49.018,413.03,-71.727,15.734,435.504,-48.2,

[2025-06-12 10:00:42] ,2,-5.093,463.845,-56.87,26.675,508.861,-36.363,

[2025-06-12 10:00:52] ,1,63.189,454.486,-75.593,59.036,474.127,81.87,

[2025-06-12 10:01:02] ,1,-0.941,506.423,-86.934,59.102,515.65,56.31,

[2025-06-12 10:01:10] ,2,-5.818,441.304,-110.674,-4.895,493.043,-36.769,

[2025-06-12 10:01:22] ,4,71.568,511.952,30.069,-10.827,515.452,-60.895,

[2025-06-12 10:01:34] ,1,36.561,491.988,74.124,61.673,501.018,58.861,

[2025-06-12 10:01:49] ,1,34.123,428.123,81.87,7.43,430.034,-14.899,

[2025-06-12 10:01:57] ,1,59.036,470.107,-39.611,34.321,473.732,-54.638,

[2025-06-12 10:02:06] ,1,27.202,489.813,13.791,-7.598,496.866,-22.27,

[2025-06-12 10:02:22] ,1,14.877,421.334,23.131,10.593,444.995,-51.028,

[2025-06-12 10:02:30] ,1,31.552,454.684,32.164,22.918,468.854,47.121,

[2025-06-12 10:02:38] ,1,52.709,479.532,37.875,-5.752,487.704,-7.628,

[2025-06-12 10:02:49] ,2,50.402,410.789,79.095,49.348,451.323,-30.184,

[2025-06-12 10:02:58] ,1,25.555,417.841,-28.856,48.689,443.677,-38.897,

[2025-06-12 10:03:06] ,2,3.607,403.209,-71.075,17.843,480.982,36.064,

[2025-06-12 10:03:16] ,4,13.691,429.573,10.305,49.084,494.823,57.019,

[2025-06-12 10:03:26] ,1,7.957,450.07,-5.56,48.096,505.368,8.276,

[2025-06-12 10:03:41] ,1,17.448,486.782,-88.986,-0.084,494.032,-37.476,

[2025-06-12 10:03:49] ,2,12.439,399.518,-90,28.982,436.625,-170.789,

[2025-06-12 10:03:57] ,2,5.057,464.57,34.951,26.477,473.6,-47.862,

[2025-06-12 10:04:07] ,1,15.009,403.868,-42.825,33.398,428.386,-90,

[2025-06-12 10:04:15] ,1,27.532,477.752,55.337,-5.752,498.448,-80.287,

[2025-06-12 10:04:25] ,1,36.561,483.816,-74.124,2.75,483.948,68.854,

[2025-06-12 10:04:35] ,2,68.264,438.009,21.991,48.491,484.277,45,

[2025-06-12 10:04:51] ,2,-6.477,481.377,45,3.936,493.966,20.854,

[2025-06-12 10:05:06] ,4,67.341,477.818,52.306,-10.3,486.189,-10.808,

[2025-06-12 10:05:29] ,4,72.218,491.725,25.174,67.934,512.091,-47.553,

[2025-06-12 10:05:36] ,1,52.38,433.329,10.713,43.35,474.391,16.504,

[2025-06-12 10:05:43] ,1,57.323,491.329,-21.801,16.327,497.723,72.525,

[2025-06-12 10:05:54] ,1,76.7,449.675,49.674,62.068,483.486,-37.073,

[2025-06-12 10:06:05] ,1,46.909,504.05,48.621,65.693,512.618,67.816,

[2025-06-12 10:06:21] ,1,57.191,422.586,-58.861,-6.807,474.193,-79.287,

[2025-06-12 10:06:30] ,1,36.298,475.841,24.319,-11.552,491.395,33.83,

[2025-06-12 10:06:38] ,1,53.171,496.866,53.637,23.841,509.718,-44.275,

[2025-06-12 10:06:49] ,1,17.711,401.034,60.446,-0.941,443.479,56.725,

[2025-06-12 10:07:04] ,1,-10.3,428.189,-14.407,19.293,443.875,-18.113,

[2025-06-12 10:07:12] ,1,75.118,453.3,78.69,14.877,474.654,67.457,

[2025-06-12 10:07:21] ,1,59.959,482.959,-67.068,-10.366,488.429,87.466,

[2025-06-12 10:07:30] ,1,20.15,501.413,62.526,49.677,501.611,19.552,

[2025-06-12 10:07:40] ,1,30.102,471.029,-25.442,13.625,513.936,66.869,

[2025-06-12 10:07:50] ,1,0.377,430.1,-25.201,72.152,509.85,46.824,

[2025-06-12 10:08:06] ,1,-6.543,460.945,86.961,17.843,484.607,-7.561,

[2025-06-12 10:08:14] ,1,37.55,496.734,-29.495,3.475,502.204,10.808,

[2025-06-12 10:08:23] ,1,52.182,506.62,-74.97,28.586,510.838,-51.103,

[2025-06-12 10:08:33] ,1,18.041,463.714,71.565,27.334,470.634,66.801,

[2025-06-12 10:09:21] ,1,50.468,456.398,-71.089,37.089,471.82,65.886,

[2025-06-12 10:09:29] ,1,75.843,499.963,26.105,26.214,502.402,-6.17,

[2025-06-12 10:09:41] ,1,6.836,420.543,-23.131,49.677,481.97,-5.057,

[2025-06-12 10:09:49] ,1,46.58,499.766,34.951,2.948,506.423,-42.51,

[2025-06-12 10:09:58] ,1,56.796,507.411,3.094,19.689,515.254,3.576,

[2025-06-12 10:10:10] ,1,31.355,506.291,-28.856,8.352,506.423,1.534,

[2025-06-12 10:10:27] ,1,19.623,423.114,-49.289,25.423,458.639,-20.497,

[2025-06-12 10:10:37] ,1,-12.804,451.059,-55.751,30.432,455.409,-70.615,

[2025-06-12 10:10:45] ,1,-11.75,400.177,-15.803,14.877,504.445,-57.995,

[2025-06-12 10:11:01] ,1,-1.402,480.718,-45.356,13.164,484.277,-20.674,

[2025-06-12 10:11:12] ,1,20.875,477.752,-77.307,1.893,516.375,59.56,

[2025-06-12 10:11:22] ,1,60.618,408.218,85.84,17.843,417.314,-36.666,

[2025-06-12 10:11:39] ,1,35.375,482.366,54.23,38.341,504.05,-69.326,

[2025-06-12 10:12:03] ,1,18.766,477.752,82.439,52.775,512.486,-78.589,

[2025-06-12 10:12:20] ,1,44.009,506.752,-33.69,27.993,508.598,-61.837,

[2025-06-12 10:12:32] ,1,-2.061,457.386,-30.184,41.307,484.936,-74.612,

[2025-06-12 10:12:53] ,1,3.409,489.945,-52.125,36.693,494.493,-88.479,

[2025-06-12 10:13:17] ,1,42.691,418.236,78.69,6.639,464.241,-14.769,

[2025-06-12 10:15:31] ,1,74.789,415.995,55.733,26.148,487.639,-77.307,

[2025-06-12 10:15:39] ,1,22.061,423.839,-79.287,-5.093,441.239,78.294,

[2025-06-12 10:15:48] ,1,5.518,476.961,-40.384,42.889,493.109,-33.83,

[2025-06-12 10:15:59] ,1,-7.268,458.902,-19.552,31.75,483.025,-38.972,

[2025-06-12 10:16:09] ,1,82.764,482.366,-19.895,4.068,500.293,18.595,

[2025-06-12 10:16:17] ,1,57.982,511.168,-78.69,28.323,511.827,74.476,

[2025-06-12 10:16:35] ,1,-11.288,448.95,-44.64,33.53,457.914,-3.514,

[2025-06-12 10:16:45] ,1,-0.084,441.832,42.51,42.757,495.613,-4.594,

[2025-06-12 10:17:01] ,1,72.811,441.832,32.981,-6.213,465.889,-2.027,

[2025-06-12 10:17:10] ,1,46.448,475.907,-20.026,27.202,479.729,-27.688,

[2025-06-12 10:17:18] ,1,53.039,508.795,27.924,21.271,515.979,52.214,

[2025-06-12 10:17:34] ,1,-6.345,410.525,-37.381,31.091,412.766,89.488,

[2025-06-12 10:17:42] ,1,78.018,418.236,45,65.627,431.484,14.407,

[2025-06-12 10:17:50] ,1,1.498,436.493,77.307,39.264,445.984,-80.372,

[2025-06-12 10:17:59] ,1,23.577,452.97,-19.552,-6.543,468.657,-56.449,

[2025-06-12 10:18:09] ,1,45.261,422.125,-18.113,25.423,459.1,42.879,

[2025-06-12 10:18:19] ,1,20.414,436.427,-43.568,47.832,504.511,-54.758,

[2025-06-12 10:18:35] ,1,40.318,494.229,-60.698,1.761,512.684,-60.945,

[2025-06-12 10:19:07] ,1,31.486,428.782,-18.759,10.725,439.723,82.937,

[2025-06-12 10:19:15] ,1,-2.127,454.42,-76.209,81.182,458.639,29.999,

[2025-06-12 10:19:24] ,1,15.998,490.011,-6.563,71.955,499.568,-61.144,

[2025-06-12 10:19:34] ,1,0.311,405.186,-60.001,76.502,480.784,72.86,

[2025-06-12 10:19:43] ,1,61.805,509.916,-33.69,10.264,514.398,54.758,

[2025-06-12 10:19:53] ,1,9.473,414.875,63.895,41.702,507.543,45,

[2025-06-12 10:20:10] ,1,20.677,467.339,33.968,-2.061,517.034,12.918,

[2025-06-12 10:20:20] ,1,-12.738,469.711,-57.295,-3.182,499.238,23.131,

[2025-06-12 10:23:17] ,1,-8.982,471.689,-72.044,0.971,501.216,76.088,

[2025-06-12 10:23:22] ,1,-8.982,471.689,-72.044,0.971,501.216,76.088,

[2025-06-12 10:23:33] ,1,33.859,415.995,51.499,69.186,466.482,-2.045,

[2025-06-12 10:23:41] ,2,-11.025,481.97,-21.329,14.811,490.077,111.801,

[2025-06-12 10:23:54] ,1,-3.841,424.234,57.019,70.439,473.139,16.157,

[2025-06-12 10:24:11] ,1,38.802,413.161,-52.214,71.295,413.293,75.964,

[2025-06-12 10:24:19] ,1,33.727,446.973,-20.674,30.827,484.739,24.986,

[2025-06-12 10:24:28] ,1,52.38,485.464,71.405,-9.641,488.561,-54.758,

[2025-06-12 10:24:37] ,1,11.977,508.795,-88.977,33.661,515.188,-55.886,

[2025-06-12 10:24:47] ,1,38.011,421.861,66.4,14.746,422.059,64.799,

[2025-06-12 10:25:08] ,1,9.671,441.7,-9.628,-3.313,481.97,-27.242,

[2025-06-12 10:25:17] ,2,76.7,426.014,56.023,19.293,480.586,26.565,

[2025-06-12 10:25:27] ,1,-11.223,415.402,74.97,48.096,444.798,-41.042,

[2025-06-12 10:25:34] ,1,5.386,465.229,-44.644,20.611,486.452,9.545,

[2025-06-12 10:29:18] ,1,21.468,486.189,7.063,54.884,506.357,-85.365,

[2025-06-12 10:29:29] ,1,42.361,442.952,50.001,-0.216,491.395,68.199,

[2025-06-12 10:29:36] ,2,59.168,450.136,130.711,50.468,464.966,-35.362,

[2025-06-12 10:29:52] ,1,51.786,403.473,16.798,15.998,409.734,-83.32,

[2025-06-12 10:30:00] ,1,37.023,413.227,-58.861,26.741,442.161,51.73,

[2025-06-12 10:30:08] ,1,25.555,457.057,70.145,77.359,463.45,53.746,

[2025-06-12 10:30:17] ,1,40.252,466.614,45.356,7.034,467.998,-34.951,

[2025-06-12 10:30:26] ,1,-11.354,469.579,58.95,31.355,481.707,-1.014,

[2025-06-12 10:30:34] ,1,-11.157,492.582,-1.534,0.509,505.961,39.611,

[2025-06-12 10:30:43] ,2,52.05,439.525,105.03,2.618,440.843,58.426,

[2025-06-12 10:30:53] ,1,44.602,412.436,-30.7,11.911,420.807,81.293,

[2025-06-12 10:34:37] ,1,44.668,412.436,-31.139,11.977,420.873,81.87,

[2025-06-12 10:34:43] ,1,44.668,412.436,-31.139,11.977,420.873,81.87,

[2025-06-12 10:34:50] ,1,1.366,439.393,-67.73,39.857,481.641,-59.636,

[2025-06-12 10:34:59] ,1,-0.084,498.645,-22.463,58.707,515.254,14.036,

[2025-06-12 10:35:07] ,2,31.684,424.498,52.214,9.934,475.643,-63.208,

[2025-06-12 10:35:16] ,4,-3.761,403.595,-43.512,74.393,494.295,-19.895,

[2025-06-12 10:35:28] ,2,51.061,470.37,-168.294,64.507,505.368,-170.2,

[2025-06-12 10:35:37] ,1,56.927,483.42,-82.372,-6.016,503.523,-16.015,

[2025-06-12 10:35:52] ,1,34.321,446.445,20.2,71.691,456.266,-8.202,

[2025-06-12 10:36:00] ,1,-3.511,468.327,54.638,26.148,488.364,6.621,

[2025-06-12 10:36:09] ,1,63.914,502.666,-20.854,-8.85,513.079,-33.69,

[2025-06-12 10:36:17] ,2,14.943,438.404,-84.943,43.021,493.373,21.146,

[2025-06-12 10:36:26] ,4,7.926,414.701,81.347,44.932,513.475,90,

[2025-06-12 10:39:49] ,2,-4.632,399.189,-78.996,7.891,417.314,78.69,

[2025-06-12 10:44:08] ,2,-4.302,399.189,-79.095,7.957,417.314,78.589,

[2025-06-12 10:54:06] ,2,-4.302,399.057,-79.095,7.891,417.314,78.69,

[2025-06-12 10:54:12] ,2,-4.302,399.057,-79.095,7.891,417.314,78.69,

[2025-06-12 10:54:18] ,2,49.809,496.536,54.345,14.152,498.909,-44.64,

[2025-06-12 10:54:26] ,2,47.568,444.929,-85.406,46.711,513.475,10.905,

[2025-06-12 10:54:36] ,1,46.316,434.779,-60.945,33.661,441.898,-68.671,

[2025-06-12 10:54:44] ,1,34.65,462.461,-78.395,81.577,496.8,-68.962,

[2025-06-12 10:54:52] ,1,-7.532,500.227,-17.475,37.286,503.72,-51.103,

[2025-06-12 10:55:01] ,2,-1.534,424.3,-44.64,20.48,428.452,-65.472,

[2025-06-12 10:55:11] ,1,18.568,399.782,44.275,26.477,500.952,60.698,

[2025-06-12 10:55:19] ,2,21.996,430.825,-41.042,12.702,455.541,99.051,

[2025-06-12 10:55:28] ,2,43.021,479.729,-176.455,53.961,499.7,-143.334,

[2025-06-12 10:55:37] ,2,-9.575,467.339,-30.44,33.859,491,38.501,

[2025-06-12 10:55:45] ,4,72.68,473.27,7.696,-11.42,514.661,12.918,

[2025-06-12 10:56:01] ,1,-4.434,408.416,-12.918,46.184,437.02,-9.713,

[2025-06-12 10:56:08] ,1,17.843,445.259,60.505,42.164,478.016,85.486,

[2025-06-12 10:56:17] ,1,18.964,480.257,-38.972,63.057,486.782,68.199,

[2025-06-12 10:56:25] ,2,63.189,448.093,-85.446,36.364,457.716,0,

[2025-06-12 10:56:34] ,2,5.057,471.623,163.009,-10.563,472.282,135,

[2025-06-12 10:56:41] ,2,10.33,497.063,8.631,59.761,501.545,20.556,

[2025-06-12 10:56:51] ,1,22.984,439.261,-50.001,27.993,488.957,67.73,

[2025-06-12 10:56:59] ,1,37.814,500.886,31.139,22.852,509.191,48.958,

[2025-06-12 10:57:07] ,2,24.764,401.1,-177.955,21.007,480.389,-121.31,

[2025-06-12 10:57:15] ,4,-6.241,401.004,73.909,82.5,493.241,88.958,

[2025-06-12 10:57:26] ,1,-2.72,492.054,-12.804,59.959,514.266,-46.095,

[2025-06-12 10:57:33] ,2,31.486,483.354,-170.87,21.468,502.666,175.95,

[2025-06-12 10:57:43] ,1,28.521,474.654,-58.261,3.541,507.345,-80.707,

[2025-06-12 10:57:58] ,1,-8.52,426.475,67.73,9.868,432.473,-86.934,

[2025-06-12 10:58:07] ,1,12.109,472.084,67.92,75.514,511.168,-73.202,

[2025-06-12 10:58:15] ,2,23.973,418.895,148.861,-6.873,490.077,-127.875,

[2025-06-12 10:58:26] ,2,3.343,435.439,68.671,46.184,438.602,21.329,

[2025-06-12 10:58:33] ,4,60.882,412.305,-83.774,74.855,488.891,90,

[2025-06-12 10:58:44] ,1,42.361,399.98,29.554,77.886,409.405,-59.216,

[2025-06-12 10:58:51] ,1,34.123,497.327,-2.045,50.666,513.541,41.76,

[2025-06-12 10:58:59] ,2,-11.816,447.236,-13.791,51.061,470.436,-171.369,

[2025-06-12 10:59:17] ,2,47.964,448.225,42.479,59.761,485.529,-154.12,

[2025-06-12 10:59:26] ,2,68.725,493.109,-87.936,60.948,504.907,-94.635,

[2025-06-12 10:59:35] ,1,55.411,454.75,-84.943,78.48,479.729,-24.955,

[2025-06-12 11:00:13] ,2,72.218,439.129,-144.048,19.161,504.445,91.032,

[2025-06-12 11:00:58] ,1,-9.377,477.752,-32.276,26.543,482.366,-62.312,

[2025-06-12 11:01:06] ,1,79.93,490.077,7.765,18.436,501.15,-4.086,

[2025-06-12 11:01:29] ,2,69.252,438.47,-133.55,50.336,473.402,-81.369,

[2025-06-12 11:01:39] ,4,78.743,456.595,-5.148,-12.277,459.034,-7.628,

[2025-06-12 11:01:49] ,2,22.721,419.884,20.376,13.032,454.948,-34.535,

[2025-06-12 11:01:57] ,1,75.052,481.904,10.808,65.627,511.893,51.259,

[2025-06-12 11:02:05] ,2,57.982,439.195,-96.116,38.868,490.209,139.289,

[2025-06-12 11:02:15] ,1,60.948,468.261,-76.088,33.53,482.366,2.534,

[2025-06-12 11:02:31] ,1,52.709,448.357,36.769,-11.42,479.729,51.419,

[2025-06-12 11:02:39] ,2,73.8,408.284,-62.021,18.832,415.93,122.981,

[2025-06-12 11:02:47] ,1,14.218,433.593,-18.595,-8.52,500.952,-82.304,

[2025-06-12 11:02:56] ,2,2.091,453.893,-160.448,35.639,460.616,137.827,

[2025-06-12 11:03:04] ,2,48.293,481.707,126.363,35.507,491.132,110.854,

[2025-06-12 11:03:12] ,2,67.209,510.245,46.469,53.434,517.693,-80.112,

[2025-06-12 11:03:20] ,4,83.489,463.516,-46.45,68.659,486.65,3.122,

[2025-06-12 11:03:31] ,1,40.055,400.705,-38.501,48.359,442.029,-24.986,

[2025-06-12 11:03:37] ,1,47.766,467.602,-74.124,-2.127,489.22,64.341,

[2025-06-12 11:03:48] ,2,-1.468,455.343,38.186,41.636,475.841,-21.615,

[2025-06-12 11:04:03] ,1,21.271,408.416,65.045,-8.257,427.266,-82.304,

[2025-06-12 11:04:11] ,1,18.107,441.766,-52.829,-1.995,456.595,-80.87,

[2025-06-12 11:04:19] ,1,52.907,457.123,66.342,27.927,464.834,56.725,

[2025-06-12 11:04:28] ,1,-12.804,500.359,-49.289,69.516,502.929,-12.918,

[2025-06-12 11:04:37] ,2,36.166,445.127,158.854,37.55,479.202,-12.2,

[2025-06-12 11:04:45] ,1,13.361,506.554,60.001,-0.941,512.157,2.064,

[2025-06-12 11:04:53] ,2,22.918,485.991,-26.114,9.011,486.848,-113.199,

[2025-06-12 11:05:03] ,1,-2.588,405.318,72.372,41.439,489.879,67.73,

[2025-06-12 11:05:13] ,2,51.061,464.439,39.999,30.3,478.543,-64.772,

[2025-06-12 11:05:20] ,2,59.959,499.963,-149.744,-10.432,500.095,34.824,

[2025-06-12 11:05:30] ,1,-8.784,449.543,37.786,17.316,495.02,32.705,

[2025-06-12 11:05:41] ,2,72.416,452.839,45,28.521,460.418,-128.972,

[2025-06-12 11:05:51] ,4,76.173,407.559,90,40.055,515.65,-33.977,

[2025-06-12 11:06:07] ,1,15.207,417.182,-27.022,-9.179,423.904,35.242,

[2025-06-12 11:06:14] ,1,62.068,425.091,-3.066,50.139,433.264,-42.51,

[2025-06-12 11:06:22] ,1,15.339,445.984,-74.124,30.893,469.579,42.173,

[2025-06-12 11:06:31] ,2,-12.343,477.62,-161.887,8.221,477.818,39.677,

[2025-06-12 11:06:40] ,4,-2.72,506.818,19.895,73.437,513.621,-55.008,

[2025-06-12 11:07:03] ,1,16.723,468.986,-31.477,6.309,470.502,-25.894,

[2025-06-12 11:07:41] ,1,30.761,419.423,73.35,22.391,451.718,32.856,

[2025-06-12 11:07:51] ,2,68.791,487.309,-144.345,73.668,497.195,-121.139,

[2025-06-12 11:08:56] ,1,57.982,403.077,-69.928,1.366,403.736,57.171,

[2025-06-12 11:09:03] ,1,36.496,406.307,-65.26,50.205,417.577,70.278,

[2025-06-12 11:09:12] ,1,5.914,422.982,-71.241,70.505,437.35,13.299,

[2025-06-12 11:09:21] ,1,48.293,443.348,31.31,-10.563,448.423,-52.125,

[2025-06-12 11:09:30] ,1,79.205,414.348,-23.54,71.559,452.904,-87.955,

[2025-06-12 11:09:38] ,1,39.066,455.607,-80.455,16.591,459.561,-75.231,

[2025-06-12 11:09:47] ,1,58.905,460.089,-38.972,48.227,469.448,-65.681,

[2025-06-12 11:09:56] ,1,14.943,474.984,-87.51,-10.366,477.752,65.472,

[2025-06-12 11:10:04] ,1,79.93,494.559,15.03,43.35,501.743,28.61,

[2025-06-12 11:10:15] ,1,6.771,418.105,46.081,53.171,428.452,-68.671,

[2025-06-12 11:10:23] ,1,-10.168,438.998,-15.388,40.318,443.809,-57.995,

[2025-06-12 11:10:31] ,1,10.527,457.65,14.281,70.175,475.05,56.87,

[2025-06-12 11:10:40] ,1,71.955,487.902,41.042,7.693,488.232,-26.565,

[2025-06-12 11:10:50] ,1,17.843,468.261,25.442,36.43,474.72,-1.521,

[2025-06-12 11:10:59] ,1,-4.763,486.189,59.816,-7.993,502.732,-4.594,

[2025-06-12 11:11:09] ,1,-0.479,467.734,-10.713,4.068,507.082,-39.936,

[2025-06-12 11:11:19] ,1,73.998,510.641,-45.365,37.352,515.123,-83.83,

[2025-06-12 11:11:37] ,1,36.166,398.068,40.992,-8.85,416.457,-71.727,

[2025-06-12 11:11:49] ,2,-1.336,456.793,141.814,36.496,494.954,-85.914,

[2025-06-12 11:12:04] ,2,41.768,474.127,-117.013,0.443,485.925,96.68,

[2025-06-12 11:12:21] ,4,46.382,430.429,84.852,-12.87,474.127,85.406,

[2025-06-12 11:12:44] ,1,67.934,444.139,-63.208,64.836,473.995,-55.176,

[2025-06-12 11:12:55] ,4,-7.598,451.389,13.912,78.48,499.502,61.348,

[2025-06-12 11:13:15] ,1,13.955,409.998,-54.758,38.736,511.695,78.69,

[2025-06-12 11:13:22] ,1,8.221,426.014,4.594,55.543,497.591,41.76,

[2025-06-12 11:13:32] ,2,36.1,398.727,54.583,51.193,480.125,86.455,

[2025-06-12 11:13:52] ,1,-2.325,467.009,14.769,-0.15,485.464,77.692,

[2025-06-12 11:14:07] ,1,76.305,426.936,-65.726,-2.193,449.016,38.581,

[2025-06-12 11:14:15] ,1,22.589,475.116,16.844,-5.884,475.248,60.068,

[2025-06-12 11:14:31] ,1,11.121,456.991,46.779,83.423,462.329,-86.424,

[2025-06-12 11:14:40] ,1,17.514,475.841,-49.289,10,499.436,0,

[2025-06-12 11:14:50] ,1,57.718,472.479,-53.936,57.125,516.375,81.293,

[2025-06-12 11:15:00] ,4,84.082,432.802,-51.988,81.664,508.887,2.102,

[2025-06-12 11:15:09] ,1,67.802,459.298,41.424,-1.732,485.2,42.138,

[2025-06-12 11:15:17] ,1,21.271,444.073,21.146,-1.995,450.729,-19.552,

[2025-06-12 11:15:27] ,1,83.884,477.884,-83.32,34.716,483.486,15.739,

[2025-06-12 11:15:45] ,1,32.409,436.559,14.281,7.232,505.698,-62.978,

[2025-06-12 11:15:57] ,4,85.993,442.095,57.019,-10.761,457.914,6.062,

[2025-06-12 11:16:07] ,1,34.584,475.116,40.764,10.33,514.793,-77.082,

[2025-06-12 11:16:14] ,4,-12.838,398.427,78.275,-3.643,510.707,-62.745,

[2025-06-12 11:16:27] ,4,76.107,468.195,6.17,68.989,511.893,-78.085,

[2025-06-12 11:16:42] ,1,9.539,404.132,41.76,62.2,431.55,4.086,

[2025-06-12 11:16:49] ,1,-4.5,477.62,30.877,19.293,495.416,-2.534,

[2025-06-12 11:16:58] ,4,68.251,410.736,0,59.745,451.717,-80.618,

[2025-06-12 11:17:10] ,1,0.707,478.807,22.27,-2.061,506.357,-79.287,

[2025-06-12 11:17:21] ,4,80.325,405.45,-73.402,-7.466,517.627,-66.194,

[2025-06-12 11:17:27] ,4,17.052,516.045,15.662,48.227,517.891,24.274,

[2025-06-12 11:17:42] ,1,2.816,457.123,-27.924,18.634,490.736,-49.616,

[2025-06-12 11:17:49] ,4,83.095,408.803,23.908,77.499,513.885,-31.232,

[2025-06-12 11:18:02] ,4,76.502,491.066,84.341,-2.786,493.438,-14.769,

[2025-06-12 11:18:11] ,4,85.136,480.191,-72.216,75.042,513.483,76.849,

[2025-06-12 11:18:21] ,4,-10.827,511.366,-87.936,8.55,516.243,-83.83,

[2025-06-12 11:18:32] ,2,4.991,418.434,-178.968,-8.586,420.873,94.086,

[2025-06-12 11:18:39] ,2,45.921,442.557,-22.27,65.759,462.198,97.628,

[2025-06-12 11:18:47] ,2,16.855,463.12,49.674,44.866,478.279,-37.786,

[2025-06-12 11:18:55] ,4,82.898,416.845,83.718,14.482,426.87,88.968,

[2025-06-12 11:19:03] ,2,71.889,432.275,174.341,43.482,514.2,-13.536,

[2025-06-12 11:19:10] ,4,79.798,495.02,65.985,12.439,510.179,-86.392,

[2025-06-12 11:19:21] ,2,0.377,432.868,46.432,62.068,440.909,-123.408,

[2025-06-12 11:19:27] ,4,81.651,421.887,-23.268,26.28,492.516,-82.304,

[2025-06-12 11:19:38] ,1,23.775,434.648,9.713,-9.179,517.429,-47.899,

[2025-06-12 11:19:45] ,2,4.793,435.439,129.218,50.402,510.509,-123.69,

[2025-06-12 11:19:55] ,2,35.639,474.523,-94.05,4.661,509.85,-85.878,

[2025-06-12 11:20:03] ,4,58.048,484.673,63.895,-7.136,489.352,81.798,

[2025-06-12 11:20:20] ,1,22.193,401.232,-50.389,40.121,441.766,18.113,

[2025-06-12 11:20:27] ,1,83.291,466.086,-64.359,45.789,499.173,-72.372,

[2025-06-12 11:20:35] ,4,84.465,517.912,58.496,0.114,518.55,81.724,

[2025-06-12 11:20:47] ,1,-8.52,414.743,43.55,27.466,431.089,68.671,

[2025-06-12 11:21:03] ,2,21.007,504.313,90,-10.3,507.148,-46.095,

[2025-06-12 11:21:16] ,1,40.45,416.391,-14.534,51.457,494.823,47.521,

[2025-06-12 11:21:32] ,1,54.95,402.22,-30.518,-3.841,465.889,-36.769,

[2025-06-12 11:21:42] ,1,78.348,416.259,-6.74,45.459,513.936,-13.536,

[2025-06-12 11:21:52] ,1,46.316,485.793,58.69,-0.611,502.336,-79.786,

[2025-06-12 11:22:09] ,1,39.461,473.007,-12.693,14.021,476.434,-54.23,

[2025-06-12 11:22:25] ,1,42.691,438.47,-80.372,37.682,453.564,-46.432,

[2025-06-12 11:22:34] ,1,39.132,455.475,71.089,-4.698,455.673,78.789,

[2025-06-12 11:22:46] ,1,76.107,472.743,85.365,69.318,503.457,-36.56,

[2025-06-12 11:23:03] ,1,16.13,448.686,42.51,-11.618,486.32,-79.38,

[2025-06-12 11:23:11] ,1,23.709,490.538,36.769,-0.15,511.036,-38.501,

[2025-06-12 11:23:22] ,1,14.943,488.627,-0.512,-9.97,511.234,-7.696,

[2025-06-12 11:23:37] ,1,40.45,443.018,-63.886,13.164,498.843,-39.611,

[2025-06-12 11:23:48] ,1,-1.468,501.743,-41.8,34.584,512.354,-2.556,

[2025-06-12 11:24:05] ,1,54.818,462.593,75.231,4.068,508.004,-14.534,

[2025-06-12 11:24:33] ,4,54.159,403.67,69.444,42.361,415.336,-18.273,

[2025-06-12 11:24:42] ,2,63.123,429.639,-145.465,-5.686,431.682,-78.69,

[2025-06-12 11:24:48] ,2,75.052,439.525,157.341,52.643,447.632,132.479,

[2025-06-12 11:24:56] ,2,33.266,450.4,24.319,19.359,467.075,-7.063,

[2025-06-12 11:25:04] ,2,62.068,488.232,47.175,-5.686,489.484,-167.583,

[2025-06-12 11:25:12] ,4,85.861,460.352,30.964,77.095,476.698,-39.542,

[2025-06-12 11:25:22] ,1,71.691,405.318,12.529,-3.577,504.05,-47.862,

[2025-06-12 11:25:29] ,2,38.473,475.248,77.417,30.102,512.486,-70.105,

[2025-06-12 11:25:39] ,4,43.68,441.107,-10.713,47.634,509.388,61.348,

[2025-06-12 11:25:51] ,1,45.261,404.395,-60.001,34.782,511.695,-21.991,

[2025-06-12 11:25:58] ,2,-5.225,468.393,124.951,49.809,516.704,86.878,

[2025-06-12 11:26:08] ,1,-11.618,449.016,30.877,-7.202,468.129,-66.4,

[2025-06-12 11:26:18] ,2,-11.091,437.02,26.338,14.548,507.741,113.131,

[2025-06-12 11:26:35] ,1,65.1,441.37,-69.8,60.816,492.648,-25.88,

[2025-06-12 11:26:46] ,1,-10.563,412.568,-85.914,36.496,501.743,-13.416,

[2025-06-12 11:27:01] ,1,-10.827,415.93,-11.411,37.88,444.402,-75.101,

[2025-06-12 11:27:09] ,1,38.473,473.204,-79.875,36.034,497.788,3.545,

[2025-06-12 11:27:18] ,2,-6.148,456.925,112.27,21.205,468.657,135.356,

[2025-06-12 11:27:28] ,1,51.391,464.373,39.289,30.498,489.484,63.208,

[2025-06-12 11:27:38] ,4,-9.838,487.902,156.4,29.707,518.484,28.163,

[2025-06-12 11:27:56] ,1,-0.216,493.636,16.991,16.591,494.954,81.87,

[2025-06-12 11:28:03] ,4,80.918,494.493,17.292,72.35,512.618,54.583,

[2025-06-12 11:28:21] ,1,14.68,399.32,47.899,15.866,437.811,71.887,

[2025-06-12 11:28:47] ,1,8.88,443.743,5.56,16.723,465.823,47.121,

[2025-06-12 11:28:59] ,1,-8.059,414.611,3.094,58.048,501.611,-8.707,

[2025-06-12 11:29:16] ,1,24.171,473.007,-46.414,28.455,493.504,-82.875,

[2025-06-12 11:29:28] ,1,17.25,507.213,70.278,-6.345,513.804,-78.69,

[2025-06-12 11:29:38] ,1,62.134,459.495,-90,47.173,499.568,4.086,

[2025-06-12 11:30:02] ,1,58.839,458.902,15.876,84.411,459.825,-62.745,

[2025-06-12 11:30:11] ,2,62.134,443.216,119.055,20.15,448.554,-122.005,

[2025-06-12 11:30:41] ,2,58.311,423.839,143.027,56.202,482.695,-88.986,

[2025-06-12 11:30:51] ,4,74.92,462.725,20.376,-11.552,508.4,0,

[2025-06-12 11:31:26] ,2,29.707,462.791,92.027,59.761,465.625,167.307,

[2025-06-12 11:31:33] ,4,7.957,434.318,-78.19,75.711,443.414,-16.65,

[2025-06-12 11:31:42] ,1,61.805,428.782,-60.255,-1.534,496.932,11.81,

[2025-06-12 11:31:49] ,2,74.657,474.918,22.463,69.186,505.5,130.601,

[2025-06-12 11:31:57] ,4,83.429,497.597,5.29,75.509,517.196,14.421,

[2025-06-12 11:32:07] ,2,6.375,433.593,37.786,40.45,457.32,-138.2,

[2025-06-12 11:32:23] ,4,-10.563,456.529,-25.659,76.964,492.911,78.589,

[2025-06-12 11:32:39] ,1,28.125,478.016,52.829,56.796,483.816,-59.816,

[2025-06-12 11:32:46] ,2,29.905,417.05,85.914,10.923,421.993,-106.991,

[2025-06-12 11:32:56] ,2,63.518,440.777,104.534,57.389,453.959,-99.211,

[2025-06-12 11:33:04] ,2,41.109,464.636,-50.711,59.3,469.711,42.479,

[2025-06-12 11:33:11] ,4,11.384,456.595,-10.214,74.525,496.668,-47.553,

[2025-06-12 11:33:20] ,1,68.791,452.311,46.801,4.859,511.3,-40.711,

[2025-06-12 11:33:29] ,1,31.157,406.175,-6.68,0.509,498.184,51.103,

[2025-06-12 11:33:37] ,2,28.916,439.657,120.44,59.168,449.279,-131.76,

[2025-06-12 11:33:48] ,2,-8.191,432.473,-95.102,65.364,461.209,48.621,

[2025-06-12 11:33:55] ,2,50.468,479.532,168.69,3.936,481.179,166.817,

[2025-06-12 11:34:05] ,4,24.368,432.473,-74.476,82.105,473.336,-28.856,

[2025-06-12 11:34:20] ,1,35.309,427.398,-17.628,22.259,498.184,26.338,

[2025-06-12 11:34:27] ,2,-10.563,408.02,-6.17,-1.073,438.668,76.701,

[2025-06-12 11:34:36] ,2,4.464,455.145,-76.701,41.636,469.184,167.8,

[2025-06-12 11:34:43] ,2,-4.895,469.645,7.125,61.673,471.82,-49.674,

[2025-06-12 11:34:51] ,2,24.764,478.214,-26.114,-4.763,497.986,137.862,

[2025-06-12 11:35:01] ,1,-3.445,430.561,42.479,-11.684,471.623,73.639,

[2025-06-12 11:35:10] ,2,38.341,427.464,-91.023,35.705,495.416,10.214,

[2025-06-12 11:35:18] ,4,81.314,482.366,19.584,68,496.866,17.292,

[2025-06-12 11:35:34] ,1,-6.873,399.848,-15.662,37.88,416.523,-90,

[2025-06-12 11:35:41] ,1,12.175,416.918,75.593,-4.961,420.873,-6.621,

[2025-06-12 11:35:50] ,1,75.448,428.386,-35.242,59.893,442.095,41.091,

[2025-06-12 11:35:59] ,1,-9.904,456.068,-45,73.405,468.591,-33.408,

[2025-06-12 11:36:07] ,1,25.159,477.95,-35.074,5.716,485.925,52.829,

[2025-06-12 11:36:16] ,1,71.691,490.077,-9.293,23.907,494.098,-38.581,

[2025-06-12 11:36:24] ,1,-1.732,514.991,-63.435,60.421,518.616,38.418,

[2025-06-12 11:36:33] ,2,8.946,453.695,156.14,33.596,464.439,-65.681,

[2025-06-12 11:36:43] ,1,27.202,444.007,29.055,-0.018,454.486,-69.326,

[2025-06-12 11:36:51] ,1,14.877,468.261,-78.395,19.293,487.836,-32.433,

[2025-06-12 11:37:03] ,1,13.559,435.966,-69.8,3.936,507.411,-41.042,

[2025-06-12 11:37:13] ,1,56.334,444.798,-68.671,0.443,488.298,0.507,

[2025-06-12 11:37:29] ,1,33.991,457.716,6.062,2.552,457.914,82.937,

[2025-06-12 11:37:37] ,1,24.105,510.377,27.474,40.055,514.529,-51.9,

[2025-06-12 11:37:50] ,1,64.507,425.486,8.785,0.971,451.52,85.446,

[2025-06-12 11:38:37] ,1,31.289,408.152,61.837,-1.798,449.741,39.677,

[2025-06-12 11:38:45] ,1,81.973,456.266,35.952,45.657,456.925,77.307,

[2025-06-12 11:38:54] ,1,-12.936,445.852,28.61,25.291,470.502,-81.369,

[2025-06-12 11:39:02] ,1,-8.784,471.886,69.503,56.071,479.07,18.113,

[2025-06-12 11:39:11] ,1,11.121,484.211,22.27,2.816,508.466,-20.376,

[2025-06-12 11:39:22] ,1,-11.42,448.093,26.792,57.784,481.707,-66.4,

[2025-06-12 11:39:32] ,1,58.443,507.543,-83.32,27.466,508.663,-4.594,

[2025-06-12 11:39:47] ,1,79.205,416.391,36.87,36.825,420.939,81.293,

[2025-06-12 11:39:56] ,1,6.968,470.304,71.565,72.548,506.291,-60.895,

[2025-06-12 11:40:07] ,1,-0.677,432.473,50.711,69.582,508.993,-40.267,

[2025-06-12 11:40:22] ,1,16.723,398.002,-81.215,13.361,432.868,53.231,

[2025-06-12 11:40:31] ,1,36.43,468.261,60.068,84.675,477.225,-84.341,

[2025-06-12 11:40:39] ,1,49.48,484.145,-37.476,72.745,498.052,0,

[2025-06-12 11:40:48] ,2,13.296,485.2,45,60.091,508.004,26.565,

[2025-06-12 11:40:58] ,1,10.33,448.95,59.123,44.734,476.5,-84.943,

[2025-06-12 11:41:08] ,2,-5.884,462.725,-18.113,67.868,501.479,139.733,

[2025-06-12 11:41:19] ,1,44.471,493.768,16.015,21.996,515.716,-88.466,

[2025-06-12 11:41:27] ,2,-3.973,457.848,-7.063,3.607,508.729,-126.363,

[2025-06-12 11:41:44] ,1,4.727,468.789,19.552,16.986,475.248,2.027,

[2025-06-12 11:41:59] ,1,62.661,438.932,48.958,-9.048,467.932,9.628,

[2025-06-12 11:42:16] ,1,58.839,470.502,-34.951,8.418,482.036,-45,

[2025-06-12 11:42:48] ,1,34.452,482.827,61.869,-9.707,500.82,-14.899,

[2025-06-12 11:42:58] ,1,9.407,481.509,77.8,11.252,498.909,1.534,

[2025-06-12 11:43:07] ,1,85.598,446.248,-6.68,24.566,499.502,59.56,

[2025-06-12 11:43:15] ,4,77.965,412.799,-52.079,78.414,470.964,-9.293,

[2025-06-12 11:43:28] ,2,21.007,455.87,-95.56,58.114,483.684,28.61,

[2025-06-12 11:43:42] ,1,18.832,403.868,-76.464,30.564,438.141,-13.299,

[2025-06-12 11:43:50] ,1,60.486,477.357,53.936,3.409,480.784,-88.493,

[2025-06-12 11:43:59] ,1,43.811,489.616,-71.887,67.605,506.225,-66.194,

[2025-06-12 11:44:07] ,2,-7.861,434.779,-171.293,38.671,454.948,-83.437,

[2025-06-12 11:44:16] ,2,21.271,455.936,111.801,18.7,472.545,135,

[2025-06-12 11:44:26] ,1,70.9,474.984,83.379,16.921,493.043,-47.148,

[2025-06-12 11:44:33] ,2,18.832,460.748,-24.986,0.575,484.079,50.001,

[2025-06-12 11:44:43] ,1,33.991,458.902,-40.384,-5.62,500.754,-21.516,

[2025-06-12 11:44:59] ,1,30.893,400.375,-20.376,-11.091,410.393,-11.411,

[2025-06-12 11:45:06] ,1,57.85,451.191,7.125,9.077,456.002,-18.595,

[2025-06-12 11:45:15] ,2,-4.236,431.879,-110.2,74.986,433.066,54.162,

[2025-06-12 11:45:23] ,2,44.866,475.643,-93.545,-6.279,475.841,-30.184,

[2025-06-12 11:45:31] ,2,19.755,486.32,-180,9.011,501.282,157.537,

[2025-06-12 11:45:41] ,1,9.736,430.693,-66.602,-0.545,477.093,-66.602,

[2025-06-12 11:45:49] ,1,49.282,485.068,88.977,24.105,494.427,18.435,

[2025-06-12 11:45:57] ,2,60.816,411.645,-39.542,60.882,441.37,-149.123,

[2025-06-12 11:46:06] ,2,6.046,454.354,-157.068,22.127,458.441,5.102,

[2025-06-12 11:46:13] ,2,44.668,458.704,165.719,15.141,481.641,-150.255,

[2025-06-12 11:46:23] ,1,39.066,461.473,-23.398,21.271,476.566,34.38,

[2025-06-12 11:46:31] ,1,15.009,508.663,2.045,27.202,517.627,-28.405,

[2025-06-12 11:46:40] ,2,-7.466,426.079,45,6.177,470.898,-48.909,

[2025-06-12 11:46:50] ,1,-12.673,472.677,19.722,69.582,485.2,13.536,

[2025-06-12 11:46:57] ,2,26.873,470.502,157.264,8.221,488.825,-10.713,

[2025-06-12 11:47:07] ,1,62.398,445.589,-36.363,44.8,451.85,45,

[2025-06-12 11:47:15] ,4,49.801,502.477,58.548,65.759,514.727,52.306,

[2025-06-12 11:47:32] ,1,32.211,423.97,79.287,52.116,482.893,-45.716,

[2025-06-12 11:47:39] ,1,22.325,496.141,71.405,37.814,506.686,9.293,

[2025-06-12 11:47:49] ,2,58.839,416.391,-54.881,64.177,450.993,131.76,

[2025-06-12 11:48:05] ,2,3.277,422.059,-114.274,24.368,423.179,128.1,

[2025-06-12 11:48:13] ,4,-2.918,458.704,-19.722,47.502,503.061,19.411,

[2025-06-12 11:48:22] ,4,71.302,511.735,83.199,4.991,516.375,-74.338,

[2025-06-12 11:48:33] ,1,14.218,483.025,35.362,-0.018,508.532,11.31,

[2025-06-12 11:48:40] ,1,4.464,431.484,77.196,72.811,432.473,58.595,

[2025-06-12 11:48:48] ,1,54.621,434.054,-20.2,-11.684,442.754,16.015,

[2025-06-12 11:48:57] ,2,34.386,417.775,14.407,21.402,474.852,-112.27,

[2025-06-12 11:49:07] ,1,-3.182,451.916,-81.369,-11.618,490.934,-35.952,

[2025-06-12 11:49:17] ,1,61.739,424.564,11.81,75.052,494.888,89.484,

[2025-06-12 11:49:27] ,1,30.366,437.086,3.576,5.65,476.895,67.457,

[2025-06-12 11:49:37] ,2,7.298,445.984,-92.534,49.611,504.248,-73.843,

[2025-06-12 11:49:52] ,1,26.477,415.073,-72.216,56.664,469.645,34.249,

[2025-06-12 11:50:00] ,2,27.927,472.677,104.281,-7.663,510.707,-175.878,

[2025-06-12 11:50:10] ,2,29.641,487.639,-83.379,-1.863,489.418,82.875,

[2025-06-12 11:50:21] ,1,3.146,461.407,14.407,42.032,466.02,-5.057,

[2025-06-12 11:50:31] ,1,4.266,425.948,8.707,40.714,505.698,78.19,

[2025-06-12 11:50:46] ,1,6.507,404.132,-2.556,17.777,434.252,-52.524,

[2025-06-12 11:50:54] ,1,15.536,447.17,-41.8,40.121,468.591,-39.677,

[2025-06-12 11:51:03] ,2,-6.016,437.745,167.196,18.832,470.964,-71.565,

[2025-06-12 11:51:13] ,1,12.768,443.15,23.86,32.343,482.827,12.804,

[2025-06-12 11:51:21] ,2,17.448,423.509,-47.521,-5.159,470.7,-105.255,

[2025-06-12 11:51:29] ,1,-9.048,498.711,-76.088,17.448,510.773,-80.789,

[2025-06-12 11:51:40] ,1,80.589,454.75,46.081,11.186,513.738,5.148,

[2025-06-12 11:51:48] ,2,47.7,452.179,-12.2,51.523,481.114,46.432,

[2025-06-12 11:51:58] ,4,32.409,432.341,-2.045,79.93,441.304,23.131,

[2025-06-12 11:52:14] ,1,36.034,423.509,35.242,67.143,453.959,45.356,

[2025-06-12 11:52:20] ,1,10.923,467.273,84.987,-7.004,491.395,-38.501,

[2025-06-12 11:52:29] ,1,32.936,498.184,-22.736,14.284,518.748,-45,

[2025-06-12 11:52:38] ,2,38.143,401.1,123.69,34.255,449.411,50.323,

[2025-06-12 11:52:46] ,4,8.219,439.002,11.821,72.707,503.573,68.587,

[2025-06-12 11:52:56] ,2,11.582,485.2,-127.875,-2.588,488.825,32.705,

[2025-06-12 11:53:10] ,1,-4.763,467.339,4.05,-12.87,483.486,27.924,

[2025-06-12 11:53:22] ,2,42.625,401.957,86.392,21.864,490.604,176.934,

[2025-06-12 11:53:30] ,4,55.477,504.116,-56.31,33.727,516.573,-45,

[2025-06-12 11:53:42] ,2,8.484,409.339,-4.635,1.036,498.909,-124.824,

[2025-06-12 11:53:56] ,1,17.448,492.054,-16.015,25.159,507.411,-71.727,

[2025-06-12 11:54:04] ,2,9.539,450.136,13.791,76.173,465.757,-152.289,

[2025-06-12 11:54:20] ,1,42.361,420.675,-31.842,30.696,429.243,28.61,

[2025-06-12 11:54:27] ,1,7.627,433.989,53.936,4.2,493.373,-8.13,

[2025-06-12 11:54:36] ,2,37.55,450.664,-52.125,14.548,473.864,-159.8,

[2025-06-12 11:54:45] ,2,1.102,476.236,95.057,45.064,484.936,-125.655,

[2025-06-12 11:54:56] ,1,58.707,492.12,23.6,23.446,504.248,24.986,

[2025-06-12 11:55:07] ,1,10.132,473.007,87.489,53.5,513.738,39.611,

[2025-06-12 11:55:15] ,2,53.764,486.979,72.044,24.5,497.525,-10.214,

[2025-06-12 11:55:25] ,4,77.161,432.67,-24.015,51.655,514.463,-29.358,

[2025-06-12 11:55:42] ,1,12.373,463.977,57.144,65.891,473.073,67.068,

[2025-06-12 11:55:49] ,1,25.027,490.341,-15.255,41.834,495.943,42.852,

[2025-06-12 11:55:58] ,2,32.607,415.864,-119.999,-2.391,435.241,-142.927,

[2025-06-12 11:56:08] ,1,79.732,486.189,25.419,41.636,503.325,48.24,

[2025-06-12 11:56:15] ,2,65.034,469.711,-143.637,2.157,497.261,-37.786,

[2025-06-12 11:56:25] ,1,62.134,453.761,-42.852,28.323,518.088,-26.796,

[2025-06-12 11:56:34] ,1,71.361,495.943,-31.842,-6.411,496.602,82.304,

[2025-06-12 11:56:51] ,2,2.882,450.993,-96.621,14.218,483.684,-136.779,

[2025-06-12 11:57:01] ,1,81.907,479.136,67.816,0.246,508.598,29.105,

[2025-06-12 11:57:12] ,2,67.143,446.973,-128.82,3.277,486.32,-77.196,

[2025-06-12 11:57:20] ,1,28.784,444.336,23.398,17.777,451.982,-19.385,

[2025-06-12 11:57:30] ,1,47.898,448.554,74.612,-10.036,511.036,3.066,

[2025-06-12 11:57:38] ,1,37.286,514.068,26.565,51.721,514.925,54.462,

[2025-06-12 11:57:47] ,2,-0.611,476.5,-134.644,47.239,485.002,-149.56,

[2025-06-12 11:57:58] ,1,63.716,410.723,-33.546,33.398,516.968,-56.31,

[2025-06-12 11:58:06] ,2,26.28,429.309,-71.405,34.452,453.3,173.379,

[2025-06-12 11:58:25] ,1,1.234,484.739,18.113,44.339,486.386,1.534,

[2025-06-12 11:58:33] ,2,66.155,437.877,52.927,46.118,448.818,127.875,

[2025-06-12 11:58:48] ,4,-3.483,398.574,45,28.308,399.62,63.435,

[2025-06-12 11:59:00] ,1,13.361,452.443,65.472,35.309,501.413,34.824,

[2025-06-12 11:59:09] ,2,29.246,452.114,-99.13,11.318,464.768,-46.432,

[2025-06-12 11:59:16] ,2,-10.695,483.091,85.914,-5.159,509.257,-125.838,

[2025-06-12 11:59:25] ,4,73.031,400.134,5.87,79.982,432.227,-5.763,

[2025-06-12 11:59:35] ,2,69.252,481.641,80.789,9.473,490.934,9.211,

[2025-06-12 11:59:43] ,2,46.909,418.039,62.507,31.684,508.729,-53.027,

[2025-06-12 11:59:54] ,2,22.127,486.914,-146.592,-11.025,490.011,163.843,

[2025-06-12 12:00:04] ,1,-6.675,476.829,-68.671,48.557,493.043,-40.657,

[2025-06-12 12:00:16] ,2,-3.841,430.1,145.176,1.959,475.116,24.986,

[2025-06-12 12:00:33] ,2,32.739,458.177,-43.199,3.871,506.291,103.416,

[2025-06-12 12:00:48] ,2,40.977,416.72,-158.776,8.023,475.182,-177.99,

[2025-06-12 12:00:55] ,2,9.473,407.889,-4.122,-1.139,508.202,156.4,

[2025-06-12 12:01:03] ,4,66.55,469.25,11.31,82.339,491.204,66.251,

[2025-06-12 12:01:13] ,2,61.409,456.991,8.13,28.521,498.448,169.287,

[2025-06-12 12:01:22] ,4,76.7,447.434,-85.878,1.498,495.35,5.148,

[2025-06-12 12:01:32] ,2,27.927,499.7,73.496,30.102,513.607,-114.955,

[2025-06-12 12:01:46] ,2,46.382,456.266,-4.05,0.575,490.341,107.628,

[2025-06-12 12:01:53] ,2,16.657,496.998,-76.088,7.627,511.959,162.216,

[2025-06-12 12:02:01] ,2,21.205,513.013,50.064,35.309,517.759,124.824,

[2025-06-12 12:02:13] ,2,27.993,454.289,167.307,6.441,475.841,136.432,

[2025-06-12 12:02:20] ,2,27.664,482.3,7.125,56.532,487.704,-163.496,

[2025-06-12 12:02:32] ,4,79.993,420.076,-36.451,43.482,498.382,86.934,

[2025-06-12 12:02:41] ,1,4.332,485.134,12.2,20.611,512.354,56.31,

[2025-06-12 12:02:57] ,1,-7.993,466.35,-84.943,12.439,469.909,61.869,

[2025-06-12 12:03:05] ,1,4.859,503.325,-45.36,32.871,515.65,54.048,

[2025-06-12 12:03:14] ,2,-0.875,409.075,-39.218,-6.148,490.538,-84.44,

[2025-06-12 12:03:24] ,4,-0.216,399.32,-72.553,-12.541,442.491,10.305,

[2025-06-12 12:03:34] ,1,51.589,439.129,-20.376,3.146,490.473,13.299,

[2025-06-12 12:03:50] ,1,33.134,421.268,-47.521,14.35,480.784,8.059,

[2025-06-12 12:03:58] ,2,8.286,414.677,34.824,34.782,455.673,172.875,

[2025-06-12 12:04:08] ,1,16.327,437.218,-64.799,42.757,442.886,40.326,

[2025-06-12 12:04:34] ,2,22.061,446.182,73.639,71.427,446.182,-45.725,

[2025-06-12 12:04:42] ,2,-0.084,488.957,100.713,7.1,503.457,-85.406,

[2025-06-12 12:04:52] ,2,19.227,406.57,0,-0.15,416.523,142.306,

[2025-06-12 12:04:59] ,2,31.75,458.968,-174.898,11.846,463.582,-8.13,

[2025-06-12 12:05:14] ,2,32.409,454.289,-152.758,65.298,465.691,160.758,

[2025-06-12 12:05:22] ,2,-3.313,469.579,-133.199,42.361,476.236,-90,

[2025-06-12 12:05:30] ,4,76.37,446.841,5.148,19.755,448.554,3.066,

[2025-06-12 12:05:39] ,4,64.968,500.161,23.806,34.848,511.827,72.708,

[2025-06-12 12:05:50] ,2,64.046,486.518,-105.524,22.852,507.675,-142.214,

[2025-06-12 12:06:05] ,2,23.973,417.314,148.861,23.643,441.304,176.424,

[2025-06-12 12:06:44] ,2,4.53,441.766,149.56,46.25,442.029,-119.302,

[2025-06-12 12:06:54] ,2,59.564,450.664,-26.565,12.043,469.514,-130.384,

[2025-06-12 12:07:08] ,2,17.052,482.564,-63.662,58.839,503.72,-143.027,

[2025-06-12 12:07:16] ,4,12.439,430.364,-58.426,56.121,516.763,-18.104,

[2025-06-12 12:07:26] ,2,36.957,457.848,172.439,13.757,517.034,-123.261,

[2025-06-12 12:07:48] ,4,29.971,426.014,33.69,64.375,508.466,57.609,

[2025-06-12 12:08:00] ,2,34.716,464.702,-84.44,41.175,487.045,-136.801,

[2025-06-12 12:08:38] ,2,31.684,469.184,65.472,26.873,482.695,125.655,

[2025-06-12 12:08:47] ,1,69.12,447.764,24.74,2.421,501.809,-57.724,

[2025-06-12 12:09:47] ,1,2.75,459.1,-78.887,-11.091,476.566,-30.877,

[2025-06-12 12:09:56] ,1,16.657,477.093,-6.563,40.055,489.088,4.05,

[2025-06-12 12:10:13] ,1,1.036,433,-45,22.589,434.318,-21.146,

[2025-06-12 12:10:21] ,1,17.052,447.368,-43.933,32.739,464.043,89.493,

[2025-06-12 12:10:38] ,1,23.643,459.166,-23.199,1.893,470.107,-58.69,

[2025-06-12 12:10:48] ,1,-1.995,465.757,80.372,68.593,488.825,-71.887,

[2025-06-12 12:11:00] ,1,3.014,487.243,36.769,50.205,490.143,-16.361,

[2025-06-12 12:11:08] ,2,66.945,453.893,84.391,68.461,470.173,79.786,

[2025-06-12 12:11:27] ,1,64.046,443.348,-66.602,8.946,454.157,33.13,

[2025-06-12 12:11:35] ,1,24.961,465.559,-4.514,1.036,484.014,40.711,

[2025-06-12 12:11:43] ,1,-12.87,504.511,-34.951,6.243,508.268,81.798,

[2025-06-12 12:11:57] ,1,23.38,437.548,65.472,48.227,518.748,-18.925,

[2025-06-12 12:12:36] ,1,10.923,451.389,-80.372,18.898,492.054,-65.014,

[2025-06-12 12:12:46] ,1,50.402,476.566,71.887,72.218,489.682,23.334,

[2025-06-12 12:12:54] ,1,5.782,500.688,-5.057,19.359,507.477,27.474,

[2025-06-12 12:13:04] ,1,32.146,448.357,78.395,15.536,512.288,-49.674,

[2025-06-12 12:13:20] ,1,49.875,429.111,55.049,4.134,441.502,77.307,

[2025-06-12 12:13:28] ,1,44.339,461.934,82.439,61.541,476.632,-39.289,

[2025-06-12 12:13:37] ,1,7.232,493.702,35.362,19.623,508.795,39.289,

[2025-06-12 12:13:47] ,1,69.582,447.368,35.655,-4.632,464.966,-33.13,

[2025-06-12 12:13:56] ,1,56.466,486.452,-10.713,70.834,501.743,-62.745,

[2025-06-12 12:14:06] ,1,4.266,443.611,80.287,29.707,489.22,58.69,

[2025-06-12 12:14:14] ,1,59.366,490.604,72.372,53.236,507.938,-9.211,

[2025-06-12 12:14:24] ,1,4.925,459.627,-56.032,4.991,473.929,-87.489,

[2025-06-12 12:14:34] ,1,57.85,469.909,-8.13,34.98,477.95,-8.631,

[2025-06-12 12:14:44] ,2,31.091,398.595,95.194,27.598,454.816,-3.545,

[2025-06-12 12:14:59] ,1,49.216,416.852,65.045,5.321,424.366,83.32,

[2025-06-12 12:15:07] ,1,40.055,432.736,-16.504,24.5,446.379,-30.364,

[2025-06-12 12:15:16] ,1,27.993,469.052,-7.561,-5.291,475.577,12.308,

[2025-06-12 12:15:24] ,1,56.466,506.225,-40.657,-0.545,514.727,-84.898,

[2025-06-12 12:15:35] ,1,13.691,443.545,37.875,69.845,447.17,-46.067,

[2025-06-12 12:15:43] ,2,47.107,453.234,72.198,46.25,473.402,75.231,

[2025-06-12 12:15:55] ,2,22.984,478.214,-93.039,26.016,490.934,114.528,

[2025-06-12 12:16:02] ,4,77.359,499.436,-7.253,39.132,517.825,-68.776,

[2025-06-12 12:16:15] ,4,83.225,461.473,23.131,4.925,518.22,71.565,

[2025-06-12 12:16:32] ,4,78.875,425.42,-61.348,71.295,467.998,-3.576,

[2025-06-12 12:16:46] ,4,83.824,411.813,5.242,51.259,516.77,90,

[2025-06-12 12:16:58] ,4,79.732,423.904,-77.471,73.282,458.801,-60.255,

[2025-06-12 12:17:27] ,4,68.869,401.746,15.762,79.468,499.502,50.528,

[2025-06-12 12:17:39] ,4,66.55,401.43,-15.301,80.927,517.14,57.771,

[2025-06-12 12:17:46] ,4,-7.466,413.293,167.082,15.998,425.948,-30.44,

[2025-06-12 12:17:54] ,2,66.814,426.87,-84.391,48.755,436.164,67.068,

[2025-06-12 12:18:01] ,1,39.593,426.014,88.968,76.173,446.775,-73.985,

[2025-06-12 12:18:09] ,1,82.039,474.193,-80.287,7.232,506.818,-75.719,

[2025-06-12 12:18:18] ,2,34.914,443.479,8.059,-12.013,448.686,-23.86,

[2025-06-12 12:18:26] ,2,61.08,449.543,-158.671,40.252,464.043,-5.56,

[2025-06-12 12:18:34] ,2,58.443,467.998,-170.287,39.791,482.366,-149.123,

[2025-06-12 12:18:42] ,2,19.03,482.893,37.786,59.827,489.682,-162.525,

[2025-06-12 12:18:52] ,1,78.809,454.552,53.334,69.516,504.775,-50.128,

[2025-06-12 12:18:59] ,1,23.314,514.266,-58.426,57.125,517.561,72.86,

[2025-06-12 12:19:08] ,2,21.271,400.507,138.668,40.911,401.364,145.597,

[2025-06-12 12:19:16] ,2,55.28,432.473,88.968,-12.277,441.502,38.186,

[2025-06-12 12:19:24] ,2,56.861,450.729,-159.624,0.246,482.432,6.116,

[2025-06-12 12:19:32] ,2,40.384,483.618,-149.816,30.366,504.182,100.214,

[2025-06-12 12:19:42] ,1,72.68,459.429,-61.837,58.509,478.345,-12.308,

[2025-06-12 12:19:49] ,1,-7.993,501.413,47.521,71.164,509.718,-35.417,

[2025-06-12 12:20:02] ,1,52.775,498.184,-28.163,-2.852,503.061,55.049,

[2025-06-12 12:20:12] ,2,17.382,477.291,68.385,21.271,491.461,81.293,

[2025-06-12 12:20:27] ,2,19.689,462,-45.356,10.791,475.973,140.711,

[2025-06-12 12:20:36] ,1,6.902,489.813,80.789,58.971,514.266,81.293,

[2025-06-12 12:20:46] ,2,42.889,418.895,96.17,-12.409,468.789,-66.602,

[2025-06-12 12:20:53] ,2,13.098,472.216,-116.792,28.916,486.32,-29.055,

[2025-06-12 12:21:09] ,1,49.282,406.373,62.049,20.018,412.898,85.406,

[2025-06-12 12:21:16] ,2,-7.993,454.289,-137.148,46.448,495.548,-94.554,

[2025-06-12 12:21:27] ,4,78.545,493.834,-33.546,49.743,511.234,79.095,

[2025-06-12 12:21:37] ,1,-12.409,422.718,68.009,-2.457,438.404,-59.123,

[2025-06-12 12:21:47] ,2,32.673,511.366,32.276,68.659,515.386,102.529,

[2025-06-12 12:21:59] ,1,35.309,410.789,-69.444,36.364,512.486,-36.254,

[2025-06-12 12:22:10] ,2,61.08,472.875,85.446,50.6,508.136,-24.274,

[2025-06-12 12:22:21] ,1,21.007,477.225,69.974,37.616,493.834,-37.786,

[2025-06-12 12:22:37] ,1,51.193,472.282,9.628,33.134,494.625,-44.284,

[2025-06-12 12:22:47] ,1,-6.741,481.575,-57.567,4.134,493.702,67.73,

[2025-06-12 12:22:55] ,2,49.15,430.693,114.74,-2.325,506.357,-64.12,

[2025-06-12 12:23:06] ,4,53.887,401.148,8.427,72.877,498.579,84.852,

[2025-06-12 12:23:23] ,1,0.18,399.98,27.255,-8.388,458.441,-17.956,

[2025-06-12 12:23:42] ,1,-0.348,504.182,60.001,48.161,504.775,-64.12,

[2025-06-12 12:25:34] ,1,33.002,449.016,-0.507,73.932,505.104,-80.707,

[2025-06-12 12:25:43] ,2,5.65,423.179,-54.758,2.091,471.491,85.986,

[2025-06-12 12:25:53] ,4,85.927,463.12,-45.365,73.932,500.886,83.774,

[2025-06-12 12:26:13] ,1,17.316,473.007,-69.034,1.168,481.179,55.337,

[2025-06-12 12:26:21] ,4,75.777,422.982,5.194,84.148,441.041,25.419,

[2025-06-12 12:26:30] ,2,0.246,478.807,177.973,37.946,485.727,166.701,

[2025-06-12 12:26:37] ,4,24.5,428.65,19.722,46.58,494.163,-65.26,

[2025-06-12 12:26:53] ,1,7.1,413.623,-15.524,27.664,414.15,-78.69,

[2025-06-12 12:27:00] ,1,7.561,449.675,44.284,53.5,462.395,-68.385,

[2025-06-12 12:27:09] ,1,-2.127,465.625,-51.73,-7.334,490.209,63.662,

[2025-06-12 12:27:18] ,2,22.786,463.845,-57.995,50.996,494.361,128.897,

[2025-06-12 12:27:27] ,1,17.052,481.509,-1.507,9.341,493.702,-83.379,

[2025-06-12 12:27:35] ,2,34.321,501.216,22.27,2.816,515.848,97.696,

[2025-06-12 12:27:45] ,1,22.325,447.961,73.156,-10.893,473.666,39.999,

[2025-06-12 12:27:55] ,1,20.15,508.268,51.499,-9.113,509.454,-32.005,

[2025-06-12 12:28:05] ,2,45.459,485.266,-174.943,45.196,518.682,-155.726,

[2025-06-12 12:28:14] ,1,8.155,483.289,11.211,-7.927,501.611,-67.537,

[2025-06-12 12:28:31] ,2,43.086,422.389,124.403,11.318,436.164,-7.125,

[2025-06-12 12:28:39] ,2,51.523,449.543,-42.479,53.039,502.007,-130.657,

[2025-06-12 12:28:54] ,1,-9.773,467.141,-7.125,51.523,485.661,-3.039,

[2025-06-12 12:29:02] ,1,68,499.041,-58.861,40.252,512.684,-84.341,

[2025-06-12 12:29:10] ,2,74.986,429.968,111.038,58.971,511.168,-58.595,

[2025-06-12 12:29:20] ,1,2.684,403.407,79.095,25.093,474.457,24.528,

[2025-06-12 12:29:28] ,1,79.27,495.679,80.112,-9.113,502.468,-76.701,

[2025-06-12 12:29:38] ,2,24.896,421.268,-153.435,43.218,476.302,-175.95,

[2025-06-12 12:29:49] ,1,-5.95,478.345,25.201,62.661,518.484,47.203,

[2025-06-12 12:30:06] ,1,-2.391,464.966,44.644,-4.17,486.914,-24.74,

[2025-06-12 12:30:16] ,1,-4.5,411.58,86.424,9.077,515.584,-67.537,

[2025-06-12 12:30:26] ,1,84.675,450.532,-74.338,-11.354,460.286,-22.932,

[2025-06-12 12:30:43] ,1,73.734,441.436,65.934,76.568,508.729,72.708,

[2025-06-12 12:30:52] ,2,10,415.798,45.36,23.709,428.518,-90,

[2025-06-12 12:31:00] ,2,26.148,478.411,167.307,-6.675,488.495,24.74,

[2025-06-12 12:31:08] ,2,32.805,492.12,62.076,29.575,512.684,155.045,

[2025-06-12 12:31:15] ,4,84.543,452.97,5.659,85.866,517.32,-13.908,

[2025-06-12 12:31:26] ,2,62.266,409.998,-51.582,4.859,441.898,-41.8,

[2025-06-12 12:31:32] ,2,66.22,477.357,158.671,57.059,485.793,78.19,

[2025-06-12 12:31:47] ,1,18.305,478.873,-66.14,37.352,491.066,58.69,

[2025-06-12 12:31:55] ,2,12.571,446.841,-90,42.296,472.15,-55.751,

[2025-06-12 12:32:07] ,4,85.287,504.591,57.938,50.986,513.887,34.992,

[2025-06-12 12:32:19] ,4,81.973,473.995,12.529,-8.191,508.993,85.878,

[2025-06-12 12:32:36] ,1,-0.282,433.923,-82.875,-2.852,488.166,83.437,

[2025-06-12 12:32:43] ,2,26.873,412.041,171.724,-0.084,510.707,-108.113,

[2025-06-12 12:33:02] ,2,3.739,492.713,-63.662,63.321,506.027,170.2,

[2025-06-12 12:33:10] ,4,72.811,404.461,21.114,76.7,511.498,35.838,

[2025-06-12 12:33:26] ,4,73.866,491.066,-13.912,-5.357,515.913,-87.397,

[2025-06-12 12:33:35] ,2,45.855,438.8,-178.977,60.157,458.507,60.945,

[2025-06-12 12:33:53] ,4,81.643,449.939,15.164,77.623,505.895,40.601,

[2025-06-12 12:34:01] ,1,20.941,401.1,34.824,36.891,439.327,-26.114,

[2025-06-12 12:34:08] ,1,61.673,463.911,-29.495,15.734,465.229,-62.312,

[2025-06-12 12:34:19] ,1,30.827,412.173,36.254,18.502,494.361,64.558,

[2025-06-12 12:34:27] ,1,64.836,434.45,9.293,-8.454,500.623,22.932,

[2025-06-12 12:34:37] ,1,-4.961,489.088,41.424,37.352,510.245,-59.123,

[2025-06-12 12:34:54] ,1,-7.334,469.25,9.628,47.239,475.577,-53.231,

[2025-06-12 12:35:03] ,1,19.952,492.318,-14.769,30.564,493.438,-16.361,

[2025-06-12 12:35:18] ,1,18.436,406.702,60.698,51.984,414.282,85.878,

[2025-06-12 12:35:27] ,1,33.134,425.091,-43.199,50.534,453.234,-55.049,

[2025-06-12 12:35:35] ,1,13.691,465.427,26.114,-10.036,471.359,30.619,

[2025-06-12 12:35:43] ,1,18.898,484.343,20.026,68.857,500.029,83.32,

[2025-06-12 12:35:52] ,1,64.309,399.255,20.433,7.166,431.55,31.574,

[2025-06-12 12:36:02] ,1,27.268,440.514,63.886,51.061,453.761,-10.713,

[2025-06-12 12:36:10] ,1,39.791,505.895,11.31,-2.852,513.673,43.905,

[2025-06-12 12:36:21] ,1,-12.804,475.445,-23.86,-8.191,504.577,1.023,

[2025-06-12 12:36:31] ,1,59.036,430.1,-33.408,-0.941,507.279,-6.17,

[2025-06-12 12:36:39] ,4,83.291,489.484,-46.824,13.23,518.945,-67.141,

[2025-06-12 12:36:56] ,1,64.111,470.634,76.088,12.571,506.62,-25.88,

[2025-06-12 12:37:05] ,1,-3.577,448.554,69.326,6.573,506.554,-22.932,

[2025-06-12 12:37:13] ,2,33.134,443.677,92.027,27.532,490.011,-180,

[2025-06-12 12:37:31] ,4,74.393,461.143,-31.842,27.4,515.979,-87.936,

[2025-06-12 12:38:32] ,4,76.107,491.198,10.905,-11.354,518.154,30.256,

[2025-06-12 12:38:39] ,1,67.143,449.609,-59.123,-7.202,459.232,87.973,

[2025-06-12 12:38:46] ,1,67.341,476.236,22.932,27.466,477.489,-60.945,

[2025-06-12 12:38:55] ,1,8.484,461.473,77.8,31.684,504.182,-19.242,

[2025-06-12 12:39:04] ,2,5.584,447.104,-88.986,54.752,458.243,-93.545,

[2025-06-12 12:39:12] ,4,77.608,407.637,-18.768,74.261,431.55,16.65,

[2025-06-12 12:39:23] ,1,49.743,405.845,-27.022,14.614,462.329,61.189,

[2025-06-12 12:39:30] ,1,52.446,484.211,38.972,34.386,504.775,-62.978,

[2025-06-12 12:39:38] ,4,85.005,482.827,-65.298,75.95,514.766,86.326,

[2025-06-12 12:39:49] ,2,46.382,409.734,174.852,72.416,465.493,75.101,

[2025-06-12 12:40:04] ,1,2.355,419.225,23.131,31.486,463.318,-53.531,

[2025-06-12 12:40:12] ,1,29.048,484.409,24.319,52.643,517.034,-1.548,

[2025-06-12 12:40:21] ,2,38.341,420.741,-90,55.214,427.068,72.216,

[2025-06-12 12:40:31] ,1,57.125,415.666,11.915,28.521,416.72,-40.657,

[2025-06-12 12:40:38] ,2,69.714,440.711,-10.214,-4.17,461.868,-172.372,

[2025-06-12 12:40:47] ,2,15.339,469.514,73.639,-5.357,489.286,-94.05,

[2025-06-12 12:40:57] ,1,-1.402,417.05,9.8,-9.641,511.234,81.215,

[2025-06-12 12:41:08] ,2,24.434,473.402,-45,3.871,502.732,61.39,

[2025-06-12 12:41:23] ,1,23.446,436.032,-42.138,13.889,445.127,-77.8,

[2025-06-12 12:41:31] ,1,7.891,398.859,21.038,-6.148,446.511,63.208,

[2025-06-12 12:41:39] ,2,8.55,416.589,174.852,30.366,427.002,-45,

[2025-06-12 12:41:48] ,2,50.205,446.907,-175.95,1.893,472.611,-143.637,

[2025-06-12 12:41:55] ,2,31.882,498.382,-61.144,-2.72,504.445,-135.36,

[2025-06-12 12:42:03] ,4,83.752,475.973,-31.405,83.62,495.152,-36.142,

[2025-06-12 12:42:14] ,1,2.091,443.414,-5.102,-7.927,475.775,30.877,

[2025-06-12 12:42:20] ,2,42.361,473.666,119.932,57.982,485.266,-41.042,

[2025-06-12 12:42:30] ,4,82.324,513.136,-50.262,-4.236,516.704,-22.38,

[2025-06-12 12:42:41] ,1,2.289,458.573,77.8,23.907,485.332,-6.621,

[2025-06-12 12:42:48] ,1,70.505,494.098,86.424,46.646,501.348,67.537,

[2025-06-12 12:42:56] ,2,-3.313,440.052,56.17,22.325,510.575,-116.792,

[2025-06-12 12:43:13] ,1,52.841,420.939,69.444,41.9,466.02,-50.323,

[2025-06-12 12:43:21] ,1,-5.488,496.207,-44.284,46.052,506.357,20.376,

[2025-06-12 12:43:29] ,2,15.339,463.779,-33.551,63.255,496.866,120.7,

[2025-06-12 12:43:39] ,1,38.868,474.786,78.887,32.409,490.67,86.424,

[2025-06-12 12:43:49] ,4,83.224,496.822,16.949,85.085,515.64,-18.435,

[2025-06-12 12:43:59] ,2,48.952,441.502,-125.538,62.134,486.386,-96.17,

[2025-06-12 12:44:13] ,1,46.777,418.105,70.278,-2.918,436.757,-8.202,

[2025-06-12 12:44:43] ,1,25.291,433.329,72.044,24.632,456.859,67.457,

[2025-06-12 12:44:51] ,1,-2.523,461.275,10.214,38.077,494.427,34.249,

[2025-06-12 12:44:59] ,1,11.977,497.854,42.138,21.666,510.838,6.68,

[2025-06-12 12:45:10] ,1,-9.838,421.927,56.87,59.761,460.682,-7.628,

[2025-06-12 12:45:20] ,1,16.921,443.677,-76.817,-7.729,489.616,81.293,

[2025-06-12 12:45:28] ,1,20.348,511.893,-28.163,51.259,515.057,7.189,

[2025-06-12 12:45:37] ,2,8.748,406.702,54.462,43.811,502.073,-149.3,

[2025-06-12 12:45:47] ,1,57.718,509.784,-24.487,20.282,511.959,67.068,

[2025-06-12 12:45:58] ,2,55.939,506.752,93.608,14.68,513.607,168.085,

[2025-06-12 12:46:08] ,1,14.548,448.225,51.419,44.536,513.738,-50.458,

[2025-06-12 12:46:24] ,1,8.155,399.057,-5.148,11.977,429.639,77.196,

[2025-06-12 12:46:33] ,1,57.586,477.62,-66.602,63.255,495.613,54.345,

[2025-06-12 12:46:43] ,1,1.036,428.716,-24.066,34.782,431.748,-59.816,

[2025-06-12 12:46:53] ,2,4.464,470.041,-43.568,7.43,501.282,163.009,

[2025-06-12 12:47:05] ,2,12.109,464.702,125.242,60.882,488.298,144.048,

[2025-06-12 12:47:12] ,4,85.28,490.696,18.768,27.466,513.541,2.064,

[2025-06-12 12:47:28] ,1,48.293,431.22,-71.887,13.757,455.343,60.068,

[2025-06-12 12:47:35] ,1,76.502,498.843,-88.452,14.284,504.05,29.302,

[2025-06-12 12:47:44] ,2,31.882,445.654,-129.289,58.509,482.893,32.276,

[2025-06-12 12:47:55] ,1,-3.313,477.686,88.977,1.102,493.043,-79.287,

[2025-06-12 12:48:11] ,1,73.998,455.87,-60.446,-5.884,471.82,-23.199,

[2025-06-12 12:48:19] ,1,39.989,480.323,-30.184,9.341,486.518,-54.345,

[2025-06-12 12:48:28] ,1,30.696,493.702,83.379,75.118,505.368,-45,

[2025-06-12 12:48:36] ,1,66.352,514.991,-38.741,46.184,516.704,-83.83,

[2025-06-12 12:48:47] ,4,-2.86,398.764,31.504,40.78,435.373,73.009,

[2025-06-12 12:49:05] ,2,24.236,411.514,146.592,64.836,435.636,7.125,

[2025-06-12 12:49:12] ,2,24.632,421.136,178.977,11.055,437.482,8.13,

[2025-06-12 12:49:20] ,1,74.13,413.557,69.261,-12.409,420.477,-42.825,

[2025-06-12 12:49:28] ,1,36.1,430.825,-21.801,52.907,435.241,-76.584,

[2025-06-12 12:49:37] ,1,20.677,438.47,-2.027,12.109,462.725,-86.486,

[2025-06-12 12:49:46] ,2,32.343,461.736,-125.362,53.698,470.37,116.792,

[2025-06-12 12:49:54] ,2,-4.763,470.964,2.045,37.155,480.454,122.856,

[2025-06-12 12:50:02] ,4,74.459,489.286,-66.666,44.98,505.677,90,

[2025-06-12 12:50:11] ,2,59.827,495.35,99.293,45.459,506.554,162.216,

[2025-06-12 12:50:20] ,1,13.625,448.093,5.56,63.321,507.543,-86.392,

[2025-06-12 12:50:28] ,2,41.175,415.402,-49.343,12.571,479.993,20.026,

[2025-06-12 12:50:36] ,2,5.914,497.261,17.628,15.075,497.986,5.609,

[2025-06-12 12:50:44] ,4,76.041,485.398,-76.584,73.113,518.921,3.18,

[2025-06-12 12:50:54] ,2,13.625,438.339,32.705,34.123,469.118,164.745,

[2025-06-12 12:51:02] ,2,65.232,477.686,164.476,57.784,495.284,-107.14,

[2025-06-12 12:51:26] ,1,16.525,412.832,-23.806,15.273,510.97,-10.214,

[2025-06-12 12:51:34] ,2,-5.291,423.904,73.496,1.234,450.004,-173.379,

[2025-06-12 12:51:42] ,2,62.596,474.589,-76.209,33.793,474.72,142.829,

[2025-06-12 12:51:52] ,1,34.65,473.139,55.337,0.18,477.225,-63.208,

[2025-06-12 12:52:07] ,1,14.284,420.016,-72.86,22.984,467.273,-81.941,

[2025-06-12 12:52:15] ,1,71.493,484.211,5.659,30.036,486.914,-21.615,

[2025-06-12 12:52:24] ,2,35.441,425.816,-8.202,22.325,441.304,-155.681,

[2025-06-12 12:52:32] ,2,55.543,497.393,-112.659,17.58,507.675,-97.696,

[2025-06-12 12:52:42] ,1,41.571,427.793,50.001,29.971,440.316,33.551,

[2025-06-12 12:52:49] ,1,-0.414,490.275,-24.986,52.577,494.361,28.61,

[2025-06-12 12:52:58] ,4,83.884,441.832,1.032,83.95,474.852,-26.105,

[2025-06-12 12:53:10] ,1,13.955,492.911,18.595,-7.861,496.536,86.961,

[2025-06-12 12:53:17] ,4,-12.145,426.936,2.045,83.989,506.409,-39.068,

[2025-06-12 12:53:30] ,1,69.12,473.534,70.925,29.048,518.154,15.03,

[2025-06-12 12:53:37] ,2,39.923,475.314,75.719,41.109,497.525,-85.406,

[2025-06-12 12:53:49] ,1,33.793,466.679,56.449,12.109,471.82,-5.057,

[2025-06-12 12:54:00] ,1,68.857,479.861,66.4,5.518,482.695,9.13,

[2025-06-12 12:54:08] ,2,46.184,479.927,159.8,-0.545,509.784,-19.895,

[2025-06-12 12:54:25] ,1,17.909,464.307,-33.968,24.302,504.577,76.584,

[2025-06-12 12:54:35] ,1,28.85,424.498,-79.192,79.27,460.089,50.782,

[2025-06-12 12:54:43] ,1,40.582,500.491,85.914,20.282,503.523,1.023,

[2025-06-12 12:54:54] ,1,63.65,451.389,86.424,10.659,477.752,-1.014,

[2025-06-12 12:55:19] ,2,38.341,436.229,97.628,30.893,485.002,-160.925,

[2025-06-12 12:55:27] ,1,8.484,447.566,5.56,34.584,471.623,-53.231,

[2025-06-12 12:55:35] ,1,17.777,494.625,-28.61,33.134,514.068,70.105,

[2025-06-12 12:55:51] ,1,25.489,481.377,56.032,-11.025,492.779,-38.581,

[2025-06-12 12:56:00] ,2,9.143,430.891,106.361,39.461,490.802,-168.294,

[2025-06-12 12:56:10] ,1,1.959,478.214,-32.005,-8.388,498.184,82.304,

[2025-06-12 12:56:20] ,1,30.893,429.375,-25.88,3.739,480.652,-42.852,

[2025-06-12 12:56:36] ,2,-7.729,409.207,146.739,-8.454,465.889,-39.611,

[2025-06-12 12:56:52] ,1,40.582,420.345,-87.955,71.955,452.311,-82.372,

[2025-06-12 12:57:00] ,1,8.946,452.509,63.886,-10.234,480.982,-46.779,

[2025-06-12 12:57:16] ,1,17.975,500.754,-38.897,9.407,511.234,23.6,

[2025-06-12 12:57:24] ,2,36.891,432.209,47.862,46.58,446.907,11.706,

[2025-06-12 12:57:34] ,1,-9.113,453.366,9.211,39.659,455.607,11.211,

[2025-06-12 12:57:42] ,2,76.568,441.304,-85.914,63.518,484.475,86.424,

[2025-06-12 12:57:52] ,4,-10.959,459.957,-25.659,82.039,482.564,84.289,

[2025-06-12 12:58:01] ,1,75.711,503.259,-80.623,44.009,508.334,33.69,

[2025-06-12 12:58:09] ,2,31.75,466.086,139.289,27.268,505.632,-7.125,

[2025-06-12 12:58:25] ,1,50.6,401.034,85.323,40.121,475.577,9.628,

[2025-06-12 12:58:33] ,2,46.052,445.061,175.446,27.334,492.186,120.877,

[2025-06-12 12:58:43] ,1,40.121,403.407,28.652,29.839,490.473,62.758,

[2025-06-12 12:58:54] ,1,52.314,468.92,-59.816,51.984,484.804,-53.231,

[2025-06-12 12:59:06] ,1,5.123,506.027,-29.745,44.075,509.059,41.76,

[2025-06-12 12:59:21] ,2,-7.07,450.4,-63.662,11.911,491.857,-150.945,

[2025-06-12 12:59:31] ,2,66.22,473.534,-28.163,35.441,491.395,-90,

[2025-06-12 12:59:40] ,2,21.666,449.543,-87.466,32.475,493.9,-54.048,

[2025-06-12 12:59:55] ,2,-2.127,426.475,-53.334,-8.191,440.382,95.102,

[2025-06-12 13:00:02] ,2,37.221,452.904,-47.521,16.196,458.375,76.209,

[2025-06-12 13:00:10] ,2,26.148,483.684,76.088,23.116,499.304,-76.584,

[2025-06-12 13:00:20] ,4,75.421,398.827,59.859,33.925,513.475,-65.045,

[2025-06-12 13:00:37] ,2,16.13,425.618,-160.758,46.646,495.35,134.275,

[2025-06-12 13:00:51] ,2,3.409,472.677,-83.884,0.443,486.65,-148.426,

[2025-06-12 13:01:42] ,1,1.893,433.659,-38.897,18.305,502.138,84.391,

[2025-06-12 13:01:50] ,2,72.35,482.761,98.785,7.1,483.816,38.972,

[2025-06-12 13:02:00] ,1,56.664,460.484,-24.066,-0.809,486.979,34.535,

[2025-06-12 13:02:08] ,1,46.843,495.548,-18.113,-4.961,510.245,-5.609,

[2025-06-12 13:02:24] ,2,13.625,500.557,-160.925,31.355,509.059,-161.241,

[2025-06-12 13:02:39] ,1,23.643,408.482,86.906,37.946,471.491,61.631,

[2025-06-12 13:02:56] ,2,12.571,439.393,150.945,46.052,462.264,-143.936,

[2025-06-12 13:03:04] ,4,68.279,419.992,-9.462,83.165,502.408,69.567,

[2025-06-12 13:03:28] ,2,32.805,418.5,35.655,51.721,499.963,-123.69,

[2025-06-12 13:03:42] ,4,79.777,499.106,69.749,39.857,499.832,-80.2,

[2025-06-12 13:04:14] ,2,-4.763,476.632,98.13,2.75,509.191,-163.202,

[2025-06-12 13:04:29] ,1,36.957,417.577,62.289,45.327,429.836,48.621,

[2025-06-12 13:04:36] ,1,40.846,448.62,40.384,15.932,468.195,57.144,

[2025-06-12 13:04:45] ,1,41.966,479.07,-2.534,70.109,480.916,-54.758,

[2025-06-12 13:04:54] ,1,8.55,491.988,17.628,47.107,493.966,55.049,

[2025-06-12 13:05:02] ,1,36.166,504.511,-63.208,52.248,517.232,-56.31,

[2025-06-12 13:05:14] ,1,41.307,498.052,-52.214,30.102,518.22,-23.6,

[2025-06-12 13:05:30] ,1,35.902,416.325,-77.082,-7.993,498.909,61.39,

[2025-06-12 13:05:39] ,1,47.041,508.202,11.411,14.152,518.484,67.341,

[2025-06-12 13:05:49] ,1,-12.673,480.454,49.289,-11.684,491.857,55.049,

[2025-06-12 13:06:04] ,1,16.591,418.83,20.854,-8.388,455.277,-71.405,

[2025-06-12 13:06:12] ,1,45.327,472.15,81.87,52.182,489.616,-71.089,

[2025-06-12 13:06:21] ,2,55.609,419.555,153.435,-5.093,429.177,-170.2,

[2025-06-12 13:06:30] ,4,82.317,428.652,-45.37,75.83,513.029,66.732,

[2025-06-12 13:06:42] ,1,-0.941,472.875,-22.736,-5.225,489.55,74.612,

[2025-06-12 13:06:49] ,4,-1.204,514.859,18.759,70.043,514.991,77.978,

[2025-06-12 13:07:00] ,1,70.109,437.614,43.568,53.764,472.677,-9.13,

[2025-06-12 13:07:08] ,1,-9.773,427.859,69.326,7.43,498.513,-56.87,

[2025-06-12 13:07:20] ,1,16.525,404.264,21.516,9.473,489.154,-17.475,

[2025-06-12 13:07:36] ,1,75.58,434.779,70.589,-7.004,438.47,-66.602,

[2025-06-12 13:07:53] ,1,38.341,454.091,38.66,21.007,476.17,-6.563,

[2025-06-12 13:08:04] ,1,14.68,427.925,42.852,38.143,487.507,-37.171,

[2025-06-12 13:08:28] ,2,-5.554,410.064,-172.747,60.157,411.58,-67.341,

[2025-06-12 13:08:36] ,2,30.959,412.964,-4.086,10.527,448.95,118.369,

[2025-06-12 13:08:45] ,1,-0.545,436.164,-57.995,-5.027,508.532,-62.526,

[2025-06-12 13:08:54] ,1,-8.916,403.67,59.036,10.132,429.375,-45.36,

[2025-06-12 13:09:06] ,1,12.834,451.85,53.231,28.059,489.088,-40.384,

[2025-06-12 13:09:15] ,2,34.914,433.791,-119.745,61.541,450.334,-32.276,

[2025-06-12 13:09:24] ,2,1.564,459.891,-34.249,-7.795,463.516,158.199,

[2025-06-12 13:09:32] ,2,52.182,463.977,-47.862,34.782,472.348,-132.51,

[2025-06-12 13:09:40] ,2,60.948,494.098,53.027,18.239,513.87,-168.085,

[2025-06-12 13:09:48] ,4,35.345,508.29,-33.582,82.685,514.162,-59.931,

[2025-06-12 13:10:17] ,1,12.307,415.798,80.287,69.516,421.4,-29.302,

[2025-06-12 13:10:24] ,1,77.293,483.025,-29.554,21.6,485.134,-20.497,

[2025-06-12 13:10:32] ,1,35.046,487.77,-12.2,0.773,500.029,-88.466,

[2025-06-12 13:10:41] ,2,-8.059,446.379,30.877,79.336,447.764,-87.955,

[2025-06-12 13:10:49] ,2,35.243,507.213,130.267,26.28,512.75,105.388,

[2025-06-12 13:10:59] ,2,32.739,428.123,35.242,47.107,487.243,-145.886,

[2025-06-12 13:11:10] ,2,67.934,473.336,-104.407,-10.695,480.982,164.476,

[2025-06-12 13:11:25] ,1,26.148,414.084,68.295,-9.245,445.127,-37.073,

[2025-06-12 13:11:33] ,1,-5.357,487.836,-41.091,30.3,511.102,62.978,

[2025-06-12 13:11:42] ,2,46.25,449.345,-167.692,41.241,466.218,-22.543,

[2025-06-12 13:11:50] ,2,34.255,480.652,-136.081,20.611,493.834,92.534,

[2025-06-12 13:12:05] ,1,2.421,426.409,-75.593,55.346,428.584,-54.758,

[2025-06-12 13:12:13] ,1,3.739,451.85,79.963,13.098,461.473,72.676,

[2025-06-12 13:19:25] ,1,46.382,463.054,22.932,2.223,481.311,58.95,

[2025-06-12 13:19:34] ,2,57.784,473.6,-141.103,78.018,482.168,-148.861,

[2025-06-12 13:19:44] ,1,10.527,495.284,19.552,64.046,504.709,44.275,

[2025-06-12 13:19:54] ,1,68.132,465.493,-38.186,50.007,517.363,40.992,

[2025-06-12 13:20:02] ,2,13.757,474.589,54.23,42.427,496.009,60.255,

[2025-06-12 13:20:18] ,1,21.402,435.109,51.814,-11.816,449.675,39.999,

[2025-06-12 13:20:26] ,1,-5.423,465.559,-5.013,64.441,465.625,55.337,

[2025-06-12 13:20:35] ,1,79.798,466.745,-11.81,28.916,476.632,-47.459,

[2025-06-12 13:20:49] ,1,10.857,487.704,32.433,42.493,495.745,-71.405,

[2025-06-12 13:20:58] ,2,-0.084,479.466,-115.442,60.618,509.85,15.524,

[2025-06-12 13:21:08] ,1,-3.313,404.132,64.359,61.277,411.645,37.694,

[2025-06-12 13:21:15] ,2,-7.729,435.373,-120.877,24.171,461.407,56.449,

[2025-06-12 13:21:27] ,2,44.141,459.166,-149.123,13.823,506.291,58.861,

[2025-06-12 13:21:52] ,2,18.766,409.734,-58.158,4.332,483.684,168.789,

[2025-06-12 13:21:59] ,1,43.68,439.986,-43.933,0.509,454.816,-59.816,

[2025-06-12 13:22:09] ,1,4.332,433.527,-8.13,79.073,436.757,-62.978,

[2025-06-12 13:22:18] ,1,66.418,464.373,-62.526,39.461,499.634,7.696,

[2025-06-12 13:22:27] ,1,6.836,509.916,20.854,26.411,512.091,-31.574,

[2025-06-12 13:22:35] ,2,-7.4,409.47,12.417,47.568,442.425,-36.769,

[2025-06-12 13:22:45] ,2,68.264,429.441,-146.023,10.593,469.645,71.405,

[2025-06-12 13:22:53] ,2,50.666,474.259,13.791,-9.707,490.407,-129.218,

[2025-06-12 13:23:01] ,4,83.489,427.134,-80.112,83.95,486.123,11.514,

[2025-06-12 13:23:12] ,2,34.189,487.77,129.999,60.091,506.357,-44.635,

[2025-06-12 13:23:22] ,1,34.386,449.279,-66.602,62.398,480.718,64.581,

[2025-06-12 13:23:30] ,1,75.382,497.195,26.565,44.998,514.398,28.163,

[2025-06-12 13:23:46] ,1,35.836,423.311,-30.877,7.034,451.454,64.106,

[2025-06-12 13:23:54] ,1,46.118,455.079,59.816,8.352,494.691,8.631,

[2025-06-12 13:24:03] ,2,-0.414,427.266,-37.381,21.798,458.968,-90,

[2025-06-12 13:24:11] ,2,56.334,471.161,119.055,-11.157,483.354,-59.123,

[2025-06-12 13:24:19] ,2,65.166,511.695,-26.105,-4.17,512.816,-40.657,

[2025-06-12 13:24:28] ,2,13.625,443.348,-137.148,59.761,469.184,-34.951,

[2025-06-12 13:24:38] ,1,12.109,451.191,-57.144,54.357,461.934,39.999,

[2025-06-12 13:24:45] ,1,73.998,491.329,-60.446,13.757,500.754,-56.87,

[2025-06-12 13:24:54] ,2,12.702,484.277,65.014,51.918,516.375,-49.008,

[2025-06-12 13:25:06] ,1,25.357,424.498,-13.912,-0.414,438.273,38.501,

[2025-06-12 13:25:22] ,1,30.959,427.002,57.567,18.173,438.734,-1.014,

[2025-06-12 13:25:30] ,1,49.348,457.254,-48.2,-5.291,476.5,67.068,

[2025-06-12 13:25:38] ,1,-5.95,490.473,46.432,27.796,516.045,-12.308,

[2025-06-12 13:25:47] ,2,66.418,411.514,-180,-6.213,441.7,-39.289,

[2025-06-12 13:25:55] ,2,26.609,473.402,-80.372,23.05,493.966,41.042,

[2025-06-12 13:26:06] ,1,-0.545,437.745,-52.927,63.189,509.257,1.548,

[2025-06-12 13:26:14] ,1,29.575,509.454,16.015,3.409,518.22,-58.426,

[2025-06-12 13:26:25] ,2,-8.718,455.936,14.281,39.857,511.498,47.899,

[2025-06-12 13:26:33] ,4,80.457,468.854,-33.69,-2.391,513.804,-69.928,

[2025-06-12 13:26:49] ,1,18.041,401.298,-88.466,18.964,461.275,-78.395,

[2025-06-12 13:26:56] ,1,6.177,488.429,-53.936,40.252,497.657,14.899,

[2025-06-12 13:27:04] ,2,66.286,432.802,-144.048,27.664,441.239,158.199,

[2025-06-12 13:27:15] ,2,47.898,450.927,-9.628,14.218,478.609,-139.289,

[2025-06-12 13:27:23] ,4,49.084,514.595,57.885,10.066,516.441,-54.162,

[2025-06-12 13:27:32] ,1,6.309,412.964,-64.799,46.316,465.889,-79.287,

[2025-06-12 13:27:44] ,1,47.436,451.784,-40.384,48.952,470.634,-25.442,

[2025-06-12 13:27:55] ,1,-2.918,458.045,-60.255,21.468,468.657,12.2,

[2025-06-12 13:28:05] ,1,30.498,450.268,61.869,73.734,467.339,86.455,

[2025-06-12 13:28:15] ,1,63.123,447.829,24.066,38.736,499.634,-17.628,

[2025-06-12 13:28:23] ,2,11.121,435.504,-65.934,11.714,458.77,-174.943,

[2025-06-12 13:28:32] ,4,46.623,400.318,-57.328,-3.182,514.595,59.744,

[2025-06-12 13:28:48] ,1,38.077,411.843,39.611,1.3,456.793,48.24,

[2025-06-12 13:29:09] ,1,24.961,476.829,78.495,16.327,489.484,-43.221,

[2025-06-12 13:29:18] ,1,38.671,489.616,1.521,-5.62,512.288,40.657,

[2025-06-12 13:29:26] ,2,6.243,418.83,-127.786,50.666,446.314,-27.924,

[2025-06-12 13:29:42] ,1,35.639,435.702,-48.576,-2.918,447.698,-76.209,

[2025-06-12 13:29:50] ,1,9.209,474.193,-47.49,30.893,483.75,28.811,

[2025-06-12 13:29:58] ,1,-2.72,490.341,-12.804,22.918,501.282,64.799,

[2025-06-12 13:30:07] ,2,26.675,446.775,-1.521,37.814,456.332,-139.289,

[2025-06-12 13:30:17] ,1,6.243,455.211,-65.472,71.098,485.661,-58.158,

[2025-06-12 13:30:26] ,1,8.221,434.12,42.852,-3.577,508.795,70.278,

[2025-06-12 13:30:42] ,1,55.28,408.811,-38.418,39.857,416.523,12.804,

[2025-06-12 13:30:57] ,1,31.355,431.616,-4.05,5.782,458.243,12.2,

[2025-06-12 13:31:06] ,1,46.118,470.239,16.361,57.257,502.732,-18.273,

[2025-06-12 13:31:17] ,1,-12.079,461.407,-89.493,14.218,461.67,-68.854,

[2025-06-12 13:31:25] ,1,34.386,482.432,54.926,-12.541,489.154,-88.977,

[2025-06-12 13:31:37] ,2,70.439,460.682,-87.973,62.068,512.157,-75.964,

[2025-06-12 13:31:59] ,1,58.246,446.775,39.611,-0.545,502.863,4.086,

[2025-06-12 13:32:09] ,1,4.464,444.6,-34.249,81.182,489.286,17.784,

[2025-06-12 13:32:17] ,2,74.459,402.023,97.386,40.648,451.52,-157.73,

[2025-06-12 13:32:26] ,1,29.773,449.411,20.497,-9.97,468.854,43.199,

[2025-06-12 13:32:34] ,1,23.38,484.343,20.026,-6.213,501.216,73.985,

[2025-06-12 13:32:42] ,2,10.066,440.579,-88.479,10.396,466.943,-178.986,

[2025-06-12 13:32:53] ,1,62.859,445.786,70.278,-8.257,496.207,76.088,

[2025-06-12 13:33:01] ,1,69.78,405.318,-31.232,34.848,504.907,-15.876,

[2025-06-12 13:33:09] ,4,85.664,438.339,12.022,82.443,511.08,47.231,

[2025-06-12 13:33:20] ,2,63.189,450.795,-142.524,51.523,473.6,106.504,

[2025-06-12 13:33:29] ,1,-11.288,459.495,-16.991,32.871,514.529,42.101,

[2025-06-12 13:33:45] ,1,18.898,408.68,7.696,81.445,455.277,-14.534,

[2025-06-12 13:33:53] ,1,-2.325,455.673,-62.758,16.261,458.507,-72.198,

[2025-06-12 13:34:02] ,1,23.511,492.911,86.455,37.814,499.238,10.214,

[2025-06-12 13:34:10] ,2,60.157,431.616,40.657,12.109,440.777,-96.116,

[2025-06-12 13:34:20] ,2,14.811,454.684,110.026,-0.743,497.195,122.276,

[2025-06-12 13:34:30] ,1,-1.6,504.05,0,10.725,512.354,40.992,

[2025-06-12 13:34:37] ,2,42.296,500.293,-3.094,60.025,515.848,45,

[2025-06-12 13:34:53] ,1,70.307,481.904,32.981,19.623,496.338,82.372,

[2025-06-12 13:35:00] ,2,-8.85,413.491,48.621,8.88,446.445,110.497,

[2025-06-12 13:35:09] ,2,46.909,455.607,146.87,28.586,474.852,-81.369,

[2025-06-12 13:35:17] ,4,75.909,450.268,87.955,60.552,501.084,45.735,

[2025-06-12 13:35:27] ,1,82.895,422.586,-28.856,68.791,438.141,-71.241,

[2025-06-12 13:35:34] ,1,15.602,507.411,20.376,32.936,514.991,-67.068,

[2025-06-12 13:35:43] ,2,-2.72,484.014,-49.616,-11.552,493.043,9.713,

[2025-06-12 13:35:58] ,1,6.177,406.241,-63.435,35.573,442.557,39.611,

[2025-06-12 13:36:06] ,1,71.955,446.907,-23.131,20.15,450.268,-65.225,

[2025-06-12 13:36:15] ,1,12.966,483.552,69.974,45.986,517.363,-52.927,

[2025-06-12 13:36:23] ,2,63.65,421.268,34.824,68.791,431.286,-135.725,

[2025-06-12 13:36:33] ,1,16.855,494.625,-16.361,52.38,515.913,-35.838,

[2025-06-12 13:36:41] ,2,72.614,481.839,-75.964,32.277,487.573,-49.289,

[2025-06-12 13:36:51] ,2,-11.882,503.852,-28.61,13.164,515.386,-129.936,

[2025-06-12 13:37:00] ,2,43.943,431.616,45,34.65,475.116,-139.616,

[2025-06-12 13:37:08] ,1,3.673,427.398,48.24,-9.048,439.261,42.852,

[2025-06-12 13:37:16] ,1,80.259,441.041,87.955,-5.686,486.848,66.602,

[2025-06-12 13:37:28] ,1,13.889,410.064,-31.574,24.171,477.554,-49.616,

[2025-06-12 13:37:36] ,1,33.991,488.561,38.186,11.055,497.591,-45,

[2025-06-12 13:37:47] ,2,72.877,487.573,-28.856,42.361,493.768,-133.919,

[2025-06-12 13:37:59] ,1,39.857,483.948,70.925,18.7,492.911,41.042,

[2025-06-12 13:38:15] ,1,81.841,491.132,19.722,55.609,501.545,-10.305,

[2025-06-12 13:38:30] ,1,18.7,443.875,-8.059,20.809,473.402,89.497,

[2025-06-12 13:38:39] ,1,40.318,482.893,-28.61,10.527,492.054,-22.932,

[2025-06-12 13:38:47] ,2,30.036,420.214,-129.936,49.348,448.291,-172.372,

[2025-06-12 13:38:57] ,2,64.441,462.066,121.574,19.491,463.911,68.854,

[2025-06-12 13:39:05] ,1,13.164,445.852,-11.211,10.857,509.718,38.1,

[2025-06-12 13:39:16] ,1,23.775,454.42,-58.69,61.08,492.252,-21.329,

[2025-06-12 13:39:24] ,1,-2.259,501.611,-82.372,-10.366,516.507,-4.635,

[2025-06-12 13:39:35] ,1,-10.827,467.207,-46.067,15.339,480.52,-74.124,

[2025-06-12 13:39:51] ,1,1.761,435.373,71.405,31.025,484.211,-56.449,

[2025-06-12 13:40:01] ,1,5.321,485.002,37.171,20.809,490.802,43.221,

[2025-06-12 13:40:18] ,1,15.734,464.834,-72.198,-5.818,467.141,-20.674,

[2025-06-12 13:40:28] ,1,49.875,406.768,79.603,37.155,424.893,-70.758,

[2025-06-12 13:40:44] ,1,41.175,469.579,47.827,4.002,470.898,25.442,

[2025-06-12 13:40:52] ,1,20.348,474.391,34.663,-7.663,482.695,-21.615,

[2025-06-12 13:41:09] ,4,75.184,406.505,71.4,85.266,509.75,58.05,

[2025-06-12 13:41:36] ,1,9.802,455.607,16.844,39.33,472.084,-77.307,

[2025-06-12 13:41:43] ,1,-7.795,419.093,-56.17,2.816,476.566,-4.554,

[2025-06-12 13:41:54] ,1,25.752,464.9,64.106,-1.007,505.434,-47.148,

[2025-06-12 13:42:07] ,1,13.691,456.925,41.8,52.182,518.682,45.725,

[2025-06-12 13:42:23] ,1,13.757,413.82,-37.786,70.966,416.655,27.493,

[2025-06-12 13:42:39] ,1,22.127,444.6,60.751,12.966,458.111,-77.307,

[2025-06-12 13:42:47] ,1,38.407,475.379,82.439,5.057,494.361,87.466,

[2025-06-12 13:43:05] ,1,6.639,501.545,25.659,-8.916,514.661,-76.088,

[2025-06-12 13:43:17] ,1,-12.211,469.118,56.87,28.191,485.266,-67.92,

[2025-06-12 13:43:25] ,1,57.389,496.207,-3.545,-1.534,511.563,3.576,

[2025-06-12 13:43:37] ,1,-7.729,415.468,69.146,36.034,416.72,83.32,

[2025-06-12 13:43:45] ,1,-4.632,473.139,76.209,14.284,488.561,3.545,

[2025-06-12 13:43:55] ,1,-4.434,439.327,-16.991,62.53,487.441,-12.804,

[2025-06-12 13:44:11] ,1,-1.534,420.873,38.897,37.946,422.982,16.504,

[2025-06-12 13:44:19] ,1,22.852,426.014,-70.448,15.536,455.804,47.121,

[2025-06-12 13:44:32] ,1,71.427,485.793,-84.391,64.902,497.788,89.484,

[2025-06-12 13:44:47] ,1,-7.532,447.764,-42.138,17.25,479.4,-36.469,

[2025-06-12 13:44:56] ,1,80.852,480.982,2.556,31.75,518.813,4.086,

[2025-06-12 13:45:19] ,2,-0.479,419.225,135.735,28.521,488.1,104.407,

[2025-06-12 13:45:38] ,1,77.689,473.007,43.55,41.505,492.318,15.524,

[2025-06-12 13:45:45] ,1,18.634,483.157,33.551,22.061,500.557,39.999,

[2025-06-12 13:45:54] ,1,-0.479,427.793,70.925,73.47,428.584,-47.899,

[2025-06-12 13:46:02] ,1,11.055,473.732,49.939,55.543,507.279,-80.287,

[2025-06-12 13:46:13] ,1,53.171,498.777,-54.048,46.448,513.475,68.671,

[2025-06-12 13:46:23] ,1,23.38,479.136,18.911,39.725,496.866,71.887,

[2025-06-12 13:46:40] ,1,43.482,420.477,24.274,44.998,493.307,-81.293,

[2025-06-12 13:46:50] ,1,51.786,451.125,-21.801,-9.904,500.557,-64.341,

[2025-06-12 13:47:06] ,1,4.991,434.252,61.189,77.227,437.811,-48.24,

[2025-06-12 13:47:14] ,1,41.834,446.248,41.424,69.714,451.059,27.474,

[2025-06-12 13:47:22] ,1,-7.4,451.389,43.221,4.398,458.375,-6.563,

[2025-06-12 13:47:31] ,1,68.791,480.586,13.299,82.105,482.761,-57.019,

[2025-06-12 13:47:39] ,1,65.891,510.377,41.379,4.661,513.738,-28.163,

[2025-06-12 13:47:50] ,1,-7.795,492.911,-11.211,45.986,501.018,-57.995,

[2025-06-12 13:48:05] ,1,4.332,406.439,34.535,-10.432,418.236,19.722,

[2025-06-12 13:48:14] ,1,0.905,427.002,-62.076,9.934,438.273,54.638,

[2025-06-12 13:48:22] ,1,23.577,468.723,-22.543,64.441,486.518,8.13,

[2025-06-12 13:48:31] ,1,25.884,498.118,-23.398,-1.073,507.873,-84.898,

[2025-06-12 13:49:49] ,1,80.918,456.332,-56.592,43.284,461.604,43.933,

[2025-06-12 13:50:00] ,1,22.786,453.366,18.595,61.277,456.793,-73.985,

[2025-06-12 13:50:09] ,1,5.321,472.282,76.817,58.839,483.618,-79.786,

[2025-06-12 13:50:20] ,1,85.664,488.166,-83.26,69.977,517.363,-36.87,

[2025-06-12 13:50:52] ,4,19.623,398.134,-65.26,54.291,427.398,-86.424,

[2025-06-12 13:51:02] ,1,65.561,398.859,72.058,34.123,435.439,-73.009,

[2025-06-12 13:51:08] ,1,59.168,443.743,24.066,37.023,454.552,37.569,

[2025-06-12 13:51:17] ,1,-6.016,408.68,30.44,-6.675,456.529,12.693,

[2025-06-12 13:51:26] ,1,51.918,468.129,22.736,17.514,488.693,-36.769,

[2025-06-12 13:51:36] ,1,32.673,400.639,45.36,-6.016,416.984,42.101,

[2025-06-12 13:51:44] ,1,34.123,467.998,9.051,27.466,499.766,47.148,

[2025-06-12 13:51:54] ,2,32.475,411.843,-160.589,59.168,422.784,126.666,

[2025-06-12 13:52:11] ,1,-11.025,426.936,4.594,6.836,432.736,67.068,

[2025-06-12 13:52:18] ,1,70.9,400.375,-44.626,-8.388,451.059,-53.231,

[2025-06-12 13:52:27] ,1,63.914,456.991,-69.326,19.227,474.391,-27.013,

[2025-06-12 13:52:37] ,1,7.232,458.441,73.78,7.43,479.664,72.676,

[2025-06-12 13:52:46] ,1,-9.97,480.323,-36.064,28.586,494.888,38.186,

[2025-06-12 13:52:58] ,1,3.475,416.984,-24.955,25.027,445.127,57.144,

[2025-06-12 13:53:06] ,1,6.046,492.779,-26.338,32.936,509.586,-5.102,

[2025-06-12 13:53:23] ,1,40.186,437.218,-45,7.759,444.534,-63.435,

[2025-06-12 13:53:35] ,2,3.871,405.78,149.036,62.2,422.652,-39.611,

[2025-06-12 13:53:43] ,2,47.239,428.979,-53.637,35.836,439.986,73.496,

[2025-06-12 13:53:51] ,4,20.581,417.306,-18.591,80.89,500.561,73.551,

[2025-06-12 13:54:00] ,1,48.03,409.075,73.843,66.155,454.486,-42.138,

[2025-06-12 13:54:07] ,1,0.509,460.55,36.469,-1.732,477.884,53.936,

[2025-06-12 13:54:16] ,1,65.825,481.575,-57.295,19.952,511.629,22.659,

[2025-06-12 13:54:26] ,1,10.791,451.454,26.114,-12.673,461.736,-71.565,

[2025-06-12 13:54:35] ,1,2.75,469.777,-85.986,5.584,492.648,-38.581,

[2025-06-12 13:54:43] ,1,27.005,497.261,30.877,-7.466,498.448,32.705,

[2025-06-12 13:54:52] ,2,41.768,399.782,-13.536,40.78,505.566,165.101,

[2025-06-12 13:55:02] ,4,84.084,504.443,80.538,46.118,515.65,-9.293,

[2025-06-12 13:55:18] ,1,77.161,429.968,77.583,7.759,465.493,80.372,

[2025-06-12 13:55:25] ,2,46.646,467.207,-64.341,-12.607,476.566,-119.055,

[2025-06-12 13:55:33] ,2,41.043,478.214,-60.505,7.034,502.732,-66.869,

[2025-06-12 13:55:43] ,2,45.196,439.92,79.192,7.891,453.761,52.524,

[2025-06-12 13:55:50] ,2,53.105,459.693,-126.064,57.389,476.5,177.444,

[2025-06-12 13:56:00] ,2,24.171,403.868,95.148,43.35,434.516,-161.405,

[2025-06-12 13:56:08] ,2,16.196,473.929,174.943,66.155,500.293,-113.806,

[2025-06-12 13:56:16] ,4,85.674,416.727,30.332,81.526,516.566,74.419,

[2025-06-12 13:56:26] ,2,-12.343,454.882,-42.51,5.255,514.859,-47.175,

[2025-06-12 13:56:36] ,2,55.675,444.402,110.376,22.127,512.684,111.516,

[2025-06-12 13:56:45] ,1,-7.268,475.116,-30.877,-5.093,509.784,21.705,

[2025-06-12 13:57:00] ,1,19.227,405.318,-74.476,70.043,442.623,-61.39,

[2025-06-12 13:57:08] ,2,53.5,419.62,-167.583,40.384,432.143,150.945,

[2025-06-12 13:57:17] ,2,-11.816,432.934,-161.887,8.616,456.464,-154.341,

[2025-06-12 13:57:25] ,2,61.541,462.132,98.13,-6.477,470.304,135,

[2025-06-12 13:57:33] ,2,43.811,475.907,32.705,3.673,503.457,-86.424,

[2025-06-12 13:57:41] ,4,78.15,497.327,12.529,22.264,505.784,-68.279,

[2025-06-12 13:58:00] ,1,1.63,455.739,-38.581,28.916,484.475,74.124,

[2025-06-12 13:58:07] ,1,60.882,496.141,-39.936,57.257,512.882,-63.204,

[2025-06-12 13:58:15] ,2,45.657,423.377,40.326,-8.652,433.725,92.534,

[2025-06-12 13:58:23] ,4,71.164,487.243,-6.74,85.334,496.8,-32.829,

[2025-06-12 13:58:32] ,4,13.691,515.584,74.338,-12.277,518.286,12.529,

[2025-06-12 13:58:41] ,2,39.923,454.354,-111.615,36.891,467.075,171.941,

[2025-06-12 13:58:48] ,2,42.164,486.979,-20.854,-6.543,497.986,4.594,

[2025-06-12 13:59:03] ,1,53.236,416.918,42.825,37.155,429.77,-70.758,

[2025-06-12 13:59:10] ,1,26.411,484.145,-69.503,-9.509,494.625,14.407,

[2025-06-12 13:59:21] ,1,49.414,443.611,1.014,78.809,487.968,48.621,

[2025-06-12 13:59:29] ,2,21.073,453.695,17.475,-10.3,459.1,53.531,

[2025-06-12 13:59:37] ,4,75.316,466.811,-16.157,68.857,516.441,-15.662,

[2025-06-12 13:59:48] ,1,70.636,428.254,44.275,-11.618,435.109,-49.289,

[2025-06-12 13:59:55] ,1,53.566,480.389,15.876,28.521,480.916,75.358,

[2025-06-12 14:00:04] ,2,37.352,414.216,-141.582,37.814,447.895,-143.531,

[2025-06-12 14:00:19] ,2,34.914,469.777,-152.526,5.914,505.961,-51.9,

[2025-06-12 14:00:29] ,1,35.375,439.327,-43.933,56.532,478.543,-26.338,

[2025-06-12 14:00:40] ,1,56.071,400.968,-71.075,69.714,497.459,10.305,

[2025-06-12 14:00:55] ,2,78.15,438.932,-132.825,12.702,468.591,-27.924,

[2025-06-12 14:01:03] ,2,61.541,483.618,47.175,53.83,506.093,106.157,

[2025-06-12 14:01:13] ,2,4.266,470.7,-131.8,58.575,482.959,-128.186,

[2025-06-12 14:01:20] ,2,45.723,494.757,168.589,14.746,497.393,82.372,

[2025-06-12 14:01:32] ,4,60.948,487.836,18.925,14.152,514.134,77.082,

[2025-06-12 14:01:49] ,2,-7.729,438.339,51.419,23.182,500.557,73.985,

[2025-06-12 14:01:56] ,1,0.575,422.85,52.619,60.289,440.777,56.87,

[2025-06-12 14:02:03] ,1,30.366,453.695,-3.514,34.98,476.17,-26.792,

[2025-06-12 14:02:12] ,1,78.875,476.368,-11.81,65.364,482.168,11.31,

[2025-06-12 14:02:21] ,1,-1.336,483.816,-29.999,55.675,513.541,70.105,

[2025-06-12 14:02:31] ,1,44.932,490.604,-85.914,-4.895,517.825,55.597,

[2025-06-12 14:02:47] ,2,31.421,414.48,39.218,13.493,510.311,-70.589,

[2025-06-12 14:02:57] ,1,30.827,500.623,-1.023,11.911,502.468,30.184,

[2025-06-12 14:03:06] ,2,71.098,409.009,-143.549,-12.673,496.47,-24.066,

[2025-06-12 14:03:14] ,4,15.932,501.611,-76.584,-3.973,515.32,30.7,

[2025-06-12 14:03:25] ,1,-4.763,398.53,-77.978,28.455,450.202,0,

[2025-06-12 14:03:33] ,1,9.934,434.648,42.852,56.466,508.136,15.03,

[2025-06-12 14:03:49] ,2,43.086,448.225,-2.027,33.53,494.559,174.391,

[2025-06-12 14:04:00] ,1,-1.468,466.416,-88.466,44.141,474.325,15.388,

[2025-06-12 14:04:15] ,2,15.932,469.711,-100.62,30.761,483.882,130.384,

[2025-06-12 14:04:30] ,1,29.18,449.939,-14.899,9.671,457.189,-55.049,

[2025-06-12 14:04:40] ,1,-12.013,483.486,-22.932,30.036,515.913,31.139,

[2025-06-12 14:04:50] ,1,8.089,443.743,43.586,-2.918,506.488,64.341,

[2025-06-12 14:05:05] ,1,4.793,398.002,5.659,48.623,418.302,-62.076,

[2025-06-12 14:05:14] ,1,30.696,440.777,7.125,37.748,484.409,36.064,

[2025-06-12 14:05:31] ,2,47.568,477.225,-82.372,22.786,512.091,-50.064,

[2025-06-12 14:05:39] ,1,9.539,462.659,-85.95,15.075,496.668,80.789,

[2025-06-12 14:05:47] ,2,5.782,420.148,-146.87,63.255,453.629,141.814,

[2025-06-12 14:05:59] ,1,34.584,400.507,36.973,6.177,441.173,-5.102,

[2025-06-12 14:06:15] ,1,14.086,400.705,18.759,16.921,469.579,-69.034,

[2025-06-12 14:06:23] ,1,63.123,474.193,-64.341,41.702,497.195,42.51,

[2025-06-12 14:06:36] ,2,28.85,497.327,95.102,42.625,518.55,-90,

[2025-06-12 14:08:18] ,1,43.68,436.559,31.574,3.277,471.689,21.801,

[2025-06-12 14:08:23] ,1,43.68,436.559,31.574,3.277,471.689,21.801,

[2025-06-12 14:08:30] ,1,81.38,489.682,66.869,19.096,490.736,76.701,

[2025-06-12 14:08:39] ,2,53.896,479.004,-69.326,-11.684,504.445,86.906,

[2025-06-12 14:08:48] ,4,-7.147,409.308,15.186,85.797,511.049,19.113,

[2025-06-12 14:08:57] ,1,-3.445,409.8,15.524,36.759,493.109,37.073,

[2025-06-12 14:09:05] ,1,34.98,440.579,10.713,0.707,465.361,38.581,

[2025-06-12 14:09:13] ,1,2.684,483.552,70.925,0.839,503.984,70.925,

[2025-06-12 14:09:22] ,2,69.055,502.6,-148.861,11.648,515.913,-15.03,

[2025-06-12 14:09:32] ,4,-11.684,406.768,-23.54,2.486,449.675,8.631,

[2025-06-12 14:09:44] ,1,0.048,477.62,-77.307,-7.993,506.225,-45.716,

[2025-06-12 14:09:51] ,1,15.602,446.775,24.528,6.836,514.925,20.854,

[2025-06-12 14:10:01] ,1,-4.5,465.757,-59.816,-2.654,503.654,-45,

[2025-06-12 14:10:11] ,2,30.3,495.152,43.919,66.616,510.245,-114.487,

[2025-06-12 14:10:27] ,1,30.432,474.325,41.8,12.109,474.589,-16.361,

[2025-06-12 14:10:35] ,1,20.743,487.507,33.551,6.441,505.829,67.537,

[2025-06-12 14:10:43] ,2,27.136,431.814,93.066,63.782,437.02,-105.03,

[2025-06-12 14:10:52] ,2,22.457,462.659,-56.87,34.98,494.954,-61.39,

[2025-06-12 14:11:01] ,1,18.964,435.241,-22.932,49.809,446.116,11.211,

[2025-06-12 14:11:09] ,1,49.48,464.9,-58.261,2.816,509.784,28.163,

[2025-06-12 14:11:17] ,2,35.573,474.654,37.875,16.261,489.484,-26.792,

[2025-06-12 14:11:27] ,2,56.136,451.982,-105.524,43.482,500.425,84.391,

[2025-06-12 14:11:42] ,1,-7.004,456.925,45.36,85.795,459.825,-43.919,

[2025-06-12 14:11:50] ,2,3.805,398.398,69.444,-7.598,404,146.454,

[2025-06-12 14:11:58] ,2,35.375,436.164,-167.196,-12.013,495.877,-84.898,

[2025-06-12 14:12:08] ,1,12.702,482.564,27.924,-6.873,486.057,80.372,

[2025-06-12 14:12:17] ,1,2.355,464.57,-76.209,29.905,496.47,11.211,

[2025-06-12 14:12:26] ,2,-11.948,421.202,113.6,56.005,464.307,-152.758,

[2025-06-12 14:12:41] ,1,43.35,430.561,51.103,52.577,453.564,-55.751,

[2025-06-12 14:12:49] ,1,67.407,476.961,-76.088,3.08,493.9,-33.83,

[2025-06-12 14:12:58] ,1,52.182,501.282,0,67.605,505.829,-75.964,

[2025-06-12 14:13:06] ,2,77.557,442.095,70.105,2.552,454.157,-159.974,

[2025-06-12 14:13:16] ,2,18.305,454.354,-130.711,38.209,505.17,-125.838,

[2025-06-12 14:13:24] ,4,-12.936,471.82,20.2,44.998,515.584,11.915,

[2025-06-12 14:13:35] ,1,6.046,419.159,-3.066,74.393,430.957,-85.365,

[2025-06-12 14:13:41] ,1,-1.732,430.891,-49.289,15.075,444.929,-77.307,

[2025-06-12 14:13:50] ,1,44.602,470.436,34.663,75.909,483.882,42.138,

[2025-06-12 14:13:59] ,1,-12.607,486.189,-56.449,51.984,492.054,14.769,

[2025-06-12 14:14:07] ,1,4.398,492.911,-4.554,-8.125,503.193,21.329,

[2025-06-12 14:14:18] ,1,46.711,441.436,27.924,-0.479,472.545,58.261,

[2025-06-12 14:14:26] ,1,38.275,480.257,13.671,70.834,499.898,-54.462,

[2025-06-12 14:14:36] ,1,-7.334,492.648,29.055,17.58,517.561,-1.548,

[2025-06-12 14:14:46] ,2,42.493,422.059,19.242,59.761,482.432,65.934,

[2025-06-12 14:15:01] ,1,27.796,413.886,21.991,-10.168,439.789,-27.242,

[2025-06-12 14:15:09] ,1,15.075,469.579,25.442,-1.6,469.909,28.369,

[2025-06-12 14:15:17] ,1,-0.941,490.934,-10.214,16.986,496.338,-24.986,

[2025-06-12 14:15:26] ,1,68.132,511.366,-41.719,42.032,516.507,-85.406,

[2025-06-12 14:15:34] ,2,49.018,431.814,125.655,3.739,512.025,-109.411,

[2025-06-12 14:15:45] ,2,7.1,411.975,-108.273,1.036,451.454,-110.674,

[2025-06-12 14:15:56] ,1,10.132,456.134,66.602,31.948,460.682,-9.628,

[2025-06-12 14:16:03] ,1,27.005,477.818,-47.121,23.973,512.223,-36.254,

[2025-06-12 14:16:19] ,1,45.261,415.27,30.44,70.9,445.061,8.202,

[2025-06-12 14:16:27] ,1,33.398,481.048,-34.951,37.814,511.827,-79.695,

[2025-06-12 14:16:38] ,1,23.116,425.948,-4.554,15.207,445.72,-84.44,

[2025-06-12 14:16:48] ,1,21.93,405.055,-24.74,51.127,444.929,18.595,

[2025-06-12 14:17:00] ,2,60.882,454.223,-14.281,56.993,479.795,-124.535,

[2025-06-12 14:17:31] ,1,76.239,451.652,69.624,46.382,453.168,-72.525,

[2025-06-12 14:17:39] ,1,81.973,465.032,-72.216,10.132,470.041,-87.99,

[2025-06-12 14:17:48] ,1,56.071,478.016,-88.479,85.005,505.104,-83.774,

[2025-06-12 14:17:58] ,1,8.616,485.134,84.44,34.386,505.763,10.305,

[2025-06-12 14:18:08] ,1,15.932,485.925,11.211,19.161,511.432,69.146,

[2025-06-12 14:18:31] ,1,20.677,448.093,-37.569,-12.211,470.041,-65.934,

[2025-06-12 14:18:40] ,1,39.857,480.059,-32.433,62.596,496.8,-28.856,

[2025-06-12 14:18:52] ,1,9.407,450.07,-11.706,58.707,472.414,37.476,

[2025-06-12 14:19:07] ,1,-8.85,402.748,3.094,41.109,433.461,2.027,

[2025-06-12 14:19:43] ,1,6.177,434.648,-67.537,9.605,461.473,39.289,

[2025-06-12 14:19:58] ,1,44.668,478.345,-10.125,-11.486,482.695,-30.619,

[2025-06-12 14:20:07] ,1,44.602,512.091,-76.584,-3.643,512.486,-32.981,

[2025-06-12 14:20:22] ,1,21.6,429.704,-42.138,14.68,448.489,-84.44,

[2025-06-12 14:20:31] ,1,70.439,453.168,-36.666,24.434,466.811,-60.068,

[2025-06-12 14:20:40] ,1,-2.918,494.888,-15.388,15.471,506.291,-80.789,

[2025-06-12 14:20:50] ,1,55.807,419.62,49.343,-10.234,495.548,-79.287,

[2025-06-12 14:20:59] ,1,16.459,501.018,-49.289,6.177,511.959,-56.592,

[2025-06-12 14:21:09] ,1,60.421,499.041,-56.31,-1.666,510.179,-13.912,

[2025-06-12 14:22:01] ,1,59.102,465.889,-69.974,27.466,473.204,-14.769,

[2025-06-12 14:22:10] ,1,59.959,404.989,-44.635,13.427,467.932,84.987,

[2025-06-12 14:22:18] ,1,7.496,438.998,-44.644,61.409,453.498,43.919,

[2025-06-12 14:22:27] ,1,80.193,490.077,23.806,65.627,515.188,-2.064,

[2025-06-12 14:22:36] ,4,84.345,429.309,7.253,1.974,499.708,55.934,

[2025-06-12 14:22:47] ,1,-4.5,412.436,12.308,56.268,430.232,42.138,

[2025-06-12 14:22:54] ,1,36.298,471.623,-45.356,7.891,494.163,47.862,

[2025-06-12 14:23:06] ,1,47.832,431.748,24.986,76.502,504.379,-2.579,

[2025-06-12 14:23:16] ,1,-11.157,456.134,-48.576,42.559,467.404,-45,

[2025-06-12 14:23:39] ,1,-10.695,449.214,-4.086,52.973,464.834,11.211,

[2025-06-12 14:23:52] ,1,-1.534,473.798,45.716,30.761,489.682,83.938,

[2025-06-12 14:24:01] ,1,45.459,500.227,29.745,3.146,502.995,11.31,

[2025-06-12 14:24:18] ,1,18.305,432.341,-57.995,-1.929,477.489,4.554,

[2025-06-12 14:24:26] ,1,47.041,500.359,-84.898,28.455,501.875,62.978,

[2025-06-12 14:24:37] ,1,31.355,471.689,-11.211,-4.236,480.191,-52.125,

[2025-06-12 14:24:45] ,1,-0.611,500.557,-79.287,-2.588,513.541,-47.521,

[2025-06-12 14:24:56] ,1,-10.629,427.266,-80.287,2.421,460.418,-46.779,

[2025-06-12 14:25:13] ,1,3.607,407.23,64.12,-2.061,446.841,36.064,

[2025-06-12 14:25:21] ,1,27.268,473.402,-58.95,12.043,482.432,-60.505,

[2025-06-12 14:25:53] ,1,21.6,455.211,36.769,2.882,472.084,-55.337,

[2025-06-12 14:26:03] ,1,33.398,480.389,89.493,66.682,500.688,48.24,

[2025-06-12 14:26:11] ,1,-4.5,504.841,-64.799,45.064,514.002,11.411,

[2025-06-12 14:26:20] ,4,21.007,414.809,43.199,22.523,448.423,-71.565,

[2025-06-12 14:26:31] ,1,50.93,454.618,73.639,7.298,472.348,24.528,

[2025-06-12 14:26:38] ,2,53.5,405.911,77.978,55.609,417.248,26.338,

[2025-06-12 14:26:46] ,2,1.366,450.202,-31.31,63.255,475.973,-1.023,

[2025-06-12 14:26:54] ,4,-7.668,399.356,-48.715,80.38,508.451,63.435,

[2025-06-12 14:27:06] ,1,7.496,449.609,-41.468,46.25,470.964,-60.751,

[2025-06-12 14:27:13] ,4,41.373,425.486,49.289,-11.12,436.486,89.51,

[2025-06-12 14:27:32] ,4,83.95,487.375,-85.878,79.717,511.072,-18.6,

[2025-06-12 14:27:42] ,1,7.364,447.17,-41.8,23.05,505.632,-31.139,

[2025-06-12 14:27:56] ,1,21.139,431.352,-1.521,84.477,435.439,72.708,

[2025-06-12 14:28:06] ,1,12.241,398.991,34.824,-8.586,473.666,53.936,

[2025-06-12 14:28:18] ,4,80.259,490.473,-68.962,-8.982,518.418,28.856,

[2025-06-12 14:28:29] ,1,83.357,446.577,-3.576,18.634,511.168,-27.022,

[2025-06-12 14:28:43] ,1,23.314,427.793,-88.466,42.427,438.866,-72.044,

[2025-06-12 14:28:51] ,1,23.577,463.252,24.986,32.146,497.063,-59.381,

[2025-06-12 14:29:00] ,1,15.009,503.457,63.435,-8.059,513.409,83.884,

[2025-06-12 14:29:10] ,1,31.025,485.332,13.791,-9.179,499.963,43.199,

[2025-06-12 14:29:18] ,4,80.918,497.195,73.202,69.306,516.662,70.735,

[2025-06-12 14:29:29] ,1,-10.3,483.354,22.932,28.718,506.752,65.26,

[2025-06-12 14:29:38] ,1,-1.6,406.834,67.537,7.43,458.836,-79.963,

[2025-06-12 14:29:51] ,1,68.791,479.136,85.914,28.059,506.752,-62.076,

[2025-06-12 14:30:03] ,1,31.684,451.125,72.198,6.507,513.277,-52.619,

[2025-06-12 14:30:18] ,1,-4.104,405.78,-54.162,62.068,413.82,65.26,

[2025-06-12 14:31:33] ,4,85.532,426.145,-12.529,56.914,486.496,53.326,

[2025-06-12 14:31:42] ,1,64.639,414.809,-7.765,54.686,429.309,13.299,

[2025-06-12 14:31:48] ,1,17.843,433.659,-44.64,63.189,444.139,50.001,

[2025-06-12 14:31:57] ,1,52.116,464.966,56.449,21.732,517.891,-74.476,

[2025-06-12 14:32:06] ,2,-12.145,448.95,-13.299,26.346,470.173,16.22,

[2025-06-12 14:32:14] ,2,34.255,484.277,13.299,56.796,486.716,150.001,

[2025-06-12 14:32:24] ,1,48.491,442.886,62.526,43.943,471.161,4.554,

[2025-06-12 14:32:32] ,1,85.598,461.077,76.584,-1.336,497.393,-73.985,

[2025-06-12 14:32:40] ,2,39.725,405.186,-39.542,-0.216,436.493,60.945,

[2025-06-12 14:32:49] ,2,65.825,439.459,73.35,55.873,475.709,-139.289,

[2025-06-12 14:32:57] ,2,-8.652,482.629,45,-8.85,509.125,169.603,

[2025-06-12 14:33:05] ,4,73.244,410.45,0,71.637,508.074,73.051,

[2025-06-12 14:33:17] ,1,65.693,452.377,5.609,34.98,494.295,33.83,

[2025-06-12 14:33:24] ,2,71.625,426.145,-176.424,83.686,443.875,-2.064,

[2025-06-12 14:33:32] ,4,78.562,514.122,-86.82,62.266,516.111,71.565,

[2025-06-12 14:33:50] ,1,10.791,418.5,-38.501,48.689,458.309,-76.817,

[2025-06-12 14:33:56] ,1,19.557,488.495,-13.791,48.425,516.704,70.105,

[2025-06-12 14:34:05] ,2,52.841,431.484,-34.535,30.168,482.761,-14.158,

[2025-06-12 14:34:13] ,4,75.335,505.286,55.008,73.227,517.982,15.581,

[2025-06-12 14:34:24] ,2,41.636,500.095,-33.408,54.555,507.938,-138.281,

[2025-06-12 14:34:34] ,2,32.541,443.611,-169.786,1.168,496.273,34.824,

[2025-06-12 14:34:43] ,1,-3.973,402.023,-16.798,58.377,452.641,57.995,

[2025-06-12 14:34:51] ,1,52.511,422.85,81.798,41.109,508.598,-23.131,

[2025-06-12 14:35:08] ,1,-1.863,433,13.299,76.634,437.548,46.45,

[2025-06-12 14:35:16] ,1,-6.543,447.236,88.986,14.943,454.223,-43.933,

[2025-06-12 14:35:35] ,1,54.291,460.748,71.089,3.277,461.341,48.532,

[2025-06-12 14:35:44] ,1,26.148,480.059,52.431,-0.677,484.079,-59.816,

[2025-06-12 14:35:52] ,1,66.155,484.804,-13.299,21.798,502.732,-79.786,

[2025-06-12 14:36:01] ,2,40.186,434.054,31.139,62.332,434.186,-137.175,

[2025-06-12 14:36:09] ,4,68.527,513.013,77.471,17.646,515.913,7.253,

[2025-06-12 14:36:21] ,1,22.786,452.707,37.569,56.136,499.502,13.416,

[2025-06-12 14:36:30] ,2,-1.732,426.804,125.655,-11.684,491.461,-58.69,

[2025-06-12 14:36:45] ,1,-6.938,449.939,36.363,0.18,485.595,-44.64,

[2025-06-12 14:36:53] ,2,-8.388,425.684,122.705,25.027,466.614,144.926,

[2025-06-12 14:37:04] ,1,60.684,494.493,6.68,-9.179,508.004,86.961,

[2025-06-12 14:37:19] ,2,19.821,443.677,-70.448,38.209,488.298,-160.448,

[2025-06-12 14:37:27] ,4,80.319,406.401,79.315,76.84,506.591,26.801,

[2025-06-12 14:37:36] ,1,8.352,475.775,-81.444,60.75,502.534,54.758,

[2025-06-12 14:37:44] ,1,4.266,466.614,-78.789,16.13,517.034,-23.6,

[2025-06-12 14:37:56] ,2,-12.013,426.739,-61.595,4.068,491.263,-16.504,

[2025-06-12 14:38:12] ,1,-10.498,482.695,-63.662,48.425,511.366,-51.582,

[2025-06-12 14:38:19] ,1,9.407,418.236,83.83,39.461,462.066,8.556,

[2025-06-12 14:38:28] ,2,9.868,441.041,5.102,5.65,492.252,120.184,

[2025-06-12 14:38:38] ,1,64.111,468.459,-36.666,-1.204,472.611,-38.186,

[2025-06-12 14:38:46] ,1,50.732,491.988,81.369,24.302,493.307,-74.124,

[2025-06-12 14:38:57] ,2,40.78,448.686,-111.801,-2.325,515.386,78.589,

[2025-06-12 14:39:12] ,1,1.827,474.918,-81.87,-2.786,493.57,69.8,

[2025-06-12 14:39:20] ,1,46.316,500.029,-31.842,19.227,506.159,-77.692,

[2025-06-12 14:39:29] ,1,63.452,507.741,-20.556,-1.402,509.191,41.76,

[2025-06-12 14:39:45] ,1,21.271,428.452,-66.4,17.052,445.193,69.974,

[2025-06-12 14:40:00] ,1,9.341,472.677,-2.01,-5.291,486.32,-79.38,

[2025-06-12 14:40:10] ,2,68,505.566,177.936,55.675,508.202,-18.435,

[2025-06-12 14:40:20] ,1,-5.027,470.568,58.861,54.752,503.193,-7.696,

[2025-06-12 14:40:35] ,1,-10.234,400.243,-48.668,12.9,452.245,28.369,

[2025-06-12 14:40:43] ,1,-4.368,477.357,48.909,45.327,481.97,43.221,

[2025-06-12 14:40:52] ,1,62.53,490.538,21.329,-3.248,493.175,34.951,

[2025-06-12 14:41:04] ,1,81.38,479.466,-73.843,47.568,504.907,85.406,

[2025-06-12 14:41:16] ,1,38.539,421.532,73.35,64.836,504.116,5.148,

[2025-06-12 14:41:33] ,1,53.632,439.525,82.372,-10.629,473.073,53.231,

[2025-06-12 14:41:48] ,2,70.768,416.918,94.16,1.959,447.302,-63.435,

[2025-06-12 14:41:58] ,4,-9.166,407.534,23.749,28.586,426.804,86.934,

[2025-06-12 14:42:07] ,1,73.602,446.379,39.218,-8.191,455.804,-26.114,

[2025-06-12 14:42:14] ,1,11.846,441.832,55.751,71.625,494.295,57.724,

[2025-06-12 14:42:22] ,2,61.541,420.609,-162.216,51.655,449.477,-169.875,

[2025-06-12 14:42:31] ,4,23.199,466.638,83.713,84.454,516.794,-22.58,

[2025-06-12 14:42:42] ,1,27.466,426.607,7.696,-5.159,467.602,-22.736,

[2025-06-12 14:42:48] ,1,46.052,467.668,-84.943,-9.179,518.22,-0.516,

[2025-06-12 14:42:57] ,2,-1.798,424.564,-11.81,13.955,435.241,145.751,

[2025-06-12 14:43:06] ,2,-1.863,484.541,54.345,11.252,513.607,65.045,

[2025-06-12 14:43:15] ,2,35.243,487.902,-59.56,58.641,512.75,76.464,

[2025-06-12 14:43:23] ,4,5.716,452.114,82.372,78.414,495.877,84.806,

[2025-06-12 14:43:34] ,1,11.516,411.25,-56.87,-0.018,478.279,68.854,

[2025-06-12 14:43:41] ,1,16.13,501.875,42.852,-7.334,502.732,-43.933,

[2025-06-12 14:43:57] ,1,16.393,433.329,47.148,9.934,462.461,-29.932,

[2025-06-12 14:44:05] ,1,48.821,470.37,56.449,32.08,476.104,-2.511,

[2025-06-12 14:44:14] ,2,67.736,425.42,20.854,54.027,429.902,156.869,

[2025-06-12 14:44:25] ,1,10.33,477.686,-33.83,23.182,495.877,76.701,

[2025-06-12 14:44:33] ,2,31.223,461.209,-118.369,11.648,509.982,149.3,

[2025-06-12 14:44:42] ,4,45.986,422.323,5.194,-8.652,517.166,-73.843,

[2025-06-12 14:44:58] ,1,18.766,446.314,13.791,58.048,475.445,-33.83,

[2025-06-12 14:45:05] ,2,29.971,414.282,15.03,27.4,494.295,-126.469,

[2025-06-12 14:45:15] ,1,-6.741,418.566,-43.176,-8.388,446.775,-71.887,

[2025-06-12 14:45:23] ,1,17.909,455.804,-52.125,70.768,462.791,29.745,

[2025-06-12 14:45:31] ,1,-9.904,473.534,-80.372,76.898,481.377,54.048,

[2025-06-12 14:45:40] ,1,-1.336,489.748,-81.369,62.2,496.536,-65.726,

[2025-06-12 14:45:51] ,1,26.873,414.084,-9.211,3.936,511.959,18.759,

[2025-06-12 14:45:59] ,2,21.336,512.552,14.407,55.411,512.948,112.659,

[2025-06-12 14:46:15] ,1,68.923,447.632,-63.435,9.605,458.573,-75.719,

[2025-06-12 14:46:23] ,1,45.723,501.084,-15.388,14.152,508.663,-1.534,

[2025-06-12 14:46:31] ,2,51.061,480.191,106.361,-4.961,488.166,-138.576,

[2025-06-12 14:46:43] ,1,37.286,399.255,0,11.318,485.398,-83.379,

[2025-06-12 14:47:00] ,2,20.348,426.145,-64.581,11.582,516.177,52.927,

[2025-06-12 14:47:19] ,4,79.366,432.451,-28.902,85.005,509.982,-87.917,

[2025-06-12 14:47:35] ,1,19.886,399.848,4.122,31.552,413.03,-52.214,

[2025-06-12 14:47:41] ,1,53.171,417.445,34.403,-0.875,448.818,10.62,

[2025-06-12 14:47:50] ,1,36.43,448.818,49.616,16.921,460.352,26.792,

[2025-06-12 14:47:59] ,1,46.843,468.129,-16.844,65.825,472.018,88.986,

[2025-06-12 14:48:08] ,1,8.682,486.518,30.619,28.982,487.968,9.13,

[2025-06-12 14:48:16] ,1,42.823,509.059,-83.884,75.514,516.77,59.3,

[2025-06-12 14:48:25] ,2,80.523,464.241,144.345,22.457,506.686,52.619,

[2025-06-12 14:48:34] ,1,67.275,423.377,51.18,54.027,518.55,72.216,

[2025-06-12 14:48:43] ,1,44.141,403.077,-81.724,66.418,466.35,13.299,

[2025-06-12 14:48:51] ,1,0.18,481.509,-36.064,75.514,486.914,-41.379,

[2025-06-12 14:49:02] ,1,29.575,438.075,76.329,85.861,461.407,37.786,

[2025-06-12 14:49:10] ,1,-1.6,479.861,13.183,21.996,496.668,69.326,

[2025-06-12 14:49:20] ,1,-5.291,415.995,33.408,32.277,512.42,-26.338,

[2025-06-12 14:49:36] ,1,47.568,400.045,0,22.325,400.836,70.105,

[2025-06-12 14:49:44] ,1,27.136,425.816,-68.854,-8.586,438.207,-56.17,

[2025-06-12 14:49:53] ,1,5.123,452.245,-21.615,55.873,464.57,53.936,

[2025-06-12 14:50:03] ,1,32.673,450.466,51.73,2.223,499.963,-4.086,

[2025-06-12 14:50:11] ,2,36.43,426.145,12.804,60.289,428.123,95.148,

[2025-06-12 14:50:19] ,2,27.466,487.441,162.044,36.891,497.129,-155.934,

[2025-06-12 14:50:31] ,1,-4.5,462.593,11.211,34.057,478.016,-62.312,

[2025-06-12 14:50:39] ,1,2.948,507.807,47.148,-12.804,514.793,70.758,

[2025-06-12 14:50:48] ,2,65.957,464.307,129.999,-3.379,482.827,12.804,

[2025-06-12 14:51:05] ,2,14.021,470.37,32.164,-4.566,497.657,113.6,

[2025-06-12 14:51:13] ,1,41.834,425.75,-61.39,68.264,451.916,-83.379,

[2025-06-12 14:51:21] ,1,-2.984,428.32,-7.696,56.861,465.493,66.801,

[2025-06-12 14:51:30] ,1,50.534,459.759,-9.628,51.127,481.443,-46.067,

[2025-06-12 14:51:38] ,1,67.275,482.959,29.302,11.121,485.332,83.938,

[2025-06-12 14:51:49] ,1,5.386,404.791,-62.049,-3.116,464.043,-4.554,

[2025-06-12 14:51:57] ,2,3.607,493.702,-154.12,38.407,510.509,104.407,

[2025-06-12 14:52:07] ,1,2.552,472.348,50.001,45.327,479.202,-51.73,

[2025-06-12 14:52:15] ,2,3.343,442.029,-39.999,67.868,479.202,-171.798,

[2025-06-12 14:52:25] ,1,-11.948,497.261,45,50.666,504.182,1.534,

[2025-06-12 14:52:33] ,2,7.627,476.236,46.432,65.957,507.873,96.17,

[2025-06-12 14:52:49] ,1,16.525,450.795,-65.014,33.2,465.757,-36.174,

[2025-06-12 14:52:56] ,1,-12.277,471.689,-12.2,33.727,482.827,-86.987,

[2025-06-12 14:53:59] ,1,-7.598,469.118,-42.51,35.507,482.3,-90,

[2025-06-12 14:54:05] ,1,-7.598,469.118,-42.51,35.507,482.3,-90,

[2025-06-12 14:54:12] ,2,43.021,457.914,-77.8,79.336,460.352,157.816,

[2025-06-12 14:54:23] ,1,-12.013,489.088,73.009,37.682,490.802,24.066,

[2025-06-12 14:54:30] ,2,59.761,441.634,-124.114,72.218,486.057,-63.895,

[2025-06-12 14:54:39] ,4,83.818,474.391,-70.907,-9.377,508.795,-65.726,

[2025-06-12 14:54:50] ,1,36.759,504.445,-7.125,-5.818,510.97,31.405,

[2025-06-12 14:55:04] ,1,21.139,400.375,-1.548,-3.841,418.039,73.009,

[2025-06-12 14:55:12] ,1,9.736,454.157,8.059,33.53,460.154,81.941,

[2025-06-12 14:55:21] ,1,-9.179,461.934,22.27,56.796,463.054,49.289,

[2025-06-12 14:55:29] ,1,73.075,488.759,84.852,23.314,504.841,87.955,

[2025-06-12 14:55:38] ,2,48.821,447.5,63.662,67.473,449.609,-154.799,

[2025-06-12 14:55:46] ,2,24.83,478.345,-99.051,26.807,493.373,120.877,

[2025-06-12 14:55:55] ,4,84.456,426.861,1.051,81.775,468.459,-81.215,

[2025-06-12 14:56:05] ,1,34.386,417.05,-27.474,4.991,461.736,-90,

[2025-06-12 14:56:12] ,1,4.002,494.098,34.951,35.573,518.023,-25.201,

[2025-06-12 14:56:24] ,1,-10.234,487.573,73.639,39.396,489.879,-5.057,

[2025-06-12 14:56:32] ,2,-2.259,438.536,-29.745,7.561,500.754,147.019,

[2025-06-12 14:56:42] ,1,26.807,498.448,8.707,6.771,504.313,18.273,

[2025-06-12 14:56:57] ,1,52.182,435.241,-67.068,-2.786,444.139,-15.388,

[2025-06-12 14:57:05] ,1,22.721,480.389,-16.844,51.721,482.629,-20.026,

[2025-06-12 14:57:14] ,1,62.859,414.941,-71.241,60.618,451.125,-47.49,

[2025-06-12 14:57:22] ,2,-0.743,423.575,-79.287,33.332,438.339,-110.2,

[2025-06-12 14:57:31] ,2,29.839,453.366,-4.554,36.957,478.807,-175.446,

[2025-06-12 14:57:40] ,1,23.446,476.829,35.362,39,503.457,-83.379,

[2025-06-12 14:57:50] ,2,12.571,448.686,-78.789,59.3,489.352,-127.476,

[2025-06-12 14:58:00] ,1,0.246,468.459,-42.879,1.827,486.057,-4.05,

[2025-06-12 14:58:07] ,4,60.816,401.627,78.996,85.664,477.686,76.464,

[2025-06-12 14:58:18] ,1,31.223,488.034,89.488,47.305,505.302,13.416,

[2025-06-12 14:58:27] ,1,18.7,482.234,-70.145,4.925,502.929,-63.208,

[2025-06-12 14:58:35] ,2,7.957,406.307,-170.112,-12.145,450.466,-146.87,

[2025-06-12 14:58:52] ,2,0.905,408.416,-122.981,56.4,422.059,177.955,

[2025-06-12 14:59:00] ,2,2.948,477.686,163.009,22.918,481.97,111.146,

[2025-06-12 14:59:08] ,1,39.461,468.459,78.789,78.018,477.95,26.565,

[2025-06-12 14:59:16] ,2,39.923,427.464,-161.241,78.018,449.477,83.884,

[2025-06-12 14:59:26] ,1,1.959,476.895,-13.299,80.391,476.895,-71.241,

[2025-06-12 14:59:33] ,1,-12.607,482.629,39.218,43.68,484.409,-51.814,

[2025-06-12 14:59:42] ,1,6.507,502.732,3.576,46.448,510.575,-43.55,

[2025-06-12 14:59:51] ,2,16.13,409.141,-121.405,48.425,424.893,-59.56,

[2025-06-12 15:00:03] ,1,44.734,484.804,-53.231,1.63,491.791,62.758,

[2025-06-12 15:00:12] ,2,5.057,511.498,157.341,-9.377,512.75,-178.958,

[2025-06-12 15:00:28] ,1,-2.588,400.045,-65.513,4.464,423.773,-19.722,

[2025-06-12 15:00:36] ,1,2.552,440.25,-62.758,5.189,480.323,81.941,

[2025-06-12 15:00:45] ,1,37.418,487.441,59.381,44.405,503.984,2.027,

[2025-06-12 15:00:53] ,2,61.343,425.948,-135,15.8,455.673,-45,

[2025-06-12 15:01:03] ,1,20.414,449.543,13.183,52.973,476.434,38.186,

[2025-06-12 15:01:11] ,1,16.261,486.057,-70.925,-0.611,515.782,82.811,

[2025-06-12 15:01:20] ,2,32.277,457.914,-178.977,36.693,486.386,51.814,

[2025-06-12 15:01:30] ,1,21.073,419.95,-24.274,45.723,463.45,22.932,

[2025-06-12 15:01:37] ,1,14.482,469.316,41.8,62.793,478.411,-25.88,

[2025-06-12 15:01:46] ,2,-6.345,468.591,-119.745,34.123,514.2,-21.038,

[2025-06-12 15:02:02] ,1,59.432,422.454,-33.408,46.382,434.845,-32.005,

[2025-06-12 15:02:09] ,1,-7.004,440.316,72.044,84.543,440.711,30.964,

[2025-06-12 15:02:18] ,1,34.452,448.686,33.83,63.848,453.036,-75.593,

[2025-06-12 15:02:26] ,1,1.564,472.677,30.619,16.525,473.995,-71.723,

[2025-06-12 15:02:35] ,1,32.409,485.925,-43.221,13.23,487.045,61.869,

[2025-06-12 15:02:44] ,2,-11.288,414.348,47.899,39.198,518.352,-141.582,

[2025-06-12 15:02:59] ,1,-2.259,442.293,18.595,47.502,468.525,5.56,

[2025-06-12 15:03:11] ,4,50.171,401.783,-27.734,84.66,509.727,-49.794,

[2025-06-12 15:03:30] ,1,-10.563,436.361,34.535,36.627,446.577,-81.87,

[2025-06-12 15:03:37] ,1,6.639,456.595,32.433,59.696,489.088,62.076,

[2025-06-12 15:03:48] ,1,8.418,428.716,-69.8,51.589,439.657,-38.581,

[2025-06-12 15:03:58] ,1,70.702,453.432,-37.476,5.914,512.025,-41.042,

[2025-06-12 15:04:08] ,1,30.3,479.927,-11.113,-1.798,490.077,-33.83,

[2025-06-12 15:04:32] ,2,67.605,398.266,-82.093,51.852,415.139,-107.14,

[2025-06-12 15:04:40] ,2,30.696,417.116,-99.8,61.014,437.086,57.45,

[2025-06-12 15:04:50] ,2,16.657,487.111,-153.208,41.439,495.745,-160.758,

[2025-06-12 15:05:05] ,2,59.168,417.709,23.334,37.221,462.329,-55.049,

[2025-06-12 15:05:12] ,2,-2.457,493.768,-16.991,36.891,501.611,41.042,

[2025-06-12 15:05:27] ,2,33.266,460.22,85.446,38.275,481.048,-75.101,

[2025-06-12 15:05:36] ,2,33.134,486.979,-100.713,35.177,510.179,-106.015,

[2025-06-12 15:05:46] ,4,25.95,444.073,2.045,9.736,490.538,-5.609,

[2025-06-12 15:06:01] ,1,50.666,496.998,87.466,53.368,517.166,81.215,

[2025-06-12 15:06:08] ,2,58.707,427.464,-50.389,38.736,442.623,-130.711,

[2025-06-12 15:06:16] ,2,26.214,474.127,-46.432,26.873,491.132,63.435,

[2025-06-12 15:06:24] ,4,69.977,470.964,82.875,83.52,487.369,47.231,

[2025-06-12 15:06:35] ,2,20.677,412.7,-56.592,40.186,488.561,9.211,

[2025-06-12 15:06:41] ,2,51.523,472.414,-104.281,57.521,493.57,137.899,

[2025-06-12 15:06:49] ,1,-0.941,416.523,-57.45,66.023,455.409,83.884,

[2025-06-12 15:06:59] ,1,82.368,432.209,-27.951,80.786,503.588,33.69,

[2025-06-12 15:07:07] ,1,56.73,512.684,-7.696,12.241,518.748,59.3,

[2025-06-12 15:07:16] ,2,32.277,448.62,-172.937,33.727,509.388,12.417,

[2025-06-12 15:07:26] ,1,60.157,463.318,-39.677,-4.104,476.368,32.005,

[2025-06-12 15:07:37] ,2,-0.15,444.929,120.184,-11.75,477.62,-118.811,

[2025-06-12 15:07:53] ,2,-6.279,458.704,48.958,42.164,496.141,85.914,

[2025-06-12 15:08:04] ,1,26.016,461.275,44.284,35.309,470.832,1.005,

[2025-06-12 15:08:11] ,2,67.011,468.459,35.242,25.489,512.75,29.302,

[2025-06-12 15:08:28] ,1,26.939,436.559,-38.897,9.275,440.909,-38.897,

[2025-06-12 15:08:35] ,1,14.416,457.518,49.616,31.882,461.407,17.324,

[2025-06-12 15:08:44] ,1,21.996,482.959,-32.856,40.121,495.284,23.6,

[2025-06-12 15:08:53] ,2,57.784,429.968,-85.878,37.946,516.902,47.553,

[2025-06-12 15:09:03] ,1,-8.916,409.602,-18.435,2.355,448.62,-59.816,

[2025-06-12 15:09:18] ,1,-0.216,467.009,1.507,16.064,471.227,34.249,

[2025-06-12 15:09:28] ,1,61.607,497.788,63.208,77.227,502.007,25.419,

[2025-06-12 15:09:38] ,2,4.266,472.677,-151.189,33.859,493.438,-134.64,

[2025-06-12 15:09:48] ,1,35.309,491.263,-22.932,53.896,512.223,-71.241,

[2025-06-12 15:10:10] ,2,68.395,439.525,162.372,-7.663,495.679,58.426,

[2025-06-12 15:10:18] ,1,68.264,417.445,27.031,23.182,440.382,-90,

[2025-06-12 15:10:28] ,1,33.2,468.261,35.362,4.002,469.711,-73.156,

[2025-06-12 15:10:37] ,1,71.361,514.266,72.553,-9.904,514.991,-56.592,

[2025-06-12 15:10:46] ,1,-11.42,430.693,-44.284,-4.17,448.554,20.2,

[2025-06-12 15:10:54] ,2,15.8,473.666,-51.103,71.23,498.513,74.338,

[2025-06-12 15:11:05] ,1,14.614,406.636,-42.825,25.818,441.568,29.745,

[2025-06-12 15:11:12] ,1,58.641,454.618,-24.775,-12.804,461.868,74.745,

[2025-06-12 15:11:21] ,1,76.041,463.186,-28.856,67.077,477.686,-29.745,

[2025-06-12 15:11:31] ,4,-3.248,459.166,-66.801,13.631,514.119,-3.912,

[2025-06-12 15:11:42] ,2,52.709,443.15,-43.568,6.375,487.375,92.534,

[2025-06-12 15:11:51] ,1,50.732,495.943,17.628,77.161,497.723,49.733,

[2025-06-12 15:12:00] ,1,53.302,440.052,18.113,15.075,455.343,2.534,

[2025-06-12 15:12:10] ,1,39.527,465.954,61.631,4.068,482.234,72.044,

[2025-06-12 15:12:18] ,1,38.539,488.429,-55.049,12.109,518.22,58.426,

[2025-06-12 15:12:34] ,1,57.85,421.927,-13.299,49.875,446.907,22.27,

[2025-06-12 15:12:42] ,1,63.848,448.686,-25.659,23.841,486.254,-34.249,

[2025-06-12 15:12:51] ,2,-2.391,456.266,-145.465,13.691,511.893,65.26,

[2025-06-12 15:13:01] ,2,49.414,476.368,-137.175,58.114,491.527,-33.408,

[2025-06-12 15:13:10] ,2,62.398,437.679,42.101,-5.357,477.225,-95.56,

[2025-06-12 15:13:18] ,2,0.443,468.657,79.287,4.793,496.273,-163.009,

[2025-06-12 15:13:26] ,2,52.709,503.523,-160.278,20.546,505.302,-32.276,

[2025-06-12 15:13:36] ,1,4.068,423.311,88.466,76.305,479.004,-39.936,

[2025-06-12 15:13:51] ,1,-10.563,405.845,77.471,45.657,417.577,-38.897,

[2025-06-12 15:13:59] ,1,-4.829,419.027,-90,76.305,430.364,-78.69,

[2025-06-12 15:14:08] ,1,-6.807,432.539,48.576,50.468,438.734,-4.05,

[2025-06-12 15:14:16] ,1,33.068,440.382,-28.369,49.15,476.764,45.707,

[2025-06-12 15:14:25] ,2,39.132,427.266,-41.042,11.516,435.9,8.631,

[2025-06-12 15:14:35] ,2,-1.534,461.407,115.442,36.364,473.666,-131.091,

[2025-06-12 15:14:42] ,2,67.934,479.795,127.381,39,490.011,166.584,

[2025-06-12 15:14:50] ,1,5.057,475.775,56.449,59.564,489.22,26.338,

[2025-06-12 15:15:00] ,1,5.321,429.309,71.405,22.852,474.918,-10.62,

[2025-06-12 15:15:08] ,2,43.482,403.868,-120.256,-11.816,446.248,140.001,

[2025-06-12 15:15:17] ,2,-5.884,470.568,-33.83,42.955,474.852,16.361,

[2025-06-12 15:15:25] ,2,54.686,517.495,-131.379,38.605,518.22,81.215,

[2025-06-12 15:15:34] ,1,0.575,443.743,10.713,43.877,492.648,77.196,

[2025-06-12 15:15:42] ,2,27.268,499.107,33.13,-4.038,506.291,57.724,

[2025-06-12 15:15:53] ,1,48.689,470.041,88.986,21.798,512.091,-34.403,

[2025-06-12 15:16:08] ,1,15.471,403.407,-88.452,35.902,435.241,50.389,

[2025-06-12 15:16:16] ,1,77.03,454.486,-12.804,-1.995,463.648,-69.8,

[2025-06-12 15:16:25] ,1,72.877,484.409,37.073,29.971,500.425,24.528,

[2025-06-12 15:16:33] ,2,7.166,420.411,8.707,73.8,424.3,152.049,

[2025-06-12 15:16:42] ,2,68.923,436.361,-31.405,-12.343,439.854,-79.786,

[2025-06-12 15:16:50] ,2,53.368,488.429,73.985,20.48,494.427,-157.537,

[2025-06-12 15:16:59] ,1,3.673,448.554,66.14,6.046,484.475,-80.372,

[2025-06-12 15:17:07] ,2,-11.552,449.741,36.064,-6.345,497.854,-180,

[2025-06-12 15:17:17] ,1,12.373,443.611,-72.044,76.37,504.445,-43.905,

[2025-06-12 15:17:29] ,1,12.505,493.9,17.475,30.432,501.545,1.023,

[2025-06-12 15:17:39] ,4,75.777,427.332,87.917,62.718,486.486,0,

[2025-06-12 15:17:48] ,2,2.816,451.982,-152.076,66.748,467.404,-94.05,

[2025-06-12 15:18:49] ,2,66.748,467.404,-94.05,7.759,478.279,-121.05,

[2025-06-12 15:18:55] ,2,2.025,460.154,-82.937,66.748,467.404,-94.05,

[2025-06-12 15:19:01] ,2,7.759,478.345,-120.619,59.234,493.438,-107.14,

[2025-06-12 15:19:09] ,2,41.571,504.841,-51.814,53.302,514.332,90,

[2025-06-12 15:19:17] ,4,77.227,431.023,-83.774,75.975,498.448,24.015,

[2025-06-12 15:19:28] ,1,2.618,485.068,-69.326,-3.182,499.37,19.552,

[2025-06-12 15:19:35] ,2,60.091,408.745,-97.253,77.03,492.384,151.348,

[2025-06-12 15:19:46] ,1,48.952,414.611,42.797,68.527,513.277,47.175,

[2025-06-12 15:19:53] ,2,66.616,430.298,82.304,10.396,436.427,85.914,

[2025-06-12 15:20:02] ,2,-11.223,466.548,-24.986,-1.204,475.577,-133.568,

[2025-06-12 15:20:10] ,2,39.857,485.398,52.214,45.196,494.361,51.9,

[2025-06-12 15:20:19] ,1,26.214,483.618,-60.255,-8.125,484.475,30.44,

[2025-06-12 15:20:27] ,2,63.123,485.398,159.146,2.816,507.543,140.782,

[2025-06-12 15:20:43] ,1,8.484,447.104,-65.014,81.841,463.582,-57.45,

[2025-06-12 15:20:50] ,1,20.809,473.995,54.926,9.209,504.511,-4.05,

[2025-06-12 15:20:59] ,2,44.471,419.093,-123.261,22.655,433.791,31.139,

[2025-06-12 15:21:08] ,2,65.627,485.002,51.9,21.139,502.929,-50.782,

[2025-06-12 15:21:17] ,2,18.371,438.866,-63.208,46.909,446.182,163.496,

[2025-06-12 15:21:25] ,2,28.916,405.186,90,4.266,457.914,90,

[2025-06-12 15:21:32] ,4,70.037,415.961,-33.835,-3.907,475.907,19.075,

[2025-06-12 15:21:42] ,1,30.564,462.593,-81.369,17.184,488.561,27.688,

[2025-06-12 15:21:49] ,2,50.798,494.823,19.242,20.546,510.245,-135.725,

[2025-06-12 15:22:05] ,1,-1.007,431.22,20.376,21.336,442.095,-72.525,

[2025-06-12 15:22:13] ,1,9.671,452.904,88.986,38.473,491.263,55.751,

[2025-06-12 15:22:22] ,1,74.591,491.461,-15.662,1.3,508.202,13.416,

[2025-06-12 15:22:30] ,2,22.786,408.086,1.042,1.366,491.857,-164.124,

[2025-06-12 15:22:39] ,1,29.443,479.07,-77.307,17.382,488.627,82.875,

[2025-06-12 15:22:47] ,2,29.509,503.918,163.496,19.623,513.409,108.759,

[2025-06-12 15:22:57] ,4,25.093,424.168,-12.417,-2.852,517.034,-68.295,

[2025-06-12 15:23:09] ,2,55.477,448.554,-158.009,50.007,475.511,137.148,

[2025-06-12 15:23:19] ,1,61.146,454.486,67.068,78.743,472.084,58.158,

[2025-06-12 15:23:34] ,1,10.461,410.393,-39.218,-5.027,443.018,-26.114,

[2025-06-12 15:23:42] ,1,82.17,452.114,-48.958,64.705,488.891,-21.991,

[2025-06-12 15:23:51] ,1,-7.927,490.67,72.044,7.693,497.129,-77.307,

[2025-06-12 15:24:01] ,1,22.193,428.123,-40.326,0.641,448.423,-35.655,

[2025-06-12 15:24:10] ,1,47.634,511.432,-48.958,64.902,518.154,64.581,

[2025-06-12 15:24:19] ,2,26.148,409.932,-135.36,69.582,429.441,64.359,

[2025-06-12 15:24:27] ,2,27.466,451.323,168.19,2.421,471.689,-22.27,

[2025-06-12 15:24:37] ,1,10.791,477.093,-43.221,48.359,507.807,32.276,

[2025-06-12 15:24:52] ,1,14.284,484.673,22.08,30.696,498.316,-16.361,

[2025-06-12 15:25:00] ,2,79.534,455.277,-110.854,52.314,490.341,-54.345,

[2025-06-12 15:25:10] ,2,38.539,460.023,-52.431,16.525,462.725,-67.73,

[2025-06-12 15:25:18] ,2,42.296,482.827,-166.701,-1.534,501.677,-160.758,

[2025-06-12 15:25:28] ,1,-8.191,431.023,-46.432,7.1,464.966,52.524,

[2025-06-12 15:25:36] ,4,79.139,405.055,-48.323,85.466,472.677,4.122,

[2025-06-12 15:25:47] ,1,33.727,458.639,-2.027,2.223,472.611,22.736,

[2025-06-12 15:25:54] ,1,18.173,487.177,50.711,33.727,493.043,4.05,

[2025-06-12 15:26:02] ,2,44.734,434.516,168.294,68.791,472.875,-20.854,

[2025-06-12 15:26:13] ,4,83.357,450.202,-26.333,84.672,512.195,-54.707,

[2025-06-12 15:26:23] ,1,41.373,470.964,82.999,4.53,483.025,-6.563,

[2025-06-12 15:26:30] ,1,14.152,496.932,87.973,-0.743,506.291,83.938,

[2025-06-12 15:26:38] ,2,6.441,431.616,-7.189,40.582,517.429,69.444,

[2025-06-12 15:26:54] ,1,8.352,409.8,1.534,58.311,426.936,22.463,

[2025-06-12 15:27:02] ,1,14.877,493.636,46.432,62.925,501.282,46.081,

[2025-06-12 15:27:10] ,2,-0.611,423.443,136.45,39.791,427.793,83.379,

[2025-06-12 15:27:18] ,2,14.021,450.334,34.114,34.65,504.248,-66.194,

[2025-06-12 15:27:28] ,1,29.443,473.27,87.466,-5.818,484.87,-33.13,

[2025-06-12 15:27:36] ,1,80.193,498.777,-72.058,30.366,503.391,11.81,

[2025-06-12 15:27:46] ,2,70.307,480.784,46.45,10.33,513.343,85.365,

[2025-06-12 15:28:02] ,1,11.055,449.214,72.525,26.609,472.479,-56.725,

[2025-06-12 15:28:10] ,2,42.559,452.114,23.86,16.855,495.086,-98.13,

[2025-06-12 15:28:20] ,1,14.943,450.466,-58.69,37.946,495.284,6.17,

[2025-06-12 15:28:28] ,1,49.611,499.963,-16.991,-12.409,514.925,59.3,

[2025-06-12 15:28:38] ,1,-3.182,478.675,21.801,47.436,496.141,-37.073,

[2025-06-12 15:28:47] ,1,30.827,511.432,52.927,-1.336,518.154,27.951,

[2025-06-12 15:29:04] ,1,48.755,432.077,-90,4.859,450.202,-20.497,

[2025-06-12 15:29:13] ,1,67.736,457.189,82.372,-3.841,469.184,-8.059,

[2025-06-12 15:29:23] ,1,23.38,455.739,78.495,60.355,495.877,-78.69,

[2025-06-12 15:29:39] ,1,43.746,491.263,-5.102,28.916,492.45,86.961,

[2025-06-12 15:29:49] ,2,19.227,441.304,28.369,65.166,513.409,-136.095,

[2025-06-12 15:30:19] ,2,10.132,456.134,43.919,48.425,509.652,132.101,

[2025-06-12 15:30:26] ,4,77.03,400.705,73.402,85.268,483.552,-39.542,

[2025-06-12 15:30:37] ,2,83.093,445.127,156.194,58.246,458.243,-8.059,

[2025-06-12 15:30:43] ,1,26.741,475.643,-80.372,48.886,480.191,40.711,

[2025-06-12 15:30:51] ,1,5.65,496.141,49.289,49.546,497.459,-73.496,

[2025-06-12 15:31:04] ,1,21.139,508.861,6.68,-5.554,512.684,-17.628,

[2025-06-12 15:31:12] ,2,21.073,445.786,133.568,50.402,462.066,-157.73,

[2025-06-12 15:31:22] ,1,9.209,487.573,37.875,64.639,506.62,31.842,

[2025-06-12 15:31:30] ,1,22.127,511.563,-52.927,42.164,517.1,2.045,

[2025-06-12 15:31:46] ,1,11.648,461.275,-76.329,0.839,497.788,-45.716,

[2025-06-12 15:31:54] ,2,10.132,436.295,-76.701,41.109,481.575,-54.758,

[2025-06-12 15:32:03] ,4,30.63,509.52,-84.341,73.734,512.618,-36.56,

[2025-06-12 15:32:13] ,1,51.786,421.4,12.308,48.491,509.982,53.746,

[2025-06-12 15:32:24] ,1,34.386,441.898,41.8,24.434,515.057,-43.55,

[2025-06-12 15:32:39] ,1,48.491,436.427,-47.862,6.177,442.754,88.977,

[2025-06-12 15:32:47] ,1,44.734,463.911,-60.068,17.514,482.827,53.531,

[2025-06-12 15:32:56] ,1,10.066,495.679,-39.999,-1.863,505.038,-3.039,

[2025-06-12 15:33:05] ,2,42.361,410.855,152.978,-2.918,428.254,122.005,

[2025-06-12 15:33:13] ,2,27.136,448.291,103.299,-8.52,470.173,-32.433,

[2025-06-12 15:33:21] ,2,68.461,471.359,77.583,33.727,477.291,113.86,

[2025-06-12 15:33:29] ,2,58.773,490.011,1.032,34.386,496.338,117.022,

[2025-06-12 15:33:38] ,1,16.196,497.063,-19.722,28.784,502.138,18.113,

[2025-06-12 15:33:50] ,1,15.734,468.591,-34.663,-6.543,470.964,-56.87,

[2025-06-12 15:34:05] ,2,9.473,416.523,-88.977,52.314,424.3,27.474,

[2025-06-12 15:34:13] ,1,36.166,407.295,-87.936,82.236,436.427,52.306,

[2025-06-12 15:34:22] ,2,66.55,437.679,-4.05,36.1,438.47,-141.814,

[2025-06-12 15:34:30] ,2,-5.95,453.3,171.87,44.536,455.541,25.201,

[2025-06-12 15:34:38] ,2,57.586,456.332,-158.009,52.577,479.664,-82.875,

[2025-06-12 15:34:46] ,2,6.441,481.575,21.801,34.518,493.109,1.023,

[2025-06-12 15:34:56] ,1,49.414,429.441,-68.962,12.702,485.661,-48.576,

[2025-06-12 15:35:03] ,1,34.255,499.634,26.338,60.618,517.495,-80.707,

[2025-06-12 15:35:12] ,2,-12.343,421.73,18.113,41.439,456.002,84.44,

[2025-06-12 15:35:20] ,2,35.111,480.257,-42.852,6.441,502.27,-109.242,

[2025-06-12 15:35:28] ,4,76.714,410.927,2.651,22.523,470.107,-29.683,

[2025-06-12 15:35:39] ,1,34.65,443.611,3.039,43.086,462.461,-65.681,

[2025-06-12 15:35:45] ,2,15.668,456.134,114.319,39.396,475.841,-168.887,

[2025-06-12 15:35:54] ,2,25.555,478.345,-153.886,29.114,495.086,-58.861,

[2025-06-12 15:36:03] ,4,9.229,399.912,-41.677,-9.575,518.748,-15.164,

[2025-06-12 15:36:15] ,1,-12.343,494.361,-13.912,54.621,504.248,64.12,

[2025-06-12 15:36:22] ,2,59.3,476.236,-19.722,29.641,480.85,-122.856,

[2025-06-12 15:36:40] ,2,42.098,461.802,71.887,-6.741,487.111,112.463,

[2025-06-12 15:36:49] ,4,6.046,458.045,-64.799,78.545,493.175,59.482,

[2025-06-12 15:36:59] ,4,62.53,503.523,39.472,-6.675,513.409,85.323,

[2025-06-12 15:37:14] ,2,9.802,423.575,-45,66.155,447.895,-19.722,

[2025-06-12 15:37:21] ,1,11.846,442.689,72.044,-3.313,486.782,-47.862,

[2025-06-12 15:37:29] ,1,46.184,487.902,48.576,14.877,490.341,-63.886,

[2025-06-12 15:37:38] ,2,32.146,458.902,157.264,50.864,509.388,67.537,

[2025-06-12 15:37:47] ,4,50.139,414.15,32.586,-5.554,462.132,0,

[2025-06-12 15:37:57] ,2,43.746,414.282,-104.534,21.271,447.764,37.476,

[2025-06-12 15:38:05] ,1,48.293,439.723,-44.64,7.1,474.127,-43.568,

[2025-06-12 15:38:13] ,2,11.121,405.78,78.085,35.771,471.557,163.156,

[2025-06-12 15:38:22] ,2,-2.852,489.55,-103.416,46.382,508.4,72.216,

[2025-06-12 15:38:37] ,1,-5.357,445.259,4.594,74.13,452.443,45,

[2025-06-12 15:38:45] ,1,81.248,469.118,-10.808,80.589,484.936,82.811,

[2025-06-12 15:38:53] ,2,17.711,419.027,-157.537,56.005,422.652,-135.365,

[2025-06-12 15:39:02] ,2,24.171,469.316,-50.001,27.136,504.05,161.241,

[2025-06-12 15:39:11] ,1,21.864,507.543,-36.769,42.559,516.968,-33.977,

[2025-06-12 15:39:23] ,1,23.511,448.554,60.505,15.405,502.336,73.496,

[2025-06-12 15:39:35] ,2,46.316,447.236,-20.2,64.375,449.082,-173.379,

[2025-06-12 15:39:46] ,2,66.748,432.407,31.842,48.491,491.791,-152.526,

[2025-06-12 15:40:01] ,1,71.889,411.843,-53.858,48.359,437.416,11.211,

[2025-06-12 15:40:09] ,1,31.091,453.695,-31.477,-9.245,494.757,43.221,

[2025-06-12 15:40:17] ,4,81.314,429.902,36.666,74.233,463.138,-21.701,

[2025-06-12 15:41:42] ,1,4.596,412.239,87.444,34.123,518.682,-38.501,

[2025-06-12 15:41:48] ,1,4.596,412.239,87.444,34.123,518.682,-38.501,

[2025-06-12 15:41:55] ,2,67.934,461.473,-66.869,75.514,475.314,79.695,

[2025-06-12 15:42:05] ,1,73.8,466.02,-61.595,-5.884,492.318,78.789,

[2025-06-12 15:42:13] ,2,56.532,446.248,-24.986,17.514,454.289,99.628,

[2025-06-12 15:42:22] ,2,14.746,466.02,72.044,24.698,494.691,64.581,

[2025-06-12 15:42:37] ,1,3.936,439.525,-27.242,-11.223,439.591,-64.799,

[2025-06-12 15:42:45] ,1,50.007,480.652,-51.419,70.307,512.091,67.816,

[2025-06-12 15:42:54] ,2,8.484,403.868,56.31,18.305,451.916,-176.961,

[2025-06-12 15:43:04] ,1,19.293,494.098,39.999,50.073,513.541,48.621,

[2025-06-12 15:43:12] ,2,52.907,488.759,-79.786,-11.025,504.709,114.066,

[2025-06-12 15:43:24] ,2,-10.629,489.748,-63.208,39.198,500.688,-107.14,

[2025-06-12 15:43:39] ,1,5.782,447.104,-9.13,26.214,457.32,47.49,

[2025-06-12 15:43:46] ,1,14.614,408.284,54.758,-10.102,446.05,54.638,

[2025-06-12 15:43:55] ,1,-5.093,462.329,50.001,21.007,478.411,35.77,

[2025-06-12 15:44:03] ,1,-3.841,492.252,-62.076,12.768,516.309,6.116,

[2025-06-12 15:44:12] ,2,14.35,443.348,-176.961,14.35,463.977,116.114,

[2025-06-12 15:44:21] ,2,48.952,467.602,-169.287,25.159,496.009,-64.799,

[2025-06-12 15:44:28] ,4,81.774,410.941,-36.027,78.809,504.445,20.072,

[2025-06-12 15:44:39] ,1,65.759,468.393,2.027,28.652,474.325,84.44,

[2025-06-12 15:44:48] ,2,74.064,445.391,-147.45,35.902,506.62,-18.113,

[2025-06-12 15:45:03] ,1,29.905,423.839,43.919,4.859,437.02,-69.8,

[2025-06-12 15:45:11] ,1,59.827,492.779,-68.484,16.591,505.17,-78.19,

[2025-06-12 15:45:19] ,2,42.098,464.241,173.379,-2.523,509.191,106.504,

[2025-06-12 15:45:29] ,1,-12.277,430.166,8.202,61.409,436.625,38.186,

[2025-06-12 15:45:37] ,1,0.048,466.679,2.534,55.477,497.327,12.308,

[2025-06-12 15:45:47] ,2,40.45,497.854,125.655,-2.061,508.861,60.446,

[2025-06-12 15:46:03] ,1,49.018,408.416,3.094,-7.334,460.748,-30.44,

[2025-06-12 15:46:10] ,2,80.984,445.259,-27.022,12.373,448.818,-45,

[2025-06-12 15:46:20] ,1,1.959,439.129,-68.484,23.709,512.816,-79.192,

[2025-06-12 15:46:30] ,1,9.802,503.852,-57.295,44.471,512.75,-26.105,

[2025-06-12 15:46:56] ,2,84.543,457.32,-65.045,1.564,462.989,163.639,

[2025-06-12 15:47:06] ,2,73.141,446.907,96.621,33.2,468.327,135,

[2025-06-12 15:47:23] ,1,67.802,449.873,57.724,78.282,506.093,-4.122,

[2025-06-12 15:47:38] ,2,26.675,428.386,-140.323,16.986,474.589,21.801,

[2025-06-12 15:47:48] ,4,14.35,515.123,-75.466,-11.223,518.682,69.928,

[2025-06-12 15:47:56] ,1,22.457,419.225,18.113,35.771,420.873,68.199,

[2025-06-12 15:48:05] ,1,39.198,443.414,8.631,24.434,444.336,-45.356,

[2025-06-12 15:48:13] ,1,-2.918,464.175,-19.552,41.768,504.709,-5.102,

[2025-06-12 15:48:29] ,1,25.884,401.891,18.273,23.511,428.716,-24.528,

[2025-06-12 15:48:37] ,1,58.311,445.193,51.419,-5.159,446.907,-2.027,

[2025-06-12 15:48:46] ,1,66.023,465.691,70.278,7.496,473.336,10.125,

[2025-06-12 15:48:56] ,1,-2.061,429.309,55.465,70.043,514.991,27.022,

[2025-06-12 15:49:06] ,2,29.905,468.525,-98.631,-11.42,501.545,148.426,

[2025-06-12 15:49:18] ,1,1.498,462.198,45.716,23.973,506.818,-3.066,

[2025-06-12 15:49:29] ,1,15.866,462.198,51.419,-2.457,492.713,-72.372,

[2025-06-12 15:49:45] ,1,11.846,464.307,-13.183,-7.4,477.752,-33.13,

[2025-06-12 15:49:56] ,1,-4.17,466.548,-86.455,49.48,477.489,16.844,

[2025-06-12 15:50:08] ,2,8.682,474.654,147.144,64.968,502.798,-13.416,

[2025-06-12 15:50:25] ,1,24.566,407.757,27.255,82.764,464.702,-23.131,

[2025-06-12 15:50:33] ,1,41.702,481.904,3.514,23.907,485.266,5.56,

[2025-06-12 15:50:41] ,1,78.414,492.054,61.144,20.414,518.484,68.484,

[2025-06-12 15:50:52] ,1,61.475,462.593,27.688,54.686,474.523,-57.995,

[2025-06-12 15:51:02] ,2,70.439,451.586,-32.981,23.05,465.559,23.86,

[2025-06-12 15:51:17] ,1,22.457,453.695,-9.628,22.852,496.009,-5.609,

[2025-06-12 15:51:25] ,1,68.395,499.502,-88.466,-6.675,506.093,86.455,

[2025-06-12 15:51:35] ,1,11.714,480.982,53.531,24.698,503.588,87.466,

[2025-06-12 15:51:46] ,2,54.159,461.67,80.372,33.53,473.929,-98.556,

[2025-06-12 15:51:58] ,4,53.368,402.023,-78.486,65.957,490.67,29.554,

[2025-06-12 15:52:10] ,1,56.268,506.554,14.534,41.9,516.111,-51.9,

[2025-06-12 15:52:19] ,2,29.905,417.182,-28.856,14.877,447.5,-135,

[2025-06-12 15:52:31] ,1,70.043,425.091,-67.816,0.114,494.361,-41.042,

[2025-06-12 15:52:40] ,2,40.78,477.554,-103.183,62.793,510.311,3.608,

[2025-06-12 15:52:56] ,1,-12.673,434.45,-52.927,55.148,438.339,-48.576,

[2025-06-12 15:53:04] ,1,18.568,440.645,7.125,-3.511,480.652,46.414,

[2025-06-12 15:53:12] ,1,39,487.045,42.879,49.677,507.543,-21.801,

[2025-06-12 15:53:21] ,2,58.839,415.139,-86.392,45.261,421.927,-113.131,

[2025-06-12 15:53:29] ,2,37.221,439.261,-99.713,53.764,490.802,-102.804,

[2025-06-12 15:53:37] ,4,79.336,503.457,72.058,2.289,516.836,-72.708,

[2025-06-12 15:53:48] ,2,25.686,432.341,-84.898,73.47,434.911,-70.589,

[2025-06-12 15:53:56] ,1,-12.541,434.252,43.919,10.593,440.382,-65.014,

[2025-06-12 15:54:04] ,1,72.943,474.061,72.86,11.516,484.475,-4.554,

[2025-06-12 15:54:13] ,1,66.682,490.802,-89.488,-9.048,496.734,41.424,

[2025-06-12 15:54:22] ,1,3.343,510.707,-75.101,70.636,511.629,-24.487,

[2025-06-12 15:54:30] ,2,37.221,414.084,97.696,73.668,451.191,-127.073,

[2025-06-12 15:54:42] ,2,-1.27,499.304,43.199,8.286,500.886,-138.621,

[2025-06-12 15:54:57] ,1,30.432,422.52,84.391,35.375,432.604,86.961,

[2025-06-12 15:55:05] ,1,62.661,445.127,74.612,34.98,453.695,4.514,

[2025-06-12 15:55:13] ,1,9.275,465.559,-27.457,28.85,466.877,-88.995,

[2025-06-12 15:55:22] ,1,72.745,474.061,-24.066,-2.654,478.675,58.95,

[2025-06-12 15:55:30] ,1,34.255,483.486,-48.532,14.943,500.293,-14.899,

[2025-06-12 15:55:39] ,2,15.536,408.943,94.594,-2.127,414.941,-15.524,

[2025-06-12 15:55:47] ,2,0.114,431.55,8.13,56.796,483.75,-35.655,

[2025-06-12 15:55:55] ,4,-0.941,452.311,63.662,-3.116,515.979,-47.203,

[2025-06-12 15:56:06] ,2,36.957,405.648,82.304,57.059,456.793,24.066,

[2025-06-12 15:56:14] ,1,0.971,474.457,38.581,-3.841,494.295,58.861,

[2025-06-12 15:56:22] ,1,7.825,505.961,-3.545,82.961,507.609,26.105,

[2025-06-12 15:56:30] ,2,61.871,439.064,-46.081,19.425,491.263,-9.628,

[2025-06-12 15:56:40] ,1,20.084,437.614,6.621,42.889,513.145,70.105,

[2025-06-12 15:56:50] ,2,49.216,465.823,-118.131,21.666,483.816,-23.199,

[2025-06-12 15:57:05] ,1,58.839,474.852,4.554,74.261,484.87,-42.101,

[2025-06-12 15:57:13] ,2,6.441,426.409,-4.086,7.496,446.314,-133.568,

[2025-06-12 15:57:23] ,2,14.614,458.441,-139.289,3.541,482.629,108.911,

[2025-06-12 15:57:39] ,2,5.848,404,99.377,1.959,442.623,-136.432,

[2025-06-12 15:57:46] ,2,18.041,499.436,-158.009,40.252,502.468,107.628,

[2025-06-12 15:57:56] ,4,83.902,412.024,10.069,21.142,436.989,-44.653,

[2025-06-12 15:58:13] ,2,80.193,442.952,-7.696,26.807,481.311,129.999,

[2025-06-12 15:58:24] ,4,20.814,486.25,53.633,1.102,506.225,38.418,

[2025-06-12 15:59:01] ,4,54.093,500.623,80.2,68.7,518.354,37.6,

[2025-06-12 15:59:16] ,4,-5.933,435.75,14.036,78.545,481.311,-70.105,

[2025-06-12 15:59:24] ,1,-7.927,399.32,-49.008,16.13,466.943,-20.966,

[2025-06-12 15:59:31] ,1,63.914,491.198,-28.61,48.096,495.152,24.986,

[2025-06-12 15:59:39] ,2,51.589,478.477,-96.062,63.848,506.093,-111.329,

[2025-06-12 15:59:48] ,1,85.334,456.727,-85.878,46.184,508.861,84.341,

[2025-06-12 15:59:56] ,4,48.564,416.175,-87.417,84.28,427.727,35.119,

[2025-06-12 16:00:06] ,2,47.107,414.611,-166.088,22.721,507.609,-70.105,

[2025-06-12 16:00:14] ,1,11.252,436.229,39.999,3.541,511.234,60.698,

[2025-06-12 16:00:22] ,2,48.755,447.039,-80.372,-1.139,483.091,59.123,

[2025-06-12 16:00:31] ,2,3.739,498.184,93.545,55.609,504.445,-55.176,

[2025-06-12 16:00:40] ,4,81.302,511.868,69.567,65.225,515.998,56.889,

[2025-06-12 16:00:52] ,2,4.793,486.32,-41.424,57.389,492.845,43.905,

[2025-06-12 16:01:06] ,1,64.639,448.291,65.934,-4.698,452.773,14.769,

[2025-06-12 16:01:14] ,1,35.771,423.839,9.713,-9.377,467.075,-65.681,

[2025-06-12 16:01:23] ,1,47.371,478.279,-63.208,-7.663,485.529,-34.535,

[2025-06-12 16:01:31] ,2,42.296,457.65,54.345,17.316,462.527,-165.231,

[2025-06-12 16:01:40] ,2,13.032,485.332,-72.525,-3.182,505.632,-6.116,

[2025-06-12 16:01:49] ,1,85.4,437.416,-48.24,56.532,505.961,-49.008,

[2025-06-12 16:02:01] ,1,10.461,485.661,15.876,32.871,502.336,-29.302,

[2025-06-12 16:02:10] ,2,21.666,481.641,9.628,-12.475,481.97,69.974,

[2025-06-12 16:02:26] ,1,41.109,404.527,50.856,17.118,408.284,12.417,

[2025-06-12 16:02:33] ,1,-1.204,417.116,-62.978,64.902,441.568,-1.534,

[2025-06-12 16:02:42] ,1,69.714,481.443,-8.202,42.493,487.243,3.545,

[2025-06-12 16:02:50] ,1,5.189,496.536,-13.791,17.052,501.743,9.713,

[2025-06-12 16:02:59] ,2,23.05,437.086,-146.592,-8.323,469.382,153.886,

[2025-06-12 16:03:07] ,2,60.091,484.409,161.241,44.273,518.22,-22.184,

[2025-06-12 16:03:17] ,1,14.218,429.507,-84.391,67.077,452.707,-64.341,

[2025-06-12 16:03:25] ,1,-5.027,474.786,-66.14,-5.554,493.768,-75.719,

[2025-06-12 16:03:34] ,1,15.273,513.475,-30.877,60.882,518.418,33.408,

[2025-06-12 16:03:42] ,2,36.957,427.464,-155.26,15.866,459.232,-82.937,

[2025-06-12 16:03:54] ,1,42.032,476.104,17.475,-7.268,499.634,42.479,

[2025-06-12 16:04:03] ,1,20.15,459.364,-36.469,59.761,504.313,31.574,

[2025-06-12 16:04:15] ,2,0.905,424.3,85.914,17.052,498.975,-74.124,

[2025-06-12 16:04:26] ,2,44.273,451.784,-150.505,-11.882,471.952,-34.535,

[2025-06-12 16:04:37] ,4,85.993,475.182,-66.194,81.973,495.877,81.724,

[2025-06-12 16:04:47] ,1,4.2,419.62,73.009,70.57,492.054,-81.798,

[2025-06-12 16:04:54] ,1,24.896,503.523,47.862,66.418,507.609,24.274,

[2025-06-12 16:05:06] ,1,78.48,429.573,-60.895,6.046,432.143,58.426,

[2025-06-12 16:05:16] ,1,53.566,447.895,62.758,41.768,514.793,82.372,

[2025-06-12 16:05:32] ,1,-9.245,398.793,56.454,57.191,404.659,43.531,

[2025-06-12 16:05:40] ,1,67.605,419.686,8.276,-1.534,421.993,-50.782,

[2025-06-12 16:05:49] ,1,34.65,473.27,-73.301,0.509,490.67,-49.674,

[2025-06-12 16:05:57] ,2,70.636,449.609,-109.722,73.141,471.952,133.199,

[2025-06-12 16:06:06] ,2,0.377,476.698,-77.196,16.591,484.673,-97.125,

[2025-06-12 16:06:16] ,1,55.411,513.409,-23.806,39.527,517.232,51.499,

[2025-06-12 16:06:23] ,2,0.971,444.6,-16.991,-6.873,469.448,5.057,

[2025-06-12 16:06:35] ,2,55.082,451.784,-21.801,47.239,462.659,-40.326,

[2025-06-12 16:06:46] ,2,56.993,486.848,156.4,-5.488,502.468,81.798,

[2025-06-12 16:06:57] ,1,-3.841,491.329,-30.877,30.827,509.059,-2.045,

[2025-06-12 16:07:11] ,1,55.28,433.527,-85.95,36.1,440.777,61.631,

[2025-06-12 16:07:40] ,1,68.264,450.466,77.196,-4.038,461.341,-8.631,

[2025-06-12 16:07:49] ,1,57.257,463.779,76.329,50.336,491.988,41.8,

[2025-06-12 16:07:57] ,1,82.5,492.779,35.119,25.357,495.086,59.123,

[2025-06-12 16:08:06] ,1,49.15,506.554,85.914,11.648,517.034,-57.295,

[2025-06-12 16:08:15] ,2,35.705,410.855,114.274,-2.523,411.843,71.727,

[2025-06-12 16:08:23] ,2,12.109,458.573,-107.475,-6.543,475.973,117.242,

[2025-06-12 16:08:33] ,1,15.668,438.075,-73.009,4.727,481.904,-29.745,

[2025-06-12 16:08:41] ,2,59.827,436.032,-115.201,51.786,469.843,176.961,

[2025-06-12 16:08:49] ,4,76.502,479.07,24.015,78.777,510.205,38.333,

[2025-06-12 16:09:00] ,2,7.496,479.729,35.362,55.675,494.229,135,

[2025-06-12 16:09:08] ,1,4.859,473.073,-61.631,30.036,479.466,35.362,

[2025-06-12 16:09:16] ,2,48.557,411.711,-114.955,-9.707,478.543,-63.208,

[2025-06-12 16:09:26] ,1,30.3,470.964,-29.249,43.218,492.186,0,

[2025-06-12 16:09:41] ,1,11.911,480.586,39.677,35.375,487.968,-42.51,

[2025-06-12 16:09:49] ,2,27.993,447.236,130.384,18.634,460.154,-158.854,

[2025-06-12 16:10:01] ,2,68.593,459.232,-122.276,40.846,465.559,50.711,

[2025-06-12 16:10:10] ,2,10.33,416.655,-102.417,11.45,506.423,-117.474,

[2025-06-12 16:10:20] ,4,3.739,508.202,-66.4,76.898,511.563,-70.416,

[2025-06-12 16:10:28] ,1,18.239,417.05,23.398,52.907,432.539,-64.12,

[2025-06-12 16:10:35] ,1,63.452,456.266,26.792,-2.127,464.57,-5.057,

[2025-06-12 16:10:44] ,1,18.305,480.191,37.875,32.211,493.834,-53.637,

[2025-06-12 16:10:54] ,1,-5.159,458.309,-90,2.223,480.389,-79.38,

[2025-06-12 16:11:10] ,2,18.568,432.604,102.308,-10.234,438.734,32.705,

[2025-06-12 16:11:18] ,2,73.866,441.7,-165.964,12.834,444.798,-5.56,

[2025-06-12 16:11:26] ,2,-4.038,475.973,-24.319,24.632,478.148,113.398,

[2025-06-12 16:11:35] ,1,38.407,436.559,51.814,25.818,518.22,51.9,

[2025-06-12 16:11:43] ,2,43.746,418.17,142.619,-10.036,516.902,72.708,

[2025-06-12 16:11:51] ,4,80.457,493.768,69.444,59.402,503.25,-60.524,

[2025-06-12 16:12:02] ,2,38.209,466.02,-24.986,68.33,504.775,19.411,

[2025-06-12 16:12:10] ,2,-4.038,471.754,25.659,18.041,485.002,-72.044,

[2025-06-12 16:12:21] ,4,0.971,451.389,-28.163,-12.145,490.011,-76.584,

[2025-06-12 16:12:37] ,1,12.307,449.873,1.507,36.891,478.279,18.595,

[2025-06-12 16:12:44] ,1,9.011,484.343,37.171,15.668,502.534,-14.407,

[2025-06-12 16:12:53] ,2,30.959,407.427,31.139,48.359,427.991,170.87,

[2025-06-12 16:13:01] ,2,-0.611,451.257,-176.455,-7.729,476.302,-165.101,

[2025-06-12 16:13:09] ,4,67.077,477.686,90,81.38,478.807,-62.745,

[2025-06-12 16:13:19] ,1,0.246,481.311,-10.214,23.709,516.573,77.692,

[2025-06-12 16:13:26] ,1,74.591,486.716,-70.758,25.291,503.918,-60.255,

[2025-06-12 16:13:35] ,2,16.921,418.698,-59.56,1.893,452.773,84.943,

[2025-06-12 16:13:43] ,2,59.959,476.17,-130.326,28.521,483.882,-59.123,

[2025-06-12 16:13:53] ,1,64.441,431.286,-73.496,42.296,499.7,-86.934,

[2025-06-12 16:14:02] ,1,-2.786,425.948,72.044,73.866,489.418,-48.958,

[2025-06-12 16:14:12] ,1,55.016,494.295,-22.463,-4.829,508.993,7.696,

[2025-06-12 16:14:28] ,1,10.923,442.095,-55.751,-6.543,453.498,12.693,

[2025-06-12 16:14:36] ,1,23.775,473.402,-32.164,36.891,486.782,86.987,

[2025-06-12 16:14:49] ,1,2.223,410.591,71.241,12.571,487.177,8.631,

[2025-06-12 16:14:57] ,1,-9.773,489.418,-47.862,2.618,508.07,7.189,

[2025-06-12 16:15:13] ,1,8.352,446.643,-85.446,-9.838,469.118,-83.938,

[2025-06-12 16:15:21] ,1,17.843,509.784,79.287,-7.268,513.277,-12.308,

[2025-06-12 16:15:32] ,4,79.468,465.954,-74.476,31.223,503.391,-82.875,

[2025-06-12 16:15:56] ,4,75.316,494.691,-54.162,79.93,509.718,-30.518,

[2025-06-12 16:16:03] ,1,5.584,417.577,71.405,27.071,427.925,9.713,

[2025-06-12 16:16:10] ,1,15.602,449.345,-76.817,45.327,470.964,-74.745,

[2025-06-12 16:16:19] ,1,62.332,484.739,-70.758,13.625,506.488,-23.6,

[2025-06-12 16:16:27] ,1,14.152,488.034,35.77,70.636,510.377,-53.746,

[2025-06-12 16:16:36] ,1,57.718,450.4,12.308,9.077,452.179,29.495,

[2025-06-12 16:16:47] ,1,34.98,429.968,33.83,18.964,437.548,-18.595,

[2025-06-12 16:16:55] ,1,-8.52,477.818,-8.631,-2.72,493.175,-7.561,

[2025-06-12 16:17:03] ,1,15.075,501.545,-0.512,2.948,512.684,-60.945,

[2025-06-12 16:17:12] ,2,20.15,420.214,3.066,-1.073,442.161,95.609,

[2025-06-12 16:17:20] ,2,44.471,477.752,-55.049,14.811,481.377,103.183,

[2025-06-12 16:17:28] ,4,82.989,417.786,-3.151,62.991,462.791,74.476,

[2025-06-12 16:17:39] ,2,14.614,409.998,93.576,4.2,424.234,-70.758,

[2025-06-12 16:17:46] ,4,79.864,474.061,70.105,82.961,490.473,-14.664,

[2025-06-12 16:17:56] ,2,10.527,487.836,35.655,50.864,507.609,118.856,

[2025-06-12 16:18:05] ,1,12.966,433.264,-12.804,8.814,474.918,40.711,

[2025-06-12 16:18:16] ,1,43.218,505.038,-46.801,19.03,506.752,24.528,

[2025-06-12 16:18:31] ,1,-12.409,417.973,-18.759,-10.695,493.438,28.61,

[2025-06-12 16:18:39] ,2,49.809,487.243,-41.042,32.409,491.395,0,

[2025-06-12 16:18:51] ,4,15.998,430.232,0,60.355,502.798,48.281,

[2025-06-12 16:19:08] ,1,2.025,441.502,-26.792,45.393,463.252,-1.521,

[2025-06-12 16:19:18] ,1,42.889,483.025,57.836,0.509,504.709,-40.711,

[2025-06-12 16:19:27] ,1,51.193,463.582,-60.505,81.116,498.711,45,

[2025-06-12 16:19:35] ,2,2.882,410.657,-178.968,75.909,419.686,167.471,

[2025-06-12 16:19:44] ,2,14.811,445.786,-101.211,49.348,447.566,149.56,

[2025-06-12 16:19:52] ,2,66.616,447.698,12.918,12.505,496.668,-90,

[2025-06-12 16:20:00] ,2,-2.523,447.104,170.87,47.766,498.25,-144.758,

[2025-06-12 16:20:09] ,1,23.907,459.957,-50.001,53.368,492.648,-66.602,

[2025-06-12 16:20:19] ,1,44.009,475.643,38.972,-1.666,480.389,-0.507,

[2025-06-12 16:20:35] ,2,-1.336,475.248,-72.044,56.664,485.464,27.474,

[2025-06-12 16:20:43] ,4,48.227,499.963,-17.784,3.08,511.893,-74.836,

[2025-06-12 16:20:53] ,2,42.23,432.473,106.361,50.864,497.657,-131.76,

[2025-06-12 16:21:07] ,1,10.198,420.082,-27.022,0.641,462.066,-21.801,

[2025-06-12 16:21:15] ,1,43.943,477.159,-76.817,-11.618,511.102,16.65,

[2025-06-12 16:21:24] ,2,81.38,461.407,12.918,40.318,489.945,-104.281,

[2025-06-12 16:21:34] ,2,30.234,500.952,122.705,41.9,516.111,141.18,

[2025-06-12 16:21:45] ,2,13.625,459.298,-154.558,21.402,466.416,26.792,

[2025-06-12 16:22:00] ,2,69.582,444.468,90,28.784,464.966,159.974,

[2025-06-12 16:22:08] ,1,54.752,424.498,9.713,24.039,442.754,45.356,

[2025-06-12 16:22:16] ,1,64.309,400.705,61.557,56.927,492.516,83.379,

[2025-06-12 16:22:24] ,1,11.911,502.138,37.786,38.736,517.298,-32.276,

[2025-06-12 16:22:33] ,2,9.209,457.518,-180,-10.3,467.141,-26.114,

[2025-06-12 16:22:44] ,1,6.309,440.777,70.278,-11.157,445.984,14.899,

[2025-06-12 16:22:51] ,1,-1.073,506.686,32.55,57.389,518.55,84.852,

[2025-06-12 16:23:02] ,2,-7.663,497.129,77.196,60.091,503.127,92.045,

[2025-06-12 16:23:24] ,1,62.925,433.923,-28.405,13.823,436.559,-35.655,

[2025-06-12 16:23:32] ,1,46.843,465.361,82.439,42.823,483.618,29.249,

[2025-06-12 16:23:41] ,1,8.286,497.854,27.474,63.65,497.92,-59.3,

[2025-06-12 16:23:49] ,1,26.939,501.941,-65.934,48.689,502.336,-48.958,

[2025-06-12 16:23:58] ,1,62.068,512.75,-73.202,12.109,514.332,-78.69,

[2025-06-12 16:24:08] ,1,58.311,444.534,26.792,17.646,501.677,-64.799,

[2025-06-12 16:24:18] ,1,19.227,491.857,51.73,37.023,495.284,-73.009,

[2025-06-12 16:24:34] ,1,23.709,489.023,-27.013,10,502.995,-84.898,

[2025-06-12 16:24:44] ,1,14.284,410.459,-52.619,-5.686,480.85,-68.385,

[2025-06-12 16:24:54] ,1,-10.959,423.443,-88.466,-10.959,436.295,-52.125,

[2025-06-12 16:25:03] ,1,50.073,483.486,32.005,51.786,508.136,63.435,

[2025-06-12 16:25:19] ,1,64.902,409.207,-9.888,9.341,448.489,-19.552,

[2025-06-12 16:25:27] ,1,-11.816,479.861,-84.44,26.28,496.602,-39.218,

[2025-06-12 16:25:46] ,2,8.352,493.373,84.943,7.891,511.959,-180,

[2025-06-12 16:25:55] ,4,-12.804,513.145,5.194,84.018,514.066,26.801,

[2025-06-12 16:26:05] ,1,51.325,398.793,88.452,14.614,399.782,3.066,

[2025-06-12 16:26:12] ,1,31.552,438.47,-16.844,77.359,457.782,-5.102,

[2025-06-12 16:26:21] ,1,-11.552,462,-61.39,4.2,469.382,-81.87,

[2025-06-12 16:27:19] ,1,9.671,438.339,-83.437,20.084,451.454,-12.583,

[2025-06-12 16:27:25] ,1,9.671,438.339,-83.437,20.084,451.454,-12.583,

[2025-06-12 16:27:31] ,1,34.914,471.557,63.435,33.2,488.364,-52.125,

[2025-06-12 16:27:40] ,1,30.432,499.832,-52.927,67.736,511.432,32.55,

[2025-06-12 16:27:49] ,2,45.723,414.941,145.176,52.577,495.943,-41.042,

[2025-06-12 16:27:59] ,1,-3.182,435.504,-65.726,62.332,440.382,-56.592,

[2025-06-12 16:28:07] ,1,78.941,436.559,-75.466,-7.993,468.591,21.146,

[2025-06-12 16:28:16] ,1,7.298,489.484,78.294,-10.563,501.743,73.985,

[2025-06-12 16:28:26] ,1,42.625,425.42,20.376,22.523,498.645,71.565,

[2025-06-12 16:28:42] ,1,7.627,450.202,87.489,-1.402,484.739,23.199,

[2025-06-12 16:28:50] ,1,53.236,491.198,-52.524,28.586,513.87,48.24,

[2025-06-12 16:28:59] ,2,25.027,431.418,-168.69,53.105,437.745,3.066,

[2025-06-12 16:29:07] ,2,-2.457,439.657,-165.101,16.789,464.9,102.2,

[2025-06-12 16:29:17] ,1,42.098,428.782,7.628,-9.048,488.364,-59.123,

[2025-06-12 16:29:25] ,2,72.811,471.095,-36.666,4.991,490.077,10.125,

[2025-06-12 16:29:37] ,1,58.509,430.034,45.36,-2.852,477.554,-41.091,

[2025-06-12 16:29:44] ,2,-4.434,433.659,-33.83,9.736,509.718,-81.87,

[2025-06-12 16:29:54] ,1,10,436.229,85.406,75.777,456.793,54.758,

[2025-06-12 16:30:05] ,1,85.927,462.395,-87.955,29.377,472.348,-58.95,

[2025-06-12 16:30:15] ,2,74.986,442.095,-85.914,46.711,513.541,28.405,

[2025-06-12 16:30:27] ,4,5.189,425.025,-8.707,68.461,505.236,-54.162,

[2025-06-12 16:30:44] ,1,23.907,406.636,15.03,2.618,421.532,75.719,

[2025-06-12 16:30:51] ,1,74.393,427.398,-29.554,-10.234,467.602,-31.31,

[2025-06-12 16:30:59] ,1,56.73,468.459,-49.616,-9.311,491.527,85.95,

[2025-06-12 16:31:08] ,1,40.911,511.959,-45.365,4.859,516.573,26.565,

[2025-06-12 16:31:17] ,2,-7.532,402.22,-162.058,34.914,445.259,17.475,

[2025-06-12 16:31:25] ,2,11.582,447.17,52.524,49.348,449.345,-25.659,

[2025-06-12 16:31:33] ,2,55.477,485.595,71.241,38.341,486.848,-32.276,

[2025-06-12 16:31:42] ,2,23.314,450.136,161.565,-11.75,494.493,34.535,

[2025-06-12 16:31:50] ,4,72.68,456.464,77.196,36.496,517.495,16.798,

[2025-06-12 16:32:00] ,1,63.452,408.086,22.859,77.557,429.836,45.365,

[2025-06-12 16:32:14] ,2,36.298,407.889,68.295,6.243,445.984,-51.419,

[2025-06-12 16:32:26] ,4,72.548,402.023,49.112,46.118,404.791,87.917,

[2025-06-12 16:32:41] ,2,79.666,436.493,96.68,21.798,485.661,166.329,

[2025-06-12 16:32:51] ,4,66.089,402.023,-10.587,80.212,511.373,10.491,

[2025-06-12 16:33:07] ,2,36.891,517.495,-42.064,26.082,517.759,-32.55,

[2025-06-12 16:33:14] ,1,39,423.377,67.068,59.234,428.584,-34.114,

[2025-06-12 16:33:22] ,1,-2.325,421.861,-47.148,-2.588,434.779,-66.4,

[2025-06-12 16:33:30] ,1,71.889,443.282,55.465,-11.025,450.598,-8.707,

[2025-06-12 16:33:39] ,1,-9.904,469.843,-35.362,63.518,473.073,47.862,

[2025-06-12 16:33:48] ,1,24.896,474.918,37.875,47.832,475.775,7.063,

[2025-06-12 16:33:57] ,1,30.63,499.963,36.064,57.323,513.211,26.338,

[2025-06-12 16:34:07] ,1,13.955,411.118,75.466,34.452,447.961,42.173,

[2025-06-12 16:34:15] ,1,-11.42,463.779,88.479,21.732,466.086,86.987,

[2025-06-12 16:34:24] ,1,70.9,466.745,5.102,-1.402,474.918,37.476,

[2025-06-12 16:34:34] ,1,1.3,493.373,-22.932,76.502,496.009,-3.576,

[2025-06-12 16:34:46] ,2,10.066,503.72,94.554,41.9,516.77,117.022,

[2025-06-12 16:34:57] ,1,-10.959,492.779,0,32.607,506.62,89.484,

[2025-06-12 16:35:20] ,1,32.871,436.427,78.789,79.864,437.284,-49.674,

[2025-06-12 16:35:28] ,1,16.657,444.27,60.068,-4.302,464.57,58.69,

[2025-06-12 16:35:37] ,1,-7.532,496.932,15.524,3.871,499.634,4.554,

[2025-06-12 16:35:45] ,1,18.568,501.348,-45.36,45.855,503.259,-18.759,

[2025-06-12 16:36:01] ,1,48.755,446.907,-21.801,-2.523,461.341,-27.013,

[2025-06-12 16:36:10] ,1,20.018,474.786,29.249,39.198,484.145,77.8,

[2025-06-12 16:36:18] ,1,-7.729,494.163,-20.2,3.541,512.816,-56.17,

[2025-06-12 16:37:00] ,1,45.723,450.268,14.281,22.523,461.67,71.089,

[2025-06-12 16:37:08] ,1,82.83,495.679,-50.128,67.67,496.866,-5.659,

[2025-06-12 16:37:19] ,1,-8.916,481.114,67.264,62.068,501.875,-49.674,

[2025-06-12 16:37:29] ,1,54.95,431.352,-9.211,82.764,487.177,50.856,

[2025-06-12 16:37:46] ,1,42.098,448.95,8.631,42.098,509.125,-59.56,

[2025-06-12 16:37:54] ,1,19.952,460.154,3.514,11.186,505.104,18.759,

[2025-06-12 16:38:03] ,2,44.866,480.718,-32.433,26.741,496.866,-14.407,

[2025-06-12 16:38:11] ,4,83.489,500.359,78.996,68.494,514.366,31.95,

[2025-06-12 16:38:23] ,1,84.28,449.807,19.411,-2.588,496.404,-23.398,

[2025-06-12 16:38:33] ,1,-9.707,497.063,-84.943,15.668,510.311,-48.24,

[2025-06-12 16:38:50] ,1,-6.609,490.604,-88.977,20.48,504.379,41.424,

[2025-06-12 16:39:02] ,1,-4.698,474.127,-60.505,80.193,508.334,71.565,

[2025-06-12 16:39:14] ,1,62.134,498.909,-90,27.005,509.125,-17.628,

[2025-06-12 16:39:31] ,1,46.58,436.164,-25.659,84.873,440.514,42.064,

[2025-06-12 16:39:39] ,1,24.302,465.757,52.829,38.868,467.273,47.121,

[2025-06-12 16:39:49] ,1,10.527,447.566,4.05,-6.016,469.118,65.014,

[2025-06-12 16:40:01] ,1,26.807,444.798,79.287,40.055,483.354,57.144,

[2025-06-12 16:40:09] ,1,20.084,493.702,-85.446,68.659,500.688,-81.215,

[2025-06-12 16:40:25] ,1,71.493,429.177,-54.048,-12.211,460.154,-48.2,

[2025-06-12 16:40:34] ,1,-4.961,471.425,65.472,40.714,491.659,69.326,

[2025-06-12 16:41:06] ,1,43.811,414.611,-7.696,67.341,453.432,83.884,

[2025-06-12 16:41:14] ,1,33.464,463.054,6.009,35.375,480.718,70.448,

[2025-06-12 16:41:23] ,1,23.314,451.784,-51.73,71.559,455.541,-33.408,

[2025-06-12 16:41:32] ,1,-8.916,467.998,69.974,16.064,493.043,-50.323,

[2025-06-12 16:41:40] ,1,79.27,504.248,-72.553,59.761,508.861,13.912,

[2025-06-12 16:41:49] ,2,-2.984,415.007,-103.912,53.961,440.645,-152.076,

[2025-06-12 16:41:58] ,4,81.902,416.853,37.6,70.184,516.489,-88.949,

[2025-06-12 16:42:10] ,2,3.014,405.977,-15.524,-11.091,495.218,173.884,

[2025-06-12 16:42:18] ,1,53.896,430.495,-88.977,34.123,466.614,21.615,

[2025-06-12 16:42:26] ,1,72.086,476.434,-42.479,5.386,494.163,69.326,

[2025-06-12 16:42:42] ,1,36.627,459.759,-9.13,14.811,469.645,-46.779,

[2025-06-12 16:42:50] ,1,22.852,496.47,41.424,25.686,515.188,65.26,

[2025-06-12 16:43:00] ,1,10,428.254,50.711,9.736,513.277,-10.305,

[2025-06-12 16:43:08] ,2,47.107,477.027,-30.184,64.111,503.061,174.341,

[2025-06-12 16:43:24] ,1,62.596,404.527,-74.197,12.373,420.609,-64.799,

[2025-06-12 16:43:32] ,1,15.075,443.15,17.956,-0.545,472.084,-58.95,

[2025-06-12 16:43:40] ,1,-2.72,486.782,-84.943,34.716,490.538,-2.534,

[2025-06-12 16:43:49] ,1,23.248,495.02,15.876,30.63,515.518,-1.534,

[2025-06-12 16:43:59] ,1,69.384,439.459,51.814,-12.211,491.066,57.295,

[2025-06-12 16:44:08] ,2,48.03,415.93,84.341,13.23,421.268,-58.261,

[2025-06-12 16:44:16] ,2,32.475,446.314,-87.973,35.639,481.575,-12.693,

[2025-06-12 16:44:24] ,4,-12.641,400.57,11.104,57.586,450.268,49.289,

[2025-06-12 16:44:35] ,1,61.409,451.191,-82.875,49.216,466.35,84.943,

[2025-06-12 16:44:42] ,1,5.452,482.827,53.826,6.441,497.261,64.341,

[2025-06-12 16:44:50] ,2,24.83,485.727,172.372,39.132,508.268,-92.045,

[2025-06-12 16:45:00] ,1,23.116,445.589,-53.637,32.277,460.879,43.221,

[2025-06-12 16:45:12] ,2,-6.082,481.114,45,21.402,482.893,123.551,

[2025-06-12 16:45:27] ,4,-11.223,430.693,-7.628,83.544,513.416,60.124,

[2025-06-12 16:45:36] ,1,45.064,413.952,-77.196,15.207,418.368,-10.808,

[2025-06-12 16:45:42] ,1,26.939,449.345,34.663,82.764,469.645,-50.064,

[2025-06-12 16:45:51] ,1,-2.061,478.148,-23.199,22.918,504.643,46.067,

[2025-06-12 16:46:00] ,1,4.661,510.311,64.12,48.623,511.695,-11.31,

[2025-06-12 16:46:10] ,1,63.584,406.768,49.733,-2.72,415.402,-84.341,

[2025-06-12 16:46:19] ,1,38.407,421.136,66.869,28.125,459.561,81.444,

[2025-06-12 16:46:27] ,1,-5.884,463.516,2.534,79.139,473.929,82.304,

[2025-06-12 16:46:38] ,1,16.261,404.395,-82.811,28.191,413.359,38.501,

[2025-06-12 16:46:46] ,1,37.352,477.62,-25.442,-5.357,504.379,82.304,

[2025-06-12 16:46:55] ,2,10,488.298,-26.338,43.416,495.02,138.576,

[2025-06-12 16:47:03] ,4,66.55,497.525,39.542,85.722,516.531,88.394,

[2025-06-12 16:47:20] ,1,9.143,429.704,-46.081,66.88,437.745,-81.798,

[2025-06-12 16:47:26] ,1,2.289,440.316,-14.899,34.123,450.004,-44.293,

[2025-06-12 16:47:35] ,1,-7.004,455.343,3.039,48.755,470.502,-6.062,

[2025-06-12 16:47:43] ,1,28.191,490.275,-22.736,11.45,491.527,-90,

[2025-06-12 16:47:52] ,1,-9.773,493.636,-45,66.089,496.932,-90,

[2025-06-12 16:48:01] ,2,42.955,417.445,-155.726,77.03,450.202,37.786,

[2025-06-12 16:48:09] ,2,3.805,473.929,48.909,74.591,484.079,-43.176,

[2025-06-12 16:48:17] ,4,84.076,497.272,24.922,80.836,510.473,46.848,

[2025-06-12 16:48:28] ,2,3.673,436.559,-119.745,16.327,478.741,-8.13,

[2025-06-12 16:48:34] ,2,27.598,497.788,142.214,55.675,514.595,-146.454,

[2025-06-12 16:48:42] ,1,-12.936,443.479,-21.801,44.734,502.732,-9.8,

[2025-06-12 16:48:51] ,4,81.182,465.559,-30.256,84.873,481.311,-30.7,

[2025-06-12 16:49:02] ,1,-9.641,443.941,34.249,-6.279,469.184,78.294,

[2025-06-12 16:49:09] ,2,27.861,452.707,39.999,16.657,481.377,90,

[2025-06-12 16:49:18] ,1,39.923,424.629,-6.17,14.021,470.107,-63.208,

[2025-06-12 16:49:28] ,2,4.2,414.677,-167.692,6.046,505.698,145.465,

[2025-06-12 16:49:39] ,1,63.848,415.139,69.261,60.025,504.643,-55.886,

[2025-06-12 16:49:55] ,2,6.639,458.309,42.51,69.186,478.016,-171.798,

[2025-06-12 16:50:03] ,2,15.075,483.882,154.341,41.636,505.038,136.081,

[2025-06-12 16:50:10] ,1,22.259,430.034,28.61,-12.145,438.009,60.255,

[2025-06-12 16:50:18] ,1,56.993,466.218,16.991,14.416,474.984,-39.359,

[2025-06-12 16:50:27] ,1,33.925,476.895,-26.565,-8.982,485.068,-39.936,

[2025-06-12 16:50:38] ,1,29.641,411.645,6.116,58.905,444.007,33.13,

[2025-06-12 16:50:46] ,2,58.246,410.393,98.785,17.975,479.795,-25.659,

[2025-06-12 16:50:54] ,2,44.405,501.941,-40.711,31.816,515.913,90,

[2025-06-12 16:51:04] ,1,65.561,469.118,-2.556,49.875,507.016,-55.886,

[2025-06-12 16:51:12] ,4,85.795,452.114,4.086,84.543,474.654,-41.719,

[2025-06-12 16:51:23] ,1,78.084,510.179,47.203,13.361,511.761,-16.157,

[2025-06-12 16:51:31] ,1,67.868,438.734,-33.69,14.218,487.573,34.249,

[2025-06-12 16:51:43] ,1,29.773,457.32,55.337,15.339,473.007,-76.329,

[2025-06-12 16:51:59] ,1,80.259,433.066,41.719,-8.059,482.234,-6.062,

[2025-06-12 16:52:07] ,1,19.952,482.959,-71.723,54.95,510.575,25.419,

[2025-06-12 16:52:16] ,2,18.766,402.55,-131.719,29.377,419.423,135,

[2025-06-12 16:52:24] ,2,53.764,421.4,-87.955,8.155,426.277,-43.568,

[2025-06-12 16:52:32] ,2,23.248,433.923,139.674,39.264,442.359,172.875,

[2025-06-12 16:52:41] ,1,6.639,402.089,43.55,-8.191,461.934,9.211,

[2025-06-12 16:52:51] ,1,-4.434,428.979,68.671,11.714,515.848,-59.816,

[2025-06-12 16:53:01] ,1,-4.632,436.295,47.862,8.352,515.848,48.576,

[2025-06-12 16:53:13] ,4,68.995,399.069,41.987,82.83,475.05,40.384,

[2025-06-12 16:53:23] ,1,25.686,401.627,24.274,79.336,417.38,-73.698,

[2025-06-12 16:53:30] ,2,69.318,481.114,30.256,44.602,492.516,151.837,

[2025-06-12 16:53:39] ,4,55.807,506.159,-75.964,66.616,517.627,13.658,

[2025-06-12 16:53:49] ,2,29.377,439.261,176.961,32.343,478.543,-22.27,

[2025-06-12 16:53:58] ,2,64.441,471.359,-106.504,21.139,486.518,-59.123,

[2025-06-12 16:54:09] ,1,5.65,428.386,-12.308,26.807,440.975,-3.545,

[2025-06-12 16:54:17] ,2,13.889,497.723,-7.628,62.068,501.348,-120.7,

[2025-06-12 16:54:32] ,1,2.289,463.252,11.706,16.13,516.638,-52.214,

[2025-06-12 16:54:40] ,2,63.255,449.016,169.786,38.011,479.664,-33.83,

[2025-06-12 16:54:50] ,1,-0.545,494.427,-54.345,31.552,513.936,32.981,

[2025-06-12 16:54:58] ,2,19.689,425.618,175.406,77.689,456.398,-30.44,

[2025-06-12 16:55:07] ,2,33.134,480.323,38.897,45.921,491.263,97.189,

[2025-06-12 16:55:16] ,2,37.155,475.116,168.789,56.071,493.438,144.462,

[2025-06-12 16:55:31] ,1,6.836,413.623,65.726,25.818,445.654,19.385,

[2025-06-12 16:55:39] ,2,24.566,411.514,144.758,39.132,411.909,-21.991,

[2025-06-12 16:55:49] ,2,69.911,474.259,-77.583,0.839,484.673,-85.95,

[2025-06-12 16:55:56] ,2,48.491,488.759,7.125,25.555,489.286,147.995,

[2025-06-12 16:56:06] ,2,-1.995,410.525,-110.556,11.582,425.486,37.073,

[2025-06-12 16:56:13] ,4,71.05,516.736,83.718,46.033,517.292,-66.938,

[2025-06-12 16:56:24] ,2,-2.325,449.939,47.148,54.291,505.5,-81.724,

[2025-06-12 16:56:33] ,4,79.26,418.768,-76.218,68.593,489.154,75.964,

[2025-06-12 16:56:45] ,2,2.75,471.952,-163.639,29.641,493.768,-106.504,

[2025-06-12 16:56:51] ,4,75.699,413.3,1.577,85.705,495.462,42.026,

[2025-06-12 16:57:07] ,2,32.805,400.111,-120.7,-3.182,440.909,73.496,

[2025-06-12 16:57:14] ,2,55.939,443.809,41.76,37.418,464.504,135,

[2025-06-12 16:57:26] ,4,17.711,425.486,-78.19,73.504,509.147,-83.718,

[2025-06-12 16:57:41] ,4,85.054,512.953,80.972,17.184,517.759,18.925,

[2025-06-12 16:58:04] ,4,85.287,410.923,5.242,79.083,518.662,-75.579,

[2025-06-12 16:58:18] ,2,58.311,476.039,140.782,-3.313,480.85,-7.125,

[2025-06-12 16:58:27] ,4,73.075,495.416,70.589,77.623,516.111,-11.004,

[2025-06-12 16:58:39] ,4,85.98,502.365,68.102,67.388,518.032,59.216,

[2025-06-12 16:59:16] ,2,64.441,419.95,-111.038,26.016,461.539,93.545,

[2025-06-12 16:59:33] ,4,75.514,472.414,-18.759,85.642,497.578,-45.37,

