[2025-03-05 09:26:29] ,1,65.578,398.191,39.872,-0.199,428.509,-50.001,

[2025-03-05 09:26:36] ,1,51.935,429.498,67.068,68.873,449.666,56.87,

[2025-03-05 09:26:45] ,1,14.63,490.53,18.435,-0.199,507.073,-3.545,

[2025-03-05 09:26:54] ,2,14.433,439.912,-158.854,65.512,467.462,78.69,

[2025-03-05 09:27:03] ,2,18.453,471.021,-169.875,72.63,486.575,-79.695,

[2025-03-05 09:27:12] ,3,42.475,419.809,-43.379,22.21,425.873,27.42,

[2025-03-05 09:27:21] ,3,74.139,433.716,36.336,-7.745,447.359,-60.208,

[2025-03-05 09:27:30] ,3,53.447,448.018,-85.456,-0.726,474.382,-15.584,

[2025-03-05 09:27:39] ,3,60.039,491.286,72.284,18.056,511.937,47.956,

[2025-03-05 09:27:48] ,4,-10.086,400.432,14.162,5.271,414.207,-71.241,

[2025-03-05 09:27:59] ,1,18.717,460.805,84.489,77.507,481.632,-51.9,

[2025-03-05 09:28:06] ,2,49.101,404.123,-19.411,41.192,441.691,-95.56,

[2025-03-05 09:28:15] ,2,46.53,497.714,26.338,55.428,506.48,-116.338,

[2025-03-05 09:28:23] ,4,86.5,421.152,-16.949,81.264,464.627,-40.657,

[2025-03-05 09:28:34] ,1,28.01,406.364,-72.86,5.733,416.382,-71.887,

[2025-03-05 09:28:41] ,2,13.905,434.046,-120.44,9.687,445.975,85.95,

[2025-03-05 09:28:50] ,2,-8.108,470.625,-141.103,15.223,517.816,-161.727,

[2025-03-05 09:28:58] ,3,-8.965,435.627,-19.756,82.911,467.345,55.353,

[2025-03-05 09:29:09] ,1,75.135,402.739,51.009,72.564,433.255,12.918,

[2025-03-05 09:29:17] ,1,50.814,441.493,-90,69.598,450.984,77.692,

[2025-03-05 09:29:26] ,1,-8.701,489.277,-34.535,24.78,507.732,-21.801,

[2025-03-05 09:29:35] ,3,4.816,470.427,-81.225,42.733,507.93,-57.265,

[2025-03-05 09:29:52] ,1,51.342,397.993,-79.603,-8.504,415.921,-15.03,

[2025-03-05 09:30:00] ,1,27.153,428.312,50.064,13.971,443.932,-38.186,

[2025-03-05 09:30:09] ,1,73.092,455.532,75.101,13.048,488.75,-79.38,

[2025-03-05 09:30:18] ,1,57.867,498.373,-39.611,28.603,499.625,-87.955,

[2025-03-05 09:30:27] ,2,35.392,445.777,-48.576,51.539,465.748,-34.249,

[2025-03-05 09:30:36] ,2,35.128,466.802,-123.13,60.108,485.85,112.463,

[2025-03-05 09:30:46] ,1,11.401,400.828,-86.392,5.535,420.534,-2.045,

[2025-03-05 09:30:54] ,1,-0.661,454.543,57.995,-9.426,473.327,62.312,

[2025-03-05 09:31:03] ,2,39.083,411.373,168.085,-9.822,442.152,60.505,

[2025-03-05 09:31:11] ,4,50.678,399.494,0,26.265,481.201,49.667,

[2025-03-05 09:31:22] ,3,20.364,469.439,-12.854,48.596,511.291,-46.9,

[2025-03-05 09:31:31] ,2,-6.395,409.198,-159.444,-5.34,433.387,55.886,

[2025-03-05 09:31:39] ,2,-3.495,487.3,70.925,12.851,487.432,11.706,

[2025-03-05 09:31:50] ,2,10.148,450.984,-180,-10.613,469.505,58.69,

[2025-03-05 09:31:59] ,1,-3.231,464.693,-41.091,62.876,515.839,-69.928,

[2025-03-05 09:32:15] ,1,-6.922,443.734,34.663,9.094,472.141,79.563,

[2025-03-05 09:32:23] ,1,24.583,472.8,24.114,-2.901,477.414,-14.158,

[2025-03-05 09:32:32] ,1,75.201,480.182,45,52.396,487.037,88.479,

[2025-03-05 09:32:41] ,2,75.069,404.189,76.342,52.198,406.496,-146.31,

[2025-03-05 09:32:52] ,2,42.971,420.007,37.073,77.31,422.841,-146.739,

[2025-03-05 09:33:02] ,1,41.917,422.709,-82.372,86.735,457.114,-43.919,

[2025-03-05 09:33:09] ,2,0.987,401.948,94.122,58.064,412.23,161.727,

[2025-03-05 09:33:18] ,2,-8.636,495.011,151.189,-10.942,510.105,117.022,

[2025-03-05 09:33:27] ,3,6.062,412.625,-9.211,70.227,422.841,-71.565,

[2025-03-05 09:33:35] ,3,14.828,450.39,47.121,54.597,457.707,-45.266,

[2025-03-05 09:33:46] ,1,41.521,439.912,-43.568,81.396,442.68,-43.199,

[2025-03-05 09:33:54] ,1,62.942,464.43,59.123,58.921,483.873,21.801,

[2025-03-05 09:34:03] ,2,57.01,431.343,-35.242,-3.363,444.855,-42.852,

[2025-03-05 09:34:12] ,2,56.614,450.655,-92.534,78.694,470.889,-63.435,

[2025-03-05 09:34:22] ,1,35.721,398.982,4.122,0.328,399.971,-74.338,

[2025-03-05 09:34:31] ,1,78.167,468.582,-54.758,84.626,498.768,-71.727,

[2025-03-05 09:34:40] ,4,-6.988,412.955,4.953,68.534,423.039,-84.98,

[2025-03-05 09:34:50] ,4,-9.921,448.282,-59.88,-6.856,470.164,-17.13,

[2025-03-05 09:34:58] ,4,87.855,454.807,33.69,29.394,466.934,83.991,

[2025-03-05 09:35:07] ,1,83.307,425.939,66.666,85.878,449.534,15.03,

[2025-03-05 09:35:14] ,1,43.433,472.075,33.275,15.026,497.78,0,

[2025-03-05 09:35:23] ,2,68.28,403.596,178.949,-3.297,420.007,-163.496,

[2025-03-05 09:35:32] ,2,6.919,427.916,-146.17,28.339,449.139,32.856,

[2025-03-05 09:35:40] ,2,-5.011,478.798,70.615,-2.77,497.45,-107.956,

[2025-03-05 09:35:49] ,3,-9.994,439.885,32.645,16.325,472.471,-39.13,

[2025-03-05 09:35:58] ,4,56.765,397.409,82.093,86.877,411.78,79.315,

[2025-03-05 09:36:08] ,1,81.792,449.073,50.001,68.214,457.707,59.123,

[2025-03-05 09:36:15] ,1,30.58,461.596,-72.35,-8.372,465.484,-0.512,

[2025-03-05 09:36:24] ,2,0.262,417.437,7.189,13.642,459.289,-114.986,

[2025-03-05 09:36:33] ,3,30.101,433.387,-63.605,55.3,466.264,57.151,

[2025-03-05 09:36:42] ,3,-8.636,481.698,13.761,75.3,491.057,-71.323,

[2025-03-05 09:36:53] ,1,36.314,486.114,-73.156,78.957,487.959,55.597,

[2025-03-05 09:37:02] ,2,52.462,435.43,83.884,71.444,473.987,73.009,

[2025-03-05 09:37:11] ,2,-9.888,480.182,-112.08,20.43,489.673,163.639,

[2025-03-05 09:37:21] ,1,65.051,430.75,20.376,-6.922,480.314,-66.801,

[2025-03-05 09:37:29] ,3,-8.466,431.602,70.244,-3.645,454.346,-88.862,

[2025-03-05 09:37:38] ,4,52.413,475.867,81.656,0.526,498.505,14.221,

[2025-03-05 09:37:49] ,4,-0.595,397.268,40.643,42.642,400.168,59.826,

[2025-03-05 09:37:57] ,4,75.332,457.18,26.338,72.875,518.927,-82.681,

[2025-03-05 09:38:08] ,3,-10.993,422.547,81.601,70.977,512.732,52.431,

[2025-03-05 09:38:22] ,1,35.655,436.418,-16.844,71.707,442.021,1.023,

[2025-03-05 09:38:31] ,1,55.692,401.882,57.609,46.398,445.646,40.384,

[2025-03-05 09:38:40] ,1,-5.208,456.455,11.706,8.896,464.825,-72.676,

[2025-03-05 09:38:49] ,1,65.71,470.23,-24.74,62.348,484.071,-40.711,

[2025-03-05 09:38:58] ,2,28.867,398.916,-59.744,49.628,418.623,-6.68,

[2025-03-05 09:39:06] ,2,6.458,484.4,20.497,70.192,508.325,17.292,

[2025-03-05 09:39:15] ,3,13.537,418.36,74.476,60.598,433.518,-58.841,

[2025-03-05 09:39:23] ,2,84.428,420.93,-124.267,55.428,513.136,-154.12,

[2025-03-05 09:39:32] ,4,83.966,409.556,-23.962,80.342,492.375,-83.26,

[2025-03-05 09:39:43] ,1,49.76,426.927,66.4,2.371,458.827,-11.211,

[2025-03-05 09:39:50] ,1,48.639,508.655,-31.405,1.778,515.509,-16.157,

[2025-03-05 09:39:59] ,2,24.187,400.63,-145.597,47.848,442.35,-75.231,

[2025-03-05 09:40:07] ,2,11.401,443.537,-153.208,72.63,500.614,-147.724,

[2025-03-05 09:40:15] ,3,87.791,439.252,-35.181,34.691,454.741,-46.071,

[2025-03-05 09:40:24] ,3,49.457,460.409,-45,71.642,478.271,-21.943,

[2025-03-05 09:40:33] ,3,9.687,486.246,-6.423,22.473,505.359,17.468,

[2025-03-05 09:40:44] ,2,4.217,406.693,-45,53.583,491.782,68.671,

[2025-03-05 09:40:52] ,3,-7.911,464.496,-11.83,8.627,498.707,51.459,

[2025-03-05 09:41:02] ,1,1.778,408.803,82.811,-7.317,487.432,-32.705,

[2025-03-05 09:41:14] ,2,27.614,414.471,56.31,57.801,514.982,19.411,

[2025-03-05 09:41:23] ,3,-9.997,423.105,-46.621,52.561,463.466,39.903,

[2025-03-05 09:41:34] ,2,-4.747,461.991,136.081,16.278,478.007,53.231,

[2025-03-05 09:41:44] ,1,13.048,455.598,-65.225,-2.836,493.1,63.208,

[2025-03-05 09:41:53] ,1,36.842,423.632,72.86,34.996,501.734,-10.808,

[2025-03-05 09:42:03] ,1,-7.911,496.264,-84.391,-3.099,518.277,24.955,

[2025-03-05 09:42:19] ,1,40.796,426.466,86.961,34.667,507.798,-5.102,

[2025-03-05 09:42:28] ,2,60.767,417.832,175.878,-0.067,421.655,-111.329,

[2025-03-05 09:42:37] ,2,1.976,435.298,42.138,44.487,457.905,173.437,

[2025-03-05 09:42:45] ,3,42.308,408.507,49.357,64.765,442.284,-62.755,

[2025-03-05 09:42:54] ,3,32.092,448.48,-36.193,39.275,494.355,36.111,

[2025-03-05 09:43:03] ,4,76.453,427.059,67.816,82.121,483.741,-85.878,

[2025-03-05 09:43:14] ,1,24.187,398.059,88.452,6.589,405.441,48.24,

[2025-03-05 09:43:21] ,1,-6.526,410.384,-38.1,-10.876,438.132,2.534,

[2025-03-05 09:43:30] ,1,70.06,458.037,-57.295,53.912,464.496,-41.8,

[2025-03-05 09:43:39] ,2,39.28,411.241,120.7,23.923,412.559,9.713,

[2025-03-05 09:43:48] ,2,54.637,445.382,-124.951,38.094,453.95,111.146,

[2025-03-05 09:43:56] ,3,41.719,431.475,-29.461,45.162,478.22,59.88,

[2025-03-05 09:44:07] ,3,53.474,505.619,61.206,16.344,513.466,3.053,

[2025-03-05 09:44:16] ,2,60.964,418.293,-28.405,87.855,434.639,37.284,

[2025-03-05 09:44:26] ,2,-9.954,461.266,25.659,24.253,465.287,-65.681,

[2025-03-05 09:44:34] ,2,66.171,475.634,-152.526,-8.042,507.666,-87.955,

[2025-03-05 09:44:44] ,1,27.351,398.521,74.338,66.567,412.098,78.486,

[2025-03-05 09:44:52] ,1,56.614,446.173,-21.329,13.312,448.018,-68.854,

[2025-03-05 09:45:01] ,1,24.055,476.359,-79.472,53.385,486.377,-35.362,

[2025-03-05 09:45:10] ,2,7.38,429.037,133.199,69.005,440.043,-76.584,

[2025-03-05 09:45:19] ,2,29.064,453.027,38.581,7.051,478.666,140.323,

[2025-03-05 09:45:27] ,3,48.667,428.641,-31.03,17.598,503.46,35.272,

[2025-03-05 09:45:37] ,1,62.678,450.589,-31.574,-10.481,461.925,-20.2,

[2025-03-05 09:45:45] ,1,32.755,464.034,-3.514,-7.251,485.521,68.385,

[2025-03-05 09:45:54] ,1,-4.615,498.966,37.073,17.86,510.039,57.724,

[2025-03-05 09:46:05] ,3,30.114,441.021,66.153,13.592,492.693,42.859,

[2025-03-05 10:05:58] ,1,22.539,443.009,10.037,6.721,506.743,-64.799,

[2025-03-05 10:06:05] ,2,21.551,409.791,-108.435,50.748,424.093,-48.621,

[2025-03-05 10:06:14] ,2,14.696,454.412,93.039,42.773,510.171,-30.7,

[2025-03-05 10:06:22] ,3,19.677,424.752,-41.507,33.672,438.066,-89.618,

[2025-03-05 10:06:33] ,1,-3.626,410.978,-53.027,41.323,455.202,-81.941,

[2025-03-05 10:06:41] ,2,13.114,404.057,144.162,71.048,439.055,33.69,

[2025-03-05 10:06:50] ,2,-5.406,461.332,-76.209,23.858,461.925,11.113,

[2025-03-05 10:06:58] ,3,64.385,419.018,-89.615,-1.386,436.155,-1.897,

[2025-03-05 10:07:07] ,3,70.192,473.591,-22.297,22.935,485.389,27.582,

[2025-03-05 10:07:16] ,3,87.214,500.021,-86.906,52.989,504.7,-20.735,

[2025-03-05 10:07:27] ,1,22.869,425.412,43.199,5.271,453.423,-61.189,

[2025-03-05 10:07:36] ,1,43.301,485.718,-9.713,31.305,490.266,7.628,

[2025-03-05 10:07:45] ,1,58.526,504.305,57.019,-5.999,515.377,-22.659,

[2025-03-05 10:07:55] ,3,79.485,465.352,-80.789,20.369,485.573,57.355,

[2025-03-05 10:08:11] ,1,56.153,406.1,-24.487,9.358,432.266,-63.886,

[2025-03-05 10:08:19] ,1,2.701,452.632,-26.792,0.658,468.187,80.372,

[2025-03-05 10:08:29] ,1,40.598,468.384,0,61.558,482.818,-69.8,

[2025-03-05 10:08:38] ,2,22.539,410.253,-162.216,-10.151,459.157,100.125,

[2025-03-05 10:08:47] ,3,-10.813,427.9,48.209,-1.829,502.121,42.58,

[2025-03-05 10:08:56] ,3,-6.065,400.959,14.41,5.295,517.618,-31.682,

[2025-03-05 10:09:06] ,1,30.053,425.741,46.801,42.378,471.087,13.671,

[2025-03-05 10:09:14] ,1,10.28,488.091,47.49,3.03,513.796,-62.978,

[2025-03-05 10:09:24] ,2,11.467,414.009,-50.458,13.114,472.405,117.688,

[2025-03-05 10:09:34] ,1,-0.924,496.066,52.927,54.242,500.482,17.14,

[2025-03-05 10:09:42] ,2,19.573,428.707,66.869,10.083,472.471,-61.869,

[2025-03-05 10:09:52] ,1,40.664,425.543,54.048,42.18,449.402,22.932,

[2025-03-05 10:09:59] ,1,19.112,470.955,25.894,-3.824,507.6,35.952,

[2025-03-05 10:10:08] ,3,-6.435,414.866,-45.272,57.208,490.925,2.291,

[2025-03-05 10:10:25] ,1,7.051,423.962,79.786,-1.517,441.691,-84.44,

[2025-03-05 10:10:33] ,2,1.383,408.143,147.019,21.155,415.855,144.462,

[2025-03-05 10:10:42] ,2,70.653,499.625,126.254,56.087,512.214,-172.304,

[2025-03-05 10:10:50] ,4,50.353,424.291,6.466,44.709,447.952,-57.039,

[2025-03-05 10:11:00] ,3,39.61,513.861,16.154,85.37,517.421,-53.746,

[2025-03-05 10:11:09] ,1,17.794,401.289,-39.144,-5.076,405.112,67.816,

[2025-03-05 10:11:17] ,1,55.494,494.484,-39.289,71.246,507.073,-35.538,

[2025-03-05 10:11:26] ,2,78.035,400.63,163.909,38.028,427.916,-112.736,

[2025-03-05 10:11:35] ,2,78.232,439.714,118.163,53.846,518.936,-45,

[2025-03-05 10:11:43] ,3,10.196,415.789,-88.854,58.987,436.221,26.735,

[2025-03-05 10:11:54] ,1,-3.956,407.023,3.094,-9.163,422.973,-87.466,

[2025-03-05 10:12:02] ,1,67.16,477.809,44.284,59.976,488.816,-60.255,

[2025-03-05 10:12:11] ,2,27.153,419.809,92.556,47.585,471.087,-157.264,

[2025-03-05 10:12:22] ,2,57.735,471.35,-141.028,-0.924,503.843,110.674,

[2025-03-05 10:12:30] ,3,0.439,439.582,-62.928,86.339,475.305,-13.481,

[2025-03-05 10:12:39] ,4,73.793,407.1,18.104,80.803,423.368,56.31,

[2025-03-05 10:12:50] ,1,-0.661,411.9,62.978,17.728,415.13,59.123,

[2025-03-05 10:12:57] ,1,17.398,490.068,44.644,5.93,518.541,-86.424,

[2025-03-05 10:13:06] ,2,51.869,418.162,-90,87.394,436.814,-61.595,

[2025-03-05 10:13:15] ,2,12.587,438.066,38.897,23.726,440.505,18.595,

[2025-03-05 10:13:23] ,2,70.917,488.157,141.499,54.769,490.2,-100.713,

[2025-03-05 10:13:32] ,4,29.173,403.769,38.48,37.423,434.507,-89.236,

[2025-03-05 10:13:41] ,3,1.448,499.427,24.855,79.438,500.614,-49.066,

[2025-03-05 10:13:49] ,4,87.377,412.65,-74.055,78.232,517.355,-41.332,

[2025-03-05 10:14:01] ,1,-6.988,397.664,-64.826,68.478,428.312,12.804,

[2025-03-05 10:14:09] ,2,21.023,415.921,74.612,32.162,420.007,44.275,

[2025-03-05 10:14:17] ,2,51.473,404.848,118.195,-5.538,479.259,113.398,

[2025-03-05 10:14:26] ,3,50.485,419.546,8.076,49.298,432.53,8.455,

[2025-03-05 10:14:36] ,3,56.145,465.191,71.924,8.546,468.509,30.77,

[2025-03-05 10:14:45] ,3,33.132,497.828,75.779,4.054,514.521,-83.447,

[2025-03-05 10:14:54] ,1,81.198,462.914,-18.595,22.342,515.311,47.521,

[2025-03-05 10:15:02] ,4,59.239,398.071,30.784,86.748,425.731,-80.972,

[2025-03-05 10:15:14] ,1,43.63,494.352,88.977,9.753,496.857,1.023,

[2025-03-05 10:15:21] ,2,49.892,437.275,-87.973,51.803,462.716,112.932,

[2025-03-05 10:15:30] ,2,48.837,481.434,-13.791,5.667,481.83,-78.887,

[2025-03-05 10:15:38] ,3,-6.874,437.719,71.086,30.722,483.477,-75.872,

[2025-03-05 10:15:48] ,4,74.212,447.425,-80.036,84.574,508.052,-22.58,

[2025-03-05 10:15:59] ,1,-10.745,457.246,9.713,55.23,458.893,-45,

[2025-03-05 10:16:06] ,1,49.167,502.13,-4.086,70.192,507.271,-45.365,

[2025-03-05 10:16:15] ,2,9.028,421.325,-167.196,24.121,493.825,-19.722,

[2025-03-05 10:16:23] ,3,26.414,410.121,-38.179,67.819,491.716,-19.525,

[2025-03-05 10:16:34] ,2,75.464,442.614,-16.157,60.371,453.159,62.076,

[2025-03-05 10:16:43] ,1,-0.463,508.918,-18.113,49.958,514.85,-6.17,

[2025-03-05 10:16:51] ,2,26.362,493.1,-128.897,12.258,513.136,-160.105,

[2025-03-05 10:17:00] ,3,39.346,444.393,13.761,-2.223,468.252,-53.889,

[2025-03-05 10:17:17] ,1,2.767,398.587,33.69,45.212,416.184,87.955,

[2025-03-05 10:17:25] ,1,53.583,432.793,86.961,74.146,461.2,-77.082,

[2025-03-05 10:17:34] ,1,62.48,479.852,-90,25.308,490.53,26.114,

[2025-03-05 10:17:43] ,1,66.698,492.573,-59.3,20.298,513.005,35.952,

[2025-03-05 10:17:52] ,2,11.928,440.966,-112.736,63.008,451.841,-155.934,

[2025-03-05 10:18:01] ,2,39.478,458.893,146.725,59.976,469.241,119.302,

[2025-03-05 10:18:09] ,3,5.601,451.907,6.798,8.253,481.779,59.88,

[2025-03-05 10:18:19] ,1,25.901,413.35,31.842,74.212,512.939,-21.038,

[2025-03-05 10:18:28] ,2,58.064,416.712,90,64.392,452.302,38.897,

[2025-03-05 10:18:36] ,2,41.983,491.123,-85.446,41.389,507.402,-64.799,

[2025-03-05 10:18:44] ,4,70.719,404.848,83.358,86.998,507.073,37.284,

[2025-03-05 10:18:55] ,1,50.089,399.905,44.635,0.196,434.837,34.951,

[2025-03-05 10:19:02] ,1,21.683,449.666,-60.505,0.987,494.352,6.621,

[2025-03-05 10:19:11] ,2,73.355,453.95,162.86,-1.847,468.78,-166.701,

[2025-03-05 10:19:20] ,3,36.608,470.23,-87.739,22.779,495.341,-88.483,

[2025-03-05 10:19:31] ,2,58.789,417.371,26.565,50.089,443.734,27.474,

[2025-03-05 10:19:40] ,1,39.412,450.984,-26.114,78.694,461.991,54.758,

[2025-03-05 10:19:48] ,1,48.244,494.748,52.125,52.33,510.434,4.086,

[2025-03-05 10:19:57] ,4,65.495,402.589,-66.251,12.373,421.366,28.532,

[2025-03-05 10:20:08] ,1,76.848,472.932,42.479,33.942,486.443,-62.758,

[2025-03-05 10:20:18] ,3,68.513,456.587,-60.539,4.81,466.077,-14.128,

[2025-03-05 10:20:29] ,4,35.496,411.109,-61.543,51.653,508.204,64.636,

[2025-03-05 10:20:40] ,1,33.612,413.812,0,35.919,457.509,87.51,

[2025-03-05 10:20:47] ,3,14.695,471.008,47.929,-0.331,489.146,-15.789,

[2025-03-05 10:21:05] ,1,27.285,400.696,32.276,48.376,428.443,-87.955,

[2025-03-05 10:21:13] ,1,-5.406,476.755,17.324,34.139,513.598,2.045,

[2025-03-05 10:21:22] ,1,47.98,514.916,78.69,78.826,518.936,34.267,

[2025-03-05 10:21:32] ,2,14.103,400.3,1.032,-1.056,408.078,-57.019,

[2025-03-05 10:21:40] ,2,-2.045,422.709,-96.68,-2.242,436.155,-120.184,

[2025-03-05 10:21:49] ,2,76.321,456.257,52.927,13.51,460.08,-121.739,

[2025-03-05 10:21:57] ,2,14.894,477.809,-41.8,50.023,499.098,-8.631,

[2025-03-05 10:22:05] ,3,59.074,440.834,-47.956,0.646,495.91,76.239,

[2025-03-05 10:22:16] ,1,30.712,397.928,1.032,26.098,443.537,-12.2,

[2025-03-05 10:22:24] ,1,36.446,445.184,-14.769,22.671,461.068,-43.221,

[2025-03-05 10:22:33] ,1,2.898,471.021,-70.615,32.162,510.434,-21.991,

[2025-03-05 10:22:42] ,2,-2.374,445.975,-40.711,37.501,463.573,29.932,

[2025-03-05 10:22:51] ,3,0.46,424.884,-28.429,11.016,438.755,67.847,

[2025-03-05 10:23:01] ,1,53.319,403.068,-71.565,11.005,407.946,-3.608,

[2025-03-05 10:23:10] ,1,83.11,453.423,49.343,-9.426,466.143,88.986,

[2025-03-05 10:23:19] ,1,29.064,476.162,16.699,70.851,496.461,4.594,

[2025-03-05 10:23:28] ,1,44.092,505.491,37.786,3.096,512.411,1.534,

[2025-03-05 10:23:37] ,2,76.782,434.968,102.918,72.498,478.732,-78.19,

[2025-03-05 10:23:46] ,2,-6.724,487.959,149.123,73.421,513.532,147.171,

[2025-03-05 10:23:54] ,3,34.628,422.709,-44.728,77.31,423.171,25.364,

[2025-03-05 10:24:04] ,3,7.051,432.332,-28.095,28.357,447.293,-32.645,

[2025-03-05 10:24:13] ,4,71.905,399.905,10.069,87.328,480.643,-59.3,

[2025-03-05 10:24:24] ,1,15.223,452.302,-80.949,58.46,482.291,61.837,

[2025-03-05 10:24:31] ,2,-8.372,420.666,-52.619,-4.945,463.309,-165.101,

[2025-03-05 10:24:40] ,3,2.239,437.275,-29.275,23.538,477.036,73.229,

[2025-03-05 10:24:49] ,4,19.705,438.989,-42.479,84.823,496,-38.418,

[2025-03-05 10:25:00] ,2,75.728,442.877,-34.114,3.887,450.457,-85.95,

[2025-03-05 10:25:07] ,4,15.939,489.343,-85.047,83.967,507.93,24.829,

[2025-03-05 10:25:18] ,1,-6.79,404.123,-42.101,79.946,425.609,-58.158,

[2025-03-05 10:25:25] ,3,2.503,466.802,-8.344,69.432,476.629,78.84,

[2025-03-05 10:25:36] ,3,11.071,460.409,27.917,0.18,491.977,30.311,

[2025-03-05 10:25:47] ,1,52.726,452.566,-28.369,4.612,465.616,27.474,

[2025-03-05 10:25:57] ,1,-10.086,491.386,-60.945,7.512,494.155,-20.854,

[2025-03-05 10:26:14] ,1,10.28,398.916,-17.784,69.532,405.046,64.604,

[2025-03-05 10:26:23] ,1,1.383,436.287,-31.31,47.387,447.623,-43.586,

[2025-03-05 10:26:32] ,1,38.753,460.146,47.49,56.285,500.482,-54.758,

[2025-03-05 10:26:41] ,2,41.587,397.005,-145.305,44.883,412.428,117.255,

[2025-03-05 10:26:52] ,2,77.244,456.652,-63.435,46.201,483.28,-34.663,

[2025-03-05 10:27:00] ,1,22.605,455.532,46.414,60.833,483.016,16.991,

[2025-03-05 10:27:08] ,2,74.476,491.716,-121.139,76.255,505.03,-128.82,

[2025-03-05 10:27:17] ,4,-9.811,397.484,90,85.548,510.302,-36.87,

[2025-03-05 10:28:25] ,1,-10.679,399.839,81.724,37.633,503.448,36.064,

[2025-03-05 10:28:31] ,1,-10.679,399.839,81.724,37.567,503.382,35.952,

[2025-03-05 10:28:39] ,2,39.478,400.893,-63.204,52.66,464.1,45,

[2025-03-05 10:28:47] ,3,57.607,441.853,87.346,31.371,443.273,26.227,

[2025-03-05 10:28:56] ,1,-6.131,404.387,-56.739,41.653,518.936,-47.553,

[2025-03-05 10:29:05] ,3,35.655,458.827,22.011,3.843,480.973,-31.926,

[2025-03-05 10:29:16] ,2,52.264,468.78,103.183,74.344,476.425,166.464,

[2025-03-05 10:29:24] ,3,11.945,404.793,60.16,-2.408,436.616,-59.689,

[2025-03-05 10:29:33] ,1,0.328,418.096,-67.341,84.296,419.48,-55.733,

[2025-03-05 10:29:41] ,3,11.137,449.139,-4.544,-2.097,473.459,-86.589,

[2025-03-05 10:29:51] ,3,26.692,469.373,-35.451,14.059,484.218,68.827,

[2025-03-05 10:30:00] ,3,54.57,486.76,47.956,36.163,487.314,64.455,

[2025-03-05 10:30:10] ,1,-2.111,421.721,-32.55,40.137,467.264,-63.658,

[2025-03-05 10:30:19] ,2,52.264,443.998,56.87,11.73,465.682,-171.941,

[2025-03-05 10:30:28] ,2,63.864,470.164,79.287,50.485,500.877,60.698,

[2025-03-05 10:30:36] ,3,33.151,435.364,-10.271,26.485,452.566,-37.02,

[2025-03-05 10:30:45] ,1,80.276,415.591,34.267,31.503,515.575,13.536,

[2025-03-05 10:30:53] ,4,85.482,448.546,45,85.944,466.802,-27.951,

[2025-03-05 10:31:05] ,2,-2.374,424.027,-112.463,-6.658,475.898,-98.059,

[2025-03-05 10:31:12] ,3,-10.415,443.602,-6.843,-7.142,461.464,-39.903,

[2025-03-05 10:31:21] ,4,5.337,402.739,-34.33,80.107,516.421,-13.782,

[2025-03-05 10:31:32] ,1,9.292,418.821,27.924,-9.624,486.312,68.385,

[2025-03-05 10:31:39] ,2,67.885,438.462,-38.501,10.873,504.832,65.472,

[2025-03-05 10:31:49] ,3,2.873,420.229,63.778,31.807,504.239,-72.051,

[2025-03-05 10:31:59] ,1,44.487,444.327,-19.075,-3.626,490.793,11.81,

[2025-03-05 10:32:07] ,2,-8.372,444.393,174.391,56.087,514.586,45,

[2025-03-05 10:32:16] ,3,37.193,482.95,-47.141,78.403,502.713,75.217,

[2025-03-05 10:32:32] ,1,9.819,398.653,56.31,29.658,427.257,51.499,

[2025-03-05 10:32:40] ,1,58.592,432.266,-65.934,49.298,449.468,15.388,

[2025-03-05 10:32:49] ,1,80.078,455.796,-31.842,42.51,472.141,-22.27,

[2025-03-05 10:32:58] ,2,7.908,431.146,76.209,59.514,487.696,58.69,

[2025-03-05 10:33:07] ,2,4.348,492.507,-153.886,67.357,499.625,-100.305,

[2025-03-05 10:33:15] ,3,23.076,448.585,81.283,-10.115,451.643,-61.056,

[2025-03-05 10:33:24] ,3,7.578,459.025,-6.798,-6.792,476.017,47.929,

[2025-03-05 10:33:35] ,1,19.442,444.327,4.554,79.287,457.641,-45,

[2025-03-05 10:33:43] ,1,9.885,458.498,20.674,64.985,481.896,-17.628,

[2025-03-05 10:33:52] ,2,9.885,407.418,-171.798,32.953,463.309,-141.028,

[2025-03-05 10:34:01] ,2,-0.133,450.193,97.125,40.664,516.63,102.417,

[2025-03-05 10:34:09] ,3,65.213,424.91,82.355,10.218,503.91,84.289,

[2025-03-05 10:34:20] ,1,13.312,433.518,14.407,73.026,475.437,-84.391,

[2025-03-05 10:34:28] ,1,35.194,492.375,-66.14,66.83,500.811,-1.023,

[2025-03-05 10:34:37] ,2,12.455,401.421,13.033,52.858,495.671,0,

[2025-03-05 10:34:46] ,4,70.785,407.814,-40.305,87.855,498.571,8.351,

[2025-03-05 10:34:57] ,2,46.662,471.35,138.2,70.06,487.037,24.955,

[2025-03-05 10:35:03] ,3,5.718,412.036,65.145,5.388,518.673,-38.243,

[2025-03-05 10:35:20] ,1,43.63,406.298,-25.641,83.439,462.782,-17.628,

[2025-03-05 10:35:28] ,1,73.223,400.762,-6.864,63.733,467,-29.932,

[2025-03-05 10:35:37] ,1,37.039,490.2,-7.063,80.671,501.536,13.416,

[2025-03-05 10:35:46] ,2,72.103,436.946,-21.801,42.312,477.546,95.511,

[2025-03-05 10:35:55] ,3,29.931,407.943,84.596,28.425,435.693,-69.532,

[2025-03-05 10:36:03] ,3,40.085,460.561,59.554,83.218,483.807,-78.766,

[2025-03-05 10:36:12] ,3,59.646,488.223,-29.792,-0.958,488.618,-30.446,

[2025-03-05 10:36:21] ,4,54.769,397.472,88.614,86.735,405.705,48.366,

[2025-03-05 10:36:32] ,2,1.448,413.218,58.426,73.882,460.805,-7.696,

[2025-03-05 10:36:39] ,1,40.071,420.139,-40.711,17.992,421.589,86.961,

[2025-03-05 10:36:47] ,3,23.062,456.591,35.972,0.987,504.766,8.399,

[2025-03-05 10:37:00] ,2,-10.547,410.055,168.589,17.596,421.128,96.68,

[2025-03-05 10:37:08] ,2,82.978,438.198,-110.854,74.805,463.771,133.919,

[2025-03-05 10:37:17] ,1,86.471,452.896,2.064,31.635,459.421,2.01,

[2025-03-05 10:37:25] ,2,-9.624,475.305,120.184,30.646,502.393,-92.027,

[2025-03-05 10:37:34] ,1,-3.231,487.3,52.829,86.207,514.982,78.996,

[2025-03-05 10:37:44] ,3,35.458,414.866,-3.053,6.655,463.837,20.336,

[2025-03-05 10:37:54] ,4,58.915,398.586,-84.012,78.298,486.839,-82.747,

[2025-03-05 10:38:05] ,1,-10.02,413.812,11.31,-10.547,491.452,55.751,

[2025-03-05 10:38:12] ,3,83.703,433.123,-16.626,51.935,503.646,-28.275,

[2025-03-05 10:38:23] ,1,87.13,419.809,-78.996,56.68,491.255,-22.736,

[2025-03-05 10:38:31] ,2,28.339,421.325,-176.934,-9.624,434.639,-42.138,

[2025-03-05 10:38:40] ,1,77.903,402.805,59.668,0.394,500.68,-54.345,

[2025-03-05 10:38:49] ,2,36.842,449.007,126.769,52.33,474.909,53.936,

[2025-03-05 10:38:57] ,2,28.339,484.268,126.064,68.412,507.402,135,

[2025-03-05 10:39:06] ,4,39.808,423.434,85.914,15.619,426.4,-13.912,

[2025-03-05 10:39:17] ,1,8.567,471.416,-49.939,13.708,495.209,38.972,

[2025-03-05 10:39:25] ,3,48.575,484.874,35.272,40.55,516.19,68.412,

[2025-03-05 10:39:35] ,4,61.412,404.083,54.28,46.596,517.091,79.095,

[2025-03-05 10:39:52] ,1,-8.899,402.212,-42.447,59.448,455.137,-2.027,

[2025-03-05 10:39:59] ,1,-2.111,493.496,7.063,75.53,503.382,69.444,

[2025-03-05 10:40:08] ,2,25.505,408.143,91.032,43.564,434.243,-46.081,

[2025-03-05 10:40:17] ,2,50.814,470.362,87.973,75.728,484.334,-171.215,

[2025-03-05 10:40:25] ,3,3.096,421.721,-2.275,11.281,453.121,59.036,

[2025-03-05 10:40:34] ,3,81.246,460.08,-63.435,26.91,466.012,-48.46,

[2025-03-05 10:40:45] ,1,2.635,398.653,-13.536,60.503,400.366,50.856,

[2025-03-05 10:40:53] ,1,34.205,417.634,-31.574,48.178,419.875,-32.981,

[2025-03-05 10:41:01] ,1,26.758,430.355,4.05,27.68,447.689,-53.531,

[2025-03-05 10:41:10] ,2,18.321,414.537,118.405,52.792,458.63,166.209,

[2025-03-05 10:41:19] ,1,30.383,471.416,33.275,39.148,477.216,31.477,

[2025-03-05 10:41:27] ,3,-2.46,463.303,30.639,-8.227,494.352,-76.149,

[2025-03-05 10:41:38] ,1,22.473,451.182,-3.545,56.483,474.316,-23.398,

[2025-03-05 10:41:47] ,1,1.712,486.773,44.644,20.562,497.846,62.076,

[2025-03-05 10:41:57] ,2,54.703,445.25,158.199,7.38,464.43,-45.707,

[2025-03-05 10:42:07] ,1,22.473,445.514,-32.164,9.292,460.871,42.51,

[2025-03-05 10:42:15] ,1,47.453,478.996,57.567,75.398,493.759,79.192,

[2025-03-05 10:42:24] ,1,43.564,496,63.208,55.56,513.796,-58.158,

[2025-03-05 10:42:34] ,1,-9.954,489.475,-69.503,37.039,516.827,-73.985,

[2025-03-05 10:42:43] ,2,8.567,447.293,144.926,0.921,495.341,-146.87,

[2025-03-05 10:42:57] ,3,31.424,405.914,83.491,12.192,477.084,-12.854,

[2025-03-05 10:43:12] ,2,-6.329,397.137,44.635,2.042,406.759,-96.68,

[2025-03-05 10:43:20] ,1,18.189,403.398,78.69,63.864,408.143,78.589,

[2025-03-05 10:43:29] ,1,49.628,409.264,-1.548,53.583,450.589,-20.2,

[2025-03-05 10:43:38] ,1,3.228,453.225,36.064,37.896,500.218,66.801,

[2025-03-05 10:43:47] ,1,49.101,513.796,-5.659,66.698,516.63,-79.695,

[2025-03-05 10:43:56] ,2,39.214,411.175,20.556,59.646,434.771,-129.611,

[2025-03-05 10:44:05] ,2,18.453,457.773,172.937,8.698,476.689,30.619,

[2025-03-05 10:44:13] ,2,27.021,494.682,68.854,57.867,499.23,102.308,

[2025-03-05 10:44:21] ,3,83.901,422.775,-27.433,87.192,443.32,53.13,

[2025-03-05 10:44:30] ,3,32.499,462.914,-81.339,79.551,467.132,21.588,

[2025-03-05 10:44:40] ,1,31.042,397.137,61.348,8.039,483.28,38.66,

[2025-03-05 10:44:49] ,1,-3.297,491.782,-24.066,4.019,509.775,11.81,

[2025-03-05 10:44:58] ,1,30.448,517.75,-73.985,-10.811,518.08,72.216,

[2025-03-05 10:45:07] ,2,68.412,475.766,-180,76.255,512.28,-154.826,

[2025-03-05 10:45:16] ,3,-4.282,408.012,-75.217,54.974,421.564,81.167,

[2025-03-05 10:45:26] ,1,81.462,467.132,17.628,64.326,482.423,8.202,

[2025-03-05 10:45:34] ,3,81.132,433.123,8.13,27.637,455.137,-46.865,

[2025-03-05 10:45:44] ,3,67.269,458.827,-40.147,26.459,501.207,-70.962,

[2025-03-05 10:45:54] ,3,12.785,407.418,-9.588,87.657,432.134,0,

[2025-03-05 10:46:04] ,1,19.376,423.698,-35.655,16.608,447.162,34.249,

[2025-03-05 10:46:16] ,1,12.06,477.282,0.507,58.262,505.491,42.479,

[2025-03-05 10:46:27] ,2,64.787,467.659,-3.545,-4.088,493.693,90,

[2025-03-05 10:46:35] ,3,28.339,426.4,21.448,60.745,496.25,70.837,

[2025-03-05 10:46:52] ,1,47.255,403.596,-43.55,8.962,444.459,1.014,

[2025-03-05 10:47:00] ,1,49.035,458.168,50.323,82.582,481.698,-36.666,

[2025-03-05 10:47:09] ,1,72.037,501.866,56.31,52.001,511.225,-56.31,

[2025-03-05 10:47:19] ,2,65.842,423.171,-39.542,6.985,430.223,-123.83,

[2025-03-05 10:47:27] ,2,43.96,492.375,59.123,12.851,512.543,135.36,

[2025-03-05 10:47:36] ,3,23.038,405.046,-41.474,30.646,475.832,-23.394,

[2025-03-05 10:47:44] ,4,-7.782,397.047,65.518,74.072,517.741,-43.152,

[2025-03-05 10:47:56] ,1,14.96,437.802,33.83,70.06,504.634,-9.8,

[2025-03-05 10:48:03] ,2,4.217,426.862,-151.144,51.935,452.434,17.475,

[2025-03-05 10:48:13] ,1,68.544,420.732,0,8.435,420.864,-27.242,

[2025-03-05 10:48:21] ,1,27.548,490.2,38.972,31.767,505.886,17.628,

[2025-03-05 10:48:30] ,2,35.458,415.789,-90,62.283,452.896,131.424,

[2025-03-05 10:48:39] ,1,-4.549,509.182,-11.915,85.417,514.718,25.866,

[2025-03-05 10:48:49] ,3,-3.326,407.616,-71.686,36.94,448.328,32.005,

[2025-03-05 10:48:58] ,3,5.008,467.527,14.763,20.002,477.875,-71.208,

[2025-03-05 10:49:08] ,2,8.237,423.434,11.81,-10.811,427.521,40.711,

[2025-03-05 10:49:16] ,2,73.092,509.907,122.829,53.517,518.673,-124.403,

[2025-03-05 10:49:26] ,1,52.264,445.316,5.609,21.419,471.746,-39.359,

[2025-03-05 10:49:36] ,2,38.489,454.609,36.769,3.096,482.159,-97.561,

[2025-03-05 10:49:45] ,3,75.003,432.53,21.092,16.344,489.871,-29.932,

[2025-03-05 10:49:54] ,1,24.846,408.671,48.958,-5.801,428.246,41.8,

[2025-03-05 10:50:04] ,1,22.21,461.398,-6.506,-4.022,501.536,-41.424,

[2025-03-05 10:50:13] ,3,61.234,500.614,-67.703,77.705,518.337,47.466,

[2025-03-05 10:50:24] ,1,61.426,423.237,-87.444,-5.208,504.634,-48.2,

[2025-03-05 10:50:34] ,2,-5.67,432.53,-109.722,-1.386,476.425,-7.628,

[2025-03-05 10:50:44] ,2,51.803,406.43,73.202,55.098,482.357,-29.745,

[2025-03-05 10:50:53] ,1,37.764,453.225,-40.326,2.569,476.293,-18.911,

[2025-03-05 10:51:08] ,1,48.771,408.143,-23.334,21.551,411.109,-13.912,

[2025-03-05 10:51:16] ,1,12.258,421.193,-3.066,39.017,428.839,37.073,

[2025-03-05 10:51:25] ,1,25.11,441.493,68.199,70.851,472.537,60.945,

[2025-03-05 10:51:34] ,1,34.996,474.316,60.994,-0.133,502.591,32.276,

[2025-03-05 10:51:43] ,1,82.648,505.161,-6.226,-10.283,514.718,-38.186,

[2025-03-05 10:51:52] ,2,18.058,480.248,-114.775,18.387,500.746,-119.055,

[2025-03-05 10:52:01] ,3,-6.461,423.698,1.528,45.672,459.013,47.929,

[2025-03-05 10:52:09] ,3,71.444,487.234,6.934,48.683,491.65,-62.58,

[2025-03-05 10:52:18] ,4,83.721,409.735,-5.763,26.494,424.423,-31.574,

[2025-03-05 10:52:29] ,1,14.169,399.707,-8.785,39.214,412.362,-53.231,

[2025-03-05 10:52:36] ,1,68.017,465.221,76.701,40.203,472.339,-6.009,

[2025-03-05 10:52:45] ,1,22.408,482.357,-44.293,45.542,489.475,-27.924,

[2025-03-05 10:52:54] ,2,53.78,470.23,15.255,-5.736,474.777,141.419,

[2025-03-05 10:53:03] ,3,73.061,495.473,-88.078,35.095,510.591,39.855,

[2025-03-05 10:53:13] ,2,6.392,438.989,165.231,20.628,469.109,-124.38,

[2025-03-05 10:53:21] ,3,30.978,410.986,46.357,0.176,460.403,30.639,

[2025-03-05 10:53:30] ,3,5.271,480.116,18.435,17.483,492.968,-50.631,

[2025-03-05 10:53:41] ,2,2.371,444.459,120.184,56.153,470.823,35.952,

[2025-03-05 10:53:50] ,2,4.217,403.793,113.334,45.673,438.923,110.026,

[2025-03-05 10:54:05] ,1,69.005,407.55,-7.836,-5.867,420.205,53.637,

[2025-03-05 10:54:12] ,1,40.664,428.114,36.363,72.301,493.232,7.696,

[2025-03-05 10:54:21] ,2,13.246,414.932,113.6,0.46,467.923,77.307,

[2025-03-05 10:54:30] ,3,58.653,504.953,52.595,47.394,515.726,34.647,

[2025-03-05 10:54:39] ,4,81.462,403.662,-63.905,22.473,513.532,12.068,

[2025-03-05 10:56:41] ,1,25.439,514.323,1.032,0.987,514.455,87.466,

[2025-03-05 10:56:46] ,1,25.439,514.389,1.023,0.987,514.455,87.466,

[2025-03-05 10:56:55] ,1,87.592,435.364,-77.082,23.462,437.605,5.057,

[2025-03-05 10:57:03] ,1,-1.451,444.987,-5.057,20.496,455.334,33.275,

[2025-03-05 10:57:12] ,1,48.112,470.032,1.014,60.833,493.891,41.424,

[2025-03-05 10:57:21] ,2,49.76,397.334,-160.416,78.496,420.798,-33.546,

[2025-03-05 10:57:30] ,2,67.226,425.807,-4.086,30.58,488.618,67.92,

[2025-03-05 10:57:38] ,3,29.657,470.422,47.397,46.953,496.251,85.426,

[2025-03-05 10:57:49] ,1,7.051,436.352,-33.83,13.312,456.257,83.991,

[2025-03-05 10:57:57] ,1,73.157,463.705,83.379,39.544,465.484,70.615,

[2025-03-05 10:58:06] ,2,22.342,466.143,-107.324,34.337,489.805,69.974,

[2025-03-05 10:58:15] ,2,-10.547,408.341,127.284,26.692,501.602,-44.64,

[2025-03-05 10:58:24] ,3,24.187,403.991,22.59,-5.074,456.104,80.91,

[2025-03-05 10:58:34] ,1,-3.956,403.793,27.951,35.523,464.43,-58.782,

[2025-03-05 10:58:42] ,2,13.114,402.937,165.838,56.483,494.682,-50.782,

[2025-03-05 10:58:51] ,3,62.384,406.715,82.635,75.464,447.557,15.422,

[2025-03-05 10:59:02] ,2,48.573,408.473,177.421,21.551,439.582,21.329,

[2025-03-05 10:59:09] ,3,54.13,425.148,-48.24,-0.331,435.693,13.023,

[2025-03-05 10:59:18] ,4,85.351,425.016,-21.224,70.22,518.695,12.131,

[2025-03-05 10:59:29] ,1,24.451,397.664,7.696,11.269,413.218,8.707,

[2025-03-05 10:59:36] ,1,85.548,454.082,-5.148,12.587,500.021,-63.662,

[2025-03-05 10:59:45] ,3,27.112,443.009,-31.483,23.612,513.136,-50.925,

[2025-03-05 10:59:56] ,1,56.351,416.316,-42.447,-10.086,427.125,-27.924,

[2025-03-05 11:00:04] ,2,34.205,461.662,-153.435,21.353,496.132,-52.524,

[2025-03-05 11:00:14] ,2,-7.449,461.727,-96.563,2.305,481.302,162.044,

[2025-03-05 11:00:24] ,1,3.492,445.118,64.558,11.664,490.53,12.804,

[2025-03-05 11:00:33] ,2,-9.229,436.089,-148.861,22.21,485.916,27.924,

[2025-03-05 11:00:42] ,2,-8.636,469.307,135.36,47.717,490.2,-48.24,

[2025-03-05 11:00:58] ,1,25.505,408.803,-80.789,36.842,416.843,24.74,

[2025-03-05 11:01:06] ,1,80.671,404.98,-30.784,50.023,426.005,-76.088,

[2025-03-05 11:01:15] ,1,8.039,436.88,-34.249,72.037,448.677,25.88,

[2025-03-05 11:01:24] ,1,5.469,485.059,22.27,41.06,499.098,-70.448,

[2025-03-05 11:01:33] ,2,-9.822,474.382,105.876,45.476,489.146,110.2,

[2025-03-05 11:01:41] ,3,53.055,403.53,3.073,67.128,414.603,-60.303,

[2025-03-05 11:01:50] ,3,-8.941,448.558,69.044,27.117,453.291,-43.668,

[2025-03-05 11:01:59] ,3,52.66,453.489,-22.649,27.087,482.687,7.172,

[2025-03-05 11:02:08] ,3,-10.785,498.505,-77.347,57.466,518.033,50.44,

[2025-03-05 11:02:19] ,1,76.453,461.266,-56.592,7.973,463.902,-74.876,

[2025-03-05 11:02:27] ,2,67.028,430.552,120.877,22.21,453.752,125.362,

[2025-03-05 11:02:36] ,2,12.851,485.916,-15.739,33.942,501.009,36.363,

[2025-03-05 11:02:44] ,3,24.094,482.02,70.372,-4.154,487.564,4.167,

[2025-03-05 11:02:54] ,2,17.662,441.362,-9.13,9.292,452.302,130.384,

[2025-03-05 11:03:02] ,2,44.948,472.339,132.879,-10.481,514.85,113.6,

[2025-03-05 11:03:12] ,1,56.483,438.396,-51.419,66.237,454.477,-61.837,

[2025-03-05 11:03:20] ,1,67.951,474.646,52.214,82.714,495.934,-32.115,

[2025-03-05 11:03:29] ,3,0.658,429.959,16.626,23.067,513.202,0.764,

[2025-03-05 11:03:48] ,2,40.73,403.793,117.951,25.242,409.857,66.869,

[2025-03-05 11:03:55] ,1,-3.165,428.905,-40.384,46.86,441.625,65.014,

[2025-03-05 11:04:04] ,1,58.262,447.623,66.602,80.21,453.027,-14.899,

[2025-03-05 11:04:13] ,2,40.203,418.689,4.086,58.921,426.598,94.086,

[2025-03-05 11:04:22] ,2,60.635,492.573,-97.628,61.492,508.523,43.55,

[2025-03-05 11:04:30] ,3,70.737,461.407,73.846,-10.13,480.314,-55.162,

[2025-03-05 11:04:43] ,1,46.596,425.543,-90,46.069,453.818,61.429,

[2025-03-05 11:04:52] ,1,57.669,498.834,54.638,32.294,503.777,-51.103,

[2025-03-05 11:05:01] ,1,58.13,514.586,78.19,41.389,515.839,52.927,

[2025-03-05 11:05:10] ,3,58.98,401.721,71.932,-10.792,412.757,-51.757,

[2025-03-05 11:05:19] ,3,8.54,471.607,70.372,61.162,482.95,-4.953,

[2025-03-05 11:05:30] ,1,40.071,439.187,72.044,29.987,475.766,36.87,

[2025-03-05 11:05:38] ,2,24.121,442.152,47.862,0.921,464.693,-116.114,

[2025-03-05 11:05:47] ,2,47.321,486.312,64.799,77.376,491.914,25.419,

[2025-03-05 11:05:55] ,3,2.201,431.343,-31.159,1.048,491.081,50.097,

[2025-03-05 11:06:05] ,1,1.317,493.1,-13.183,6.787,508.852,7.628,

[2025-03-05 11:06:14] ,2,56.614,423.83,-83.83,19.508,464.693,-119.249,

[2025-03-05 11:06:24] ,1,51.078,406.628,53.027,27.746,506.48,-12.804,

[2025-03-05 11:06:35] ,1,80.342,501.009,17.14,24.846,509.907,-51.814,

[2025-03-05 11:06:43] ,2,2.569,451.577,161.887,56.285,508.655,-153.204,

[2025-03-05 11:07:01] ,1,82.714,417.371,2.603,33.348,445.382,-53.936,

[2025-03-05 11:07:08] ,1,-10.481,479.918,3.545,-5.34,502.591,80.287,

[2025-03-05 11:07:17] ,3,-6.461,417.766,-26.222,35.853,476.491,90,

[2025-03-05 11:07:28] ,1,65.248,427.85,-88.466,28.801,441.23,88.986,

[2025-03-05 11:07:36] ,2,16.937,429.762,-35.242,3.689,437.077,-98.631,

[2025-03-05 11:07:45] ,2,28.998,459.289,43.568,11.203,477.15,108.911,

[2025-03-05 11:07:53] ,3,-6.395,496.33,-3.033,63.205,507.798,6.888,

[2025-03-05 11:08:04] ,1,-8.767,462.848,9.628,-1.386,475.766,65.014,

[2025-03-05 11:08:13] ,2,60.635,453.818,72.044,25.637,454.675,-78.789,

[2025-03-05 11:08:23] ,1,50.617,497.648,46.432,38.951,509.05,-50.782,

[2025-03-05 11:08:31] ,2,11.994,416.514,105.03,25.835,486.18,-26.114,

[2025-03-05 11:08:41] ,1,22.869,486.377,-5.56,-2.374,505.096,9.211,

[2025-03-05 11:08:49] ,3,83.064,439.999,88.078,56.68,447.689,-21.801,

[2025-03-05 11:09:05] ,1,7.842,397.796,47.899,29.328,398.125,-35.838,

[2025-03-05 11:09:13] ,1,-0.397,415.064,-39.611,-10.679,441.493,-25.201,

[2025-03-05 11:09:22] ,1,19.837,451.643,72.676,66.237,471.35,-67.73,

[2025-03-05 11:09:31] ,2,61.228,418.953,52.619,16.739,431.475,-124.249,

[2025-03-05 11:09:42] ,2,31.173,435.364,56.449,78.826,453.555,-125.242,

[2025-03-05 11:09:50] ,1,20.298,506.084,-69.326,59.91,506.282,39.999,

[2025-03-05 11:09:59] ,1,21.155,478.007,19.855,65.908,518.607,52.927,

[2025-03-05 11:10:08] ,3,17.596,410.187,-16.736,67.602,493.346,37.942,

[2025-03-05 11:10:19] ,1,67.357,447.359,45.36,45.212,447.557,-34.249,

[2025-03-05 11:10:27] ,1,-2.967,458.696,-51.419,59.317,476.096,-48.909,

[2025-03-05 11:10:36] ,2,0.987,410.846,45.716,31.371,414.668,168.589,

[2025-03-05 11:10:45] ,2,-9.031,417.503,-30.7,19.508,424.95,-60.698,

[2025-03-05 11:10:53] ,2,2.108,428.114,-153.662,3.162,476.03,124.249,

[2025-03-05 11:11:02] ,2,12.587,499.757,-101.211,11.401,513.202,47.521,

[2025-03-05 11:11:10] ,3,20.035,453.884,-19.148,48.823,483.599,37.247,

[2025-03-05 11:11:19] ,3,73.553,491.65,10.339,84.71,503.118,-52.9,

[2025-03-05 11:11:30] ,1,0.394,457.312,-59.381,52.001,465.155,22.27,

[2025-03-05 11:11:38] ,1,68.346,502.13,-10.808,1.91,517.948,83.83,

[2025-03-05 11:11:47] ,3,41.345,453.159,-76.977,1.725,499.34,43.655,

[2025-03-05 11:11:58] ,1,2.898,466.209,-48.909,40.664,503.843,-40.326,

[2025-03-05 11:12:06] ,3,37.667,425.741,-60.539,-9.985,488.282,74.946,

[2025-03-05 11:12:17] ,2,34.271,456.257,-84.987,-0.463,488.684,-71.405,

[2025-03-05 11:12:33] ,1,59.185,408.407,-68.009,39.478,409.396,-2.579,

[2025-03-05 11:12:40] ,1,80.539,416.053,70.907,21.089,419.678,59.816,

[2025-03-05 11:12:49] ,1,2.833,422.116,-1.534,29.658,461.266,-45.707,

[2025-03-05 11:12:58] ,1,69.73,495.802,68.962,24.187,499.493,19.242,

[2025-03-05 11:13:07] ,2,48.639,422.446,-1.032,17.398,441.23,-55.751,

[2025-03-05 11:13:16] ,3,29.82,429.3,-43.379,74.08,474.909,-13.481,

[2025-03-05 11:13:26] ,2,48.31,427.191,-61.837,-1.386,475.041,-95.56,

[2025-03-05 11:13:36] ,1,87.328,472.471,-64.581,-0.99,510.698,19.242,

[2025-03-05 11:13:46] ,2,29.592,444.064,-124.951,54.373,483.082,48.576,

[2025-03-05 11:13:55] ,1,-2.374,462.65,-24.986,76.717,480.841,80.2,

[2025-03-05 11:14:06] ,1,61.953,417.239,-73.496,57.669,456.191,51.419,

[2025-03-05 11:14:17] ,2,66.764,399.246,-114.444,42.773,465.682,-60.068,

[2025-03-05 11:14:27] ,1,81.66,481.962,-88.968,5.93,507.798,17.475,

[2025-03-05 11:14:35] ,2,21.287,400.037,-161.565,41.983,456.784,-66.342,

[2025-03-05 11:14:44] ,2,44.751,485.059,-157.73,68.61,492.177,-71.887,

[2025-03-05 11:14:52] ,3,42.378,422.577,17.468,48.508,437.341,-4.953,

[2025-03-05 11:15:01] ,3,70.142,442.957,60.018,45.08,498.373,-28.944,

[2025-03-05 11:15:10] ,3,82.517,511.959,55.771,50.189,517.157,-60.35,

[2025-03-05 11:15:26] ,1,57.208,413.021,30.256,-5.867,418.557,-51.814,

[2025-03-05 11:15:34] ,1,49.958,429.63,7.125,16.41,483.477,17.802,

[2025-03-05 11:15:43] ,2,48.508,403.266,-155.298,27.746,410.582,-108.113,

[2025-03-05 11:15:52] ,2,79.88,500.811,-75.466,3.623,513.598,10.808,

[2025-03-05 11:16:00] ,3,11.307,417.305,-78.465,57.784,445.58,-63.773,

[2025-03-05 11:16:11] ,1,30.448,399.312,66.666,18.585,430.618,-32.276,

[2025-03-05 11:16:19] ,2,77.771,446.964,-84.391,33.48,459.882,162.676,

[2025-03-05 11:16:30] ,2,67.555,471.218,-68.671,33.348,492.968,-38.972,

[2025-03-05 11:16:38] ,3,69.684,406.562,-49.399,8.764,485.191,-29.419,

[2025-03-05 11:16:47] ,1,-6.922,442.416,-24.319,7.908,443.075,80.87,

[2025-03-05 11:16:55] ,1,-1.913,467.396,42.852,78.43,497.45,25.419,

[2025-03-05 11:17:05] ,3,60.169,490.958,72.168,21.086,508.627,49.028,

[2025-03-05 11:17:16] ,1,15.553,441.757,71.565,20.167,483.939,-86.987,

[2025-03-05 11:17:24] ,1,86.735,418.953,62.969,39.808,491.914,19.552,

[2025-03-05 11:17:33] ,2,-9.954,426.071,-57.724,43.433,457.509,-29.055,

[2025-03-05 11:17:42] ,2,85.417,460.475,42.825,37.764,476.162,130.384,

[2025-03-05 11:20:35] ,2,85.548,439.582,-29.999,27.021,498.241,174.943,

[2025-03-05 11:20:40] ,2,85.548,439.582,-29.999,27.021,498.307,174.898,

[2025-03-05 11:20:49] ,1,-2.506,407.814,-75.964,22.605,417.107,-66.869,

[2025-03-05 11:20:57] ,1,11.335,426.862,3.066,5.073,443.339,-76.817,

[2025-03-05 11:21:06] ,1,51.276,471.943,-5.013,47.255,494.55,36.363,

[2025-03-05 11:21:15] ,2,34.93,403.003,-92.045,68.478,412.296,137.899,

[2025-03-05 11:21:24] ,2,21.88,455.005,-180,84.889,460.937,-119.302,

[2025-03-05 11:21:32] ,2,69.862,466.341,123.83,38.094,474.58,151.631,

[2025-03-05 11:21:41] ,3,20.43,482.818,-9.462,-1.669,497.576,30.639,

[2025-03-05 11:21:51] ,1,46.86,400.168,-70.589,60.108,419.084,-4.086,

[2025-03-05 11:22:00] ,1,80.539,419.809,-19.895,63.139,446.041,-19.552,

[2025-03-05 11:22:08] ,1,73.619,471.021,83.938,28.603,488.157,-18.435,

[2025-03-05 11:22:17] ,1,0.46,488.355,11.706,15.619,497.186,77.307,

[2025-03-05 11:22:27] ,2,-2.242,419.282,-31.405,59.976,433.584,-103.299,

[2025-03-05 11:22:35] ,2,-5.472,446.305,160.925,40.269,494.682,-141.419,

[2025-03-05 11:22:45] ,1,-3.692,417.173,-48.909,-0.067,501.273,-50.001,

[2025-03-05 11:22:53] ,2,-4.813,442.35,-126.363,25.044,448.875,164.745,

[2025-03-05 11:23:02] ,2,28.01,495.341,24.528,75.728,498.109,-28.163,

[2025-03-05 11:23:10] ,3,45.166,409.791,-49.066,29.394,422.116,18.677,

[2025-03-05 11:23:19] ,3,48.31,446.502,-6.049,70.6,446.634,-76.149,

[2025-03-05 11:23:28] ,3,86.751,479.918,-32.735,54.656,501.684,78.092,

[2025-03-05 11:23:40] ,1,60.898,481.434,-5.102,19.837,510.171,-60.001,

[2025-03-05 11:23:48] ,2,13.246,406.034,-151.595,38.555,508.984,-128.186,

[2025-03-05 11:23:57] ,3,75.362,435.034,-77.638,-4.417,436.287,26.395,

[2025-03-05 11:24:06] ,3,14.348,448.422,89.241,80.21,476.103,55.886,

[2025-03-05 11:24:16] ,2,25.176,426.071,-31.139,34.337,475.568,33.551,

[2025-03-05 11:24:27] ,3,36.973,485.652,-23.348,53.006,513.664,-76.43,

[2025-03-05 11:24:43] ,1,-1.715,418.755,-25.419,14.63,437.012,69.326,

[2025-03-05 11:24:51] ,1,32.162,457.707,-25.677,5.073,461.859,43.586,

[2025-03-05 11:25:00] ,2,73.751,408.275,34.992,62.019,489.409,-45,

[2025-03-05 11:25:08] ,2,23.923,498.109,-70.925,-2.506,501.866,67.068,

[2025-03-05 11:25:17] ,3,16.172,406.298,-57.588,6.721,510.896,-19.756,

[2025-03-05 11:25:27] ,1,43.762,425.082,49.674,36.117,470.889,21.615,

[2025-03-05 11:25:36] ,1,8.633,462.321,39.677,80.012,471.943,-68.009,

[2025-03-05 11:25:45] ,1,64.458,501.866,-28.856,-9.031,502.591,-76.088,

[2025-03-05 11:25:54] ,4,29.187,424.074,32.221,43.828,442.746,-23.6,

[2025-03-05 11:26:05] ,1,54.176,419.678,2.027,10.346,478.271,-78.983,

[2025-03-05 11:26:12] ,1,-7.911,483.741,81.369,25.835,504.305,-88.466,

[2025-03-05 11:26:25] ,1,28.01,426.993,42.51,71.905,489.673,-5.659,

[2025-03-05 11:26:40] ,1,81.923,455.005,55.886,9.555,461.002,-85.03,

[2025-03-05 11:26:49] ,2,49.958,421.391,105.03,14.894,441.296,-177.973,

[2025-03-05 11:26:59] ,3,50.638,498.768,-69.756,66.167,504.859,49.853,

[2025-03-05 11:27:08] ,1,-3.626,400.3,47.899,6.787,408.539,-32.981,

[2025-03-05 11:27:17] ,1,4.876,480.709,-53.13,83.044,498.9,49.008,

[2025-03-05 11:27:26] ,2,-0.858,494.946,173.437,-0.858,509.973,-40.657,

[2025-03-05 11:27:37] ,1,0.262,406.957,72.525,80.605,469.702,3.576,

[2025-03-05 11:27:45] ,1,62.217,496.923,-64.341,43.169,510.632,23.6,

[2025-03-05 11:27:54] ,2,-5.011,456.916,45,64.721,466.671,129.289,

[2025-03-05 11:28:03] ,3,73.93,489.207,30.504,-8.035,496.76,67.496,

[2025-03-05 11:28:13] ,1,36.578,401.618,-40.657,18.123,421.259,45.716,

[2025-03-05 11:28:22] ,1,-8.636,428.707,-70.448,71.312,460.475,10.305,

[2025-03-05 11:28:31] ,2,34.601,416.514,137.899,81.264,435.627,-83.32,

[2025-03-05 11:28:40] ,2,-1.32,441.889,-140.711,34.205,454.741,-27.688,

[2025-03-05 11:28:48] ,2,49.364,456.718,140.001,85.68,470.757,-58.861,

[2025-03-05 11:28:56] ,3,76.15,417.832,-31.228,7.048,460.836,72.284,

[2025-03-05 11:29:07] ,3,-1.636,497.45,-68.691,76.057,514.652,3.094,

[2025-03-05 11:29:19] ,1,46.794,419.348,-4.086,75.267,431.937,-39.611,

[2025-03-05 11:29:27] ,1,9.292,440.241,-88.479,82.385,509.973,26.796,

[2025-03-05 11:29:36] ,2,-4.286,425.016,-138.24,79.023,477.216,-69.146,

[2025-03-05 11:29:45] ,2,-5.472,493.627,84.44,20.76,497.055,-150.945,

[2025-03-05 11:29:53] ,3,3.821,461.134,-10.574,56.075,468.856,83.534,

[2025-03-05 11:30:02] ,3,31.534,470.625,-30.579,37.856,487.076,32.645,

[2025-03-05 11:30:13] ,1,0.855,487.827,72.198,43.894,510.961,-77.692,

[2025-03-05 11:30:21] ,2,26.164,512.873,172.304,72.696,514.455,55.305,

[2025-03-05 11:30:32] ,1,18.783,469.9,37.171,39.346,512.148,65.934,

[2025-03-05 11:30:39] ,3,32.324,418.953,-58.97,81.049,428.824,37.639,

[2025-03-05 11:30:49] ,3,29.022,491.794,69.044,20.116,511.935,43.118,

[2025-03-05 11:30:59] ,2,40.862,479.787,7.063,43.63,514.916,-59.744,

[2025-03-05 11:31:10] ,1,2.173,474.184,-53.231,36.38,484.137,-9.051,

[2025-03-05 11:31:19] ,3,2.964,429.366,-13.023,73.619,507.139,25.364,

[2025-03-05 11:31:35] ,1,55.164,421.918,-14.899,61.36,453.555,55.049,

[2025-03-05 11:31:43] ,1,24.121,464.166,-72.824,-4.417,499.955,60.945,

[2025-03-05 11:31:53] ,2,73.685,403.596,-137.586,44.619,434.441,-65.472,

[2025-03-05 11:32:01] ,2,78.496,459.618,76.088,65.051,500.548,-90,

[2025-03-05 11:32:10] ,4,1.137,403.068,-51.221,-9.395,423.764,-43.118,

[2025-03-05 11:32:19] ,4,25.502,441.459,72.284,35.617,499.757,-44.731,

[2025-03-05 11:32:29] ,1,1.778,454.543,-90,47.651,459.091,-2.534,

[2025-03-05 11:32:36] ,2,32.03,489.871,-17.475,14.037,493.1,-172.439,

[2025-03-05 11:32:45] ,4,13.51,402.937,8.893,43.564,426.927,30.964,

[2025-03-05 11:32:56] ,2,71.642,404.98,-177.397,21.551,458.102,97.063,

[2025-03-05 11:33:02] ,2,47.585,465.748,-43.568,-6.461,488.552,-55.751,

[2025-03-05 11:33:12] ,1,-4.615,441.032,-76.209,72.894,460.08,-42.138,

[2025-03-05 11:33:20] ,2,40.664,479.193,-117.242,18.585,485.718,170.949,

[2025-03-05 11:33:29] ,2,25.637,501.471,-104.407,60.635,517.948,98.276,

[2025-03-05 11:33:38] ,3,44.016,420.6,-85.014,15.451,425.825,40.437,

[2025-03-05 11:33:46] ,3,-1.046,479.259,-75.872,62.328,500.086,-84.251,

[2025-03-05 11:33:55] ,4,-10.902,403.291,-88.949,45.673,447.755,-45,

[2025-03-05 11:34:07] ,1,20.958,442.68,49.939,39.676,444.064,-57.567,

[2025-03-05 11:34:14] ,1,68.214,488.157,-52.619,37.567,501.075,57.144,

[2025-03-05 11:34:23] ,2,3.162,406.1,66.194,14.433,486.312,-146.17,

[2025-03-05 11:34:31] ,3,-3.764,449.194,66.153,19.989,512.148,-48.24,

[2025-03-05 11:34:42] ,2,19.705,487.432,-83.437,52.198,510.764,0,

[2025-03-05 11:39:35] ,1,75.398,414.405,73.698,35.787,443.075,-1.507,

[2025-03-05 11:39:43] ,1,48.903,421.918,-73.009,-5.011,433.123,-69.8,

[2025-03-05 11:39:52] ,1,-7.12,461.925,-4.014,85.153,484.137,55.597,

[2025-03-05 11:40:01] ,1,35.26,485.916,18.911,-6.131,509.775,33.83,

[2025-03-05 11:40:10] ,2,8.896,418.755,-61.837,83.505,456.521,165.964,

[2025-03-05 11:40:19] ,3,32.213,422.755,71.323,6.082,443.932,-49.276,

[2025-03-05 11:40:28] ,3,24.37,447.942,37.318,13.579,461.94,35.054,

[2025-03-05 11:40:37] ,3,80.935,499.691,-18.314,31.503,500.35,5.711,

[2025-03-05 11:40:47] ,1,56.021,431.937,-15.388,19.903,450.325,-65.225,

[2025-03-05 11:40:56] ,1,49.76,455.927,-73.156,15.685,471.812,-71.878,

[2025-03-05 11:41:05] ,2,5.271,399.707,-132.064,24.517,419.414,-35.119,

[2025-03-05 11:41:13] ,2,29.328,468.516,168.395,54.901,473.855,19.075,

[2025-03-05 11:41:22] ,3,-1.644,456.211,45.535,71.786,466.694,59.3,

[2025-03-05 11:41:32] ,1,36.644,504.041,-10.214,5.864,518.936,40.657,

[2025-03-05 11:41:40] ,2,-3.956,495.802,142.927,55.033,502.261,-139.674,

[2025-03-05 11:41:49] ,2,62.744,508.193,-111.991,52.858,518.08,93.122,

[2025-03-05 11:42:00] ,1,65.842,406.43,28.902,43.103,493.034,-32.005,

[2025-03-05 11:42:07] ,4,20.101,471.35,63.658,76.9,517.529,49.456,

[2025-03-05 11:42:19] ,4,58.055,447.62,36.642,33.549,457.026,80.91,

[2025-03-05 11:42:28] ,2,8.171,436.221,-120.619,48.903,477.941,33.13,

[2025-03-05 11:42:36] ,1,34.93,441.362,61.631,40.137,507.996,77.082,

[2025-03-05 11:42:44] ,2,34.469,404.189,146.454,5.008,503.316,50.064,

[2025-03-05 11:42:53] ,4,1.58,464.891,-84.943,73.092,511.225,-67.141,

[2025-03-05 11:43:05] ,4,58.196,492.705,-20.601,28.603,514.982,26.565,

[2025-03-05 11:43:21] ,1,76.519,416.25,-15.164,-1.056,432.793,6.116,

[2025-03-05 11:43:28] ,1,25.769,450.391,-32.164,39.214,450.787,-13.671,

[2025-03-05 11:43:37] ,2,36.051,478.007,-45.356,37.633,493.693,65.014,

[2025-03-05 11:43:47] ,1,18.651,476.689,-60.994,37.633,479.193,-57.414,

[2025-03-05 11:43:55] ,2,59.383,467.857,-158.854,22.869,492.177,26.792,

[2025-03-05 11:44:05] ,1,0.855,400.63,32.115,-2.44,433.716,-7.628,

[2025-03-05 11:44:13] ,1,17.992,466.539,2.511,5.996,469.9,20.966,

[2025-03-05 11:44:24] ,3,-1.198,460.779,76.329,40.354,492.441,-53.054,

[2025-03-05 11:44:34] ,2,67.621,480.446,-117.022,19.639,490.266,-103.299,

[2025-03-05 11:44:45] ,2,46.53,456.059,141.814,40.401,471.021,82.937,

[2025-03-05 11:44:54] ,1,27.219,460.475,21.146,5.733,477.546,26.342,

[2025-03-05 11:45:02] ,2,29.13,442.416,139.289,1.778,508.325,30.7,

[2025-03-05 11:45:12] ,3,61.042,415.262,-86.52,0.297,435.028,74.946,

[2025-03-05 11:45:27] ,1,34.535,397.137,55.597,2.239,398.982,25.419,

[2025-03-05 11:45:36] ,1,64.458,417.305,53.334,42.444,490.332,29.495,

[2025-03-05 11:45:45] ,2,8.303,449.402,101.113,51.737,513.268,174.341,

[2025-03-05 11:45:53] ,3,46.113,408.649,38.243,54.703,439.121,-22.504,

[2025-03-05 11:46:02] ,4,86.405,405.375,40.143,28.735,477.282,-13.554,

[2025-03-05 11:46:13] ,1,-9.624,401.157,-37.694,22.869,431.805,80.287,

[2025-03-05 11:46:20] ,2,57.603,404.321,162.216,48.112,448.216,18.435,

[2025-03-05 11:46:31] ,3,8.075,413.68,-88.091,69.061,422.841,-79.97,

[2025-03-05 11:46:39] ,1,74.871,447.03,-19.722,35.062,450.062,5.013,

[2025-03-05 11:46:48] ,1,13.048,454.214,50.323,-4.879,466.407,88.995,

[2025-03-05 11:46:57] ,3,1.876,444.657,-43.135,32.821,506.216,0,

[2025-03-05 11:47:08] ,1,51.473,405.705,48.668,13.708,424.093,39.936,

[2025-03-05 11:47:16] ,1,59.185,443.009,-49.674,18.058,491.584,35.655,

[2025-03-05 11:47:25] ,2,79.617,448.743,-65.726,49.233,497.582,-131.424,

[2025-03-05 11:47:34] ,3,30.448,440.9,5.711,2.258,451.248,-52.224,

[2025-03-05 11:47:43] ,3,75.027,465.814,-46.071,21.094,509.775,-34.743,

[2025-03-05 11:47:52] ,4,60.244,459.2,9.926,73.982,509.77,44.63,

[2025-03-05 11:48:03] ,1,67.687,452.962,-69.146,60.701,481.105,36.363,

[2025-03-05 11:48:10] ,2,47.651,407.287,30.964,-4.022,442.35,102.693,

[2025-03-05 11:48:19] ,2,56.878,462.321,-45.356,10.28,472.668,46.067,

[2025-03-05 11:48:27] ,3,5.942,399.929,34.114,24.327,477.282,-67.989,

[2025-03-05 11:48:37] ,1,28.669,424.093,12.804,44.289,454.939,37.875,

[2025-03-05 11:48:48] ,1,-4.747,435.232,-3.039,76.387,451.643,82.811,

[2025-03-05 11:48:58] ,1,-7.515,489.805,-58.95,36.908,505.557,0,

[2025-03-05 11:49:06] ,1,-8.174,509.248,-21.038,76.123,510.764,4.635,

[2025-03-05 11:49:15] ,2,36.183,491.123,-124.951,59.778,503.25,-84.341,

[2025-03-05 11:49:24] ,3,52.697,456.836,31.483,24.202,476.821,-76.329,

[2025-03-05 11:49:35] ,3,52.604,479.062,-33.69,14.498,507.073,5.711,

[2025-03-05 11:49:44] ,4,-10.876,399.509,70.582,28.01,426.73,81.283,

[2025-03-05 11:49:53] ,2,28.933,432.134,-98.202,-10.151,447.887,10.214,

[2025-03-05 11:50:03] ,1,-9.295,443.8,-3.545,69.598,473.921,-7.125,

[2025-03-05 11:50:12] ,2,32.426,406.1,81.215,71.444,463.902,-145.176,

[2025-03-05 11:50:23] ,2,21.551,480.248,46.779,71.048,507.007,144.583,

[2025-03-05 11:50:31] ,3,36.201,426.73,-50.389,55.261,451.38,-59.361,

[2025-03-05 11:50:47] ,1,31.569,417.766,-50.389,41.719,430.025,31.574,

[2025-03-05 11:50:55] ,1,54.308,435.891,-38.186,28.142,441.493,81.941,

[2025-03-05 11:51:04] ,1,31.437,489.607,10.62,17.201,494.352,9.628,

[2025-03-05 11:51:13] ,2,19.31,429.432,168.294,69.796,469.241,6.68,

[2025-03-05 11:51:22] ,1,39.478,509.05,48.576,15.223,514.652,43.199,

[2025-03-05 11:51:31] ,3,1.714,450.99,46.591,54.967,498.439,16.991,

[2025-03-05 11:51:41] ,1,73.948,399.509,-14.931,-4.549,420.468,-81.293,

[2025-03-05 11:51:50] ,1,26.692,436.748,-43.933,57.273,460.871,-83.938,

[2025-03-05 11:51:59] ,1,39.742,461.068,-46.414,32.755,480.709,-85.525,

[2025-03-05 11:52:08] ,2,17.069,399.575,-169.192,52.989,417.437,-144.048,

[2025-03-05 11:52:16] ,2,-2.44,433.782,-86.455,-6.922,442.218,-75.101,

[2025-03-05 11:52:24] ,2,51.078,488.75,-76.088,38.16,497.318,123.551,

[2025-03-05 11:52:35] ,2,21.155,449.205,-60.068,33.546,479.655,-62.312,

[2025-03-05 11:52:43] ,1,1.317,399.378,67.141,38.423,412.625,-22.463,

[2025-03-05 11:52:51] ,3,28.336,433.423,53.889,-7.505,441.823,-81.601,

[2025-03-05 11:53:03] ,2,-4.549,414.734,57.724,47.98,464.891,158.199,

[2025-03-05 11:53:11] ,3,24.583,492.836,-4.921,19.969,511.159,12.653,

[2025-03-05 11:53:20] ,1,8.896,460.541,-62.312,2.173,472.075,-47.459,

[2025-03-05 11:53:30] ,3,-9.756,418.293,-26.222,-3.131,456.587,-60.208,

[2025-03-05 11:53:41] ,3,-0.288,483.76,64.113,57.292,513.071,-53.13,

[2025-03-05 11:53:57] ,1,74.607,459.816,67.068,49.628,499.757,-49.616,

[2025-03-05 11:54:06] ,2,78.496,489.739,-74.338,2.701,496.527,-119.055,

[2025-03-05 11:54:14] ,2,75.267,501.339,24.274,-9.361,510.764,-79.192,

[2025-03-05 11:54:23] ,2,49.101,511.818,-50.782,29.921,514.191,149.123,

[2025-03-05 11:54:31] ,3,0.167,418.72,39.369,54.044,426.334,20.113,

[2025-03-05 11:54:40] ,4,59.341,402.768,-19.759,83.863,516.88,45.37,

[2025-03-05 11:54:51] ,1,-2.836,415.855,18.113,60.042,432.859,-75.101,

[2025-03-05 11:54:58] ,1,37.698,435.298,-88.977,86.801,435.298,60.895,

[2025-03-05 11:55:07] ,1,13.312,439.187,-12.2,5.337,465.814,14.642,

[2025-03-05 11:55:16] ,2,1.712,452.302,-133.568,46.069,514.652,-106.65,

[2025-03-05 11:55:25] ,4,27.361,397.751,83.468,50.812,398.147,81.754,

[2025-03-05 11:55:36] ,1,77.969,403.068,39.872,42.971,413.087,12.417,

[2025-03-05 11:55:42] ,1,-5.933,437.077,-66.602,84.757,458.3,53.334,

[2025-03-05 11:55:52] ,1,-1.781,469.768,-66.801,43.894,473.525,-47.121,

[2025-03-05 11:56:01] ,1,-3.758,412.493,40.326,60.437,518.475,13.033,

[2025-03-05 11:56:10] ,2,72.828,445.316,93.094,15.421,470.823,114.319,

[2025-03-05 11:56:19] ,3,46.069,427.455,-15.054,11.449,444.706,71.086,

[2025-03-05 11:56:29] ,1,-5.076,438.396,50.001,71.51,471.021,33.83,

[2025-03-05 11:56:37] ,2,-0.001,409.462,74.476,4.414,452.302,-95.057,

[2025-03-05 11:56:47] ,1,45.871,467.989,71.565,31.437,502.261,-85.95,

[2025-03-05 11:56:55] ,2,-0.99,464.825,172.372,59.317,487.366,11.31,

[2025-03-05 11:57:04] ,3,18.585,426.664,12.57,13.611,484.466,-78.17,

[2025-03-05 11:57:14] ,3,35.257,438.132,-85.456,6.28,503.776,42.044,

[2025-03-05 11:57:26] ,1,72.762,438.198,-90,40.73,483.477,51.73,

[2025-03-05 11:57:36] ,2,8.039,411.307,-97.125,81.792,461.793,-8.785,

[2025-03-05 11:57:47] ,3,54.769,470.823,-12.488,2.922,484.527,61.239,

[2025-03-05 11:57:55] ,1,28.735,473.657,-31.477,38.423,507.732,-21.329,

[2025-03-05 11:58:05] ,3,74.08,496.725,-18.677,36.556,518.262,75.59,

[2025-03-05 11:58:15] ,2,8.501,500.35,-70.925,-8.438,508.259,106.991,

[2025-03-05 11:58:31] ,1,74.08,403.793,43.531,57.339,407.418,8.202,

[2025-03-05 11:58:39] ,1,38.621,415.459,73.009,48.771,425.148,84.898,

[2025-03-05 11:58:48] ,1,68.544,433.123,-67.537,26.428,442.614,29.932,

[2025-03-05 11:58:57] ,1,9.753,507.666,-55.751,75.069,518.871,2.603,

[2025-03-05 11:59:06] ,2,71.773,449.6,82.304,5.667,461.53,3.013,

[2025-03-05 11:59:14] ,2,38.951,467.462,-152.543,69.928,484.466,-174.391,

[2025-03-05 11:59:23] ,2,21.683,492.309,79.287,61.426,513.202,124.824,

[2025-03-05 11:59:31] ,3,36.416,451.512,-42.071,54.571,493.759,29.982,

[2025-03-05 11:59:42] ,1,12.455,411.505,-28.163,29.789,413.878,66.602,

[2025-03-05 11:59:50] ,2,15.289,429.3,-35.362,51.408,429.564,176.961,

[2025-03-05 12:00:02] ,2,43.696,421.655,-129.218,2.108,479.984,0,

[2025-03-05 12:00:10] ,1,14.037,400.037,43.55,17.464,419.282,-68.671,

[2025-03-05 12:00:18] ,2,-3.231,495.407,80.789,79.682,504.239,157.141,

[2025-03-05 12:00:27] ,3,11.563,453.822,69.664,40.519,499.296,-38.008,

[2025-03-05 12:00:38] ,1,54.571,430.75,49.674,78.364,452.5,30.44,

[2025-03-05 12:00:46] ,1,22.935,467.462,70.615,27.548,486.443,33.69,

[2025-03-05 12:00:55] ,3,5.666,443.8,-66.652,2.192,483.609,-51.106,

[2025-03-05 12:01:04] ,3,8.666,499.164,-42.603,5.139,517.552,0,

[2025-03-05 12:01:13] ,2,-3.626,429.63,154.341,83.505,502.921,-63.204,

[2025-03-05 12:01:23] ,2,56.614,402.739,-165.964,68.214,404.255,27.734,

[2025-03-05 12:01:34] ,3,28.832,483.457,32.125,-0.265,488.223,-24.538,

[2025-03-05 12:01:49] ,1,55.362,399.971,-21.038,39.61,401.157,-47.521,

[2025-03-05 12:01:57] ,1,31.635,430.552,30.619,32.755,448.282,-84.44,

[2025-03-05 12:02:06] ,1,58.46,466.407,39.677,22.012,479.852,-65.225,

[2025-03-05 12:02:15] ,1,81.66,480.38,85.878,5.601,481.698,3.514,

[2025-03-05 12:02:24] ,2,46.069,432.596,-112.27,17.201,443.339,8.631,

[2025-03-05 12:02:33] ,2,66.962,477.15,43.919,55.889,502.855,-106.991,

[2025-03-05 12:02:41] ,2,87.262,460.409,-8.202,38.753,510.171,-142.927,

[2025-03-05 12:02:49] ,3,1.753,458.366,-62.083,1.713,500.614,-80.85,

[2025-03-05 12:03:00] ,1,48.178,418.821,80.789,1.712,424.291,-28.61,

[2025-03-05 12:03:08] ,1,54.769,446.041,-19.075,-9.756,456.257,78.887,

[2025-03-05 12:03:17] ,1,50.353,464.166,-22.932,25.571,470.23,69.677,

[2025-03-05 12:03:26] ,1,73.751,479.721,-46.081,75.662,496.33,-68.009,

[2025-03-05 12:03:35] ,2,76.255,421.918,-10.905,30.185,438.264,-103.791,

[2025-03-05 12:03:43] ,2,38.489,469.043,-21.615,52.989,501.734,-140.711,

[2025-03-05 12:03:52] ,3,63.733,513.4,21.588,31.498,516.24,83.871,

[2025-03-05 12:04:02] ,1,21.353,454.214,43.221,55.955,459.75,-6.563,

[2025-03-05 12:04:10] ,1,-7.713,461.925,8.631,28.471,498.241,16.361,

[2025-03-05 12:04:19] ,2,39.61,447.293,-159.8,16.278,490.727,-51.419,

[2025-03-05 12:04:30] ,2,22.539,487.63,-41.468,-5.274,511.489,141.499,

[2025-03-05 12:04:39] ,3,13.865,478.139,-45.266,73.09,487.65,55.039,

[2025-03-05 12:04:49] ,1,33.744,406.1,-26.796,13.51,452.171,-88.986,

[2025-03-05 12:04:57] ,1,87.855,456.982,-43.55,16.673,494.352,45.356,

[2025-03-05 12:05:13] ,1,13.048,406.166,9.293,55.494,439.912,37.073,

[2025-03-05 12:05:22] ,1,66.435,454.346,-1.014,64.458,467.396,87.489,

[2025-03-05 12:05:31] ,1,80.407,473.921,23.334,32.426,514.455,-34.535,

[2025-03-05 12:05:40] ,2,0.064,416.975,-35.242,20.298,443.602,-108.435,

[2025-03-05 12:05:50] ,2,48.573,474.316,-45.356,65.051,480.643,174.391,

[2025-03-05 12:05:59] ,3,34.55,492.705,-32.961,-7.251,504.107,-22.504,

[2025-03-05 12:06:09] ,1,71.444,438.725,45.725,-4.549,485.125,-24.319,

[2025-03-05 12:06:17] ,1,22.342,474.118,-46.414,56.087,510.961,60.001,

[2025-03-05 12:06:26] ,3,72.717,420.403,-47.726,24.975,431.836,72.284,

[2025-03-05 12:06:37] ,1,67.753,397.598,-38.333,39.873,432.727,3.545,

[2025-03-05 12:06:46] ,2,2.173,412.823,132.101,-9.492,495.143,135,

[2025-03-05 12:06:57] ,1,-1.781,426.202,-5.609,2.503,469.571,74.745,

[2025-03-05 12:07:06] ,3,43.487,408.731,36.87,39.148,430.223,-28.944,

[2025-03-05 12:07:15] ,3,62.217,480.775,13.851,26.098,500.284,-14.589,

[2025-03-05 12:07:24] ,2,56.285,425.016,127.073,-8.57,448.084,-139.289,

[2025-03-05 12:07:32] ,3,-2.242,501.141,4.194,47.717,510.632,17.354,

[2025-03-05 12:07:43] ,3,24.583,433.189,-24.349,-10.613,447.623,-1.897,

[2025-03-05 12:07:53] ,1,-2.111,427.125,10.305,85.878,439.384,64.581,

[2025-03-05 12:08:01] ,3,57.01,469.505,-4.167,3.623,485.125,0,

[2025-03-05 12:08:12] ,2,63.139,489.936,166.584,26.758,505.293,-116.565,

[2025-03-05 12:08:21] ,1,28.339,423.434,-38.501,-1.649,445.909,39.999,

[2025-03-05 12:08:31] ,3,-7.976,428.246,22.999,35.569,454.675,-63.094,

[2025-03-05 12:08:48] ,1,72.96,398.587,-36.142,11.994,417.107,-33.408,

[2025-03-05 12:08:56] ,1,53.253,427.916,-81.87,-3.824,452.566,-70.615,

[2025-03-05 12:09:05] ,1,36.051,453.159,-8.556,19.573,488.684,-73.639,

[2025-03-05 12:09:14] ,1,41.455,495.341,24.528,-5.076,496.264,-34.951,

[2025-03-05 12:09:23] ,1,79.617,514.191,-70.416,0.064,514.85,-4.635,

[2025-03-05 12:09:32] ,2,33.348,415.064,55.597,8.698,466.934,-52.125,

[2025-03-05 12:09:40] ,2,31.635,477.612,-32.856,-0.397,479.787,-86.486,

[2025-03-05 12:09:50] ,1,6.392,454.609,33.551,84.56,454.807,-66.869,

[2025-03-05 12:09:58] ,1,28.142,457.575,-13.791,81.528,467.989,1.534,

[2025-03-05 12:10:07] ,2,49.101,407.946,-152.745,62.151,433.255,50.782,

[2025-03-05 12:10:17] ,1,55.164,435.298,80.789,1.778,473.196,-13.671,

[2025-03-05 12:10:25] ,1,-7.186,494.089,6.621,36.776,501.932,-59.816,

[2025-03-05 12:10:34] ,2,40.203,422.709,104.036,42.378,451.314,62.312,

[2025-03-05 12:10:43] ,2,19.837,480.841,-147.836,41.983,487.102,-5.609,

[2025-03-05 12:10:51] ,2,14.762,493.561,-60.255,5.601,510.698,-60.001,

[2025-03-05 12:10:59] ,3,58.427,450.589,69.887,44.223,518.343,-19.525,

[2025-03-05 12:11:11] ,2,30.976,424.357,-158.009,8.237,449.337,-42.173,

[2025-03-05 12:11:21] ,1,13.18,461.793,-67.457,18.98,479.259,85.486,

[2025-03-05 12:11:29] ,2,37.896,504.436,22.659,62.151,507.468,139.343,

[2025-03-05 12:11:41] ,2,68.478,455.73,29.302,56.614,474.909,138.576,

[2025-03-05 12:11:49] ,1,14.433,432.662,-74.612,-10.942,463.705,-16.361,

[2025-03-05 12:11:59] ,2,55.626,446.305,106.015,46.267,461.662,52.125,

[2025-03-05 12:12:14] ,1,36.314,406.891,-52.214,38.885,419.941,73.985,

[2025-03-05 12:12:22] ,2,55.033,409.396,9.888,18.717,418.425,-33.408,

[2025-03-05 12:12:32] ,2,36.908,439.055,2.027,12.587,439.121,166.209,

[2025-03-05 12:12:42] ,3,5.865,484.794,47.121,70.649,496.756,49.606,

[2025-03-05 12:12:50] ,2,59.383,399.048,76.342,-8.306,412.955,-115.659,

[2025-03-05 12:13:00] ,2,50.88,420.864,-165.593,55.889,443.602,47.862,

[2025-03-05 12:13:08] ,1,17.794,440.241,-12.2,11.005,465.352,-59.636,

[2025-03-05 12:13:16] ,1,-1.649,473.921,-26.565,71.905,476.887,80.287,

[2025-03-05 12:13:26] ,1,18.387,482.357,81.941,-10.811,495.341,-10.214,

[2025-03-05 12:13:35] ,1,28.471,505.755,89.488,73.751,508.061,-52.619,

[2025-03-05 12:13:44] ,1,2.371,508.391,-14.407,-6.922,514.521,-19.242,

[2025-03-05 12:13:53] ,2,2.635,441.098,145.751,38.358,452.5,-51.73,

[2025-03-05 12:14:04] ,1,50.287,408.012,17.292,30.844,413.153,28.856,

[2025-03-05 12:14:11] ,1,41.455,420.468,-64.12,65.183,436.55,-13.912,

[2025-03-05 12:14:20] ,1,79.551,487.564,-11.915,42.642,499.032,51.419,

[2025-03-05 12:14:29] ,1,65.314,512.214,-47.203,23.792,514.389,23.806,

[2025-03-05 12:14:38] ,2,12.851,442.943,76.817,60.239,466.737,68.854,

[2025-03-05 12:14:47] ,3,12.192,416.316,-12.281,-6.223,448.188,38.837,

[2025-03-05 12:14:59] ,1,-1.122,483.082,20.026,-9.031,512.082,12.918,

[2025-03-05 12:15:07] ,3,4.81,440.505,16.518,11.156,506.414,-51.694,

[2025-03-05 12:15:24] ,1,78.101,417.503,-40.992,6.721,461.002,72.824,

[2025-03-05 12:15:32] ,1,60.767,498.702,60.255,86.471,510.566,47.936,

[2025-03-05 12:15:41] ,2,24.714,400.037,144.462,-9.229,405.903,159.928,

[2025-03-05 12:15:50] ,2,60.437,434.968,32.705,82.846,443.734,113.131,

[2025-03-05 12:15:58] ,2,67.753,444.393,11.31,-7.449,450.259,-34.951,

[2025-03-05 12:16:06] ,3,39.478,413.153,11.535,2.657,425.016,-46.882,

[2025-03-05 12:16:15] ,3,41.94,433.588,74.211,20.522,440.373,-70.372,

[2025-03-05 12:16:26] ,1,50.748,453.489,59.381,4.348,496.593,-75.719,

[2025-03-05 12:16:35] ,2,40.071,415.657,-152.049,69.598,420.996,-66.194,

[2025-03-05 12:16:43] ,2,72.498,436.55,-46.801,65.512,447.623,-33.13,

[2025-03-05 12:16:51] ,2,-3.231,471.68,-11.605,8.698,481.105,-180,

[2025-03-05 12:17:00] ,3,20.035,439.977,26.901,35.522,484.466,-66.457,

[2025-03-05 12:17:09] ,3,53.028,497.067,88.862,78.553,497.714,-85.014,

[2025-03-05 12:17:19] ,2,50.485,446.173,-110.2,52.067,465.682,157.264,

[2025-03-05 12:17:29] ,1,-2.77,398.521,57.45,19.376,477.414,64.772,

[2025-03-05 12:17:37] ,1,38.819,495.209,-4.554,49.035,498.241,-6.062,

[2025-03-05 12:17:46] ,2,63.733,405.309,45.735,-8.833,425.082,-175.878,

[2025-03-05 12:17:55] ,2,72.498,428.246,141.18,40.73,513.664,133.199,

[2025-03-05 12:18:03] ,3,4.217,441.296,18.076,63.332,463.805,86.947,

[2025-03-05 12:18:13] ,3,30.777,474.198,55.472,70.257,511.752,29.65,

[2025-03-05 12:18:23] ,1,83.901,502.986,72.86,23.726,509.511,45,

[2025-03-05 12:18:32] ,2,9.885,425.412,-123.408,-9.558,508.721,-19.242,

[2025-03-05 12:18:43] ,2,62.744,435.957,-58.861,51.144,459.75,5.057,

[2025-03-05 12:18:51] ,3,17.175,479.127,-40.724,26.626,495.868,28.944,

[2025-03-05 12:19:07] ,1,48.31,413.416,88.968,14.169,428.377,-23.6,

[2025-03-05 12:19:15] ,1,82.451,456.85,21.329,46.464,471.087,-6.563,

[2025-03-05 12:19:24] ,2,-6.329,430.75,-141.814,9.028,470.23,-110.497,

[2025-03-05 12:19:34] ,4,31.467,468.938,-40.121,15.385,506.484,2.663,

[2025-03-05 12:19:44] ,2,18.848,506.084,-180,42.18,513.4,164.612,

[2025-03-05 12:19:51] ,1,75.992,476.359,-72.86,18.058,485.784,-24.775,

[2025-03-05 12:19:59] ,1,40.73,491.65,66.602,57.01,495.539,-15.03,

[2025-03-05 12:20:10] ,1,35.392,480.841,-40.764,55.626,516.761,31.139,

[2025-03-05 12:20:18] ,2,64.787,470.296,-36.363,-3.758,473.196,69.034,

[2025-03-05 12:20:27] ,3,2.331,496.857,-45.535,13.662,510.437,60.725,

[2025-03-05 12:20:36] ,4,87.064,435.1,63.667,83.031,461.845,68.459,

[2025-03-05 12:20:47] ,2,30.712,420.996,107.956,29.921,437.143,116.114,

[2025-03-05 12:20:54] ,2,75.267,477.809,122.981,64.655,490.596,-176.392,

[2025-03-05 12:21:02] ,3,73.751,414.273,8.893,0.288,444.262,-57.674,

[2025-03-05 12:21:11] ,3,7.644,405.309,-24.855,22.492,491.736,68.552,

[2025-03-05 12:21:21] ,1,67.621,410.187,82.235,0.921,443.009,46.067,

[2025-03-05 12:21:30] ,1,6.062,471.482,-31.739,10.676,488.223,-35.362,

[2025-03-05 12:21:40] ,2,7.71,428.246,-57.295,55.033,458.234,-105.388,

[2025-03-05 12:21:50] ,1,59.185,411.9,-18.925,40.203,497.055,76.209,

[2025-03-05 12:22:01] ,2,58.789,498.966,135.725,-8.899,516.168,-34.114,

[2025-03-05 12:22:10] ,1,7.183,494.616,-28.811,10.544,506.941,66.602,

[2025-03-05 12:22:26] ,1,14.498,422.38,-26.114,1.91,429.564,-75.101,

[2025-03-05 12:23:58] ,1,14.433,422.314,-26.792,1.844,429.564,-75.231,

[2025-03-05 12:24:03] ,1,14.301,422.314,-26.792,1.844,429.564,-75.231,

[2025-03-05 12:24:10] ,1,14.564,446.832,-24.528,21.946,515.048,12.804,

[2025-03-05 12:24:19] ,2,25.835,415.591,-126.666,38.885,460.409,115.659,

[2025-03-05 12:24:28] ,2,0.789,485.521,9.13,10.148,496.791,-113.398,

[2025-03-05 12:24:37] ,3,0.145,407.338,43.1,30.933,482.621,-77.062,

[2025-03-05 12:24:47] ,1,35.128,435.232,4.554,75.135,458.827,42.479,

[2025-03-05 12:24:56] ,2,67.621,401.948,53.973,23.001,406.891,-174.341,

[2025-03-05 12:25:04] ,2,19.178,437.077,56.449,47.058,437.077,-29.999,

[2025-03-05 12:25:13] ,2,5.073,457.443,3.514,76.321,475.766,70.278,

[2025-03-05 12:25:21] ,3,53.711,421.193,-36.027,-6.263,481.632,29.792,

[2025-03-05 12:25:30] ,3,46.819,500.757,78.465,12.751,500.811,-59.689,

[2025-03-05 12:25:40] ,2,31.305,442.548,167.196,55.362,463.375,-12.308,

[2025-03-05 12:25:50] ,1,68.148,412.164,30.518,28.603,421.787,10.214,

[2025-03-05 12:25:58] ,3,-10.415,420.6,-16.626,7.288,423.566,-61.725,

[2025-03-05 12:26:08] ,1,39.544,480.248,19.385,63.271,511.291,0,

[2025-03-05 12:26:17] ,2,17.794,489.277,-111.146,49.167,496,-8.202,

[2025-03-05 12:26:27] ,2,-4.747,431.607,135,5.337,462.189,67.264,

[2025-03-05 12:26:34] ,3,5.707,418.623,-61.905,8.435,507.468,17.354,

[2025-03-05 12:26:50] ,1,4.283,414.141,-25.88,78.43,420.403,73.202,

[2025-03-05 12:26:59] ,1,41.719,429.827,-26.792,20.892,452.5,-50.641,

[2025-03-05 12:27:08] ,1,0.064,459.355,67.73,46.794,467.725,-28.369,

[2025-03-05 12:27:17] ,1,35.326,481.171,-59.886,47.453,495.802,-40.711,

[2025-03-05 12:27:26] ,1,21.88,478.666,6.009,5.205,496.132,74.124,

[2025-03-05 12:27:35] ,2,42.708,398.257,103.536,57.339,423.566,177.955,

[2025-03-05 12:27:43] ,2,29.46,435.166,111.801,-2.901,440.307,173.884,

[2025-03-05 12:27:52] ,2,9.819,440.637,-48.576,68.807,441.427,133.199,

[2025-03-05 12:28:00] ,3,24.469,414.273,-52.292,86.596,459.684,-74.107,

[2025-03-05 12:28:09] ,4,86.06,405.696,48.013,24.451,500.877,24.696,

[2025-03-05 12:29:50] ,2,8.039,423.171,-129.936,41.785,510.632,-69.8,

[2025-03-05 12:29:55] ,2,8.039,423.237,-130.326,41.785,510.632,-69.8,

[2025-03-05 12:30:04] ,1,0.196,407.55,-36.973,44.289,413.284,68.009,

[2025-03-05 12:30:12] ,2,67.226,403.925,-39.806,1.185,428.839,132.138,

[2025-03-05 12:30:20] ,3,43.49,444.723,-80.102,-8.466,454.859,31.483,

[2025-03-05 12:30:31] ,1,67.753,460.739,-25.201,11.269,477.018,-21.329,

[2025-03-05 12:30:39] ,2,28.273,403.662,-136.095,64.853,492.243,-123.408,

[2025-03-05 12:30:48] ,3,-5.699,424.225,-41.76,8.448,438.989,-86.566,

[2025-03-05 12:30:57] ,3,25.717,452.982,77.8,38.003,480.643,-83.911,

[2025-03-05 12:31:08] ,1,72.894,432.2,-73.985,29.46,439.318,-8.707,

[2025-03-05 12:31:16] ,1,62.217,487.234,-2.045,42.048,492.243,10.125,

[2025-03-05 12:31:25] ,2,4.217,462.782,29.495,34.667,470.691,71.089,

[2025-03-05 12:31:35] ,1,46.267,494.418,64.341,-5.208,500.548,60.505,

[2025-03-05 12:31:44] ,1,-1.649,491.584,54.638,42.905,501.273,-44.284,

[2025-03-05 12:32:00] ,1,39.083,419.678,46.45,45.673,439.318,-55.049,

[2025-03-05 12:32:08] ,1,41.126,469.043,47.121,64.458,480.512,-83.884,

[2025-03-05 12:32:17] ,1,64.655,399.114,-81.135,5.93,490.002,-23.86,

[2025-03-05 12:32:26] ,2,56.548,421.128,-164.338,68.478,449.798,-68.199,

[2025-03-05 12:32:35] ,2,44.553,496,26.338,2.635,505.952,-157.068,

[2025-03-05 12:32:43] ,2,18.255,511.423,8.707,68.478,511.621,-83.83,

[2025-03-05 12:32:52] ,3,27.878,406.1,25.017,-7.167,413.087,-50.145,

[2025-03-05 12:33:02] ,1,25.703,398.125,38.501,46.069,410.187,67.341,

[2025-03-05 12:33:10] ,1,31.767,418.623,-17.628,62.085,428.839,77.692,

[2025-03-05 12:33:19] ,1,22.737,457.971,-11.605,58.592,474.118,34.951,

[2025-03-05 12:33:28] ,2,-5.34,419.809,-49.343,32.03,480.907,80.049,

[2025-03-05 12:33:37] ,2,81.067,482.489,-121.139,18.123,500.218,-41.424,

[2025-03-05 12:33:45] ,4,84.319,411.601,-8.427,84.428,494.155,10.905,

[2025-03-05 12:33:56] ,1,16.608,476.952,19.385,65.842,492.046,57.295,

[2025-03-05 12:34:03] ,2,75.464,399.048,-1.591,2.635,436.946,-145.465,

[2025-03-05 12:34:12] ,2,33.612,492.771,119.745,26.56,502.591,-51.419,

[2025-03-05 12:34:20] ,3,-7.631,425.346,-69.044,55.078,481.434,-39.611,

[2025-03-05 12:34:30] ,1,-7.12,428.114,-56.17,69.532,441.427,-80.287,

[2025-03-05 12:34:39] ,1,33.81,448.612,41.091,-0.397,480.512,-5.013,

[2025-03-05 12:34:48] ,2,12.983,411.768,-43.55,16.542,511.818,-76.088,

[2025-03-05 12:34:57] ,3,7.842,443.8,9.525,8.445,468.883,44.201,

[2025-03-05 12:35:07] ,1,84.955,449.864,84.341,52.726,475.634,-36.469,

[2025-03-05 12:35:15] ,2,-10.283,443.471,-137.862,38.555,497.252,-55.465,

[2025-03-05 12:35:25] ,1,2.437,425.346,-8.707,59.778,457.575,-14.769,

[2025-03-05 12:35:33] ,2,3.953,503.975,61.631,53.978,508.523,112.659,

[2025-03-05 12:35:42] ,3,-7.875,472.009,-88.103,80.182,511.804,31.43,

[2025-03-05 12:35:52] ,1,-3.297,408.012,44.275,11.335,416.118,20.854,

[2025-03-05 12:36:01] ,2,66.435,492.375,148.861,25.176,498.505,153.662,

[2025-03-05 12:36:11] ,2,20.562,509.841,-56.17,-0.331,516.234,-161.727,

[2025-03-05 12:36:21] ,1,63.008,447.491,-82.372,75.135,467.198,-77.692,

[2025-03-05 12:36:29] ,1,75.53,486.048,70.278,42.312,496.527,-10.214,

[2025-03-05 12:36:40] ,1,32.294,454.609,7.063,17.926,490.727,46.067,

[2025-03-05 12:36:51] ,3,40.928,438.989,-8.399,68.506,461.545,40.684,

[2025-03-05 12:37:01] ,2,41.455,446.305,70.925,10.478,485.389,-85.95,

[2025-03-05 12:37:16] ,1,49.035,453.687,-46.067,55.626,509.314,26.338,

[2025-03-05 12:37:24] ,2,18.453,419.941,-125.242,-2.506,433.848,81.87,

[2025-03-05 12:37:33] ,3,49.359,431.689,50.631,32.426,437.372,76.977,

[2025-03-05 12:37:44] ,3,67.819,480.643,4.544,68.959,513.466,-54.507,

[2025-03-05 12:37:53] ,4,59.448,411.439,-47.175,25.769,516.366,-9.211,

[2025-03-05 12:38:02] ,2,67.292,451.775,-139.674,14.63,465.287,95.511,

[2025-03-05 12:38:11] ,1,52.66,398.455,32.391,32.887,429.102,-65.934,

[2025-03-05 12:38:18] ,1,36.248,448.216,-30.619,69.928,462.387,8.707,

[2025-03-05 12:38:27] ,2,72.169,429.366,133.919,61.689,488.157,56.592,

[2025-03-05 12:38:36] ,3,-8.457,405.309,-39.316,53.714,419.084,21.943,

[2025-03-05 12:38:45] ,4,-10.288,426.341,83.871,37.345,473.151,63.939,

[2025-03-05 12:38:56] ,1,39.873,398.521,17.292,36.776,430.421,-83.884,

[2025-03-05 12:39:03] ,1,5.337,468.912,51.028,71.444,484.4,38.186,

[2025-03-05 12:39:12] ,2,-3.956,409.462,-14.534,50.221,414.537,-63.895,

[2025-03-05 12:39:21] ,2,75.398,449.6,-60.698,56.219,468.252,148.426,

[2025-03-05 12:39:29] ,2,80.935,468.912,-161.241,44.883,476.227,-69.034,

[2025-03-05 12:39:38] ,3,78.39,420.337,-45.274,7.33,435.992,81.601,

[2025-03-05 12:39:48] ,1,-3.561,427.191,17.628,29.855,441.823,37.171,

[2025-03-05 12:39:57] ,1,6.853,462.518,7.063,11.467,502.723,-48.909,

[2025-03-05 12:40:08] ,1,52.133,437.012,50.389,-0.595,472.8,-39.359,

[2025-03-05 12:40:16] ,4,11.664,456.257,-19.983,28.984,471.75,65.12,

[2025-03-05 12:40:26] ,3,52.215,481.566,-69.179,5.77,494.14,31.483,

[2025-03-05 12:40:34] ,4,33.348,452.764,-27.917,-9.209,516.564,-54.284,

[2025-03-05 12:40:45] ,3,8.957,435.043,51.163,10.973,478.6,-30.256,

[2025-03-05 12:40:54] ,1,79.814,469.043,-81.798,16.673,498.439,78.789,

[2025-03-05 12:41:10] ,1,61.228,405.573,16.157,66.83,441.493,35.655,

[2025-03-05 12:41:18] ,1,73.817,459.882,-5.057,12.258,487.234,16.22,

[2025-03-05 12:41:27] ,2,17.003,426.927,-102.804,26.033,437.143,-93.039,

[2025-03-05 12:41:35] ,2,0.262,467.857,-126.469,3.03,496.659,117.924,

[2025-03-05 12:41:44] ,3,74.273,424.09,52.058,81.211,500.746,-86.543,

[2025-03-05 12:41:53] ,4,81.396,480.907,60.018,81.396,518.541,24.015,

[2025-03-05 12:42:04] ,1,75.464,414.141,18.435,41.851,431.014,87.466,

[2025-03-05 12:42:11] ,1,78.298,439.977,74.97,48.705,440.571,70.448,

[2025-03-05 12:42:20] ,1,24.253,442.218,37.569,-0.529,463.112,64.323,

[2025-03-05 12:42:29] ,2,0.921,406.693,175.914,33.612,418.953,-117.474,

[2025-03-05 12:42:37] ,2,7.71,441.164,-26.792,58.328,466.143,13.791,

[2025-03-05 12:42:45] ,2,64.458,493.957,142.927,5.733,501.998,-85.95,

[2025-03-05 12:42:54] ,3,17.751,410.842,61.206,3.821,423.632,-21.448,

[2025-03-05 12:43:03] ,3,34.929,455.737,35.669,64.326,478.93,-12.2,

[2025-03-05 12:43:13] ,1,23.264,426.532,65.472,35.721,437.605,-4.05,

[2025-03-05 12:43:21] ,2,9.753,446.568,176.961,36.446,489.805,116.792,

[2025-03-05 12:43:32] ,3,23.46,403.859,-66.349,1.185,417.7,-11.83,

[2025-03-05 12:43:42] ,2,7.051,476.821,141.73,2.239,497.648,170.87,

[2025-03-05 12:43:50] ,1,7.183,399.378,36.973,21.946,454.609,0.507,

[2025-03-05 12:43:58] ,1,79.946,495.341,-53.027,57.405,507.007,-72.372,

[2025-03-05 12:44:07] ,3,-8.292,454.695,77.8,46.924,456.265,35.669,

[2025-03-05 12:44:18] ,1,68.478,400.3,82.164,-5.538,462.584,-86.987,

[2025-03-05 12:44:27] ,1,0.987,478.139,11.605,19.903,513.466,83.884,

[2025-03-05 12:44:36] ,3,6.278,426.664,-52.292,50.617,480.446,9.462,

[2025-03-05 12:44:47] ,1,-7.317,435.1,45.716,4.612,487.959,17.324,

[2025-03-05 12:44:55] ,1,57.339,488.025,-88.977,40.928,504.634,20.2,

[2025-03-05 12:45:04] ,1,78.298,505.821,-52.306,5.93,514.586,-34.535,

[2025-03-05 12:45:13] ,3,87.404,441.032,-33.797,32.755,487.63,-13.761,

[2025-03-05 12:45:22] ,2,64.787,449.205,124.951,59.844,518.871,6.226,

[2025-03-05 12:45:33] ,2,5.403,436.88,-93.066,0.723,478.534,-68.199,

[2025-03-05 12:45:40] ,3,-9.295,461.266,-4.544,30.805,508.589,-57.995,

[2025-03-05 12:45:50] ,1,-1.451,478.271,9.13,48.046,515.641,45,

[2025-03-05 12:46:00] ,4,66.171,400.564,76.342,38.555,457.575,61.189,

[2025-03-05 12:46:18] ,1,-0.331,400.63,-43.905,37.633,497.78,31.574,

[2025-03-05 12:46:25] ,2,40.335,410.318,141.18,5.139,443.471,127.875,

[2025-03-05 12:46:34] ,2,75.464,478.402,57.724,28.405,487.959,-7.561,

[2025-03-05 12:46:42] ,2,-7.713,489.541,-31.31,9.358,490.925,-45,

[2025-03-05 12:46:50] ,3,68.213,413.172,55.039,-0.247,504.305,-50.925,

[2025-03-05 12:47:00] ,1,-1.979,405.309,-66.194,25.044,423.237,-58.426,

[2025-03-05 12:47:08] ,1,5.337,431.673,-24.528,10.939,482.489,-27.013,

[2025-03-05 12:47:17] ,1,25.901,491.584,2.511,44.487,495.605,24.528,

[2025-03-05 12:47:26] ,1,61.492,499.164,-14.899,19.244,510.434,-88.977,

[2025-03-05 12:47:36] ,2,49.958,404.255,-112.859,45.937,466.737,38.581,

[2025-03-05 12:47:44] ,3,40.898,425.082,-60.871,60.952,439.517,65.304,

[2025-03-05 12:47:57] ,1,4.81,488.223,16.844,86.867,506.743,19.093,

[2025-03-05 12:48:06] ,4,0.46,397.4,3.608,21.502,464.785,-82.255,

[2025-03-05 12:49:08] ,2,69.203,439.846,117.924,21.353,452.896,103.554,

[2025-03-05 12:49:13] ,2,69.203,439.846,117.924,21.353,452.896,103.554,

[2025-03-05 12:49:20] ,2,20.298,471.021,-93.013,46.53,497.45,62.978,

[2025-03-05 12:49:28] ,3,3.805,442.291,64.96,-7.911,474.316,15.322,

[2025-03-05 12:49:39] ,1,58.987,460.343,7.628,1.646,491.123,72.198,

[2025-03-05 12:49:47] ,3,18.673,402.739,-55.886,0.728,420.155,45.815,

[2025-03-05 12:49:57] ,4,-8.57,397.993,-45,86.789,517.445,-41.285,

[2025-03-05 12:50:08] ,1,83.044,499.032,31.405,37.896,501.998,-4.594,

[2025-03-05 12:50:22] ,2,32.228,415.789,-177.444,56.219,463.177,168.294,

[2025-03-05 12:50:30] ,2,35.655,488.486,-7.561,54.373,499.757,156.194,

[2025-03-05 12:50:39] ,3,48.244,429.168,28.275,13.268,429.762,-47.675,

[2025-03-05 12:50:49] ,3,14.025,403.332,-73.632,36.117,421.128,-9.588,

[2025-03-05 12:50:57] ,3,9.094,427.718,11.086,72.39,434.177,-46.621,

[2025-03-05 12:51:06] ,1,68.148,414.273,11.411,58.13,423.237,-32.276,

[2025-03-05 12:51:15] ,3,11.113,460.101,63.939,44.883,470.625,-25.723,

[2025-03-05 12:51:24] ,3,49.718,506.611,-56.626,33.14,509.116,-73.74,

[2025-03-05 12:51:33] ,4,0.043,399.313,-84.369,83.65,411.323,-17.103,

[2025-03-05 12:51:44] ,1,0.394,406.1,-27.711,27.285,511.95,-73.985,

[2025-03-05 12:51:51] ,1,18.123,430.355,-19.075,-4.022,514.059,72.86,

[2025-03-05 12:52:00] ,2,58.658,411.439,80.707,-2.638,457.707,113.86,

[2025-03-05 12:52:09] ,2,70.521,462.716,-90,1.514,486.443,65.014,

[2025-03-05 12:52:19] ,1,48.178,409.066,-86.906,-3.561,448.348,32.856,

[2025-03-05 12:52:27] ,1,-4.351,399.378,36.56,74.937,478.93,19.242,

[2025-03-05 12:52:36] ,2,33.151,421.852,119.999,0.196,471.416,146.17,

[2025-03-05 12:52:46] ,1,62.546,442.482,-13.912,86.735,471.482,-19.895,

[2025-03-05 12:52:54] ,1,28.339,481.83,4.014,78.035,506.414,1.032,

[2025-03-05 12:53:03] ,2,72.432,477.084,-98.202,8.039,513.202,-60.255,

[2025-03-05 12:53:11] ,3,-6.333,434.183,83.911,26.555,459.643,50.05,

[2025-03-05 12:53:20] ,3,50.237,469.534,33.69,46.747,496.132,-49.563,

[2025-03-05 12:53:30] ,1,13.246,426.4,14.899,42.048,518.936,-41.042,

[2025-03-05 12:53:39] ,2,11.269,486.443,-90,-4.945,513.136,-155.045,

[2025-03-05 12:53:48] ,3,75.389,489.211,-80.036,58.348,504.766,-54.197,

[2025-03-05 12:53:58] ,1,-6.131,477.612,13.791,-10.02,515.905,-4.122,

[2025-03-05 12:54:06] ,2,-5.933,448.282,-62.076,59.119,500.811,90,

[2025-03-05 12:54:16] ,2,-1.254,487.3,50.001,56.153,507.402,105.524,

[2025-03-05 12:54:27] ,2,17.794,434.177,-149.123,-8.108,517.157,136.095,

[2025-03-05 12:54:42] ,1,40.335,458.234,2.01,55.362,496,48.909,

[2025-03-05 12:54:50] ,1,12.323,496.923,-60.945,70.521,507.468,50.458,

[2025-03-05 12:54:59] ,2,44.487,419.48,-4.594,34.535,498.834,-118.369,

[2025-03-05 12:55:08] ,3,31.305,405.309,-4.986,64.919,427.916,-4.604,

[2025-03-05 12:55:16] ,3,55.512,473.196,-51.992,33.831,481.764,-55.472,

[2025-03-05 12:55:25] ,4,75.189,410.651,-13.151,80.864,514.329,0,

[2025-03-05 12:55:38] ,1,66.237,456.587,4.554,4.085,459.552,73.78,

[2025-03-05 12:55:45] ,1,-2.901,496.989,-13.299,84.692,515.18,74.338,

[2025-03-05 12:55:54] ,1,38.292,469.834,-4.514,23.989,472.602,-5.013,

[2025-03-05 12:56:03] ,2,19.178,422.38,169.192,-6.197,422.643,-93.066,

[2025-03-05 12:56:12] ,2,45.146,440.175,-144.758,83.835,471.284,177.955,

[2025-03-05 12:56:21] ,2,63.008,473.921,109.722,65.183,501.668,-154.12,

[2025-03-05 12:56:29] ,3,46.949,459.029,74.211,18.058,491.848,-22.504,

[2025-03-05 12:56:40] ,1,33.283,419.678,-6.68,8.171,426.466,67.068,

[2025-03-05 12:56:48] ,1,25.044,440.505,-51.73,72.894,485.389,68.009,

[2025-03-05 12:56:57] ,2,74.212,426.071,-117.951,2.833,488.882,-112.27,

[2025-03-05 12:57:09] ,2,-2.045,403.266,8.785,-7.251,447.491,53.936,

[2025-03-05 12:57:17] ,3,31.305,409.791,-27.42,21.212,497.516,-80.036,

[2025-03-05 12:57:29] ,3,82.78,464.693,16.26,-5.011,497.186,-19.756,

[2025-03-05 12:57:37] ,1,54.373,450.127,-25.442,43.96,503.646,-79.287,

[2025-03-05 12:57:47] ,2,35.721,428.048,147.995,85.153,433.189,142.306,

[2025-03-05 12:57:55] ,2,34.535,446.634,-94.086,54.901,483.214,132.852,

[2025-03-05 12:58:05] ,1,64.523,485.982,-61.837,22.803,507.139,17.475,

[2025-03-05 12:58:13] ,1,1.844,513.993,55.176,68.082,516.827,-39.872,

[2025-03-05 12:58:24] ,2,74.673,431.08,14.036,31.239,497.911,103.299,

[2025-03-05 12:58:32] ,4,14.235,398.521,-10.856,80.346,514.661,49.059,

[2025-03-05 12:58:43] ,1,-1.979,409.857,-87.955,36.183,513.73,-38.897,

[2025-03-05 12:58:57] ,1,22.539,401.75,-42.479,0.262,446.437,-78.395,

[2025-03-05 12:59:05] ,1,6.787,457.839,-88.008,71.773,461.464,26.792,

[2025-03-05 12:59:14] ,1,73.948,481.434,-87.955,34.271,490.596,-40.384,

[2025-03-05 12:59:23] ,2,31.833,425.807,140.323,26.362,450.984,53.531,

[2025-03-05 12:59:32] ,3,52.47,412.337,81.167,-4.931,422.446,-68.691,

[2025-03-05 12:59:41] ,3,18.01,428.043,42.325,78.454,502.393,-87.328,

[2025-03-05 12:59:50] ,3,8.723,505.227,-87.346,30.91,509.577,-7.267,

[2025-03-05 13:00:00] ,1,10.478,460.014,-29.932,16.805,488.684,15.739,

[2025-03-05 13:00:09] ,1,22.144,458.037,-25.894,42.971,491.584,-9.13,

[2025-03-05 13:00:18] ,1,78.101,496.066,-84.852,13.971,518.739,84.898,

[2025-03-05 13:00:27] ,2,67.885,405.837,-176.849,16.344,415.723,159.146,

[2025-03-05 13:00:36] ,2,47.519,454.741,153.208,75.794,485.652,-90,

[2025-03-05 13:00:44] ,3,2.437,426.598,-12.281,34.092,473.855,-50.05,

[2025-03-05 13:00:53] ,3,61.42,482.818,-74.211,3.99,504.239,-41.507,

[2025-03-05 13:01:03] ,1,4.81,416.712,-43.199,11.928,465.616,-29.683,

[2025-03-05 13:01:11] ,2,53.714,484.664,110.026,17.926,488.684,145.751,

[2025-03-05 13:01:20] ,3,0.562,490.53,-71.565,30.871,500.021,-44.731,

[2025-03-05 13:01:31] ,3,-10.942,424.423,-9.588,22.737,456.85,9.401,

[2025-03-05 13:01:41] ,2,1.317,418.821,4.086,-0.99,493.825,143.936,

[2025-03-05 13:01:52] ,1,-9.031,416.975,28.405,-10.349,441.362,-31.574,

[2025-03-05 13:01:59] ,2,7.908,456.718,59.816,0.13,480.643,23.86,

[2025-03-05 13:02:15] ,1,10.346,399.839,-15.03,1.448,430.684,8.13,

[2025-03-05 13:02:23] ,1,41.192,464.298,-34.101,73.092,473.657,-61.39,

[2025-03-05 13:02:32] ,3,30.053,400.366,26.222,-7.804,411.66,63.778,

[2025-03-05 13:02:41] ,3,69.639,418.615,70.475,28.23,478.271,-55.996,

[2025-03-05 13:02:52] ,1,19.442,451.775,-41.091,1.976,453.489,84.987,

[2025-03-05 13:03:01] ,1,47.783,489.409,15.876,27.417,498.307,-77.692,

[2025-03-05 13:03:10] ,1,83.703,407.748,2.083,-1.386,515.773,54.462,

[2025-03-05 13:03:19] ,2,52.594,397.334,-5.194,57.142,477.348,-90,

[2025-03-05 13:03:27] ,3,68.346,466.934,20.956,47.492,513.453,31.357,

[2025-03-05 13:03:38] ,1,61.492,401.025,-75.336,15.487,419.743,-40.326,

[2025-03-05 13:03:46] ,2,-3.099,460.212,61.39,51.408,478.996,-79.38,

[2025-03-05 13:03:57] ,3,46.508,414.265,30.833,63.337,433.848,-29.461,

[2025-03-05 13:04:07] ,3,25.295,425.675,-89.236,9.423,471.68,-8.289,

[2025-03-05 13:05:17] ,1,-1.32,454.148,49.939,83.307,506.941,31.405,

[2025-03-05 13:05:23] ,4,85.181,413.169,-54.28,82.846,457.773,84.341,

[2025-03-05 13:05:31] ,1,-1.32,454.082,50.323,83.307,507.007,31.675,

[2025-03-05 13:05:39] ,1,38.226,423.698,-16.504,56.087,515.905,84.341,

[2025-03-05 13:05:48] ,3,21.683,440.702,10.643,7.33,452.911,59.88,

[2025-03-05 13:06:46] ,1,54.703,425.675,32.005,5.601,439.318,12.693,

[2025-03-05 13:06:53] ,3,2.61,417.371,-40.684,33.414,424.555,28.095,

[2025-03-05 13:07:02] ,3,7.759,489.936,-79.357,19.43,507.402,-37.708,

[2025-03-05 13:07:12] ,1,-1.122,458.893,-90,10.478,476.623,-60.068,

[2025-03-05 13:07:21] ,3,64.8,405.441,-33.366,34.337,437.143,-27.759,

[2025-03-05 13:07:32] ,3,40.467,492.177,14.956,13.642,504.832,18.194,

[2025-03-05 13:07:47] ,1,36.512,400.103,57.45,-2.374,411.439,-63.886,

[2025-03-05 13:07:55] ,1,58.921,420.732,13.416,64.985,468.516,32.856,

[2025-03-05 13:08:04] ,2,2.964,399.114,41.332,48.442,483.016,-112.736,

[2025-03-05 13:08:13] ,3,-8.701,468.45,-18.076,-3.882,484.202,-86.236,

[2025-03-05 13:08:22] ,4,62.935,405.529,-26.095,17.728,480.314,46.414,

[2025-03-05 13:08:33] ,1,22.144,416.975,-46.432,27.944,437.012,-13.299,

[2025-03-05 13:08:40] ,1,56.68,448.084,45,51.078,462.123,-39.999,

[2025-03-05 13:08:49] ,1,-1.122,462.387,-4.554,81.067,487.234,15.524,

[2025-03-05 13:08:58] ,2,77.969,435.496,106.157,47.058,485.982,6.062,

[2025-03-05 13:09:07] ,3,44.55,417.943,48.526,9.226,436.221,-20.113,

[2025-03-05 13:09:17] ,1,40.269,443.141,-15.876,10.017,446.832,-65.681,

[2025-03-05 13:09:26] ,1,54.308,459.025,52.125,58.526,518.475,-31.139,

[2025-03-05 13:09:35] ,2,34.733,419.15,-166.088,23.594,428.971,-122.005,

[2025-03-05 13:09:43] ,2,46.794,477.216,93.013,60.173,496.791,129.999,

[2025-03-05 13:09:52] ,3,1.187,470.7,46.332,73.167,509.05,-81.488,

[2025-03-05 13:10:02] ,1,8.962,447.03,20.674,31.371,490.464,36.174,

[2025-03-05 13:10:11] ,1,27.087,505.491,81.293,70.719,506.611,-84.852,

[2025-03-05 13:10:20] ,2,-4.945,431.212,159.8,46.069,470.493,58.261,

[2025-03-05 13:10:28] ,3,12.19,475.634,-74.678,49.826,498.768,-20.735,

[2025-03-05 13:10:39] ,2,38.489,398.125,1.042,-8.306,421.852,-138.621,

[2025-03-05 13:10:47] ,2,64.326,455.4,-39.611,7.776,456.718,8.202,

[2025-03-05 13:10:55] ,3,34.813,418.293,-33.056,23.806,477.743,-68.827,

[2025-03-05 13:11:05] ,1,79.485,454.807,-85.914,-5.538,502.986,-19.552,

[2025-03-05 13:11:14] ,2,12.192,461.2,-16.844,-0.661,465.748,102.095,

[2025-03-05 13:11:22] ,2,19.376,483.28,139.939,-8.108,485.587,-25.88,

[2025-03-05 13:11:31] ,3,-4.721,421.457,-31.357,33.798,471.152,-79.796,

[2025-03-05 13:11:41] ,1,11.796,481.105,-17.802,0.46,495.605,10.713,

[2025-03-05 13:11:50] ,2,33.48,436.946,-17.628,15.158,466.605,-96.621,

[2025-03-05 13:12:00] ,1,32.755,456.85,11.706,1.91,495.802,-78.789,

[2025-03-05 13:12:08] ,1,80.671,502.261,-21.038,32.755,514.652,75.593,

[2025-03-05 13:12:20] ,3,0.987,453.159,13.392,35.474,479.325,-69.179,

[2025-03-05 13:12:30] ,2,9.423,487.168,-177.466,60.701,510.105,126.973,

[2025-03-05 13:12:46] ,1,74.476,413.218,77.978,50.353,429.498,-4.086,

[2025-03-05 13:12:54] ,1,0.789,449.93,-40.711,13.576,461.596,70.145,

[2025-03-05 13:13:03] ,2,23.858,414.734,2.045,16.344,448.282,-145.465,

[2025-03-05 13:13:12] ,2,66.039,466.275,139.289,22.935,471.877,-62.543,

[2025-03-05 13:13:20] ,4,26.23,398.718,-11.234,86.076,430.948,90,

[2025-03-05 13:13:31] ,1,8.435,503.514,30.877,-0.199,518.871,-57.724,

[2025-03-05 13:13:38] ,2,15.158,403.134,-28.856,13.378,476.557,-99.051,

[2025-03-05 13:13:49] ,2,6.062,406.43,-68.962,68.478,509.248,83.83,

[2025-03-05 13:13:57] ,3,27.148,433.371,80.475,51.569,485.587,-43.929,

[2025-03-05 13:14:08] ,1,22.803,434.771,-79.875,57.867,456.652,9.13,

[2025-03-05 13:14:20] ,2,82.055,454.609,-135,2.239,488.75,68.854,

[2025-03-05 13:14:29] ,1,52.198,427.125,76.701,-7.186,446.107,-34.663,

[2025-03-05 13:14:37] ,3,43.879,408.605,-73.264,8.836,462.014,45.266,

[2025-03-05 13:14:53] ,3,52.886,468.846,-58.517,28.92,474.424,71.565,

[2025-03-05 13:15:08] ,3,71.935,497.121,-43.919,11.663,498.653,55.257,

[2025-03-05 13:15:17] ,3,33.309,498.9,-45.269,-1.181,516.788,45,

[2025-03-05 13:15:33] ,1,72.235,408.341,66.194,25.373,450.127,-24.114,

[2025-03-05 13:17:37] ,1,44.948,426.598,37.875,68.017,515.905,9.211,

[2025-03-05 13:17:44] ,1,34.337,411.241,67.341,34.403,483.346,-50.323,

[2025-03-05 13:17:54] ,3,9.621,434.309,-24.538,-1.847,449.073,29.604,

[2025-03-05 13:18:03] ,3,52.392,456.028,86.987,37.723,517.684,-87.328,

[2025-03-05 13:18:12] ,2,19.442,446.239,110.497,29.196,459.223,159.034,

[2025-03-05 13:18:22] ,1,20.826,447.227,-8.059,-10.349,463.639,38.27,

[2025-03-05 13:18:30] ,1,-0.001,470.164,46.757,56.219,478.337,-57.836,

[2025-03-05 13:18:39] ,1,85.746,415.855,-32.391,11.994,505.359,-34.535,

[2025-03-05 13:18:48] ,1,7.38,482.093,88.995,65.842,516.827,16.157,

[2025-03-05 13:18:57] ,2,-3.297,427.191,45.36,33.414,431.739,-50.389,

[2025-03-05 13:19:06] ,2,63.337,432.2,76.088,62.414,454.412,-59.123,

[2025-03-05 13:19:14] ,2,79.485,457.707,90,77.31,471.152,150.698,

[2025-03-05 13:19:22] ,3,10.909,405.178,-71.565,36.117,411.043,3.053,

[2025-03-05 13:19:31] ,3,82.978,442.087,-15.054,-2.179,497.582,-74.578,

[2025-03-05 13:19:42] ,1,-8.306,450.721,-40.061,43.103,453.818,-25.894,

[2025-03-05 13:19:50] ,1,61.228,462.321,9.628,51.078,488.684,-16.991,

[2025-03-05 13:19:59] ,2,8.105,428.641,-161.887,74.08,468.912,-57.45,

[2025-03-05 13:20:08] ,3,-5.604,408.275,-23.651,-5.472,488.025,9.898,

[2025-03-05 13:20:18] ,2,62.414,477.084,-41.76,-5.076,485.916,131.8,

[2025-03-05 13:20:28] ,1,18.123,436.484,-42.51,-4.483,440.702,-77.692,

[2025-03-05 13:20:36] ,2,10.148,512.807,-45.725,52.001,514.125,134.635,

[2025-03-05 13:20:46] ,1,39.017,430.487,-18.595,-5.604,454.148,-54.638,

[2025-03-05 13:20:54] ,3,80.21,499.427,-11.16,1.443,504.245,83.871,

[2025-03-05 13:21:10] ,1,31.569,427.455,-66.801,74.014,435.232,-68.671,

[2025-03-05 13:21:19] ,1,16.08,441.493,45,30.251,446.173,-55.62,

[2025-03-05 13:21:28] ,1,55.494,456.916,17.475,25.703,463.243,64.323,

[2025-03-05 13:21:37] ,1,-3.363,467,-47.827,4.876,485.784,-6.116,

[2025-03-05 13:21:46] ,1,50.88,490.464,-59.816,34.337,505.096,37.171,

[2025-03-05 13:21:55] ,2,28.339,413.812,96.116,-7.251,418.425,11.31,

[2025-03-05 13:22:03] ,2,64.523,420.798,34.403,5.535,453.225,-135,

[2025-03-05 13:22:12] ,3,2.703,409.331,84.251,57.651,411.373,-38.962,

[2025-03-05 13:22:20] ,3,52.396,436.352,-11.535,69.71,495.868,-84.251,

[2025-03-05 13:22:31] ,1,40.071,413.943,-86.934,-8.833,422.775,56.592,

[2025-03-05 13:22:39] ,1,-0.661,429.432,61.189,12.587,481.434,-4.514,

[2025-03-05 13:22:48] ,1,24.978,484.202,4.514,51.737,493.825,-27.924,

[2025-03-05 13:22:57] ,3,58.81,402.673,-54.913,76.962,469.637,-79.216,

[2025-03-05 13:23:10] ,2,65.183,435.034,-75.593,70.785,476.162,-31.139,

[2025-03-05 13:23:18] ,3,16.301,429.102,-46.606,32.011,495.473,-63.265,

[2025-03-05 13:23:34] ,1,55.823,399.839,-81.798,37.501,401.618,-4.635,

[2025-03-05 13:23:42] ,1,8.105,437.209,77.307,72.762,443.734,21.991,

[2025-03-05 13:23:51] ,1,-7.054,474.777,27.688,36.644,482.687,67.92,

[2025-03-05 13:24:00] ,1,86.471,486.443,-23.334,74.41,489.343,-47.521,

[2025-03-05 13:24:09] ,1,56.351,491.848,32.433,25.439,495.671,49.939,

[2025-03-05 13:24:18] ,1,70.851,504.239,79.786,8.962,506.743,-88.977,

[2025-03-05 13:24:27] ,3,8.237,414.471,6.129,33.472,455.532,-85.079,

[2025-03-05 13:24:37] ,1,6.26,492.309,-51.419,78.232,512.807,63.204,

[2025-03-05 13:24:47] ,1,35.523,413.416,-31.574,-7.713,425.939,55.465,

[2025-03-05 13:24:55] ,1,48.244,450.787,31.739,62.283,474.777,-29.055,

[2025-03-05 13:25:04] ,2,0.855,397.203,79.603,70.521,408.539,-165.203,

[2025-03-05 13:25:13] ,2,5.798,410.187,144.048,85.351,432.793,-45.365,

[2025-03-05 13:25:21] ,2,-4.945,469.043,-72.676,55.362,484.466,132.138,

[2025-03-05 13:25:30] ,3,16.943,416.778,-81.225,15.751,434.573,-1.138,

[2025-03-05 13:25:40] ,1,49.76,415.262,-5.609,43.96,473.196,-14.642,

[2025-03-05 13:25:49] ,2,10.148,462.057,0,82.121,491.518,178.968,

[2025-03-05 13:26:00] ,1,78.232,490.332,-47.899,55.955,493.891,38.581,

[2025-03-05 13:26:07] ,1,36.248,510.632,13.416,79.419,513.334,78.589,

[2025-03-05 13:26:16] ,2,45.278,441.032,-26.792,7.512,518.08,109.722,

[2025-03-05 13:26:25] ,3,-0.851,408.012,-86.186,40.556,424.555,-46.345,

[2025-03-05 13:26:34] ,3,78.349,441.473,71.323,31.397,477.058,32.645,

[2025-03-05 13:26:44] ,3,19.442,472.668,6.423,24.385,493.957,-10.713,

[2025-03-05 13:26:54] ,1,-5.604,455.73,-48.2,13.114,460.937,-69.034,

[2025-03-05 13:27:06] ,1,76.848,466.209,-17.628,22.935,478.666,72.824,

[2025-03-05 13:27:14] ,4,86.867,455.071,87.955,81.33,499.361,82.747,

[2025-03-05 13:27:31] ,1,59.317,404.716,33.977,2.305,406.034,-72.372,

[2025-03-05 13:27:38] ,1,-0.133,422.05,-18.595,55.362,426.4,84.391,

[2025-03-05 13:27:47] ,1,65.71,472.273,10.713,58.592,501.339,-63.662,

[2025-03-05 13:27:56] ,2,19.244,410.121,137.175,24.714,435.232,88.479,

[2025-03-05 13:28:05] ,3,-10.085,494.618,46.865,75.259,502.84,80.348,

[2025-03-05 13:28:15] ,1,13.971,426.796,27.242,49.496,504.305,29.055,

[2025-03-05 13:28:23] ,2,5.864,445.25,-142.829,15.421,453.687,74.261,

[2025-03-05 13:28:34] ,3,31.931,404.513,74.846,32.558,440.9,-11.83,

[2025-03-05 13:28:43] ,2,52.989,456.059,-161.405,84.362,470.823,160.105,

[2025-03-05 13:29:44] ,1,82.055,425.214,81.293,5.469,489.409,89.493,

[2025-03-05 13:29:49] ,1,81.989,425.214,81.215,5.469,489.409,89.493,

[2025-03-05 13:29:56] ,3,21.287,476.821,20.688,43.894,484.927,-16.411,

[2025-03-05 13:30:07] ,1,47.651,409.593,-38.1,57.142,436.55,-65.472,

[2025-03-05 13:30:15] ,1,31.173,445.712,9.628,79.287,492.639,-2.556,

[2025-03-05 13:30:26] ,2,33.876,421.918,16.65,76.387,437.473,-87.466,

[2025-03-05 13:30:34] ,3,-8.282,461.793,-56.626,-1.913,499.296,-27.072,

[2025-03-05 13:30:45] ,1,9.423,515.048,82.811,65.183,518.871,-22.859,

[2025-03-05 13:30:53] ,2,-1.715,438.725,-122.005,25.505,454.28,-4.514,

[2025-03-05 13:31:02] ,2,0.394,462.782,-149.123,47.123,515.509,-58.158,

[2025-03-05 13:31:12] ,1,84.296,453.423,-71.887,3.887,479.984,67.264,

[2025-03-05 13:31:21] ,1,52.726,402.607,-64.359,2.964,485.916,-76.817,

[2025-03-05 13:31:29] ,3,12.258,448.414,17.13,38.765,506.43,73.374,

[2025-03-05 13:31:40] ,1,-8.833,432.925,-47.862,-5.604,475.898,43.933,

[2025-03-05 13:31:56] ,1,31.964,399.971,38.1,42.246,410.121,46.081,

[2025-03-05 13:32:04] ,1,52.396,420.205,28.163,19.705,515.839,-79.786,

[2025-03-05 13:32:13] ,2,68.742,472.273,-34.114,32.887,501.998,-96.062,

[2025-03-05 13:32:22] ,3,-8.872,418.994,32.53,25.594,421.587,61.056,

[2025-03-05 13:32:32] ,1,37.435,404.716,73.496,51.473,447.755,76.329,

[2025-03-05 13:32:40] ,1,47.321,482.159,-79.38,45.344,496.923,32.276,

[2025-03-05 13:32:49] ,2,-9.426,404.848,-103.416,67.357,422.446,172.811,

[2025-03-05 13:32:58] ,3,23.858,430.948,-28.25,12.561,445.633,31.287,

[2025-03-05 13:33:07] ,3,2.842,464.645,73.229,13.537,485.403,40.764,

[2025-03-05 13:33:17] ,1,-1.979,404.255,-89.479,-6.856,424.291,-39.611,

[2025-03-05 13:33:25] ,1,5.271,436.155,51.103,38.555,461.727,8.556,

[2025-03-05 13:33:34] ,1,38.819,491.518,87.466,-3.758,511.093,-35.242,

[2025-03-05 13:33:44] ,2,65.117,467.791,59.816,49.101,504.7,-149.56,

[2025-03-05 13:33:54] ,1,-6.856,481.237,31.739,86.669,507.93,-38.741,

[2025-03-05 13:34:02] ,2,18.453,402.805,129.542,28.867,508.193,-176.934,

[2025-03-05 13:34:11] ,3,12.261,442.542,56.834,3.821,461.793,-3.764,

[2025-03-05 13:34:21] ,1,11.664,481.83,-1.507,86.537,499.757,-6.74,

[2025-03-05 13:34:29] ,1,26.494,506.282,3.039,-4.813,512.609,-71.887,

[2025-03-05 13:34:38] ,3,56.614,482.555,-4.167,5.49,503.614,33.166,

[2025-03-05 13:34:51] ,2,18.123,407.88,-3.576,11.664,427.389,132.479,

[2025-03-05 13:35:00] ,3,11.664,451.577,-17.241,3.203,497.384,-62.083,

[2025-03-05 13:35:15] ,1,57.208,426.532,-30.877,23.792,435.627,-60.068,

[2025-03-05 13:35:24] ,2,-6.856,405.046,120.7,65.908,512.477,-53.334,

[2025-03-05 13:35:34] ,3,41.753,402.541,-42.558,-0.529,419.809,21.448,

[2025-03-05 13:35:45] ,2,70.455,429.037,-32.705,57.01,431.673,-140.001,

[2025-03-05 13:35:52] ,1,78.496,416.184,-28.405,-10.876,438.264,-39.999,

[2025-03-05 13:36:01] ,1,-3.231,470.164,-66.801,29.064,500.416,65.014,

[2025-03-05 13:36:10] ,1,35.392,470.493,-13.554,49.035,508.852,-13.299,

[2025-03-05 13:36:19] ,2,74.607,485.521,-82.875,19.31,490.661,154.341,

[2025-03-05 13:36:28] ,3,48.92,459.289,-32.645,53.319,486.246,20.601,

[2025-03-05 13:36:39] ,1,0.262,410.253,51.499,26.758,418.689,-69.326,

[2025-03-05 13:36:47] ,1,80.012,436.023,-58.426,-4.879,466.143,86.987,

[2025-03-05 13:36:56] ,3,35.806,482.357,-32.442,-5.076,509.314,-24.696,

[2025-03-05 13:37:07] ,1,5.864,417.107,31.574,22.078,444.459,7.561,

[2025-03-05 13:37:16] ,2,80.935,449.007,-21.991,-2.967,518.805,-120.44,

[2025-03-05 13:37:25] ,3,61.294,476.821,-19.398,12.059,476.887,-74.778,

[2025-03-05 13:37:34] ,3,-7.226,407.221,-77.264,32.36,479.391,-24.382,

[2025-03-05 13:37:44] ,3,22.144,487.827,-24.538,85.548,504.173,-5.787,

[2025-03-05 13:37:54] ,1,28.735,423.171,46.432,20.958,466.934,19.385,

[2025-03-05 13:38:02] ,1,80.407,473.591,-29.999,-7.054,505.161,-48.958,

[2025-03-05 13:38:11] ,3,6.85,443.767,54.111,-2.906,454.893,50.339,

[2025-03-05 13:38:22] ,2,20.101,424.357,33.83,27.746,456.125,-156.602,

[2025-03-05 13:38:32] ,1,-0.924,485.455,-69.8,68.017,487.564,-57.019,

[2025-03-05 13:38:41] ,3,44.689,432.068,-67.351,17.068,465.366,55.472,

[2025-03-05 13:38:58] ,1,31.833,421.325,2.556,-5.34,439.78,80.949,

[2025-03-05 13:39:06] ,1,53.583,443.009,-14.899,11.73,443.537,76.209,

[2025-03-05 13:39:15] ,1,52.528,477.612,25.659,63.93,483.082,-57.567,

[2025-03-05 13:39:24] ,1,28.273,485.521,-22.08,43.696,504.898,71.405,

[2025-03-05 13:39:33] ,2,8.435,400.959,-27.711,-8.965,407.023,5.148,

[2025-03-05 13:39:42] ,2,-7.317,454.741,-108.113,7.512,488.816,45,

[2025-03-05 13:39:52] ,1,7.973,470.427,-9.545,32.426,496.989,-71.565,

[2025-03-05 13:40:00] ,2,56.746,410.846,60.446,23.726,427.389,-109.722,

[2025-03-05 13:40:09] ,3,9.323,407.353,-30.504,38.609,440.307,-89.236,

[2025-03-05 13:40:17] ,3,-2.901,482.027,26.227,26.93,511.659,38.779,

[2025-03-05 13:40:28] ,1,5.403,468.121,13.299,61.821,488.816,-15.524,

[2025-03-05 13:40:36] ,2,-3.692,402.278,-76.967,5.864,430.289,133.919,

[2025-03-05 13:40:45] ,2,69.862,471.35,-94.594,-2.045,513.861,-32.981,

[2025-03-05 13:40:55] ,1,23.858,471.68,45.707,-4.945,493.232,73.156,

[2025-03-05 13:41:04] ,4,-3.541,472.537,-32.326,76.274,495.539,-49.899,

[2025-03-05 13:41:21] ,1,8.303,406.628,-88.466,11.73,437.143,45,

[2025-03-05 13:41:28] ,1,31.767,449.864,25.894,21.88,475.239,-1.005,

[2025-03-05 13:41:37] ,2,26.428,422.973,-149.56,69.005,429.696,154.12,

[2025-03-05 13:41:48] ,2,-3.824,430.421,176.934,14.63,452.698,141.34,

[2025-03-05 13:41:56] ,1,-5.076,499.032,4.554,46.53,506.018,21.801,

[2025-03-05 13:42:05] ,1,39.214,476.162,66.342,69.203,518.343,-70.907,

[2025-03-05 13:42:14] ,2,70.719,464.891,-119.055,-8.042,474.909,28.61,

[2025-03-05 13:42:23] ,2,54.176,492.046,108.273,-9.492,517.157,-105.524,

[2025-03-05 13:42:31] ,3,60.786,458.827,-49.853,21.811,512.641,54.197,

[2025-03-05 13:42:42] ,1,33.283,448.216,-31.05,47.058,480.116,-36.469,

[2025-03-05 13:42:52] ,1,-7.515,420.666,-73.496,21.353,468.648,75.964,

[2025-03-05 13:43:00] ,2,3.558,441.955,155.934,40.928,514.982,-17.14,

[2025-03-05 13:43:16] ,1,73.948,417.7,46.095,35.721,432.134,-74.745,

[2025-03-05 13:43:24] ,1,54.176,453.884,-76.701,-4.681,459.816,84.943,

[2025-03-05 13:43:33] ,1,74.542,403.266,77.358,-2.506,472.602,-15.255,

[2025-03-05 13:43:42] ,1,82.912,503.646,81.215,53.648,510.105,-67.537,

[2025-03-05 13:43:51] ,2,29.987,417.173,-171.293,42.444,420.798,160.278,

[2025-03-05 13:44:00] ,3,6.452,409.058,52.361,71.14,449.996,-82.733,

[2025-03-05 13:44:11] ,1,-7.581,410.187,61.837,78.496,420.205,10.905,

[2025-03-05 13:44:19] ,1,-10.151,432.859,-39.611,14.828,446.437,2.534,

[2025-03-05 13:44:28] ,1,34.667,461.793,-25.677,47.848,462.387,-33.968,

[2025-03-05 13:44:37] ,1,15.553,471.152,59.886,46.464,517.618,-84.341,

[2025-03-05 13:44:46] ,3,14.22,405.617,76.057,-6.982,472.955,45.266,

[2025-03-05 13:44:55] ,3,19.553,486.048,-63.099,2.742,492.56,75.411,

[2025-03-05 13:45:04] ,3,78.673,495.275,-39.611,46.628,497.846,-71.086,

[2025-03-05 13:45:14] ,1,5.403,406.496,-68.484,45.08,425.939,6.116,

[2025-03-05 13:45:24] ,2,73.553,442.548,-146.592,38.489,470.955,-96.506,

[2025-03-05 13:45:32] ,3,62.085,428.971,-3.053,1.099,509.511,-39.369,

[2025-03-05 13:45:43] ,1,50.748,432.002,1.023,-5.274,473.723,-65.681,

[2025-03-05 13:45:51] ,3,33.187,443.848,85.833,-4.898,453.834,83.157,

[2025-03-05 13:46:02] ,2,77.31,496.857,-107.628,55.758,499.559,101.81,

[2025-03-05 13:46:11] ,1,35.26,410.45,-43.55,-5.604,517.421,34.403,

[2025-03-05 13:46:19] ,2,11.137,435.496,-96.563,28.735,502.855,-77.196,

[2025-03-05 13:46:36] ,1,22.737,413.878,28.163,83.373,446.107,-16.015,

[2025-03-05 13:46:44] ,1,38.885,501.405,-69.8,-4.879,514.784,62.526,

[2025-03-05 13:46:53] ,2,46.86,417.898,-47.521,20.101,447.755,49.236,

[2025-03-05 13:47:02] ,2,75.926,474.448,-61.144,51.869,482.159,-33.551,

[2025-03-05 13:47:10] ,3,3.424,415.426,76.891,-7.784,444.921,-36.416,

[2025-03-05 13:47:19] ,3,48.112,453.489,-12.2,-6.357,471.318,39.13,

[2025-03-05 13:47:27] ,3,21.092,508.783,56.626,69.728,516.959,-35.942,

[2025-03-05 13:47:38] ,1,77.507,403.134,-1.042,12.917,408.868,-48.24,

[2025-03-05 13:47:46] ,2,56.944,458.234,-20.674,28.735,481.698,75.719,

[2025-03-05 13:51:15] ,1,-8.701,412.098,-79.695,-1.979,449.007,-49.289,

[2025-03-05 13:51:22] ,2,43.103,480.446,84.489,30.778,486.443,155.681,

[2025-03-05 13:51:31] ,2,19.969,496.725,90,1.185,508.589,17.475,

[2025-03-05 13:51:41] ,1,12.192,421.062,-87.973,21.485,465.023,8.059,

[2025-03-05 13:51:49] ,2,-7.911,436.55,153.662,64.26,477.15,65.472,

[2025-03-05 13:51:58] ,3,47.468,428.575,-33.056,26.033,510.698,3.84,

[2025-03-05 13:52:08] ,3,-8.128,441.969,64.455,-4.79,497.78,-46.606,

[2025-03-05 13:52:20] ,2,40.335,428.377,111.146,35.26,514.718,-76.088,

[2025-03-05 13:52:28] ,4,65.866,465.994,30.51,84.6,512.085,63.435,

[2025-03-05 13:54:37] ,1,67.753,465.155,82.372,13.444,469.373,-37.569,

[2025-03-05 13:54:42] ,1,67.753,465.155,82.372,13.378,469.307,-38.27,

[2025-03-05 13:54:49] ,2,36.578,472.734,21.146,50.089,509.314,-114.74,

[2025-03-05 13:55:05] ,1,42.114,435.825,60.505,76.387,450.193,-16.015,

[2025-03-05 13:55:13] ,1,3.426,453.291,1.014,84.955,465.484,-19.242,

[2025-03-05 13:55:22] ,2,41.521,414.668,-160.105,26.823,435.298,-166.209,

[2025-03-05 13:55:31] ,3,17.859,400.756,47.42,-9.82,411.715,35.272,

[2025-03-05 13:55:40] ,3,9.535,416.036,75.685,59.443,445.893,80.475,

[2025-03-05 13:55:50] ,2,35.589,444.525,70.615,49.101,450.259,-174.44,

[2025-03-05 13:55:58] ,2,64.985,467.198,46.432,69.335,481.962,25.201,

[2025-03-05 13:56:07] ,2,80.869,486.443,-83.83,9.16,513.071,61.39,

[2025-03-05 13:56:15] ,3,59.317,401.75,-3.48,49.383,418.945,85.014,

[2025-03-05 13:56:24] ,3,-2.902,420.468,-35.493,80.255,462.255,-84.251,

[2025-03-05 13:56:33] ,3,41.84,469.373,-79.862,76.519,500.614,-14.315,

[2025-03-05 13:56:43] ,1,27.614,399.18,-61.39,10.939,400.432,27.711,

[2025-03-05 13:56:51] ,1,58.328,439.384,42.51,7.71,455.466,-59.636,

[2025-03-05 13:57:00] ,2,-6.329,401.553,101.514,-6.197,502.789,-163.496,

[2025-03-05 13:57:11] ,1,19.31,435.693,39.677,51.408,437.473,29.495,

[2025-03-05 13:58:49] ,1,51.408,437.473,29.495,8.633,456.389,14.769,

[2025-03-05 13:58:54] ,1,51.408,437.473,29.495,8.633,456.389,14.769,

[2025-03-05 13:59:01] ,1,27.483,467.264,-72.198,56.087,470.362,-41.091,

[2025-03-05 14:00:15] ,1,-3.824,437.143,57.995,53.648,470.955,-88.493,

[2025-03-05 14:00:21] ,1,-3.824,437.143,57.995,53.648,470.889,-88.995,

[2025-03-05 14:02:05] ,1,76.717,514.982,-41.719,-0.661,515.641,-88.466,

[2025-03-05 14:02:12] ,2,1.448,407.682,57.885,3.03,484.927,55.337,

[2025-03-05 14:02:21] ,3,52.198,416.316,0,12.521,419.414,-11.086,

[2025-03-05 14:03:48] ,1,8.171,444.921,28.369,5.733,495.473,64.558,

[2025-03-05 14:03:55] ,2,25.242,442.877,-41.424,62.348,457.312,57.995,

[2025-03-05 14:04:04] ,2,83.505,499.889,51.18,36.117,504.568,-123.83,

[2025-03-05 14:04:13] ,2,-9.295,506.611,154.341,49.826,511.621,-146.592,

[2025-03-05 14:04:21] ,3,19.216,422.446,-71.806,-8.759,448.15,-67.989,

[2025-03-05 14:04:32] ,1,34.337,453.818,57.836,10.939,463.046,-75.231,

[2025-03-05 14:04:40] ,1,52.067,471.548,-68.385,57.405,485.257,-78.789,

[2025-03-05 14:04:49] ,3,13.307,420.537,36.111,36.38,438.264,22.852,

[2025-03-05 14:04:58] ,3,-8.128,405.375,-72.784,34.001,478.921,65.961,

[2025-03-05 14:05:09] ,1,13.642,466.934,23.003,59.58,490.727,-33.13,

[2025-03-05 14:05:18] ,2,11.862,483.741,-117.924,17.069,495.209,152.312,

[2025-03-05 14:05:27] ,3,66.911,424.423,-32.943,18.98,471.218,17.13,

[2025-03-05 14:05:43] ,1,70.323,441.955,-55.049,-6.263,444.789,-75.842,

[2025-03-05 14:05:51] ,1,76.387,477.546,81.293,50.221,483.675,35.074,

[2025-03-05 14:06:00] ,2,51.144,452.566,-116.114,27.021,457.048,114.775,

[2025-03-05 14:06:09] ,2,60.239,465.616,-159.326,17.003,481.105,-40.384,

[2025-03-05 14:06:17] ,4,26.494,397.598,70.346,4.765,397.695,-22.917,

[2025-03-05 14:07:44] ,2,8.501,401.816,62.289,14.63,412.428,-14.407,

[2025-03-05 14:07:50] ,2,8.501,401.816,62.289,14.63,412.428,-14.407,

[2025-03-05 14:07:56] ,2,-7.515,445.382,-7.063,35.985,495.868,-175.95,

[2025-03-05 14:08:05] ,3,4.972,429.564,-87.725,24.448,481.566,-80.538,

[2025-03-05 14:08:16] ,1,56.944,431.475,-25.201,42.18,444.723,-71.089,

[2025-03-05 14:08:24] ,1,60.305,479.721,-22.08,12.587,484.927,-20.966,

[2025-03-05 14:08:33] ,1,64.919,492.771,68.199,45.871,493.034,-76.701,

[2025-03-05 14:08:42] ,1,7.842,506.414,-68.671,67.226,516.366,61.144,

[2025-03-05 14:08:51] ,2,33.217,407.089,-163.202,52.396,416.448,109.895,

[2025-03-05 14:09:00] ,3,-1.754,423.698,-45,67.186,441.493,-45,

[2025-03-05 14:09:11] ,1,-7.647,413.614,45.36,-10.283,461.002,-79.875,

[2025-03-05 14:09:19] ,1,24.451,467.396,-77.525,65.38,483.675,-27.474,

[2025-03-05 14:09:30] ,1,65.644,399.443,-51.667,29.723,409.462,-27.022,

[2025-03-05 14:09:38] ,1,59.778,430.091,-60.945,37.303,467,-64.772,

[2025-03-05 14:09:47] ,1,-4.813,503.382,67.73,28.998,503.843,-6.116,

[2025-03-05 14:09:56] ,2,71.114,450.259,-158.671,36.512,450.852,-98.13,

[2025-03-05 14:10:05] ,3,12.521,428.377,-19.756,-7.32,442.482,-35.889,

[2025-03-05 14:10:15] ,3,-8.341,413.878,-59.496,19.557,444.393,-63.773,

[2025-03-05 14:10:24] ,3,21.455,466.275,-41.82,-1.847,479.193,-24.88,

[2025-03-05 14:10:34] ,1,8.896,420.007,-9.8,83.901,486.443,56.31,

[2025-03-05 14:10:50] ,1,14.696,417.173,-13.912,79.617,448.546,41.042,

[2025-03-05 14:10:58] ,1,48.508,459.552,83.991,-9.163,461.002,39.677,

[2025-03-05 14:11:07] ,2,32.228,407.221,-78.789,-8.108,416.646,108.113,

[2025-03-05 14:11:15] ,2,62.085,454.873,-175.95,-4.681,505.689,-40.326,

[2025-03-05 14:11:24] ,3,63.337,409.989,-7.748,31.701,439.977,28.095,

[2025-03-05 14:11:32] ,3,54.739,504.964,-60.871,32.623,511.489,-23.348,

[2025-03-05 14:11:43] ,1,7.71,412.955,-22.27,16.41,425.477,45.716,

[2025-03-05 14:11:51] ,1,26.56,429.762,44.64,51.144,469.571,68.385,

[2025-03-05 14:12:00] ,1,59.514,501.602,63.662,26.889,511.225,-33.408,

[2025-03-05 14:12:10] ,2,27.614,456.323,-159.974,34.733,469.834,-148.1,

[2025-03-05 14:12:18] ,2,77.969,484.005,124.114,11.533,508.655,-23.6,

[2025-03-05 14:12:26] ,3,18.453,400.63,24.507,48.903,412.899,35.493,

[2025-03-05 14:12:35] ,3,52.475,434.794,59.361,11.645,441.29,30.639,

[2025-03-05 14:12:45] ,1,28.669,482.291,66.801,47.189,490.2,-24.066,

[2025-03-05 14:12:54] ,1,22.144,500.086,33.13,42.114,513.334,-69.146,

[2025-03-05 14:13:05] ,3,7.282,478.864,-30.256,-9.203,494.946,-77.347,

[2025-03-05 14:13:15] ,1,22.473,492.639,-65.014,6.392,496.264,-31.31,

[2025-03-05 14:13:23] ,2,-8.636,507.6,-61.837,22.276,508.918,-150.505,

[2025-03-05 14:13:35] ,2,-5.406,460.212,47.862,9.951,474.58,164.261,

[2025-03-05 14:13:44] ,2,70.785,488.618,17.628,-7.186,490.398,-131.8,

[2025-03-05 14:13:52] ,1,13.246,439.187,62.312,51.012,475.239,-14.281,

[2025-03-05 14:14:00] ,1,53.319,500.548,62.758,35.919,506.677,29.055,

[2025-03-05 14:14:12] ,1,-6.526,462.321,17.956,-5.604,512.609,13.912,

[2025-03-05 14:14:28] ,1,43.894,401.157,52.306,11.269,401.421,-62.289,

[2025-03-05 14:14:36] ,1,31.371,442.877,74.261,53.978,518.739,-14.036,

[2025-03-05 14:14:45] ,2,81.857,418.557,53.13,66.764,468.252,-154.341,

[2025-03-05 14:14:54] ,2,4.48,485.059,22.736,77.442,497.846,-43.55,

[2025-03-05 14:15:03] ,3,-0.73,420.007,-85.426,30.048,511.096,36.111,

[2025-03-05 14:15:11] ,4,20.937,461.253,-76.562,83.499,513.329,23.749,

[2025-03-05 14:15:22] ,1,61.953,401.025,31.675,49.562,401.948,5.194,

[2025-03-05 14:15:29] ,1,15.421,455.4,70.145,34.798,511.752,62.526,

[2025-03-05 14:15:38] ,2,23.396,476.689,138.909,7.908,501.273,-122.433,

[2025-03-05 14:15:48] ,3,66.72,421.721,-47.442,52.128,438.086,50.389,

[2025-03-05 14:15:58] ,1,27.812,404.98,-14.534,51.935,444.591,-56.17,

[2025-03-05 14:16:07] ,1,-10.745,461.859,-66.801,-2.176,480.05,50.001,

[2025-03-05 14:16:18] ,1,55.098,407.089,45.725,1.317,432.793,13.299,

[2025-03-05 14:16:26] ,2,25.242,466.407,127.569,7.842,495.539,41.091,

[2025-03-05 14:16:34] ,3,-3.549,409.807,73.374,19.681,421.183,70.602,

[2025-03-05 14:16:43] ,3,42.168,453.291,-89.241,34.449,493.411,38.008,

[2025-03-05 14:16:54] ,1,-9.031,437.209,11.706,20.43,501.932,21.801,

[2025-03-05 14:17:05] ,3,87.753,440.109,-30.833,18.453,454.807,3.013,

[2025-03-05 14:17:20] ,1,76.189,419.809,87.397,48.112,446.239,80.87,

[2025-03-05 14:17:28] ,1,0.196,461.332,39.999,69.137,476.623,-74.124,

[2025-03-05 14:17:38] ,1,32.426,487.696,38.972,43.103,502.196,73.009,

[2025-03-05 14:17:47] ,2,22.935,435.562,45,49.364,461.332,128.581,

[2025-03-05 14:17:56] ,3,18.208,418.882,42.299,13.483,446.82,31.287,

[2025-03-05 14:18:06] ,1,29.855,400.498,-39.542,-6.592,425.543,-76.701,

[2025-03-05 14:18:14] ,1,23.528,428.575,-65.934,17.662,450.259,-15.124,

[2025-03-05 14:18:23] ,1,17.135,481.566,19.385,1.712,482.159,-58.95,

[2025-03-05 14:18:32] ,1,72.301,512.543,47.521,1.383,517.75,-76.088,

[2025-03-05 14:18:41] ,2,52.396,446.107,156.602,-5.801,494.616,-6.116,

[2025-03-05 14:18:54] ,2,21.485,432.925,0,80.935,456.587,165.593,

[2025-03-05 14:19:01] ,3,84.185,506.15,-54.597,42.428,507.007,-38.541,

[2025-03-05 14:19:12] ,1,40.467,409.066,4.086,-3.956,459.289,18.435,

[2025-03-05 14:19:22] ,1,5.601,419.48,11.81,33.48,426.664,69.8,

[2025-03-05 14:19:30] ,2,24.121,448.216,6.009,51.869,489.146,-109.075,

[2025-03-05 14:19:41] ,1,21.485,440.966,57.144,36.842,464.496,-49.236,

[2025-03-05 14:19:48] ,3,-2.375,474.571,47.651,74.104,489.739,-46.357,

[2025-03-05 14:19:59] ,3,9.035,468.384,-81.283,2.926,510.896,-58.116,

[2025-03-05 14:20:11] ,2,87.723,455.796,-24.955,8.105,499.493,-6.621,

[2025-03-05 14:20:22] ,1,0.13,397.73,29.358,34.073,467.264,-7.561,

[2025-03-05 14:20:31] ,1,15.421,505.689,-34.249,37.567,510.236,-70.758,

[2025-03-05 14:20:48] ,1,-4.549,400.828,-68.295,34.601,403.266,8.785,

[2025-03-05 14:20:56] ,1,32.558,429.234,-61.631,22.605,453.818,-29.932,

[2025-03-05 14:21:05] ,2,47.783,422.512,-30.7,60.569,470.889,55.465,

[2025-03-05 14:21:14] ,3,16.08,415.403,35.493,42.218,443.471,-41.507,

[2025-03-05 14:21:24] ,1,-2.045,431.673,31.31,79.221,434.902,45,

[2025-03-05 14:21:32] ,1,80.21,487.037,-3.608,48.178,487.498,10.62,

[2025-03-05 14:21:41] ,2,8.501,410.714,168.085,67.489,481.237,23.131,

[2025-03-05 14:21:50] ,3,-10.965,448.334,75.506,20.119,479.852,-50.87,

[2025-03-05 14:22:00] ,1,-3.692,422.314,73.985,3.558,435.891,79.38,

[2025-03-05 14:22:08] ,1,37.039,470.362,-21.615,55.758,472.009,-85.486,

[2025-03-05 14:22:17] ,2,76.387,479.787,-7.696,33.546,493.034,36.064,

[2025-03-05 14:22:28] ,3,85.548,430.882,1.935,-6.618,490.369,38.837,

[2025-03-05 14:22:36] ,3,3.294,514.323,17.354,61.018,518.212,65.333,

[2025-03-05 14:22:46] ,1,51.605,410.648,67.816,57.998,426.466,3.066,

[2025-03-05 14:22:54] ,1,44.158,478.6,48.909,1.844,488.091,-86.486,

[2025-03-05 14:23:05] ,1,27.153,431.871,13.299,7.314,453.555,31.31,

[2025-03-05 14:23:15] ,1,69.335,473.855,1.032,-5.208,484.927,-24.528,

[2025-03-05 14:23:27] ,2,4.612,474.646,-129.677,65.183,490.068,104.899,

[2025-03-05 14:23:44] ,1,52.001,408.143,17.292,25.703,425.346,-18.595,

[2025-03-05 14:23:52] ,1,30.646,457.443,-52.431,18.387,491.386,43.586,

[2025-03-05 14:24:01] ,2,1.514,406.232,40.657,27.548,440.175,-116.114,

[2025-03-05 14:24:09] ,2,69.598,499.625,33.408,22.737,500.35,-135.716,

[2025-03-05 14:24:18] ,3,31.53,413.824,40.934,-9.247,472.94,89.241,

[2025-03-05 14:24:28] ,2,-1.913,412.296,124.114,52.001,419.678,113.6,

[2025-03-05 14:24:40] ,1,74.41,499.955,-43.55,1.119,515.641,85.446,

[2025-03-05 14:24:55] ,2,-9.69,426.466,16.991,71.312,490.925,-92.045,

[2025-03-05 14:25:03] ,2,5.073,495.077,-140.001,27.285,511.225,0,

[2025-03-05 14:25:11] ,3,72.337,409.396,-78.311,85.199,419.743,-63.089,

[2025-03-05 14:25:20] ,1,2.701,401.816,82.811,-10.349,407.023,-15.164,

[2025-03-05 14:25:29] ,1,61.821,461.859,-6.062,70.06,476.491,81.293,

[2025-03-05 14:25:38] ,3,57.243,435.611,31.682,51.737,500.943,-6.129,

[2025-03-05 14:25:47] ,4,30.627,490.341,47.698,87.592,504.766,-13.658,

[2025-03-05 14:25:57] ,1,29.855,490.002,-32.433,50.353,516.959,-1.032,

[2025-03-05 14:26:05] ,1,33.678,414.668,-19.075,46.267,421.457,45,

[2025-03-05 14:26:13] ,1,73.487,432.596,-47.148,-5.933,438.066,-7.125,

[2025-03-05 14:26:22] ,1,61.492,439.187,-88.479,40.862,453.621,-38.66,

[2025-03-05 14:26:32] ,1,7.314,477.677,-52.829,4.348,490.134,-40.711,

[2025-03-05 14:26:41] ,1,24.451,496.725,-77.8,77.376,499.427,-57.019,

[2025-03-05 14:26:50] ,2,-7.713,470.823,67.73,-1.32,499.625,146.592,

[2025-03-05 14:26:59] ,3,11.071,462.452,21.523,77.242,465.55,-66.349,

[2025-03-05 14:27:07] ,2,68.28,412.955,-125.838,1.976,513.927,76.209,

[2025-03-05 14:27:18] ,1,15.619,455.005,-68.106,15.355,517.421,16.991,

[2025-03-05 14:27:26] ,3,46.094,429.95,61.571,41.785,470.23,-9.09,

[2025-03-05 14:27:38] ,1,9.028,418.623,50.001,-2.506,494.484,37.875,

[2025-03-05 14:27:46] ,3,76.572,449.841,76.149,66.466,487.959,-30.639,

[2025-03-05 14:27:57] ,2,44.619,410.978,50.782,37.105,468.055,95.56,

[2025-03-05 14:28:12] ,2,63.535,411.505,152.289,19.771,440.768,-176.961,

[2025-03-05 14:28:20] ,1,-0.463,443.998,-60.505,19.046,454.148,83.059,

[2025-03-05 14:28:28] ,3,-2.374,457.971,28.909,62.356,468.419,67.496,

[2025-03-05 14:28:38] ,3,9.84,475.7,60.909,38.221,484.8,35.972,

[2025-03-05 14:28:48] ,1,-5.801,411.703,38.501,81.462,428.575,10.305,

[2025-03-05 14:28:56] ,2,11.598,429.827,-164.612,23.067,440.109,141.028,

[2025-03-05 14:29:05] ,2,12.587,453.027,-72.198,8.105,514.718,76.088,

[2025-03-05 14:29:14] ,3,68.919,451.512,-39.611,30.025,484.824,63.435,

[2025-03-05 14:29:22] ,3,7.98,497.608,77.347,52.858,515.377,16.626,

[2025-03-05 14:29:33] ,2,23.067,461.925,-110.674,17.794,503.382,-73.985,

[2025-03-05 14:29:42] ,1,2.042,419.48,84.943,63.667,518.475,-66.666,

[2025-03-05 14:29:52] ,3,-3.568,434.44,36.416,10.457,456.982,-62.928,

[2025-03-05 14:30:04] ,1,13.576,423.434,82.875,-7.515,426.466,82.875,

[2025-03-05 14:30:12] ,2,35.523,458.037,33.551,64.326,503.316,-175.914,

[2025-03-05 14:30:28] ,1,33.744,409.132,-38.82,11.071,447.227,66.602,

[2025-03-05 14:30:36] ,1,31.173,456.587,-61.429,57.669,458.102,-6.621,

[2025-03-05 14:30:45] ,3,-10.546,421.749,72.532,42.259,439.121,-76.149,

[2025-03-05 14:30:54] ,3,-9.114,446.173,-38.837,78.848,467.74,68.908,

[2025-03-05 14:31:05] ,1,11.467,416.778,23.131,4.085,448.216,-32.005,

[2025-03-05 14:31:14] ,2,55.692,403.266,39.542,84.955,429.762,-27.493,

[2025-03-05 14:31:24] ,1,3.821,402.937,63.895,14.564,432.068,42.852,

[2025-03-05 14:31:35] ,3,52.701,402.58,38.72,13.6,413.416,-87.328,

[2025-03-05 14:31:43] ,3,42.642,435.759,5.673,67.114,459.75,-54.111,

[2025-03-05 14:31:52] ,3,1.379,503.058,35.889,44.587,503.646,-60.208,

[2025-03-05 14:32:03] ,1,-2.374,454.939,81.87,11.598,484.532,-65.681,

[2025-03-05 14:32:11] ,2,-0.595,477.612,-149.816,-2.045,509.182,68.671,

[2025-03-05 14:32:22] ,1,83.242,496.264,45,49.562,515.641,69.8,

[2025-03-05 14:32:30] ,2,13.444,440.834,172.875,42.246,481.5,-135.716,

[2025-03-05 14:32:39] ,3,29.723,461.2,6.423,74.843,479.523,-41.474,

[2025-03-05 14:32:51] ,3,30.839,492.689,80.475,61.492,497.384,-6.129,

[2025-03-05 14:33:06] ,1,34.271,407.814,-48.24,8.633,424.621,-50.389,

[2025-03-05 14:33:14] ,1,-0.792,448.809,-16.361,75.992,462.782,-45.716,

[2025-03-05 14:33:24] ,1,40.664,474.909,47.827,5.667,486.575,1.005,

[2025-03-05 14:33:33] ,2,15.751,404.321,78.589,22.869,415.13,73.35,

[2025-03-05 14:33:41] ,2,40.598,426.862,-163.496,47.914,436.418,-168.294,

[2025-03-05 14:33:49] ,2,62.546,475.173,-10.713,42.576,492.046,21.801,

[2025-03-05 14:33:58] ,3,-2.444,499.762,35.889,46.135,514.85,90,

[2025-03-05 14:34:08] ,1,5.93,433.65,-79.38,5.139,451.38,-57.144,

[2025-03-05 14:34:16] ,1,25.505,462.189,7.496,-9.888,486.048,-49.289,

[2025-03-05 14:34:25] ,2,47.058,406.364,152.289,-4.879,421.523,-106.991,

[2025-03-05 14:34:34] ,2,42.905,484.993,58.261,59.844,497.714,14.407,

[2025-03-05 14:34:42] ,3,80.583,498.26,64.123,30.229,510.83,-62.755,

[2025-03-05 14:34:53] ,1,12.455,458.102,-29.683,57.471,484.993,-28.369,

[2025-03-05 14:35:01] ,2,-9.954,445.118,-22.27,54.308,468.714,111.146,

[2025-03-05 14:35:11] ,3,12.813,450.01,40.724,23.334,518.541,-67.351,

[2025-03-05 14:35:21] ,1,-2.77,483.609,12.2,81.857,512.873,76.967,

[2025-03-05 14:35:31] ,1,47.914,416.184,-4.594,24.187,466.473,80.455,

[2025-03-05 14:35:39] ,1,1.91,468.912,84.943,-10.217,485.784,16.991,

[2025-03-05 14:35:55] ,1,24.583,415.262,85.95,8.435,441.032,-19.552,

[2025-03-05 14:36:03] ,1,29.46,460.871,31.9,2.437,461.266,70.448,

[2025-03-05 14:36:13] ,1,69.532,477.612,36.064,76.914,505.03,36.666,

[2025-03-05 14:36:22] ,2,37.039,411.768,-166.584,6.853,475.766,90,

[2025-03-05 14:36:30] ,3,6.273,409.989,-33.265,50.598,418.173,64.636,

[2025-03-05 14:36:41] ,1,5.073,406.298,-90,6.721,437.275,22.932,

[2025-03-05 14:36:49] ,2,68.676,420.732,-148.595,35.26,426.862,120.877,

[2025-03-05 14:36:58] ,2,51.737,428.312,-72.372,24.78,441.559,131.091,

[2025-03-05 14:37:06] ,2,58.46,451.512,138.24,12.323,473.591,29.932,

[2025-03-05 14:37:15] ,2,27.614,501.141,146.449,1.053,503.975,147.995,

[2025-03-05 14:37:23] ,3,-3.948,476.724,67.496,13.971,488.289,-29.275,

[2025-03-05 14:37:34] ,1,40.73,471.614,62.543,66.501,487.564,52.214,

[2025-03-05 14:37:42] ,2,42.444,440.702,-117.474,11.598,471.284,-93.013,

[2025-03-05 14:37:51] ,3,36.512,408.539,15.524,60.898,462.848,-6.843,

[2025-03-05 14:38:02] ,2,-5.076,432.925,5.609,40.796,448.875,-90,

[2025-03-05 14:38:10] ,2,75.728,492.441,-113.6,-1.583,514.455,65.26,

[2025-03-05 14:38:20] ,1,-4.681,406.298,8.785,33.085,468.45,9.051,

[2025-03-05 14:38:29] ,3,-9.229,478.468,12.57,85.238,513.927,-32.293,

[2025-03-05 14:38:46] ,1,20.826,417.7,-87.444,-0.661,433.255,35.362,

[2025-03-05 14:38:54] ,2,52.001,434.112,80.789,50.023,450.062,136.757,

[2025-03-05 14:39:04] ,2,68.873,470.164,104.899,58.658,503.316,-92.045,

[2025-03-05 14:39:13] ,3,39.957,412.749,42.58,23.989,431.607,-16.049,

[2025-03-05 14:39:21] ,1,0.13,450.589,61.631,52.594,462.452,68.385,

[2025-03-05 14:39:32] ,1,-4.879,404.518,-57.019,0.592,433.584,49.616,

[2025-03-05 14:39:40] ,2,32.689,462.255,124.663,46.86,479.918,-146.449,

[2025-03-05 14:39:49] ,2,64.985,483.939,168.69,33.612,492.705,-117.924,

[2025-03-05 14:39:58] ,3,51.078,442.812,-18.555,87.526,444.13,20.376,

[2025-03-05 14:40:08] ,1,39.017,406.1,-75.964,5.93,444.393,-75.719,

[2025-03-05 14:40:16] ,1,46.135,459.223,-47.49,-10.086,476.096,-62.312,

[2025-03-05 14:40:25] ,1,46.267,483.807,-3.013,38.423,501.273,26.792,

[2025-03-05 14:40:34] ,2,6.326,486.971,-147.144,43.894,511.555,28.61,

[2025-03-05 14:40:45] ,1,27.219,425.477,-17.14,0.592,428.509,87.466,

[2025-03-05 14:40:53] ,1,2.701,443.141,-58.69,8.896,460.541,-54.23,

[2025-03-05 14:41:02] ,2,18.848,481.039,58.523,49.892,498.439,24.74,

[2025-03-05 14:41:10] ,3,83.754,459.795,71.323,35.787,491.189,9.898,

[2025-03-05 14:41:19] ,3,2.456,510.981,68.552,21.52,515.377,-71.445,

[2025-03-05 14:41:36] ,2,-1.188,417.239,-35.655,-9.756,453.818,-3.039,

[2025-03-05 14:41:43] ,2,42.971,506.018,-35.952,6.589,508.127,-67.537,

[2025-03-05 14:41:52] ,1,48.112,479.523,14.158,86.735,506.15,-82.235,

[2025-03-05 14:42:00] ,3,13.773,434.112,-0.759,-4.053,438.366,62.928,

[2025-03-05 14:42:10] ,3,25.586,486.396,77.879,25.439,517.157,11.611,

[2025-03-05 14:42:20] ,1,-4.549,413.68,88.968,57.076,450.062,30.619,

[2025-03-05 14:42:28] ,2,-3.363,426.334,175.406,73.026,483.609,156.869,

[2025-03-05 14:42:39] ,1,24.055,427.059,15.876,20.364,504.766,-51.814,

[2025-03-05 14:42:46] ,2,33.085,399.641,-76.967,-6.131,477.15,176.455,

[2025-03-05 14:42:55] ,1,71.642,397.598,58.946,-6.526,511.686,6.68,

[2025-03-05 14:43:04] ,3,8.363,412.823,-89.615,38.791,448.546,-61.239,

[2025-03-05 14:43:16] ,2,-7.845,422.38,152.978,34.337,445.843,-90,

[2025-03-05 14:43:25] ,1,-4.22,440.834,21.615,38.094,451.512,87.99,

[2025-03-05 14:43:33] ,3,16.132,466.605,-84.703,38.354,510.236,-36.111,

[2025-03-05 14:43:49] ,1,16.212,414.537,-24.066,35.392,463.639,64.106,

[2025-03-05 14:43:58] ,2,22.803,449.007,11.113,60.239,450.391,-42.479,

[2025-03-05 14:44:06] ,3,54.381,411.062,34.647,1.317,455.4,-26.901,

[2025-03-05 14:44:15] ,3,83.896,477.437,50.145,43.123,513.664,-48.778,

[2025-03-05 14:44:26] ,2,7.38,407.748,85.914,35.589,461.134,32.856,

[2025-03-05 14:44:35] ,3,-6.698,466.077,-31.287,-9.13,495.412,78.914,

[2025-03-05 14:44:45] ,1,80.473,457.707,-21.516,-8.24,513.796,45.716,

[2025-03-05 14:44:53] ,2,-9.361,457.377,6.062,-1.386,488.948,-116.338,

[2025-03-05 14:45:02] ,3,-2.244,443.621,55.162,16.66,449.864,-84.703,

[2025-03-05 14:45:12] ,2,11.533,443.075,96.062,-4.154,483.016,21.146,

[2025-03-05 14:45:23] ,2,42.905,446.832,-127.171,24.121,495.605,-120.184,

[2025-03-05 14:45:38] ,1,50.551,437.671,21.146,69.335,443.471,-37.875,

[2025-03-05 14:45:45] ,1,11.005,443.537,-29.932,61.426,479.852,-27.474,

[2025-03-05 14:45:56] ,1,-8.042,405.771,-38.501,5.864,426.466,-77.8,

[2025-03-05 14:46:04] ,1,51.276,448.941,36.769,83.176,470.757,9.293,

[2025-03-05 14:46:13] ,2,9.028,450.259,-154.558,43.103,509.907,107.475,

[2025-03-05 14:46:24] ,3,33.223,483.543,-34.315,7.521,493.759,-34.004,

[2025-03-05 14:46:34] ,2,36.314,455.005,-110.966,63.667,459.552,-125.655,

[2025-03-05 14:46:42] ,1,53.187,401.355,63.667,46.794,437.473,-2.027,

[2025-03-05 14:46:52] ,1,26.23,441.362,45,53.714,449.468,38.581,

[2025-03-05 14:47:01] ,3,14.377,413.482,-81.601,4.459,468.435,75.6,

[2025-03-05 14:47:12] ,1,-0.331,416.712,88.968,55.098,473.855,5.057,

[2025-03-05 14:47:21] ,2,58.855,494.418,-43.55,3.689,500.68,144.345,

[2025-03-05 14:47:30] ,3,18.8,404.672,68.412,78.43,422.512,24.507,

[2025-03-05 14:47:38] ,3,71.312,483.214,-11.086,-5.49,512.462,37.708,

[2025-03-05 14:47:49] ,1,29.789,433.782,14.407,43.96,447.689,84.943,

[2025-03-05 14:47:57] ,1,13.312,456.455,29.495,-9.954,488.948,-60.505,

[2025-03-05 14:48:06] ,3,-1.225,470.691,-58.841,24.436,481.886,37.247,

[2025-03-05 14:48:17] ,2,77.442,491.65,-178.452,43.828,504.041,-8.707,

[2025-03-05 14:48:27] ,2,-7.317,451.248,-49.616,17.926,516.827,117.022,

[2025-03-05 14:48:36] ,1,-7.713,444.064,26.792,44.092,517.618,60.446,

[2025-03-05 14:48:45] ,2,18.651,462.914,-119.055,44.619,486.048,166.209,

[2025-03-05 14:48:55] ,3,13.931,439.836,61.571,15.284,518.623,50.684,

[2025-03-05 14:49:11] ,1,6.326,398.521,0,1.778,439.516,21.146,

[2025-03-05 14:49:19] ,1,41.983,440.307,-25.659,78.892,460.277,34.114,

[2025-03-05 14:49:28] ,1,58.394,483.082,-73.009,36.776,509.511,69.326,

[2025-03-05 14:49:37] ,3,33.081,460.063,80.538,8.124,497.775,42.325,

[2025-03-05 14:49:47] ,1,36.446,448.348,67.264,-7.383,475.964,-75.231,

[2025-03-05 14:49:57] ,1,5.205,406.628,6.68,-7.581,477.941,-58.69,

[2025-03-05 14:50:05] ,3,40.401,419.48,9.15,-0.397,514.059,-23.148,

[2025-03-05 14:50:22] ,1,38.819,424.621,6.621,18.058,482.291,67.92,

[2025-03-05 14:50:30] ,1,49.958,412.098,-33.408,-8.504,491.584,62.758,

[2025-03-05 14:50:39] ,1,21.287,513.4,-36.363,46.53,517.816,-71.241,

[2025-03-05 14:50:49] ,2,2.173,397.862,122.829,13.246,425.28,98.202,

[2025-03-05 14:50:57] ,1,-8.042,420.468,30.877,-10.547,518.936,44.635,

[2025-03-05 14:51:06] ,2,57.471,436.221,-118.856,45.805,462.98,82.937,

[2025-03-05 14:51:15] ,3,69.698,413.746,-83.403,-1.497,438.992,60.725,

[2025-03-05 14:51:24] ,3,13.999,440.689,85.456,-0.067,465.352,-15.222,

[2025-03-05 14:51:34] ,1,52.858,472.075,-59.381,5.535,497.186,33.13,

[2025-03-05 14:51:43] ,2,40.071,400.828,142.619,-9.624,414.668,-20.854,

[2025-03-05 14:51:51] ,2,-1.913,447.293,109.552,17.662,506.611,-72.525,

[2025-03-05 14:52:03] ,1,62.283,494.616,75.593,11.401,516.564,42.101,

[2025-03-05 14:52:12] ,3,-5.183,402.816,69.128,11.862,465.418,-3.389,

[2025-03-05 14:52:22] ,2,17.069,416.184,4.594,3.228,464.693,-93.039,

[2025-03-05 14:52:31] ,1,52.264,420.534,-35.242,0.921,461.53,39.289,

[2025-03-05 14:52:39] ,3,8.369,496.396,-4.921,24.055,511.752,0,

[2025-03-05 14:52:58] ,2,15.421,427.191,127.476,0.064,447.425,-100.037,

[2025-03-05 14:53:06] ,2,20.628,455.005,25.017,71.51,487.827,-119.055,

[2025-03-05 14:53:14] ,1,77.112,421.589,3.066,14.63,440.439,82.999,

[2025-03-05 14:53:22] ,1,24.78,495.671,84.987,3.492,501.141,42.173,

[2025-03-05 14:53:32] ,2,62.48,502.723,-128.897,66.698,517.223,-141.18,

[2025-03-05 14:53:40] ,1,51.144,472.537,62.543,-7.581,492.375,-77.8,

[2025-03-05 14:53:49] ,3,-3.475,411.768,-54.418,38.753,503.909,-27.917,

[2025-03-05 14:54:00] ,1,39.412,423.83,-67.068,71.576,450.852,56.592,

[2025-03-05 14:54:08] ,2,-3.033,406.034,-142.927,83.044,472.668,122.981,

[2025-03-05 14:54:18] ,3,56.68,418.557,23.499,51.605,511.489,13.023,

[2025-03-05 14:54:26] ,3,3.623,512.873,22.999,24.709,518.992,52.524,

[2025-03-05 14:54:37] ,1,19.705,422.577,-21.329,36.71,441.625,85.95,

[2025-03-05 14:54:45] ,1,49.958,469.702,-69.677,68.939,499.164,-70.758,

[2025-03-05 14:54:54] ,1,63.205,483.016,-41.76,14.367,517.552,-14.281,

[2025-03-05 14:55:03] ,2,4.414,443.932,83.437,47.189,482.752,103.299,

[2025-03-05 14:55:12] ,3,59.341,443.022,69.044,0.394,459.355,15.686,

[2025-03-05 14:55:20] ,3,18.58,485.515,52.224,29.256,513.136,-65.651,

[2025-03-05 14:55:31] ,1,14.894,412.691,-88.466,41.389,438.791,-18.595,

[2025-03-05 14:55:39] ,2,62.942,400.762,64.134,-6.724,429.959,-18.595,

[2025-03-05 14:55:48] ,2,71.51,433.189,-161.727,-8.504,457.773,-98.556,

[2025-03-05 14:55:56] ,2,83.176,470.164,-70.758,-10.151,475.173,157.264,

[2025-03-05 14:56:05] ,2,16.805,484.796,-122.164,53.319,506.216,-38.1,

[2025-03-05 14:56:16] ,1,6.985,446.502,-42.879,55.23,477.216,-67.457,

[2025-03-05 14:56:25] ,1,47.98,502.723,-14.407,-10.547,516.827,-87.444,

[2025-03-05 14:56:35] ,1,56.944,424.357,-35.655,21.155,424.423,-58.69,

[2025-03-05 14:56:50] ,1,13.246,424.95,-65.472,61.426,436.88,62.526,

[2025-03-05 14:56:59] ,1,51.935,504.634,-42.138,20.628,505.886,37.171,

[2025-03-05 14:57:08] ,2,13.378,473.13,14.769,81.594,499.625,-97.253,

[2025-03-05 14:57:18] ,1,11.994,438.396,-89.488,72.103,474.909,35.952,

[2025-03-05 14:57:26] ,1,1.976,507.666,-13.299,21.88,509.907,87.955,

[2025-03-05 14:57:35] ,2,25.242,409.462,61.39,46.267,434.771,162.525,

[2025-03-05 14:57:45] ,2,21.155,451.841,-155.472,-4.549,461.53,-62.758,

[2025-03-05 14:57:56] ,1,38.358,420.666,85.914,51.078,484.796,-15.876,

[2025-03-05 14:58:06] ,2,5.469,479.523,144.23,0.855,518.607,15.03,

[2025-03-05 14:58:14] ,3,29.174,434.155,86.186,40.72,515.971,-37.476,

[2025-03-05 14:58:24] ,1,77.837,453.884,1.534,86.405,515.971,-33.546,

[2025-03-05 14:58:34] ,1,51.935,406.232,-65.26,-1.517,417.371,-41.76,

[2025-03-05 14:58:50] ,2,80.407,435.496,55.597,37.633,439.648,-152.076,

[2025-03-05 14:58:58] ,3,4.414,436.352,5.297,-5.911,497.911,-69.887,

[2025-03-05 14:59:07] ,1,56.944,430.289,-22.932,25.176,436.221,9.13,

[2025-03-05 14:59:16] ,4,84.239,413.105,31.232,10.07,468.777,51.649,

[2025-03-05 14:59:27] ,1,24.78,437.275,-32.005,41.719,460.805,-17.802,

[2025-03-05 14:59:34] ,1,78.826,468.516,-54.345,30.58,490.2,23.658,

[2025-03-05 14:59:43] ,2,-8.042,402.673,-98.785,10.939,420.93,93.066,

[2025-03-05 14:59:52] ,2,78.892,430.157,92.064,6.326,454.873,168.789,

[2025-03-05 15:00:01] ,3,6.135,403.596,-86.16,14.235,513.598,-6.089,

[2025-03-05 15:00:11] ,1,7.71,416.382,-24.528,-5.933,475.371,-37.875,

[2025-03-05 15:00:19] ,1,11.137,481.698,-85.03,73.157,484.334,47.862,

[2025-03-05 15:00:28] ,2,22.737,453.357,4.514,37.105,500.614,-126.363,

[2025-03-05 15:00:37] ,1,36.644,464.298,-27.897,0.723,495.802,23.398,

[2025-03-05 15:00:47] ,1,23.133,451.841,45,30.976,509.775,84.898,

[2025-03-05 15:00:57] ,3,3.387,458.432,-44.734,7.336,512.411,-55.257,

[2025-03-05 15:01:06] ,1,83.505,417.239,-40.992,81.726,517.75,-73.698,

[2025-03-05 15:01:22] ,1,20.958,444.789,60.751,46.398,493.1,31.739,

[2025-03-05 15:01:30] ,2,57.339,408.671,-120.256,40.533,433.848,-17.956,

[2025-03-05 15:01:38] ,2,85.746,450.852,-28.405,70.192,486.839,133.919,

[2025-03-05 15:01:47] ,3,83.582,428.724,73.264,0.017,445.851,60.396,

[2025-03-05 15:01:55] ,3,-8.488,456.602,59.88,25.835,489.607,-9.834,

[2025-03-05 15:02:06] ,1,19.112,414.932,45.36,77.639,504.305,-1.032,

[2025-03-05 15:02:14] ,2,75.267,430.421,165.466,23.198,457.312,-114.775,

[2025-03-05 15:02:23] ,3,5.894,408.275,-43.919,15.487,437.275,-0.759,

[2025-03-05 15:02:33] ,2,38.292,437.539,-90,8.171,499.427,-62.076,

[2025-03-05 15:02:43] ,1,50.023,453.027,25.442,61.228,507.93,35.242,

[2025-03-05 15:02:53] ,2,-8.767,417.832,-99.713,58.13,484.137,34.535,

[2025-03-05 15:03:01] ,2,1.448,498.571,129.289,76.585,515.443,90,

[2025-03-05 15:03:16] ,1,15.355,412.625,27.924,7.051,475.437,-24.114,

[2025-03-05 15:03:24] ,1,8.435,502.196,-67.92,62.744,514.718,-6.17,

[2025-03-05 15:03:33] ,2,17.464,430.157,27.924,6.787,438.198,-14.769,

[2025-03-05 15:03:42] ,3,32.321,429.3,-45,-10.519,489.146,-58.517,

[2025-03-05 15:03:52] ,1,54.439,470.625,32.005,41.455,492.243,73.639,

[2025-03-05 15:04:01] ,1,-1.847,496.066,71.565,31.635,510.039,-83.884,

[2025-03-05 15:04:10] ,2,10.346,426.73,-54.048,16.871,454.214,2.027,

[2025-03-05 15:04:18] ,2,-1.649,460.146,-109.075,46.992,515.839,93.094,

[2025-03-05 15:04:27] ,3,26.923,402.871,-78.012,39.148,438.593,20.113,

[2025-03-05 15:04:35] ,3,65.644,447.03,-9.964,38.753,458.893,23.199,

[2025-03-05 15:04:46] ,2,38.16,486.114,-38.581,58.987,508.655,-145.886,

[2025-03-05 15:04:54] ,3,15.591,484.862,-61.42,74.24,488.289,-58.318,

[2025-03-05 15:05:06] ,1,38.16,442.416,10.62,6.853,484.005,-84.489,

[2025-03-05 15:05:16] ,3,-10.612,417.375,56.099,7.117,456.323,-24.228,

[2025-03-05 15:05:24] ,2,27.021,444.262,147.144,47.058,459.421,53.531,

[2025-03-05 15:05:34] ,1,-7.251,439.516,54.345,21.748,446.7,-77.417,

[2025-03-05 15:05:42] ,3,2.43,452.302,-65.462,31.932,509.511,-71.323,

[2025-03-05 15:05:53] ,2,-1.32,424.093,95.102,17.069,503.184,152.076,

[2025-03-05 15:06:03] ,1,22.473,425.412,63.662,-7.647,480.775,-35.655,

[2025-03-05 15:06:18] ,2,-1.583,405.309,74.97,52.594,413.35,-140.389,

[2025-03-05 15:06:26] ,2,-10.481,424.291,-95.56,54.308,515.971,90,

[2025-03-05 15:06:34] ,1,5.205,441.032,69.974,57.998,459.882,16.361,

[2025-03-05 15:06:43] ,1,36.644,499.691,-11.211,28.208,510.961,-34.249,

[2025-03-05 15:06:52] ,3,34.777,401.355,-72.532,33.05,423.434,-77.8,

[2025-03-05 15:07:01] ,3,79.373,443.997,42.016,0.394,454.609,-21.871,

[2025-03-05 15:07:10] ,3,38.684,456.916,-80.538,1.766,484.046,71.565,

[2025-03-05 15:07:19] ,3,24.88,479.523,-71.328,-8.998,503.25,-59.88,

[2025-03-05 15:07:30] ,1,8.567,452.105,6.062,38.028,473.789,27.457,

[2025-03-05 15:07:38] ,1,13.378,486.18,2.511,-7.317,496.659,-21.329,

[2025-03-05 15:07:47] ,3,31.532,400.696,-58.772,11.727,423.009,53.889,

[2025-03-05 15:07:57] ,3,39.148,493.1,-23.847,8.451,514.179,42.859,

[2025-03-05 15:08:07] ,1,-10.481,405.112,-83.83,4.217,409.396,29.999,

[2025-03-05 15:08:16] ,1,20.628,417.832,64.12,29.262,443.734,23.86,

[2025-03-05 15:08:27] ,2,-7.12,482.818,-94.514,73.817,488.486,70.758,

[2025-03-05 15:08:36] ,1,55.955,462.914,45.716,-8.965,482.489,-15.255,

[2025-03-05 15:08:46] ,1,81.001,466.802,-54.048,33.678,492.111,88.986,

[2025-03-05 15:08:55] ,1,4.744,481.171,-2.01,20.892,512.148,-48.958,

[2025-03-05 15:09:04] ,3,-6.856,451.512,0,-1.737,518.409,-72.532,

[2025-03-05 15:09:20] ,2,25.242,407.287,-72.86,16.146,430.75,-29.932,

[2025-03-05 15:09:28] ,2,0.658,452.434,-92.01,82.253,456.916,154.799,

[2025-03-05 15:09:37] ,2,5.601,466.868,-42.173,51.144,499.757,-178.977,

[2025-03-05 15:09:45] ,3,-1.72,409.268,51.52,25.656,500.943,-52.524,

[2025-03-05 15:09:54] ,4,21.814,457.246,-45.531,37.039,461.991,-29.236,

[2025-03-05 15:10:05] ,1,78.826,445.514,-6.17,-8.767,462.189,27.924,

[2025-03-05 15:10:12] ,2,0.13,405.046,-79.192,19.771,448.677,-13.183,

[2025-03-05 15:10:22] ,2,45.871,409.198,-93.066,72.828,438.33,8.785,

[2025-03-05 15:10:29] ,2,67.555,503.843,-115.419,7.578,511.027,-131.424,

[2025-03-05 15:10:37] ,3,-5.472,410.516,4.604,-2.242,445.316,-6.089,

[2025-03-05 15:10:48] ,2,3.953,447.227,11.211,23.923,465.352,-16.699,

[2025-03-05 15:10:55] ,2,35.26,504.436,28.163,44.685,512.411,4.086,

[2025-03-05 15:11:04] ,3,44.421,406.759,90,71.261,451.53,59.689,

[2025-03-05 15:11:14] ,2,4.151,444.987,-78.294,-5.34,483.609,-48.576,

[2025-03-05 15:11:29] ,1,35.458,397.005,-51.9,55.823,430.487,2.534,

[2025-03-05 15:11:37] ,1,14.564,434.705,55.049,-0.595,436.616,10.62,

[2025-03-05 15:11:45] ,1,50.287,460.673,-81.444,29.13,493.759,-57.567,

[2025-03-05 15:11:55] ,1,0.328,498.307,-90,58.789,508.325,-58.861,

[2025-03-05 15:12:04] ,1,40.203,511.489,22.932,11.401,518.277,-10.713,

[2025-03-05 15:12:13] ,2,56.812,488.75,-81.369,25.439,509.116,85.914,

[2025-03-05 15:12:22] ,3,23.354,407.431,69.044,71.114,408.803,-11.689,

[2025-03-05 15:12:30] ,4,34.251,437.116,85.691,25.574,472.207,21.073,

[2025-03-05 15:13:45] ,2,29.921,435.364,-180,38.885,438.396,-8.059,

[2025-03-05 15:13:50] ,2,29.921,435.364,-180,38.885,438.462,-8.13,

[2025-03-05 15:13:59] ,1,49.826,429.762,-13.299,79.617,440.109,-23.131,

[2025-03-05 15:14:06] ,2,36.776,447.755,-55.337,9.951,461.793,-5.511,

[2025-03-05 15:14:15] ,2,64.523,491.057,174.391,51.605,498.9,157.73,

[2025-03-05 15:14:24] ,1,35.787,400.498,-47.521,25.703,465.023,76.446,

[2025-03-05 15:14:32] ,3,86.207,474.25,26.565,6.615,483.291,41.009,

[2025-03-05 15:14:43] ,1,40.071,427.059,-76.209,58.921,507.6,64.341,

[2025-03-05 15:14:52] ,2,25.901,453.489,24.319,11.598,513.73,85.914,

[2025-03-05 15:15:01] ,1,69.269,415.855,65.045,1.844,449.666,-18.435,

[2025-03-05 15:15:09] ,1,-4.549,460.08,-21.146,8.105,484.005,-25.442,

[2025-03-05 15:15:18] ,3,-10.349,434.507,4.544,-9.844,505.469,86.186,

[2025-03-05 15:15:29] ,1,-8.965,490.727,-16.361,18.123,509.511,78.789,

[2025-03-05 15:15:39] ,2,50.023,470.23,-58.261,-10.811,489.607,-50.711,

[2025-03-05 15:15:49] ,1,-6.79,464.759,-0.507,15.355,487.3,51.419,

[2025-03-05 15:15:57] ,3,84.56,494.221,27.08,22.958,504.112,41.507,

[2025-03-05 15:16:07] ,2,-5.076,450.589,-27.924,74.146,476.096,129.218,

[2025-03-05 15:16:23] ,1,66.171,408.012,46.469,8.039,420.468,43.919,

[2025-03-05 15:16:30] ,1,60.701,459.684,-77.8,61.426,473.459,24.986,

[2025-03-05 15:16:39] ,1,57.405,487.762,-79.786,41.521,511.818,-65.26,

[2025-03-05 15:16:48] ,3,36.386,433.236,57.674,18.387,440.043,-0.759,

[2025-03-05 15:16:57] ,3,82.751,456.125,-41.76,76.596,501.763,58.97,

[2025-03-05 15:17:08] ,1,41.719,413.218,-63.208,22.473,416.778,32.705,

[2025-03-05 15:17:16] ,1,35.853,452.83,-9.13,64.128,494.418,87.466,

[2025-03-05 15:17:25] ,1,-3.033,498.109,41.8,59.448,517.355,1.032,

[2025-03-05 15:17:36] ,3,-3.589,421.245,31.483,58.262,426.664,-12.736,

[2025-03-05 15:17:46] ,3,24.752,493.218,31.483,-2.707,496.659,-85.456,

[2025-03-05 15:17:56] ,3,51.861,467.198,-65.462,-4.747,511.555,-11.086,

[2025-03-05 15:18:07] ,3,9.378,414.339,-54.507,27.878,502.789,12.281,

[2025-03-05 15:18:23] ,1,34.337,401.948,-20.2,19.112,405.112,-77.692,

[2025-03-05 15:18:32] ,1,86.537,409.132,55.305,29.394,494.089,-47.121,

[2025-03-05 15:18:41] ,2,72.762,397.598,-10.491,46.398,400.037,-57.885,

[2025-03-05 15:18:49] ,2,7.973,413.153,125.952,19.705,425.807,-171.369,

[2025-03-05 15:18:58] ,2,9.028,491.057,123.968,-7.515,492.639,79.875,

[2025-03-05 15:19:06] ,2,45.014,511.686,15.876,56.746,515.707,-136.801,

[2025-03-05 15:19:14] ,4,33.375,421.994,78.541,3.684,430.234,51.038,

[2025-03-05 15:20:34] ,4,72.53,450.701,32.005,11.137,502.855,-1.897,

[2025-03-05 15:20:40] ,4,72.53,450.701,32.005,70.239,496.865,89.236,

[2025-03-05 15:20:47] ,3,11.137,502.855,-1.897,-4.321,518.211,-59.361,

[2025-03-05 15:20:56] ,1,36.842,429.366,18.911,38.489,505.689,7.125,

[2025-03-05 15:21:05] ,2,47.98,410.055,77.196,59.91,410.846,-11.915,

[2025-03-05 15:21:13] ,2,76.255,425.741,15.164,58.262,427.982,-127.476,

[2025-03-05 15:21:22] ,2,-6.856,430.025,-167.692,19.705,436.418,-137.827,

[2025-03-05 15:21:30] ,2,51.473,450.852,-43.933,7.512,453.752,32.005,

[2025-03-05 15:21:40] ,2,11.928,424.621,57.724,50.287,429.63,-88.986,

[2025-03-05 15:21:47] ,2,59.119,473.525,170.372,81.264,477.414,99.713,

[2025-03-05 15:21:56] ,2,-5.67,493.891,48.909,50.155,501.8,-12.918,

[2025-03-05 15:22:04] ,3,18.675,399.312,-82.684,44.355,480.841,25.062,

[2025-03-05 15:22:13] ,4,78.987,412.133,-77.358,82.187,427.718,-24.015,

[2025-03-05 15:22:22] ,4,39.808,459.157,-83.991,28.669,468.252,36.174,

[2025-03-05 15:22:32] ,2,-5.67,458.63,45,40.269,501.668,126.363,

[2025-03-05 15:22:39] ,2,-10.481,506.875,40.326,1.646,513.861,79.786,

[2025-03-05 15:22:48] ,1,57.867,459.618,0,79.551,467.527,-12.918,

[2025-03-05 15:22:56] ,2,2.305,406.825,-125.952,26.164,458.3,168.294,

[2025-03-05 15:23:05] ,3,69.532,424.555,20.601,-3.516,430.025,-62.755,

[2025-03-05 15:23:14] ,3,42.06,468.121,-75.964,25.389,516.63,-32.849,

[2025-03-05 15:23:24] ,2,34.535,400.037,-148.595,9.621,497.582,-153.662,

[2025-03-05 15:23:34] ,2,74.937,485.718,121.842,76.057,503.711,26.565,

[2025-03-05 15:23:41] ,3,3.294,460.277,19.502,24.253,488.618,90,

[2025-03-05 15:23:53] ,2,67.687,411.043,133.176,59.514,495.934,-118.61,

[2025-03-05 15:24:09] ,1,66.369,416.778,71.887,50.485,433.452,-46.432,

[2025-03-05 15:24:16] ,1,50.287,478.534,78.009,71.246,497.648,-19.242,

[2025-03-05 15:24:25] ,1,23.858,498.241,-53.936,5.205,508.061,37.476,

[2025-03-05 15:24:35] ,1,74.278,513.598,-71.075,48.31,515.509,-1.521,

[2025-03-05 15:24:44] ,2,59.976,451.643,-110.674,43.103,499.625,-71.241,

[2025-03-05 15:24:53] ,4,-6.131,422.577,64.558,81.857,424.752,-27.031,

[2025-03-05 15:25:03] ,1,-2.704,398.323,-42.101,58.064,443.998,-32.433,

[2025-03-05 15:25:10] ,1,21.353,412.362,-33.408,53.517,500.152,68.385,

[2025-03-05 15:25:19] ,2,69.796,455.334,-131.042,3.294,462.584,-11.113,

[2025-03-05 15:25:28] ,3,43.828,412.098,-17.832,31.804,431.146,-61.239,

[2025-03-05 15:25:37] ,4,25.11,448.743,44.644,5.139,480.973,6.506,

[2025-03-05 15:25:46] ,4,-4.681,495.011,34.528,81.321,515.169,45.37,

[2025-03-05 15:25:56] ,1,-9.888,406.891,83.379,33.085,425.214,53.936,

[2025-03-05 15:26:03] ,1,86.471,462.98,-2.045,57.405,494.418,44.284,

[2025-03-05 15:26:12] ,2,8.962,430.223,62.076,71.905,465.023,-59.56,

[2025-03-05 15:26:20] ,3,47.717,403.266,9.211,11.784,443.075,-37.842,

[2025-03-05 15:26:29] ,3,52.409,445.805,67.989,39.143,472.132,52.454,

[2025-03-05 15:26:39] ,1,-10.876,436.946,67.73,15.751,443.471,39.677,

[2025-03-05 15:26:47] ,3,6.853,506.546,11.83,50.586,509.314,-83.491,

[2025-03-05 15:26:58] ,1,25.044,418.162,-1.023,45.608,454.873,-11.211,

[2025-03-05 15:27:07] ,1,30.91,467.396,63.658,-7.449,471.284,-21.146,

[2025-03-05 15:27:16] ,1,73.223,487.498,-68.199,15.751,487.959,-80.455,

[2025-03-05 15:27:25] ,4,82.796,504.568,-76.43,52.879,515.246,-55.353,

[2025-03-05 15:27:36] ,1,55.692,401.553,74.338,-4.813,497.846,-50.001,

[2025-03-05 15:27:45] ,1,11.796,450.852,-31.05,4.942,484.598,-64.106,

[2025-03-05 15:27:53] ,2,79.155,432.793,-161.727,67.292,443.602,-24.74,

[2025-03-05 15:28:09] ,1,-5.472,407.946,57.295,39.873,415.657,70.448,

[2025-03-05 15:28:16] ,1,-0.726,430.487,44.284,73.487,435.693,22.463,

[2025-03-05 15:28:25] ,2,43.433,493.166,-85.95,17.794,505.096,149.123,

[2025-03-05 15:28:36] ,3,47.058,431.277,90,50.683,517.223,-0.385,

[2025-03-05 15:28:47] ,1,8.501,458.827,-49.236,66.962,482.291,38.186,

[2025-03-05 15:28:55] ,1,-3.956,504.568,41.8,54.571,505.952,82.875,

[2025-03-05 15:29:04] ,2,51.605,400.037,48.668,-3.495,450.325,48.2,

[2025-03-05 15:29:13] ,4,29.987,466.077,45,16.684,471.776,-50.572,

[2025-03-05 15:29:24] ,1,43.63,447.689,30.619,69.796,470.955,45.716,

[2025-03-05 15:29:31] ,1,70.982,494.286,71.887,-9.756,494.88,-45,

[2025-03-05 15:29:40] ,2,35.919,397.598,-90,19.508,412.691,-54.758,

[2025-03-05 15:29:49] ,2,36.578,420.996,-47.899,12.126,424.621,62.526,

[2025-03-05 15:29:59] ,1,51.276,452.302,-30.619,-2.242,453.291,-47.49,

[2025-03-05 15:30:07] ,1,-7.317,469.702,-58.782,37.369,487.037,-39.999,

[2025-03-05 15:30:16] ,2,-2.44,415.13,-139.674,19.573,509.577,156.4,

[2025-03-05 15:30:25] ,4,1.695,480.05,-38.837,-3.79,510.207,62.928,

[2025-03-05 15:30:36] ,1,1.712,453.884,58.523,38.489,460.08,-88.995,

[2025-03-05 15:30:43] ,1,38.885,485.389,68.385,0.46,501.471,-7.628,

[2025-03-05 15:30:52] ,2,22.473,435.627,-18.113,54.835,488.948,57.995,

[2025-03-05 15:31:01] ,3,8.4,470.826,69.664,16.867,491.352,49.521,

[2025-03-05 15:31:12] ,2,-6.461,447.557,-159.326,48.046,502.657,-100.214,

[2025-03-05 15:31:21] ,3,22.342,403.266,10.784,46.53,440.109,22.153,

[2025-03-05 15:31:31] ,1,13.905,497.582,-24.528,-0.595,506.941,39.999,

[2025-03-05 15:31:41] ,2,80.935,448.216,-180,77.705,504.107,19.242,

[2025-03-05 15:31:57] ,1,39.544,404.123,-75.964,25.835,424.884,-49.289,

[2025-03-05 15:32:04] ,1,48.046,441.427,-33.551,37.435,458.432,-17.324,

[2025-03-05 15:32:13] ,1,66.632,462.584,24.74,-7.581,486.707,69.503,

[2025-03-05 15:32:22] ,2,11.137,429.432,19.075,86.537,432.859,146.739,

[2025-03-05 15:32:32] ,1,8.83,431.739,68.385,13.312,458.102,67.457,

[2025-03-05 15:32:40] ,1,53.253,460.739,87.99,80.21,487.564,40.657,

[2025-03-05 15:32:49] ,1,12.323,490.596,76.329,38.687,502.855,19.075,

[2025-03-05 15:32:58] ,2,43.103,490.661,-63.886,25.637,499.889,-71.405,

[2025-03-05 15:33:06] ,4,48.01,420.421,40.437,27.351,439.912,-25.04,

[2025-03-05 15:33:17] ,1,-7.186,461.53,-73.639,70.851,507.139,8.785,

[2025-03-05 15:33:25] ,2,0.855,423.566,66.869,6.787,435.166,-171.369,

[2025-03-05 15:33:33] ,3,25.054,431.937,-81.601,53.24,489.053,86.589,

[2025-03-05 15:33:44] ,1,-1.847,409.462,51.499,-7.317,466.143,-14.769,

[2025-03-05 15:33:52] ,3,61.755,406.298,0,39.742,515.575,-14.685,

[2025-03-05 15:34:03] ,3,58.921,428.377,19.756,12.155,436.814,-43.929,

[2025-03-05 15:34:11] ,3,36.018,464.74,31.926,11.767,481.167,70.145,

[2025-03-05 15:34:22] ,1,66.039,491.716,-16.504,46.53,494.616,75.719,

[2025-03-05 15:34:30] ,2,48.573,443.207,-158.854,49.826,478.732,-165.842,

[2025-03-05 15:34:42] ,2,-7.779,420.007,-146.592,2.503,514.916,-27.474,

[2025-03-05 15:34:49] ,3,-7.102,437.407,-32.645,33.768,503.118,-87.346,

[2025-03-05 15:35:00] ,3,-9.357,467.782,57.039,8.543,502.171,38.541,

[2025-03-05 15:35:11] ,1,49.826,415.328,70.758,61.426,472.8,7.063,

[2025-03-05 15:35:19] ,2,49.233,469.9,12.693,54.835,493.364,-160.105,

[2025-03-05 15:35:29] ,3,-1.572,399.88,43.909,31.103,478.566,49.521,

[2025-03-05 15:35:40] ,1,9.885,481.566,-16.22,52.528,515.641,-54.462,

[2025-03-05 15:35:57] ,1,28.735,483.28,85.986,15.685,504.964,-83.379,

[2025-03-05 15:36:05] ,2,3.689,422.248,-122.005,8.633,471.614,-64.558,

[2025-03-05 15:36:14] ,2,35.458,495.011,-103.299,-10.547,499.493,148.861,

[2025-03-05 15:36:23] ,2,42.444,508.852,105.524,8.83,514.455,69.8,

[2025-03-05 15:36:31] ,3,12.289,400.718,40.147,29.814,422.314,-46.071,

[2025-03-05 15:36:40] ,3,65.797,438.857,-47.956,22.473,443.866,15.222,

[2025-03-05 15:36:50] ,1,5.733,416.25,-79.287,4.876,434.771,-22.932,

[2025-03-05 15:36:58] ,1,78.035,483.082,-19.895,28.339,497.45,62.076,

[2025-03-05 15:37:08] ,2,63.469,407.55,48.668,38.423,433.387,116.792,

[2025-03-05 15:37:16] ,2,15.751,463.112,-150.317,46.86,472.668,-155.472,

[2025-03-05 15:37:25] ,4,0.13,405.046,1.161,30.373,475.655,3.945,

[2025-03-05 15:37:36] ,1,13.246,477.018,-73.443,8.567,508.127,0,

[2025-03-05 15:37:44] ,1,66.039,439.78,76.701,-0.661,443.998,19.385,

[2025-03-05 15:37:52] ,1,61.492,481.105,4.554,9.226,508.984,-29.745,

[2025-03-05 15:38:01] ,2,2.898,418.887,-74.97,-2.44,490.53,-7.628,

[2025-03-05 15:38:10] ,2,34.864,498.636,-147.295,51.276,514.586,8.202,

[2025-03-05 15:38:19] ,3,33.553,428.773,-67.703,3.623,475.634,6.049,

[2025-03-05 15:38:29] ,1,-10.151,428.443,54.345,0.921,460.673,6.062,

[2025-03-05 15:38:37] ,2,17.135,488.948,-169.875,-7.647,493.496,126.064,

[2025-03-05 15:38:46] ,3,24.801,462.452,-47.902,24.038,509.643,-38.779,

[2025-03-05 15:38:57] ,1,63.337,423.83,-55.465,50.551,462.387,-60.068,

[2025-03-05 15:39:07] ,1,-6.658,409,85.365,18.058,430.618,-62.076,

[2025-03-05 15:39:15] ,2,25.703,400.893,-21.991,64.787,476.425,126.769,

[2025-03-05 15:39:31] ,1,22.803,407.682,-42.479,64.194,419.678,83.379,

[2025-03-05 15:39:39] ,1,4.744,446.634,-8.13,24.121,510.236,15.388,

[2025-03-05 15:39:49] ,1,22.408,403.398,31.139,56.812,429.564,-10.214,

[2025-03-05 15:39:58] ,1,40.467,450.523,-67.92,73.092,487.564,13.912,

[2025-03-05 15:40:07] ,2,12.587,413.746,113.6,-5.406,435.496,-36.769,

[2025-03-05 15:40:15] ,1,79.485,397.203,-47.231,12.521,510.039,60.255,

[2025-03-05 15:40:24] ,2,12.455,439.121,-171.369,28.735,440.637,-152.758,

[2025-03-05 15:40:33] ,2,22.737,456.323,78.495,48.837,462.452,-100.037,

[2025-03-05 15:40:41] ,2,55.362,476.952,-122.005,77.376,508.127,138.281,

[2025-03-05 15:40:49] ,3,31.444,418.932,57.792,35.919,476.952,2.246,

[2025-03-05 15:41:00] ,1,71.773,473.591,-58.69,25.901,486.971,64.106,

[2025-03-05 15:41:09] ,1,2.305,496.857,-83.938,4.019,509.973,-47.148,

[2025-03-05 15:41:18] ,2,-9.295,402.409,-125.538,31.701,426.4,135.716,

[2025-03-05 15:41:29] ,2,68.346,452.237,-145.886,35.392,465.484,-7.496,

[2025-03-05 15:41:37] ,3,83.976,428.509,-81.488,16.68,433.017,77.347,

[2025-03-05 15:41:47] ,1,87.196,487.037,-29.554,22.276,516.63,-86.934,

[2025-03-05 15:41:56] ,2,8.369,423.764,-150.446,34.864,491.057,59.123,

[2025-03-05 15:42:05] ,3,7.314,440.241,-21.309,44.093,502.134,56.099,

[2025-03-05 15:42:15] ,3,26.65,465.88,-31.608,-1.056,466.868,-18.792,

[2025-03-05 15:42:25] ,2,49.298,488.486,-164.612,80.539,513.466,-83.774,

[2025-03-05 15:42:36] ,1,-7.845,460.212,-78.789,-9.954,487.63,-32.433,

[2025-03-05 15:42:44] ,2,61.162,505.227,121.574,-3.956,514.455,46.801,

[2025-03-05 15:43:00] ,1,32.36,399.114,-17.14,37.171,466.209,-16.082,

[2025-03-05 15:43:08] ,1,17.794,489.277,47.49,-1.781,493.693,10.62,

[2025-03-05 15:43:17] ,1,64.326,507.139,-2.045,10.61,512.346,-75.101,

[2025-03-05 15:43:26] ,2,8.764,403.398,157.537,50.88,460.475,-116.114,

[2025-03-05 15:43:35] ,2,68.017,470.559,-4.05,11.335,473.855,-180,

[2025-03-05 15:43:45] ,1,51.737,439.121,33.83,78.101,464.825,7.628,

[2025-03-05 15:43:53] ,1,61.426,498.966,-5.102,75.86,513.861,25.174,

[2025-03-05 15:44:02] ,1,35.787,458.893,22.08,48.771,515.509,-45.36,

[2025-03-05 15:44:11] ,3,34.522,439.45,-73.482,84.955,451.841,21.588,

[2025-03-05 15:44:20] ,2,69.73,408.143,-67.62,51.408,491.716,3.066,

[2025-03-05 15:44:30] ,1,85.812,433.321,-57.45,7.71,473.525,52.431,

[2025-03-05 15:44:38] ,2,37.896,439.78,128.186,-3.165,510.5,107.956,

[2025-03-05 15:44:47] ,3,-7.845,457.443,-29.091,35.81,492.639,-46.606,

[2025-03-05 15:44:57] ,1,-4.351,409.396,11.411,74.278,491.057,81.798,

[2025-03-05 15:45:05] ,1,2.173,494.616,-77.8,86.142,504.239,48.281,

[2025-03-05 15:45:14] ,2,9.292,458.696,17.802,72.762,510.83,171.724,

[2025-03-05 15:45:25] ,3,52.582,405.705,-37.639,27.528,416.975,-72.646,

[2025-03-05 15:45:37] ,1,-5.933,413.548,-11.31,42.246,430.552,-30.184,

[2025-03-05 15:45:48] ,3,13.378,403.134,-17.832,-9.187,492.309,-83.951,

[2025-03-05 15:45:56] ,2,85.021,461.068,-66.194,2.173,476.293,-64.106,

[2025-03-05 15:46:08] ,3,63.415,411.373,-68.488,83.901,507.666,12.445,

[2025-03-05 15:46:17] ,1,10.346,501.8,31.31,68.214,516.366,73.35,

[2025-03-05 15:46:28] ,2,72.432,496.725,-170.2,3.623,507.93,-115.419,

[2025-03-05 15:46:43] ,1,6.853,402.278,-66.194,61.689,442.482,-11.211,

[2025-03-05 15:46:51] ,1,58.921,492.177,52.524,71.048,505.491,-26.796,

[2025-03-05 15:47:00] ,2,-7.383,466.868,61.189,2.305,508.721,41.76,

[2025-03-05 15:47:08] ,3,-4.841,415.752,63.435,55.041,469.129,34.528,

[2025-03-05 15:47:17] ,2,8.105,445.777,-140.001,22.342,511.225,-142.524,

[2025-03-05 15:47:27] ,1,42.642,421.589,-79.786,30.317,431.277,-72.044,

[2025-03-05 15:47:35] ,1,-6.263,479.062,-59.123,7.117,504.634,37.073,

[2025-03-05 15:47:44] ,2,44.948,402.343,-75.466,69.269,481.434,-16.015,

[2025-03-05 15:47:53] ,2,55.758,501.998,166.701,43.696,507.666,84.943,

[2025-03-05 15:48:01] ,1,83.571,426.202,82.747,27.878,513.861,7.628,

[2025-03-05 15:48:10] ,3,35.128,444.525,18.555,32.84,473.723,-49.764,

[2025-03-05 15:48:21] ,3,25.184,490.23,44.731,-9.453,505.952,-61.725,

[2025-03-05 15:48:31] ,2,75.464,452.039,-71.405,3.294,460.277,-180,

[2025-03-05 15:48:41] ,2,7.512,402.014,162.058,18.189,481.171,-40.061,

[2025-03-05 15:48:56] ,2,64.985,450.325,-103.299,46.464,493.693,-105.388,

[2025-03-05 15:49:03] ,2,-2.901,506.611,136.432,40.203,518.739,-11.31,

[2025-03-05 15:49:11] ,1,31.108,403.925,19.722,79.353,411.241,-14.664,

[2025-03-05 15:49:20] ,1,24.846,423.368,-17.14,42.839,432.859,15.388,

[2025-03-05 15:49:29] ,1,47.255,450.062,31.05,56.812,468.252,79.875,

[2025-03-05 15:49:38] ,4,22.078,502.393,63.783,61.426,516.696,49.066,

[2025-03-05 15:49:49] ,1,43.762,443.273,43.221,80.078,504.568,-22.659,

[2025-03-05 15:49:56] ,1,-4.681,516.63,-74.612,47.651,517.684,22.463,

[2025-03-05 15:50:06] ,2,14.63,428.707,-123.408,-8.174,501.141,143.231,

[2025-03-05 15:50:15] ,3,18.783,444.459,27.072,38.228,467.462,-85.861,

[2025-03-05 15:50:25] ,1,25.637,427.125,-27.022,77.244,478.007,-8.276,

[2025-03-05 15:50:34] ,1,15.223,506.677,-69.974,43.235,515.311,-15.524,

[2025-03-05 15:50:43] ,2,60.833,434.837,15.876,25.242,485.916,-41.091,

[2025-03-05 15:50:52] ,3,36.117,407.946,26.565,1.003,453.872,42.879,

[2025-03-05 15:51:01] ,3,58.235,462.782,-61.571,11.137,493.759,17.241,

[2025-03-05 15:51:10] ,3,27.153,460.343,27.235,-1.676,508.193,79.287,

[2025-03-05 15:51:20] ,1,-3.363,491.321,-23.398,18.123,506.941,50.782,

[2025-03-05 15:51:28] ,2,5.733,435.496,141.419,69.467,440.702,32.55,

[2025-03-05 15:51:37] ,2,69.005,488.552,4.594,9.292,494.023,-15.876,

[2025-03-05 15:51:46] ,3,15.602,467.141,64.779,33.373,491.255,-87.346,

[2025-03-05 15:51:58] ,2,0.196,486.971,-16.991,23.264,511.752,-41.76,

[2025-03-05 15:52:07] ,3,7.689,448.202,70.852,-0.202,503.823,48.493,

[2025-03-05 15:52:17] ,1,50.485,471.943,-19.385,34.073,508.984,61.39,

[2025-03-05 15:52:32] ,1,54.571,444.327,-18.595,26.626,451.643,-70.615,

[2025-03-05 15:52:40] ,1,32.426,495.341,42.541,-8.108,511.621,-63.662,

[2025-03-05 15:52:49] ,2,63.337,402.541,-81.135,25.044,410.45,175.878,

[2025-03-05 15:52:58] ,2,3.228,413.218,140.782,69.598,435.034,-18.759,

[2025-03-05 15:53:06] ,2,-7.911,467.857,51.34,1.383,491.321,-14.769,

[2025-03-05 15:53:16] ,1,28.603,415.855,58.426,65.842,420.073,-50.782,

[2025-03-05 15:53:25] ,1,14.037,445.25,49.236,28.998,505.886,66.602,

[2025-03-05 15:53:36] ,1,28.142,407.023,-6.68,1.646,477.018,-39.359,

[2025-03-05 15:53:44] ,2,79.023,405.507,130.143,11.796,464.957,155.681,

[2025-03-05 15:53:53] ,2,16.146,493.957,14.769,82.517,506.941,-147.171,

[2025-03-05 15:54:01] ,2,8.567,516.498,-103.299,26.823,518.936,124.114,

[2025-03-05 15:54:11] ,2,35.853,476.689,-27.013,69.335,487.63,-146.592,

[2025-03-05 15:54:22] ,2,-6.79,413.943,3.576,68.148,518.607,-148.325,

[2025-03-05 15:54:30] ,3,44.536,434.573,-38.837,9.484,458.762,-74.314,

[2025-03-05 15:54:41] ,1,20.101,479.984,38.27,1.251,497.582,-13.912,

[2025-03-05 15:54:57] ,1,-5.34,401.223,-4.635,74.41,404.453,-51.18,

[2025-03-05 15:55:05] ,1,47.585,413.943,4.086,-4.813,429.696,-72.198,

[2025-03-05 15:55:14] ,1,58.394,434.243,45,8.501,437.407,51.028,

[2025-03-05 15:55:23] ,2,28.998,429.234,135,2.503,457.18,37.875,

[2025-03-05 15:55:34] ,4,64.458,413.943,-37.694,87.506,414.06,-68.394,

[2025-03-05 15:55:43] ,1,70.851,444.789,-69.503,3.228,476.887,-79.472,

[2025-03-05 15:55:50] ,2,-0.199,491.518,-150.945,74.673,504.371,-110.854,

[2025-03-05 15:55:59] ,4,27.417,469.241,-17.65,45.014,475.437,38.136,

[2025-03-05 15:56:10] ,1,3.228,441.955,32.164,85.614,443.932,-66.4,

[2025-03-05 15:56:17] ,1,20.298,455.598,44.293,78.035,467.791,-78.19,

[2025-03-05 15:56:26] ,1,13.048,494.682,27.242,41.192,505.227,-79.287,

[2025-03-05 15:56:35] ,2,23.001,436.484,138.24,33.744,484.4,-144.638,

[2025-03-05 15:56:44] ,2,44.421,493.693,-109.722,0.526,506.546,20.854,

[2025-03-05 15:56:52] ,3,37.674,405.178,-88.462,1.439,409.923,-85.014,

[2025-03-05 15:57:01] ,3,-10.908,428.569,74.946,64.543,429.168,-49.563,

[2025-03-05 15:57:10] ,3,14.396,470.471,32.242,19.508,515.443,-14.589,

[2025-03-05 15:57:20] ,1,33.81,400.762,35.838,-6.526,427.125,33.83,

[2025-03-05 15:57:29] ,1,79.946,487.432,-16.157,62.678,490.925,63.662,

[2025-03-05 15:57:38] ,1,6.919,509.248,-35.242,19.639,510.039,-37.073,

[2025-03-05 15:57:47] ,2,15.553,448.15,79.38,9.226,489.277,-38.972,

[2025-03-05 15:57:55] ,3,-7.515,463.968,-18.076,20.628,474.118,-16.305,

[2025-03-05 15:58:07] ,2,7.38,424.423,131.76,-3.231,463.902,-37.476,

[2025-03-05 15:58:17] ,1,75.069,465.221,-48.958,-0.792,475.832,89.497,

[2025-03-05 15:58:25] ,1,0.328,515.311,-24.74,48.573,517.75,55.886,

[2025-03-05 15:58:41] ,1,-5.67,424.621,49.289,-5.801,449.864,22.736,

[2025-03-05 15:58:49] ,1,29.921,452.105,-73.301,17.201,518.146,26.792,

[2025-03-05 15:58:58] ,2,53.714,450.062,145.337,59.119,488.355,123.551,

[2025-03-05 15:59:07] ,3,3.558,407.682,-15.154,18.669,422.314,-52.292,

[2025-03-05 15:59:15] ,3,57.506,429.3,-71.445,36.117,439.121,24.193,

[2025-03-05 15:59:26] ,1,14.169,397.005,20.376,6.655,507.666,83.938,

[2025-03-05 15:59:35] ,2,9.423,464.891,45,54.373,470.427,-152.312,

[2025-03-05 15:59:47] ,2,36.183,472.207,-169.38,63.601,488.157,76.584,

[2025-03-05 15:59:55] ,3,33.786,442.943,-72.284,17.101,491.494,62.592,

[2025-03-05 16:00:03] ,3,-8.158,502.459,-32.735,39.544,503.25,-27.917,

[2025-03-05 16:00:14] ,1,41.126,464.693,51.34,52.528,475.766,69.503,

[2025-03-05 16:00:22] ,3,2.569,458.498,25.04,24.526,508.852,-75.779,

[2025-03-05 16:00:33] ,2,-0.463,468.846,56.449,43.433,506.546,23.6,

[2025-03-05 16:00:43] ,1,1.185,445.975,-50.711,8.105,497.582,33.551,

[2025-03-05 16:00:59] ,1,60.635,411.966,-2.045,77.969,463.243,29.302,

[2025-03-05 16:01:07] ,1,31.635,465.352,76.931,47.189,471.021,4.014,

[2025-03-05 16:01:16] ,1,18.058,501.141,66.602,24.451,515.575,50.389,

[2025-03-05 16:01:26] ,2,21.353,398.455,-157.816,25.176,424.752,-117.474,

[2025-03-05 16:01:34] ,2,54.439,445.58,43.568,81.462,487.168,49.008,

[2025-03-05 16:01:42] ,2,40.269,499.098,38.897,68.676,500.416,-128.501,

[2025-03-05 16:01:51] ,3,35.321,406.152,52.826,6.416,489.673,-57.151,

[2025-03-05 16:02:03] ,1,38.819,439.187,19.075,13.312,456.389,-90,

[2025-03-05 16:02:13] ,2,85.153,420.073,165.336,80.803,458.168,-80.2,

[2025-03-05 16:02:22] ,2,6.128,437.209,-113.199,31.503,464.496,-126.87,

[2025-03-05 16:02:30] ,2,83.637,479.787,174.341,12.587,487.168,132.852,

[2025-03-05 16:02:40] ,2,20.101,444.064,-176.455,-3.297,457.509,20.497,

[2025-03-05 16:02:48] ,2,66.962,459.289,25.201,75.596,475.502,-30.7,

[2025-03-05 16:02:56] ,3,38.853,437.934,-42.325,33.567,489.541,-32.125,

[2025-03-05 16:03:05] ,2,18.848,401.157,82.747,-8.306,505.096,95.609,

[2025-03-05 16:03:15] ,1,42.642,432.068,-44.284,57.867,518.936,-26.796,

[2025-03-05 16:03:23] ,2,-9.492,421.391,-110.2,6.194,511.95,154.581,

[2025-03-05 16:03:34] ,3,-10.83,475.979,83.157,9.489,510.764,-4.194,

[2025-03-05 16:03:43] ,2,16.08,438.198,60.255,78.232,459.487,66.4,

[2025-03-05 16:03:53] ,3,11.335,464.166,-29.932,42.114,477.15,14.859,

[2025-03-05 16:04:08] ,1,2.042,417.568,-61.837,69.401,457.443,-51.814,

[2025-03-05 16:04:16] ,1,-0.265,475.173,14.158,57.076,504.502,37.073,

[2025-03-05 16:04:25] ,1,20.628,507.996,34.951,37.764,510.105,-44.284,

[2025-03-05 16:04:34] ,2,-4.154,428.905,-74.124,0.658,442.152,118.369,

[2025-03-05 16:04:43] ,2,73.026,442.812,-173.884,14.169,486.509,-23.199,

[2025-03-05 16:04:52] ,3,22.261,408.341,-73.264,38.472,450.055,79.796,

[2025-03-05 16:05:02] ,1,16.937,406.628,-46.45,-3.495,432.002,7.628,

[2025-03-05 16:05:10] ,1,52.396,474.646,-72.198,15.487,477.612,-31.05,

[2025-03-05 16:05:19] ,1,58.789,502.064,-45.36,44.289,516.3,-62.978,

[2025-03-05 16:05:30] ,2,39.873,417.107,-65.513,18.321,468.252,-93.013,

[2025-03-05 16:05:38] ,2,34.798,489.211,-136.432,40.269,497.911,26.565,

[2025-03-05 16:05:46] ,3,-3.519,481.237,-83.951,66.83,514.257,26.222,

[2025-03-05 16:05:56] ,1,50.946,424.621,19.242,67.819,431.871,22.463,

[2025-03-05 16:06:05] ,2,15.158,468.648,169.875,54.505,469.966,157.537,

[2025-03-05 16:06:13] ,3,87.657,487.893,6.17,4.577,513.224,40.192,

[2025-03-05 16:06:24] ,1,7.117,418.689,-61.144,38.687,495.341,-2.534,

[2025-03-05 16:06:32] ,1,80.737,500.416,36.666,67.028,507.336,-25.88,

[2025-03-05 16:06:48] ,1,55.23,442.877,5.057,23.264,512.675,-2.556,

[2025-03-05 16:06:56] ,2,40.664,461.464,-26.792,81.66,487.037,-19.411,

[2025-03-05 16:07:05] ,3,-3.14,412.164,-45.541,68.135,464.337,86.566,

[2025-03-05 16:07:14] ,3,9.113,502.723,-49.276,40.784,505.287,36.946,

[2025-03-05 16:07:24] ,1,-9.295,413.35,66.4,-7.647,445.118,88.493,

[2025-03-05 16:07:33] ,1,70.389,475.832,82.372,19.837,484.598,-90,

[2025-03-05 16:07:43] ,4,16.476,470.23,8.973,33.256,472.964,9.866,

[2025-03-05 16:07:54] ,2,8.105,435.496,70.925,52.133,482.225,49.616,

[2025-03-05 16:08:01] ,3,39.987,420.337,-72.897,49.694,440.439,-12.2,

[2025-03-05 16:08:09] ,3,1.317,462.782,-0.377,18.585,485.059,28.58,

[2025-03-05 16:08:18] ,3,58.324,497.692,53.358,10.556,499.226,84.703,

[2025-03-05 16:08:27] ,3,47.549,510.451,88.472,26.788,514.323,-59.167,

[2025-03-05 16:08:39] ,2,51.803,478.798,177.99,4.48,485.916,-63.886,

[2025-03-05 16:08:48] ,2,42.971,499.823,28.61,3.887,515.971,-163.985,

[2025-03-05 16:08:58] ,2,47.783,480.973,-110.026,18.321,502.921,111.615,

[2025-03-05 16:09:06] ,3,64.461,481.465,87.328,-8.751,505.851,33.584,

[2025-03-05 16:09:18] ,1,46.596,436.155,-11.706,75.926,466.737,-1.032,

[2025-03-05 16:09:34] ,1,69.862,403.925,-27.031,10.61,437.934,-26.565,

[2025-03-05 16:09:43] ,1,53.714,449.402,-82.937,-9.822,487.037,-31.31,

[2025-03-05 16:09:52] ,2,15.421,415.855,48.24,-7.251,428.839,-161.565,

[2025-03-05 16:10:01] ,2,36.908,445.448,-92.01,4.876,449.007,126.469,

[2025-03-05 16:10:11] ,1,62.151,403.925,-54.881,46.069,419.743,29.302,

[2025-03-05 16:10:19] ,1,59.778,451.973,24.528,3.228,504.634,-53.231,

[2025-03-05 16:10:28] ,2,34.93,404.189,-53.746,19.442,413.812,170.2,

[2025-03-05 16:10:38] ,2,-10.151,445.382,120.184,76.651,511.555,70.589,

[2025-03-05 16:10:47] ,3,2.916,458.102,-32.645,-1.104,481.136,33.481,

[2025-03-05 16:10:56] ,4,31.635,476.623,-48.861,16.92,488.33,-58.686,

[2025-03-05 16:11:07] ,1,86.603,441.757,75.466,-4.088,450.523,-16.361,

[2025-03-05 16:11:14] ,1,82.451,461.662,-31.574,54.439,464.298,-61.631,

[2025-03-05 16:11:23] ,2,-4.088,425.346,130.326,54.439,440.702,-32.005,

[2025-03-05 16:11:33] ,1,79.287,450.655,18.113,16.344,452.105,-40.384,

[2025-03-05 16:11:41] ,1,55.428,467.132,33.551,73.421,518.08,-40.601,

[2025-03-05 16:11:50] ,2,49.496,418.887,139.343,49.562,452.434,63.886,

[2025-03-05 16:11:58] ,2,9.753,470.427,-169.963,66.105,479.127,-37.786,

[2025-03-05 16:12:07] ,2,39.412,486.114,152.758,17.992,504.766,-144.758,

[2025-03-05 16:12:15] ,3,1.844,488.816,9.834,47.914,504.832,-7.267,

[2025-03-05 16:12:27] ,1,84.494,475.766,-87.955,53.385,482.95,-53.936,

[2025-03-05 16:12:36] ,1,76.321,489.343,58.861,66.039,505.425,33.408,

[2025-03-05 16:12:45] ,2,66.896,444.987,-101.706,-7.779,481.171,-57.144,

[2025-03-05 16:12:53] ,3,59.844,466.671,6.089,6.6,497.714,-68.339,

[2025-03-05 16:13:05] ,2,58.394,473.13,123.408,53.912,484.005,132.51,

[2025-03-05 16:13:20] ,1,-6.856,407.353,68.009,-4.615,441.559,86.486,

[2025-03-05 16:13:28] ,1,76.914,445.514,10.713,40.598,485.587,-75.231,

[2025-03-05 16:13:37] ,1,23.001,485.455,75.358,57.471,499.691,28.61,

[2025-03-05 16:13:46] ,1,83.11,507.996,62.745,12.587,512.016,79.786,

[2025-03-05 16:13:55] ,2,63.864,418.228,82.304,15.685,435.957,-67.068,

[2025-03-05 16:14:03] ,2,25.835,469.307,139.939,69.467,517.025,166.464,

[2025-03-05 16:14:11] ,3,40.662,453.818,-66.306,-0.835,483.939,-77.062,

[2025-03-05 16:14:22] ,1,62.546,408.143,83.83,22.803,411.043,12.308,

[2025-03-05 16:14:30] ,1,7.71,420.93,-3.576,14.96,483.741,47.148,

[2025-03-05 16:14:39] ,2,0.328,448.018,-33.551,71.773,491.914,-45,

[2025-03-05 16:14:49] ,2,37.171,416.514,-44.635,16.476,471.943,91.005,

[2025-03-05 16:15:00] ,3,30.677,476.225,74.678,-5.453,494.484,-49.808,

[2025-03-05 16:15:09] ,1,10.478,491.914,12.693,80.539,509.643,-74.197,

[2025-03-05 16:15:18] ,2,41.851,446.173,-153.208,8.633,506.677,-65.472,

[2025-03-05 16:15:34] ,1,51.935,414.866,-45.725,43.037,437.012,-46.779,

[2025-03-05 16:15:42] ,1,-7.449,447.755,-54.23,49.958,457.312,8.13,

[2025-03-05 16:15:51] ,2,72.63,407.814,-127.921,62.414,478.205,-103.912,

[2025-03-05 16:16:00] ,3,67.489,436.418,-8.833,71.982,455.73,-33.69,

[2025-03-05 16:16:08] ,3,-5.999,478.139,12.121,77.211,496.509,31.884,

[2025-03-05 16:16:19] ,1,-7.779,411.175,37.073,48.508,507.205,80.2,

[2025-03-05 16:16:35] ,1,22.342,441.625,60.505,15.355,498.175,48.2,

[2025-03-05 16:16:43] ,2,24.978,421.523,-102.918,5.733,444.327,6.563,

[2025-03-05 16:16:52] ,2,66.237,477.15,-60.945,57.735,510.368,49.674,

[2025-03-05 16:17:00] ,3,28.142,407.88,-4.604,-0.463,419.941,-1.897,

[2025-03-05 16:17:11] ,3,63.139,454.873,8.717,25.111,518.541,-35.272,

[2025-03-05 16:17:20] ,4,74.673,400.959,36.17,30.791,476.346,74.991,

[2025-03-05 16:17:29] ,2,58.658,451.182,-176.961,29.592,488.157,-36.064,

[2025-03-05 16:17:36] ,2,0.987,499.098,-48.2,14.301,512.609,68.671,

[2025-03-05 16:17:46] ,2,23.396,409.923,-73.843,-4.088,412.032,-150.001,

[2025-03-05 16:17:54] ,3,35.114,439.78,-84.668,85.614,451.973,4.222,

[2025-03-05 16:18:04] ,1,75.794,397.993,-47.231,19.508,446.568,-60.317,

[2025-03-05 16:18:12] ,2,13.576,415.987,136.081,66.632,426.071,100.214,

[2025-03-05 16:18:23] ,2,-4.483,455.071,126.469,69.071,488.618,-147.724,

[2025-03-05 16:18:31] ,4,85.818,423.258,-71.4,20.496,474.382,65.886,

[2025-03-05 16:18:42] ,1,-2.967,434.902,-17.956,42.708,452.368,-50.323,

[2025-03-05 16:18:49] ,2,-8.899,469.966,-128.186,17.992,494.946,131.424,

[2025-03-05 16:18:58] ,2,16.146,511.093,-109.895,-10.217,514.586,-98.707,

[2025-03-05 16:19:07] ,3,75.675,461.596,-33.374,43.31,471.585,58.392,

[2025-03-05 16:19:17] ,2,79.814,438.33,116.338,8.501,463.375,107.324,

[2025-03-05 16:19:25] ,2,-9.229,479.787,111.146,80.012,487.037,146.31,

[2025-03-05 16:19:33] ,3,13.157,499.625,-40.192,-8.878,505.952,-76.891,

[2025-03-05 16:19:42] ,3,36.157,509.973,-61.905,66.435,515.971,-29.65,

[2025-03-05 16:19:53] ,1,-9.426,444.855,-82.439,11.796,484.071,-21.146,

[2025-03-05 16:20:02] ,3,40.664,449.337,3.411,87.017,505.161,-50.194,

[2025-03-05 16:20:12] ,1,28.669,491.255,29.055,74.739,499.823,41.042,

[2025-03-05 16:20:22] ,1,37.698,480.709,83.494,19.508,516.696,88.466,

[2025-03-05 16:20:33] ,2,52.33,431.607,164.476,8.171,459.816,26.114,

[2025-03-05 16:20:50] ,1,21.353,448.084,-20.323,-3.231,456.059,25.442,

[2025-03-05 16:20:57] ,1,-2.242,482.423,-27.242,39.478,494.946,-50.001,

[2025-03-05 16:21:06] ,1,17.135,501.8,63.435,45.212,507.93,-86.934,

[2025-03-05 16:21:16] ,2,-4.088,415.855,-137.521,29.987,465.155,-172.439,

[2025-03-05 16:21:26] ,1,-6.856,458.366,-81.87,4.81,509.116,-63.662,

[2025-03-05 16:21:35] ,1,45.212,399.575,-55.176,8.83,509.116,54.345,

[2025-03-05 16:21:43] ,3,11.833,462.764,85.861,-10.635,489.529,70.728,

[2025-03-05 16:22:00] ,1,34.996,410.978,-17.14,69.467,421.918,88.466,

[2025-03-05 16:22:08] ,2,-1.847,409.659,138.281,71.839,431.277,78.19,

[2025-03-05 16:22:16] ,2,82.78,485.652,-57.45,62.942,490.925,78.789,

[2025-03-05 16:22:25] ,3,34.14,494.614,47.141,65.512,517.618,6.553,

[2025-03-05 16:22:34] ,4,33.876,461.925,-40.061,55.362,475.107,49.808,

[2025-03-05 16:22:45] ,1,-6.263,449.6,-89.493,66.632,461.134,32.433,

[2025-03-05 16:22:52] ,2,79.023,407.616,172.093,66.501,439.582,99.713,

[2025-03-05 16:23:00] ,2,47.321,451.314,-115.228,28.867,461.991,84.489,

[2025-03-05 16:23:09] ,3,39.826,437.868,-53.054,-5.148,467.587,52.224,

[2025-03-05 16:23:18] ,3,40.137,479.787,-8.661,2.898,490.266,-24.193,

[2025-03-05 16:23:28] ,1,-8.701,403.332,-33.69,-1.32,474.514,-84.489,

[2025-03-05 16:23:36] ,2,34.535,469.307,-11.113,45.608,509.841,6.17,

[2025-03-05 16:23:45] ,3,17.458,450.787,-89.621,13.776,513.599,84.251,

[2025-03-05 16:23:56] ,1,71.312,404.321,14.797,36.71,422.643,74.612,

[2025-03-05 16:24:05] ,1,14.169,459.223,49.236,28.801,465.55,3.483,

[2025-03-05 16:24:14] ,2,51.144,399.509,-106.302,1.053,495.077,76.209,

[2025-03-05 16:24:23] ,3,19.727,409.462,-47.161,11.027,434.177,-47.42,

[2025-03-05 16:24:31] ,3,6.721,509.314,3.434,62.744,514.521,26.222,

[2025-03-05 16:24:42] ,1,58.196,480.314,60.068,-2.506,495.934,-75.719,

[2025-03-05 16:24:57] ,1,27.417,405.968,82.372,70.06,425.148,-50.389,

[2025-03-05 16:25:06] ,1,85.878,434.309,86.392,41.192,438.396,-9.713,

[2025-03-05 16:25:15] ,1,13.642,467.527,14.642,73.751,489.08,-10.808,

[2025-03-05 16:25:24] ,2,17.398,422.314,158.199,63.535,441.362,-72.525,

[2025-03-05 16:25:34] ,3,7.446,408.078,-20.601,82.578,467.527,-65.999,

[2025-03-05 16:25:45] ,1,21.023,500.416,-36.064,74.739,511.093,-39.144,

[2025-03-05 16:25:54] ,3,-10.814,450.886,54.111,49.899,477.572,45,

[2025-03-05 16:26:03] ,2,17.86,486.773,-123.551,33.678,493.43,67.264,

[2025-03-05 16:26:13] ,1,27.68,415.262,82.875,26.098,434.243,-21.615,

[2025-03-05 16:26:21] ,1,12.126,436.484,76.701,69.071,438.791,-36.769,

[2025-03-05 16:26:30] ,1,57.208,448.48,2.01,-5.274,471.152,14.281,

[2025-03-05 16:26:39] ,2,44.026,425.939,-93.066,28.405,464.562,-172.504,

[2025-03-05 16:26:49] ,1,24.187,407.023,-59.56,-2.836,460.475,-71.723,

[2025-03-05 16:26:57] ,1,60.108,425.148,68.009,74.41,473.459,30.44,

[2025-03-05 16:27:06] ,2,78.167,447.227,-65.26,67.16,450.523,-23.6,

[2025-03-05 16:27:15] ,2,-7.186,482.093,143.936,18.914,494.484,-52.431,

[2025-03-05 16:27:23] ,3,10.346,483.082,-25.062,79.565,513.005,-81.87,

[2025-03-05 16:27:32] ,4,57.471,404.321,-32.856,84.408,416.953,74.055,

[2025-03-05 16:27:43] ,1,78.562,427.323,-6.17,49.364,437.077,-60.945,

[2025-03-05 16:27:50] ,2,27.087,446.173,141.419,-5.999,508.523,95.56,

[2025-03-05 16:27:59] ,3,57.089,460.495,77.8,45.212,499.032,27.917,

[2025-03-05 16:28:09] ,1,23.594,415.328,-60.698,49.035,473.327,-40.384,

[2025-03-05 16:28:18] ,3,-5.252,439.78,-69.887,23.818,503.711,-45,

[2025-03-05 16:28:28] ,1,6.985,494.089,-18.435,18.783,495.539,-21.146,

[2025-03-05 16:28:37] ,4,23.858,402.607,53.746,29.526,470.362,4.014,

[2025-03-05 16:28:48] ,2,73.751,490.134,-23.806,28.933,509.709,-177.466,

[2025-03-05 16:28:55] ,4,-9.796,440.241,-57.792,8.101,465.97,50.05,

[2025-03-05 16:29:07] ,1,0.328,436.023,-19.075,-4.483,460.541,-31.739,

[2025-03-05 16:29:14] ,2,44.685,464.957,23.86,22.605,479.721,-155.681,

[2025-03-05 16:29:30] ,1,-1.254,457.641,-64.558,19.639,518.211,34.824,

[2025-03-05 16:29:38] ,2,-9.822,411.571,-76.584,17.926,424.621,-137.862,

[2025-03-05 16:29:47] ,2,34.008,432.002,-130.711,-3.626,441.164,21.329,

[2025-03-05 16:29:55] ,2,-5.406,469.637,-78.395,39.346,473.064,-20.026,

[2025-03-05 16:30:04] ,2,76.057,497.582,0,2.239,502.327,49.674,

[2025-03-05 16:30:12] ,4,29.53,410.042,57.265,77.207,468.187,-44.193,

[2025-03-05 16:30:22] ,1,71.114,460.343,-56.87,17.926,487.3,-27.242,

[2025-03-05 16:30:29] ,1,40.071,412.625,33.408,21.485,469.043,17.176,

[2025-03-05 16:30:39] ,1,24.78,503.646,21.801,-4.483,517.684,-77.692,

[2025-03-05 16:30:48] ,2,57.142,464.43,13.791,71.114,479.193,-41.76,

[2025-03-05 16:30:56] ,3,25.568,399.801,54.507,77.237,415.856,36.254,

[2025-03-05 16:31:06] ,4,28.918,412.823,-84.632,-5.34,463.441,14.128,

[2025-03-05 16:31:17] ,2,77.969,400.234,-91.051,34.205,425.412,-114.066,

[2025-03-05 16:31:24] ,2,55.692,440.702,114.066,26.955,442.152,-126.769,

[2025-03-05 16:31:32] ,3,3.623,449.139,6.798,-8.28,471.559,41.009,

[2025-03-05 16:31:42] ,2,74.607,505.623,-46.095,57.208,511.159,-122.981,

[2025-03-05 16:31:51] ,3,75.945,488.486,-49.853,31.549,504.502,-39.369,

[2025-03-05 16:32:02] ,1,14.894,512.477,53.334,-4.22,513.005,-20.854,

[2025-03-05 16:32:12] ,3,37.105,496.989,9.898,-6.154,502.591,-40.147,

[2025-03-05 16:32:28] ,1,10.676,433.057,-81.87,21.221,490.002,-37.875,

[2025-03-05 16:32:36] ,1,75.003,499.493,11.31,8.237,504.766,62.758,

[2025-03-05 16:32:46] ,2,76.057,428.905,147.724,43.828,446.964,126.363,

[2025-03-05 16:32:54] ,3,53.117,415.565,53.664,25.746,416.382,-40.147,

[2025-03-05 16:33:03] ,4,20.694,474.316,-48.532,34.271,477.546,-56.032,

[2025-03-05 16:33:14] ,2,83.242,484.268,5.659,-10.415,501.009,113.398,

[2025-03-05 16:33:23] ,1,32.36,412.428,-80.287,76.585,419.809,-69.444,

[2025-03-05 16:33:30] ,2,-5.538,413.35,-13.416,44.487,459.355,-98.556,

[2025-03-05 16:33:41] ,3,61.244,403.685,68.27,9.353,404.677,49.853,

[2025-03-05 16:33:51] ,1,17.267,438.198,41.468,8.764,495.077,-13.671,

[2025-03-05 16:34:00] ,3,45.53,420.534,-37.708,82.069,466.5,33.901,

[2025-03-05 16:34:10] ,3,64.919,475.898,-3.033,43.034,493.034,-80.538,

[2025-03-05 16:34:19] ,4,22.46,501.856,80.036,58.257,517.374,50.44,

[2025-03-05 16:34:30] ,1,8.698,433.782,-15.388,37.698,475.568,-82.504,

[2025-03-05 16:34:37] ,2,-10.283,429.366,11.31,-3.824,458.564,-7.063,

[2025-03-05 16:34:45] ,3,24.78,407.287,15.893,-10.217,502.657,0,

[2025-03-05 16:34:56] ,1,9.687,459.816,45.356,48.771,517.882,77.196,

[2025-03-05 16:35:04] ,3,8.962,435.627,-7.219,41.395,455.819,45.266,

[2025-03-05 16:35:15] ,3,-2.077,503.816,62.755,41.912,510.069,49.606,

[2025-03-05 16:35:25] ,1,47.717,437.407,-52.125,9.885,510.961,84.898,

[2025-03-05 16:35:36] ,3,-8.504,484.73,-25.04,76.745,512.915,32.412,

[2025-03-05 16:35:48] ,3,31.663,488.552,-30.964,45.188,502.546,63.947,

[2025-03-05 16:36:04] ,1,53.648,403.859,32.829,21.155,404.716,54.048,

[2025-03-05 16:36:12] ,1,14.762,429.564,-31.739,38.885,443.273,-5.057,

[2025-03-05 16:36:21] ,2,28.208,423.566,-119.745,25.703,496.659,-61.189,

[2025-03-05 16:36:30] ,2,62.151,502.261,158.484,7.248,513.73,76.701,

[2025-03-05 16:36:40] ,1,-2.44,413.35,-81.293,31.305,424.555,15.876,

[2025-03-05 16:36:48] ,1,77.112,433.914,5.148,0.13,459.157,37.875,

[2025-03-05 16:36:57] ,1,52.198,472.602,-59.381,48.969,510.105,-3.608,

[2025-03-05 16:37:06] ,2,64.26,442.35,-57.295,8.698,467.198,-7.001,

[2025-03-05 16:37:16] ,2,5.601,400.828,60.446,-8.899,486.839,-90,

[2025-03-05 16:37:23] ,3,39.569,420.082,41.222,28.641,472.702,39.184,

[2025-03-05 16:37:32] ,4,-8.834,504.801,76.541,78.446,512.219,49.794,

[2025-03-05 16:37:43] ,1,60.042,478.732,-4.554,32.36,495.539,7.628,

[2025-03-05 16:37:50] ,2,15.751,434.705,-26.792,22.342,451.512,-145.337,

[2025-03-05 16:37:59] ,2,73.487,491.65,-174.341,17.728,494.352,171.369,

[2025-03-05 16:38:09] ,1,42.773,474.843,21.146,68.478,505.952,-36.666,

[2025-03-05 16:38:17] ,3,62.81,474.514,-18.914,-1.864,476.359,-79.357,

[2025-03-05 16:38:28] ,2,-1.649,460.541,145.049,70.257,486.641,45.36,

[2025-03-05 16:38:43] ,1,20.496,401.816,77.583,57.998,420.864,23.131,

[2025-03-05 16:38:50] ,2,69.005,399.575,77.358,49.233,402.475,87.936,

[2025-03-05 16:38:59] ,2,9.423,427.257,63.662,3.623,448.414,-127.171,

[2025-03-05 16:39:07] ,3,-4.431,407.694,83.447,30.559,440.983,64.277,

[2025-03-05 16:39:16] ,3,58.754,493.825,-43.394,31.701,500.152,9.898,

[2025-03-05 16:39:26] ,1,39.148,422.05,12.2,52.528,427.323,63.208,

[2025-03-05 16:39:36] ,1,59.185,467.198,-75.719,85.153,490.332,0,

[2025-03-05 16:39:45] ,2,30.185,413.68,-168.69,56.878,443.734,143.936,

[2025-03-05 16:39:53] ,1,45.212,479.259,-82.504,58.723,483.346,0.507,

[2025-03-05 16:40:02] ,4,40.401,495.341,-71.086,80.144,517.816,62.969,

[2025-03-05 16:40:13] ,1,32.558,448.612,-45,24.978,491.914,-84.44,

[2025-03-05 16:40:21] ,1,12.851,471.548,74.876,24.648,511.291,-26.338,

[2025-03-05 16:40:30] ,2,12.455,400.432,-78.085,-7.186,466.671,-138.909,

[2025-03-05 16:40:38] ,2,24.451,481.764,103.671,34.733,503.184,-90,

[2025-03-05 16:40:47] ,3,17.039,428.633,75.044,6.458,452.237,10.204,

[2025-03-05 16:40:56] ,3,62.546,470.823,-14.859,52.33,485.455,8.717,

[2025-03-05 16:41:06] ,3,35.344,410.187,-51.52,-5.406,467.989,90,

[2025-03-05 16:41:15] ,3,41.762,480.05,-62.592,24.381,508.823,53.889,

[2025-03-05 16:41:25] ,2,64.194,445.184,-63.886,-0.265,513.136,-174.852,

[2025-03-05 16:41:35] ,2,85.351,441.757,-32.981,6.26,514.586,64.12,

[2025-03-05 16:41:43] ,3,43.56,415.69,72.168,14.216,452.434,-63.435,

[2025-03-05 16:41:51] ,3,83.505,491.057,17.103,34.733,510.368,11.908,

[2025-03-05 16:42:08] ,1,-9.097,419.48,49.289,80.935,443.339,82.875,

[2025-03-05 16:42:16] ,2,80.21,406.034,152.021,69.664,456.257,141.103,

[2025-03-05 16:42:27] ,3,32.775,418.308,78.17,54.525,423.237,-53.973,

[2025-03-05 16:42:35] ,2,38.358,462.321,141.34,51.539,501.932,68.854,

[2025-03-05 16:42:44] ,1,52.66,486.971,-81.941,71.576,487.959,-88.466,

[2025-03-05 16:42:52] ,1,4.942,459.618,-49.236,80.342,507.732,-1.548,

[2025-03-05 16:43:01] ,3,42.905,440.175,21.661,3.142,512.934,79.661,

[2025-03-05 16:43:11] ,4,20.425,398.31,78.152,26.23,468.121,64.323,

[2025-03-05 16:43:22] ,2,7.38,443.207,133.568,53.187,479.787,117.688,

[2025-03-05 16:43:29] ,4,21.459,464.895,36.384,29.789,476.821,-23.459,

[2025-03-05 16:43:41] ,3,81.792,421.984,10.784,13.245,501.281,35.582,

[2025-03-05 16:43:49] ,4,40.862,471.482,78.009,26.053,472.007,33.147,

[2025-03-05 16:43:58] ,2,49.892,405.441,170.287,15.948,456.916,22.543,

[2025-03-05 16:44:06] ,1,30.317,406.1,62.978,27.68,456.652,2.01,

[2025-03-05 16:46:06] ,1,37.171,434.046,-73.009,26.362,456.521,11.113,

[2025-03-05 16:46:13] ,1,-3.692,458.696,72.044,82.714,466.671,88.968,

[2025-03-05 16:46:22] ,1,24.319,497.252,74.612,5.733,515.575,69.146,

[2025-03-05 16:46:31] ,3,12.983,440.702,19.272,77.442,482.884,21.943,

[2025-03-05 16:46:42] ,1,62.348,486.707,22.932,43.96,496.461,-87.973,

[2025-03-05 16:46:50] ,2,55.626,461.662,162.525,-3.626,513.73,43.199,

[2025-03-05 16:46:59] ,3,75.591,495.077,-36.336,12.71,495.082,89.621,

[2025-03-05 16:47:10] ,1,9.226,442.35,55.337,-10.217,465.484,88.986,

[2025-03-05 16:47:25] ,1,48.31,467.132,79.472,23.66,485.455,57.836,

[2025-03-05 16:47:34] ,1,42.378,480.182,69.974,54.308,501.536,8.202,

[2025-03-05 16:47:43] ,1,23.462,507.93,-12.308,-2.44,509.314,-60.945,

[2025-03-05 16:47:52] ,2,0.13,403.53,-53.746,25.308,465.814,-38.972,

[2025-03-05 16:48:00] ,2,-8.306,467.989,87.99,75.992,489.343,5.609,

[2025-03-05 16:48:09] ,2,41.389,491.914,-120.184,7.908,493.496,-15.388,

[2025-03-05 16:48:17] ,3,26.23,430.487,-7.219,7.375,472.784,80.475,

[2025-03-05 16:48:28] ,1,-6.526,434.902,-17.956,12.917,473.459,-75.483,

[2025-03-05 16:48:36] ,2,78.826,418.162,84.806,32.821,450.259,-162.676,

[2025-03-05 16:48:45] ,2,-1.979,465.682,-159.503,16.937,510.698,-144.758,

[2025-03-05 16:48:53] ,3,17.125,412.49,65.651,2.251,421.539,73.374,

[2025-03-05 16:49:02] ,3,23.743,488.948,-32.645,38.378,515.311,-54.507,

[2025-03-05 16:49:13] ,1,48.046,462.452,-36.87,17.662,486.443,29.249,

[2025-03-05 16:49:21] ,1,23.133,455.466,87.013,33.283,499.625,56.87,

[2025-03-05 16:49:30] ,2,-3.824,443.405,-2.027,40.994,513.334,-56.592,

[2025-03-05 16:49:39] ,3,-10.876,403.332,-28.457,38.476,414.777,76.149,

[2025-03-05 16:49:49] ,1,43.169,420.205,-11.915,-1.583,488.948,-18.435,

[2025-03-05 16:49:57] ,2,-7.12,445.382,-82.372,16.08,472.668,-58.95,

[2025-03-05 16:50:07] ,2,79.485,449.93,-180,71.114,487.498,-99.211,

[2025-03-05 16:50:16] ,2,5.601,437.539,-90,-6.592,511.159,-109.242,

[2025-03-05 16:50:25] ,3,-10.445,478.468,-83.577,0.723,515.311,13.023,

[2025-03-05 16:50:33] ,2,-6.131,432.2,-160.925,13.246,466.275,-24.319,

[2025-03-05 16:50:49] ,1,36.644,405.112,-26.565,44.487,416.382,61.837,

[2025-03-05 16:50:57] ,1,6.062,423.039,26.114,59.317,423.83,73.496,

[2025-03-05 16:51:06] ,1,25.703,440.834,14.281,71.444,442.877,58.426,

[2025-03-05 16:51:15] ,1,74.805,477.48,38.897,57.867,505.227,-80.372,

[2025-03-05 16:51:24] ,2,20.892,417.239,90,57.735,435.891,-112.463,

[2025-03-05 16:51:33] ,2,10.412,437.539,-87.99,83.373,463.573,151.837,

[2025-03-05 16:51:41] ,3,10.873,405.903,-3.84,3.359,495.421,55.472,

[2025-03-05 16:51:52] ,1,16.476,416.58,-86.934,67.819,426.598,35.242,

[2025-03-05 16:52:00] ,1,85.219,448.216,-73.35,67.621,477.348,56.592,

[2025-03-05 16:52:09] ,2,68.939,398.455,130.888,35.721,403.398,41.379,

[2025-03-05 16:52:20] ,2,27.351,435.759,157.73,37.435,451.643,166.931,

[2025-03-05 16:52:28] ,3,5.687,439.121,-48.46,16.805,460.475,26.398,

[2025-03-05 16:52:37] ,3,7.581,471.891,35.146,44.578,499.559,-87.346,

[2025-03-05 16:52:46] ,1,34.008,468.384,-7.989,79.682,510.83,67.816,

[2025-03-05 16:52:56] ,1,-5.67,407.353,10.305,2.767,450.523,36.769,

[2025-03-05 16:53:04] ,1,56.417,420.205,38.82,19.508,470.889,-82.011,

[2025-03-05 16:53:13] ,2,32.228,404.123,-145.305,36.248,423.896,18.595,

[2025-03-05 16:53:24] ,2,31.042,447.293,69.503,63.601,497.648,19.242,

[2025-03-05 16:53:31] ,4,41.389,419.678,90,-2.679,449.468,-57.151,

[2025-03-05 16:53:42] ,1,10.939,404.518,-64.341,11.796,464.496,55.62,

[2025-03-05 16:53:49] ,2,80.671,449.6,0,28.208,461.662,155.225,

[2025-03-05 16:54:00] ,1,68.939,471.877,-78.19,12.455,491.98,2.511,

[2025-03-05 16:54:08] ,1,29.394,495.736,4.05,7.973,507.139,77.8,

[2025-03-05 16:54:21] ,3,48.976,484.817,73.009,40.49,511.229,74.211,

[2025-03-05 16:54:29] ,2,44.817,442.482,-73.009,6.392,447.821,117.242,

[2025-03-05 16:54:38] ,2,33.414,452.434,46.779,14.037,511.686,53.637,

[2025-03-05 16:54:49] ,3,-2.272,458.762,-83.534,28.99,479.984,-85.112,

[2025-03-05 16:55:05] ,1,24.648,405.837,49.674,12.455,427.257,21.146,

[2025-03-05 16:55:13] ,1,64.985,437.209,-86.424,70.785,465.352,9.13,

[2025-03-05 16:55:21] ,2,-10.745,401.816,60.895,79.617,410.121,-180,

[2025-03-05 16:55:30] ,2,-2.44,422.446,-57.295,30.251,429.168,39.999,

[2025-03-05 16:55:39] ,3,21.057,453.027,-42.603,48.812,474.052,-62.083,

[2025-03-05 16:55:49] ,1,-0.792,411.703,21.991,52.923,453.423,79.472,

[2025-03-05 16:55:57] ,2,79.353,420.337,110.556,21.683,425.741,70.925,

[2025-03-05 16:56:06] ,2,8.962,434.968,-173.938,16.673,445.975,38.27,

[2025-03-05 16:56:14] ,2,-8.504,461.925,-56.87,7.051,464.627,-11.706,

[2025-03-05 16:56:23] ,2,84.494,476.425,-165.466,25.373,491.782,82.439,

[2025-03-05 16:56:31] ,2,39.148,507.007,82.875,27.417,514.718,134.64,

[2025-03-05 16:56:39] ,3,48.046,407.748,11.535,10.424,488.944,84.703,

[2025-03-05 16:56:50] ,3,72.331,427.895,32.208,29.024,457.839,-45.266,

[2025-03-05 16:56:58] ,3,23.184,398.653,-73.374,-3.099,458.63,9.15,

[2025-03-05 16:57:07] ,4,55.436,469.808,58.195,65.578,492.968,-8.022,

[2025-03-05 16:57:18] ,1,31.833,430.684,77.8,39.412,449.468,16.082,

[2025-03-05 16:57:25] ,1,65.776,455.73,-61.631,45.014,468.384,2.511,

[2025-03-05 16:57:34] ,2,79.946,458.498,177.444,15.685,490.464,64.341,

[2025-03-05 16:57:43] ,3,-6.131,483.082,26.061,50.247,502.855,-77.347,

[2025-03-05 16:57:53] ,1,37.303,421.852,0,16.805,428.18,9.628,

[2025-03-05 16:58:01] ,3,-9.492,435.43,6.843,25.015,494.155,-41.54,

[2025-03-05 16:58:10] ,3,40.401,505.952,25.04,58.744,517.618,-55.039,

[2025-03-05 16:58:21] ,2,49.826,444.393,45,9.292,486.377,-140.001,

[2025-03-05 16:58:30] ,1,47.123,401.025,2.603,78.562,468.45,-9.211,

[2025-03-05 16:58:38] ,4,20.958,488.223,-39.677,12.455,511.225,-26.787,

[2025-03-05 16:58:50] ,1,20.167,431.212,-6.116,-7.186,517.157,77.583,

[2025-03-05 16:58:57] ,2,24.517,477.414,15.124,67.621,496.527,27.711,

[2025-03-05 16:59:05] ,3,3.228,464.43,6.798,25.208,496.593,-43.135,

[2025-03-05 16:59:17] ,2,7.117,499.23,-4.086,17.398,507.864,-151.39,

[2025-03-05 16:59:33] ,1,11.071,428.048,66.14,-5.011,428.509,-40.384,

[2025-03-05 16:59:41] ,1,27.087,436.748,17.956,9.687,443.207,49.616,

[2025-03-05 16:59:50] ,1,6.655,479.984,-23.003,53.78,492.177,-40.384,

[2025-03-05 16:59:59] ,1,28.208,493.364,-84.489,86.405,514.586,32.391,

[2025-03-05 17:00:08] ,2,-9.361,404.65,8.202,78.957,415.262,6.226,

[2025-03-05 17:00:18] ,2,29.394,418.03,41.379,22.276,458.3,125.48,

[2025-03-05 17:00:27] ,2,69.335,489.739,172.875,64.589,508.655,-58.426,

[2025-03-05 17:00:35] ,3,48.641,450.062,-75.044,86.801,462.123,15.789,

[2025-03-05 17:00:44] ,3,2.833,462.716,0,78.494,476.738,48.24,

[2025-03-05 17:00:53] ,4,39.28,437.737,-58.195,73.553,448.941,9.462,

[2025-03-05 17:01:04] ,2,67.753,435.496,79.192,2.964,444.327,-141.419,

[2025-03-05 17:01:11] ,2,64.26,485.323,170.287,49.892,488.816,149.816,

[2025-03-05 17:01:19] ,3,66.257,404.848,-54.372,40.857,505.372,50.925,

[2025-03-05 17:01:33] ,4,6.853,410.45,-1.909,60.786,466.341,-49.276,

[2025-03-05 17:01:42] ,4,19.837,397.928,60.446,63.996,486.773,58.69,

[2025-03-05 17:01:49] ,1,68.939,449.402,-90,39.939,500.811,-76.701,

[2025-03-05 17:01:57] ,1,21.551,460.277,71.25,5.337,506.611,-33.83,

[2025-03-05 17:02:07] ,1,20.43,436.616,-25.201,27.746,455.73,-90,

[2025-03-05 17:02:19] ,2,77.244,442.548,-7.125,61.228,452.105,164.124,

[2025-03-05 17:02:27] ,4,29.047,484.071,-38.894,83.69,501.471,65.333,

[2025-03-05 17:02:38] ,1,62.48,398.784,24.274,-5.208,473.064,-69.974,

[2025-03-05 17:02:52] ,1,13.773,401.289,-7.765,34.469,402.937,10.905,

[2025-03-05 17:03:00] ,1,62.348,405.178,-59.3,3.36,417.898,-3.576,

[2025-03-05 17:03:09] ,1,18.058,431.607,63.886,0.394,437.605,-19.552,

[2025-03-05 17:03:18] ,1,4.019,454.609,-84.536,56.417,482.159,52.524,

[2025-03-05 17:03:28] ,1,43.367,491.716,-32.005,1.514,497.977,-34.951,

[2025-03-05 17:03:36] ,1,25.176,513.334,54.345,43.169,515.575,-64.581,

[2025-03-05 17:03:45] ,2,-6.395,403.332,-77.082,45.542,418.096,45,

[2025-03-05 17:03:54] ,2,0.196,473.789,-18.911,72.301,491.782,161.887,

[2025-03-05 17:04:03] ,3,75.058,421.655,-37.405,60.531,449.257,85.456,

[2025-03-05 17:04:12] ,4,37.105,468.055,85.525,47.651,470.032,82.439,

[2025-03-05 17:04:24] ,1,7.117,479.852,-20.323,42.114,493.957,-51.814,

[2025-03-05 17:04:31] ,1,4.085,511.752,33.408,75.201,515.509,-39.872,

[2025-03-05 17:04:40] ,2,34.733,436.023,74.124,13.905,441.098,170.372,

[2025-03-05 17:04:49] ,2,42.905,461.53,-115.894,-6.658,467.659,134.284,

[2025-03-05 17:04:58] ,3,78.717,456.059,-56.416,83.26,481.237,-52.292,

[2025-03-05 17:05:08] ,1,53.517,403.859,-51.9,65.71,438.396,-31.31,

[2025-03-05 17:05:16] ,1,2.964,464.496,-39.359,76.453,485.916,52.927,

[2025-03-05 17:05:27] ,2,15.883,463.705,-65.886,42.839,473.723,50.323,

[2025-03-05 17:05:35] ,2,62.678,495.407,76.584,-3.758,496.33,48.2,

[2025-03-05 17:05:45] ,1,27.351,406.957,-72.372,15.421,440.637,-52.524,

[2025-03-05 17:05:54] ,2,85.614,436.682,29.554,8.764,502.789,104.407,

[2025-03-05 17:06:03] ,3,55.692,469.175,-4.544,54.968,507.144,46.621,

[2025-03-05 17:06:13] ,1,60.371,473.855,-51.103,9.753,503.25,66.602,

[2025-03-05 17:06:30] ,1,28.208,405.837,45.36,61.953,446.239,-5.102,

[2025-03-05 17:06:38] ,1,23.792,451.446,-83.55,43.762,516.3,14.407,

[2025-03-05 17:06:47] ,2,-9.954,406.759,46.45,-0.726,414.273,63.208,

[2025-03-05 17:06:58] ,2,31.898,422.446,-66.602,71.707,431.541,-131.76,

[2025-03-05 17:07:06] ,2,47.651,441.691,-51.419,55.428,474.184,-17.956,

[2025-03-05 17:07:14] ,3,73.601,479.127,-88.862,63.304,493.007,62.755,

[2025-03-05 17:07:23] ,3,21.056,499.164,-30.446,61.162,515.717,35.493,

[2025-03-05 17:07:33] ,1,18.651,416.316,-85.95,47.058,449.93,40.711,

[2025-03-05 17:07:41] ,1,5.469,488.091,-6.563,3.623,503.382,85.446,

[2025-03-05 17:07:51] ,1,24.253,506.546,76.209,56.417,507.336,52.524,

[2025-03-05 17:08:00] ,2,55.362,422.577,-100.808,68.61,432.134,152.978,

[2025-03-05 17:08:09] ,2,13.312,446.568,-166.817,35.523,465.418,158.106,

[2025-03-05 17:08:17] ,3,37.603,399.87,63.263,34.261,438.527,-64.96,

[2025-03-05 17:08:26] ,3,21.571,478.732,-69.664,54.703,486.246,4.953,

[2025-03-05 17:08:37] ,1,4.81,425.148,50.389,10.676,438.264,-33.968,

[2025-03-05 17:08:45] ,2,43.037,431.146,26.792,79.419,436.55,-163.843,

[2025-03-05 17:08:54] ,2,-10.679,444.064,-176.961,6.458,449.732,135.356,

[2025-03-05 17:09:02] ,2,79.353,464.562,176.934,53.451,517.289,141.9,

[2025-03-05 17:09:12] ,2,79.485,437.143,-135,81.001,469.439,-36.666,

[2025-03-05 17:09:20] ,2,45.146,471.218,-12.693,75.926,500.086,-104.036,

[2025-03-05 17:09:28] ,3,18.848,436.089,21.801,9.094,459.618,21.871,

[2025-03-05 17:09:39] ,3,-4.258,469.058,40.764,36.021,489.805,-78.247,

[2025-03-05 17:09:55] ,1,74.542,411.768,-33.261,52.792,420.798,-51.814,

[2025-03-05 17:10:03] ,1,-0.661,427.521,-84.898,3.426,456.257,2.01,

[2025-03-05 17:10:12] ,1,21.287,486.114,-78.495,-1.649,516.893,-55.465,

[2025-03-05 17:10:21] ,2,21.089,498.109,-61.189,76.387,514.784,67.816,

[2025-03-05 17:10:30] ,3,-6.097,402.937,-42.558,10.949,407.616,-81.545,

[2025-03-05 17:10:40] ,1,25.901,403.332,12.918,42.971,410.318,73.009,

[2025-03-05 17:10:48] ,1,-9.954,434.771,-60.505,30.185,447.821,78.887,

[2025-03-05 17:10:58] ,1,55.56,468.252,73.918,65.314,475.239,70.448,

[2025-03-05 17:11:06] ,1,59.317,491.386,83.379,-2.045,506.282,-36.363,

[2025-03-05 17:11:15] ,2,-9.361,415.13,-16.504,8.435,440.768,98.631,

[2025-03-05 17:11:26] ,1,20.496,402.739,71.405,-4.351,434.243,-32.005,

[2025-03-05 17:11:34] ,1,82.582,445.25,51.419,6.194,461.793,-28.369,

[2025-03-05 17:11:43] ,1,87.855,484.268,-86.392,65.578,494.484,-79.786,

[2025-03-05 17:11:52] ,2,-10.613,404.189,109.895,12.587,416.646,151.837,

[2025-03-05 17:12:00] ,2,6.523,427.257,156.602,44.092,453.423,-48.576,

[2025-03-05 17:12:09] ,2,20.562,480.973,28.131,44.817,500.548,2.045,

[2025-03-05 17:12:17] ,3,29.949,416.514,-44.459,56.746,440.834,-2.275,

[2025-03-05 17:12:26] ,3,18.378,442.486,89.621,-10.166,463.901,30.12,

[2025-03-05 17:12:35] ,4,85.878,493.43,12.417,87.545,509.085,0,

[2025-03-05 17:12:45] ,2,0.987,422.446,-120.44,55.098,464.298,-117.013,

[2025-03-05 17:12:52] ,2,32.887,490.266,-79.786,10.808,512.28,-175.914,

[2025-03-05 17:13:02] ,2,14.828,397.268,-116.333,83.571,473.327,154.581,

[2025-03-05 17:13:10] ,3,71.373,413.614,51.821,5.667,512.543,10.713,

[2025-03-05 17:13:20] ,1,46.135,440.109,-72.044,-8.636,480.841,37.171,

[2025-03-05 17:13:31] ,2,-7.054,451.643,62.758,61.162,490.464,134.64,

[2025-03-05 17:13:46] ,1,46.662,401.487,-19.895,34.601,426.071,-41.091,

[2025-03-05 17:13:54] ,1,81.067,432.925,-19.722,25.637,437.209,-22.27,

[2025-03-05 17:14:03] ,1,11.335,445.118,-51.73,75.596,454.741,-20.026,

[2025-03-05 17:14:12] ,2,25.703,411.966,123.408,50.551,426.993,-38.897,

[2025-03-05 17:14:22] ,2,58.46,472.471,90,82.385,486.707,-99.293,

[2025-03-05 17:14:30] ,3,13.192,397.557,34.114,33.546,458.959,-7.172,

[2025-03-05 17:14:39] ,4,36.973,471.482,-5.464,13.708,474.909,-29.683,

[2025-03-05 17:14:50] ,2,81.66,407.155,30.069,62.546,446.371,-109.552,

[2025-03-05 17:14:57] ,2,50.946,496.396,-112.27,76.848,497.318,-180,

[2025-03-05 17:15:07] ,1,63.535,399.839,-31.675,65.117,445.316,45,

[2025-03-05 17:15:14] ,1,48.639,464.957,15.255,5.535,494.88,-37.875,

[2025-03-05 17:15:24] ,3,55.485,423.105,-37.174,22.226,460.595,42.879,

[2025-03-05 17:15:34] ,1,-10.547,480.841,0,73.026,508.852,52.927,

[2025-03-05 17:15:44] ,2,42.773,434.046,154.12,13.246,492.507,-97.063,

[2025-03-05 17:16:00] ,1,55.362,397.071,-43.531,-3.824,405.309,84.391,

[2025-03-05 17:16:08] ,1,80.276,408.209,12.642,8.237,413.68,62.289,

[2025-03-05 17:16:17] ,1,44.421,426.664,-11.211,6.523,509.907,-43.933,

[2025-03-05 17:16:26] ,2,69.598,427.85,7.189,41.851,453.225,-148.95,

[2025-03-05 17:16:35] ,2,-8.57,456.191,-158.199,69.862,474.382,65.681,

[2025-03-05 17:16:43] ,2,56.417,482.027,-146.87,54.637,495.011,-103.183,

[2025-03-05 17:16:51] ,3,8.896,446.041,-1.897,-3.195,469.109,-60.909,

[2025-03-05 17:17:00] ,3,85.928,492.375,-73.153,16.836,502.942,40.192,

[2025-03-05 17:17:09] ,3,65.008,512.807,-56.626,-10.854,516.564,-31.884,

[2025-03-05 17:17:20] ,1,31.239,430.157,68.385,44.817,432.332,28.61,

[2025-03-05 17:17:28] ,1,-1.451,460.805,40.384,-2.242,483.543,2.01,

[2025-03-05 17:17:37] ,1,-4.615,504.964,55.337,24.121,506.875,-12.308,

[2025-03-05 17:17:46] ,2,29.658,416.184,-109.722,-6.856,444.921,113.86,

[2025-03-05 17:17:55] ,3,18.182,439.713,36.416,20.665,468.78,-61.091,

[2025-03-05 17:18:07] ,1,18.321,427.652,-8.13,7.314,486.114,30.793,

[2025-03-05 17:18:15] ,3,11.96,466.341,-43.152,62.491,474.975,-33.69,

[2025-03-05 17:18:24] ,3,74.048,513.532,-42.558,48.111,516.135,76.891,

[2025-03-05 17:18:35] ,1,-4.945,451.05,12.693,40.203,483.873,35.362,

[2025-03-05 17:18:43] ,2,79.946,433.716,101.411,30.317,459.948,-148.523,

[2025-03-05 17:18:52] ,3,48.239,421.38,52.595,77.021,483.609,-72.168,

[2025-03-05 17:19:02] ,1,20.694,480.512,-14.036,-9.229,488.684,7.125,

[2025-03-05 17:19:11] ,2,4.744,415.525,135,66.501,517.025,-98.202,

[2025-03-05 17:19:20] ,3,-0.894,402.212,-30.7,-4.813,460.673,26.061,

[2025-03-05 17:19:30] ,2,-1.254,435.496,147.295,1.976,490.266,-166.701,

[2025-03-05 17:19:40] ,3,8.039,476.557,3.013,27.164,517.223,-81.601,

[2025-03-05 17:19:49] ,1,66.171,482.752,-80.87,0.723,499.296,72.198,

[2025-03-05 17:20:05] ,1,10.346,405.112,82.811,39.676,420.864,-65.26,

[2025-03-05 17:20:14] ,1,86.01,452.896,-52.214,41.587,460.146,-85.525,

[2025-03-05 17:20:23] ,1,40.598,475.371,-7.001,46.398,512.411,-77.692,

[2025-03-05 17:20:32] ,1,82.253,514.718,9.377,63.073,517.552,40.326,

[2025-03-05 17:20:41] ,2,58.526,397.071,-37.694,58.064,420.403,-113.131,

[2025-03-05 17:20:49] ,2,64.128,442.284,-46.081,54.176,467.198,-170.87,

[2025-03-05 17:20:58] ,2,5.667,475.502,120.114,27.944,484.73,143.531,

[2025-03-05 17:21:06] ,3,45.014,408.539,23.651,77.54,425.214,-42.818,

[2025-03-05 17:21:16] ,2,80.21,405.309,25.396,73.421,471.614,-39.611,

[2025-03-05 17:21:26] ,1,57.735,459.223,-5.057,27.021,508.127,-18.595,

[2025-03-05 17:21:34] ,2,-1.715,423.302,47.862,62.48,481.566,-39.289,

[2025-03-05 17:21:45] ,3,27.285,423.302,19.398,1.473,450.45,61.42,

[2025-03-05 17:21:55] ,3,50.748,450.062,9.834,15.404,472.009,-63.602,

[2025-03-05 17:22:04] ,2,20.694,427.652,-40.711,45.212,460.673,-82.504,

[2025-03-05 17:22:12] ,3,29.89,461.005,79.058,43.593,508.984,-58.643,

[2025-03-05 17:22:22] ,2,-6.065,399.905,26.796,-0.133,463.441,41.8,

[2025-03-05 17:22:30] ,2,22.473,484.532,-83.437,22.605,504.568,-48.576,

[2025-03-05 17:22:41] ,2,62.414,417.7,101.915,80.144,484.005,-60.698,

[2025-03-05 17:22:52] ,3,8.969,472.734,-34.315,-10.737,492.046,-34.216,

[2025-03-05 17:23:07] ,1,5.271,418.162,-11.31,48.178,436.682,-25.442,

[2025-03-05 17:23:15] ,1,39.017,453.291,0,46.926,500.35,-27.242,

[2025-03-05 17:23:24] ,2,42.773,400.498,-12.022,18.848,427.652,-14.281,

[2025-03-05 17:23:33] ,2,82.385,454.873,158.199,-3.495,470.427,-94.475,

[2025-03-05 17:23:42] ,3,50,420.458,31.03,75.288,428.281,33.056,

[2025-03-05 17:23:52] ,1,28.076,438,29.495,44.355,438.659,33.551,

[2025-03-05 17:24:00] ,1,7.314,444.064,-6.563,24.121,457.377,0,

[2025-03-05 17:24:09] ,1,-10.283,491.452,-62.987,48.046,496.923,24.528,

[2025-03-05 17:24:18] ,1,41.719,508.984,-65.934,64.523,513.598,81.798,

[2025-03-05 17:24:27] ,2,23.792,414.141,171.293,57.339,434.639,-166.701,

[2025-03-05 17:24:36] ,2,73.817,455.598,84.898,70.06,471.284,-159.8,

[2025-03-05 17:24:45] ,3,12.192,430.75,23.694,-9.163,453.621,13.761,

[2025-03-05 17:24:53] ,3,46.34,477.018,-86.211,3.689,508.259,19.756,

[2025-03-05 17:25:04] ,1,54.044,470.493,54.926,43.96,496.593,-8.631,

[2025-03-05 17:25:12] ,2,12.258,415.921,-153.435,-3.033,419.48,-122.005,

[2025-03-05 17:25:21] ,2,10.676,450.457,-45,22.408,499.493,0,

[2025-03-05 17:25:30] ,1,53.253,458.234,-4.014,40.269,518.475,-41.76,

[2025-03-05 17:25:39] ,3,50.562,411.135,87.694,15.223,491.189,0,

[2025-03-05 17:25:50] ,1,73.421,513.796,-31.405,35.853,518.739,29.745,

[2025-03-05 17:25:58] ,2,70.917,448.941,14.407,-0.067,494.748,91.014,

[2025-03-05 17:26:08] ,1,23.198,407.748,73.496,-2.176,454.016,76.817,

[2025-03-05 17:26:19] ,1,23.001,429.432,2.534,22.671,463.441,3.979,

[2025-03-05 17:26:34] ,1,86.01,423.5,22.659,56.153,431.541,-40.384,

[2025-03-05 17:26:42] ,1,70.126,432.332,17.628,74.08,455.73,-40.711,

[2025-03-05 17:26:51] ,2,47.98,399.048,54.583,83.901,445.118,-174.341,

[2025-03-05 17:27:00] ,2,52.33,457.509,16.361,43.103,487.432,-86.486,

[2025-03-05 17:27:09] ,3,63.488,470.164,-86.967,-8.874,487.63,-57.355,

[2025-03-05 17:27:19] ,1,6.458,426.334,7.125,76.914,451.248,-37.476,

[2025-03-05 17:27:28] ,1,70.257,479.391,56.17,-0.067,492.046,87.466,

[2025-03-05 17:27:37] ,2,66.698,399.048,108.104,64.062,466.539,-133.568,

[2025-03-05 17:27:45] ,3,13.397,400.432,-49.65,24.775,421.592,36.111,

[2025-03-05 17:27:54] ,3,61.653,502.196,-30.833,77.112,515.905,-80.727,

[2025-03-05 17:28:05] ,1,10.873,447.293,-21.146,60.239,490.727,74.261,

[2025-03-05 17:28:13] ,2,78.694,448.348,168.69,11.994,473.196,158.569,

[2025-03-05 17:28:22] ,2,-3.165,484.268,-127.476,8.369,489.277,29.055,

[2025-03-05 17:28:30] ,3,3.294,423.566,-16.991,40.59,473.921,-37.02,

[2025-03-05 17:28:41] ,1,4.48,407.089,50.064,66.962,466.605,-53.936,

[2025-03-05 17:28:50] ,2,-7.779,459.487,-41.042,23.396,463.243,-81.941,

[2025-03-05 17:29:00] ,2,10.412,491.189,-50.711,70.192,503.25,173.32,

[2025-03-05 17:29:11] ,1,-5.604,438.791,29.055,47.321,513.73,37.073,

[2025-03-05 17:29:19] ,3,51.197,416.327,83.491,20.101,456.257,-17.601,

[2025-03-05 17:29:37] ,2,32.755,455.598,-36.87,71.51,509.577,93.608,

[2025-03-05 17:29:45] ,3,42.444,443.141,20.468,81.66,452.698,15.422,

