[2025-06-11 08:25:07] ,1,16.326,405.784,38.501,23.642,427.007,35.242,

[2025-06-11 08:28:06] ,1,16.326,406.114,42.479,23.642,426.941,34.951,

[2025-06-11 08:30:05] ,1,16.787,406.641,50.782,23.839,427.007,34.249,

[2025-06-11 08:32:56] ,1,16.787,406.641,50.782,23.839,427.007,34.249,

[2025-06-11 08:33:04] ,1,16.787,406.641,50.782,23.839,426.941,34.535,

[2025-06-11 08:33:12] ,1,16.787,406.641,50.782,23.839,427.007,34.249,

[2025-06-11 08:33:22] ,1,16.787,406.641,50.782,23.839,426.941,34.535,

[2025-06-11 08:33:30] ,1,16.787,406.641,50.782,23.773,427.007,33.83,

[2025-06-11 08:33:37] ,1,16.787,406.641,50.782,23.839,427.007,34.249,

[2025-06-11 08:40:12] ,1,-9.972,426.216,-56.31,18.698,432.939,75.466,

[2025-06-11 08:40:18] ,1,-9.972,426.216,-56.31,18.633,432.939,75.593,

[2025-06-11 08:40:23] ,1,-9.972,426.216,-56.31,18.698,432.939,75.466,

[2025-06-11 08:40:29] ,1,-10.038,426.216,-56.592,18.633,432.939,75.593,

[2025-06-11 08:40:34] ,1,-9.972,426.216,-56.31,18.633,432.873,75.101,

[2025-06-11 08:40:40] ,1,-9.972,426.216,-56.31,18.633,432.939,75.593,

[2025-06-11 08:40:46] ,1,-9.972,426.216,-56.31,18.633,432.873,75.101,

[2025-06-11 08:40:51] ,1,-9.972,426.216,-56.31,18.633,432.873,75.101,

[2025-06-11 08:40:57] ,1,-9.972,426.216,-56.31,18.698,432.939,75.466,

[2025-06-11 08:41:02] ,1,-9.972,426.216,-56.31,18.633,432.939,75.593,

[2025-06-11 08:41:08] ,1,-9.972,426.216,-56.31,18.633,432.873,75.101,

[2025-06-11 08:41:14] ,1,-9.972,426.216,-56.31,18.633,432.873,75.101,

[2025-06-11 08:41:19] ,1,-9.972,426.216,-56.31,18.633,432.873,75.101,

[2025-06-11 08:41:25] ,1,-9.972,426.216,-56.31,18.698,432.873,74.97,

[2025-06-11 08:41:30] ,1,-9.972,426.216,-56.31,18.633,432.939,75.593,

[2025-06-11 08:41:36] ,1,-9.972,426.216,-56.31,18.698,432.939,75.466,

[2025-06-11 08:41:42] ,1,-9.972,426.216,-56.31,18.633,432.873,75.101,

[2025-06-11 08:41:47] ,1,-9.972,426.216,-56.31,18.698,432.939,75.466,

[2025-06-11 08:41:53] ,1,-10.038,426.216,-56.592,18.698,432.939,75.466,

[2025-06-11 08:46:46] ,1,-11.026,426.612,-56.31,18.764,433.137,75.101,

[2025-06-11 08:47:59] ,4,-8.126,405.389,-21.224,-10.961,426.546,33.546,

[2025-06-11 08:48:32] ,4,-8.126,405.323,-20.739,-10.961,426.414,32.981,

[2025-06-11 08:50:03] ,1,18.698,433.137,74.97,20.148,477.032,9.211,

[2025-06-11 08:50:08] ,1,18.698,433.137,74.97,20.148,477.032,9.211,

[2025-06-11 08:50:17] ,4,-8.126,405.323,-20.739,-10.961,426.48,32.55,

[2025-06-11 08:50:29] ,4,18.009,449.95,-62.393,79.005,452.316,3.094,

[2025-06-11 08:50:38] ,4,17.951,449.841,-62.176,81.642,465.168,-71.565,

[2025-06-11 08:50:47] ,4,17.866,450.007,-62.808,28.651,505.768,-59.036,

[2025-06-11 08:50:56] ,4,61.173,508.256,84.237,74.62,514.704,-53.775,

[2025-06-11 08:51:07] ,1,20.412,450.405,-64.341,16.589,478.416,22.932,

[2025-06-11 08:51:16] ,4,13.426,425.821,18.759,33.396,496.541,-13.912,

[2025-06-11 08:51:28] ,4,-3.906,515.975,-75.71,19.529,518.603,1.051,

[2025-06-11 08:57:45] ,4,22.335,400.512,6.226,-7.522,428.325,71.727,

[2025-06-11 08:59:44] ,4,22.269,400.512,6.17,-7.522,428.325,71.727,

[2025-06-11 09:03:45] ,4,-7.456,428.325,71.241,84.026,442.364,28.405,

[2025-06-11 09:03:54] ,4,22.335,400.512,6.226,56.739,487.841,2.556,

[2025-06-11 09:04:04] ,4,36.242,478.614,41.424,55.026,507.943,-53.13,

[2025-06-11 09:04:14] ,4,64.489,508.916,16.949,13.701,513.414,30.44,

[2025-06-11 09:04:24] ,4,-6.204,498.452,33.69,2.364,516.481,90,

[2025-06-11 09:05:37] ,4,43.755,457.193,41.042,7.703,462.334,61.631,

[2025-06-11 09:05:53] ,4,43.755,457.193,41.042,7.703,462.334,61.631,

[2025-06-11 09:15:44] ,4,43.755,457.259,40.657,6.78,462.862,58.861,

[2025-06-11 09:16:00] ,1,8.23,400.907,-32.55,6.78,462.796,-30.877,

[2025-06-11 09:26:16] ,1,8.56,401.237,-31.842,6.319,463.323,-31.31,

[2025-06-11 09:27:39] ,1,8.494,401.237,-31.405,6.319,463.323,-31.31,

[2025-06-11 09:27:47] ,2,49.094,407.037,5.148,43.558,457.391,-48.909,

[2025-06-11 09:28:01] ,1,-11.147,508.932,-23.131,33.144,513.15,-75.964,

[2025-06-11 09:28:13] ,2,32.089,402.884,-170.707,-0.008,433.598,-97.189,

[2025-06-11 09:28:27] ,4,45.535,495.75,31.574,19.501,501.748,34.789,

[2025-06-11 09:28:54] ,1,12.976,484.414,82.372,2.233,500.232,-37.786,

[2025-06-11 09:29:02] ,4,75.26,463.059,-66.4,5.198,518.291,-58.595,

[2025-06-11 09:33:52] ,1,16.93,420.812,42.138,85.739,431.687,-66.194,

[2025-06-11 09:34:28] ,1,16.93,420.812,42.138,85.739,431.621,-66.666,

[2025-06-11 09:34:36] ,2,39.208,430.171,-175.914,75.26,463.125,-155.26,

[2025-06-11 09:34:48] ,2,11.921,464.377,-45.36,15.348,502.934,36.254,

[2025-06-11 09:35:31] ,2,10.855,464.443,-45.356,14.414,502.934,36.666,

[2025-06-11 09:36:55] ,1,5.517,409.409,65.26,6.439,447.571,54.345,

[2025-06-11 09:37:04] ,2,16.721,463.916,-8.13,14.348,502.934,36.254,

[2025-06-11 09:37:21] ,1,6.703,427.139,71.241,54.948,483.623,-85.406,

[2025-06-11 09:39:32] ,1,9.209,421.866,-78.69,28.323,452.909,53.936,

[2025-06-11 09:40:03] ,1,9.209,421.866,-78.69,65.891,452.382,-52.524,

[2025-06-11 09:40:57] ,1,9.209,421.866,-78.69,65.891,452.316,-52.927,

[2025-06-11 09:41:17] ,1,9.209,421.866,-78.69,65.825,452.382,-52.214,

[2025-06-11 10:04:31] ,1,9.473,421.998,-79.875,66.22,452.646,-47.148,

[2025-06-11 10:06:28] ,1,9.473,421.998,-79.875,66.22,452.646,-47.148,

[2025-06-11 10:06:34] ,1,28.389,452.975,49.616,47.568,491.532,30.877,

[2025-06-11 10:06:43] ,2,-6.609,415.407,68.009,5.321,447.307,40.326,

[2025-06-11 10:06:53] ,1,11.318,411.453,-38.501,25.423,434.323,62.978,

[2025-06-11 10:07:06] ,2,30.761,414.418,162.86,73.998,468.068,135,

[2025-06-11 10:07:22] ,1,13.823,415.275,64.799,38.011,445.066,-37.476,

[2025-06-11 10:07:30] ,1,57.125,451.525,37.476,73.536,460.423,-16.65,

[2025-06-11 10:07:46] ,1,40.714,438.409,58.426,-3.116,462.73,-48.2,

[2025-06-11 10:07:54] ,2,49.809,456.666,147.144,9.736,479.339,23.86,

[2025-06-11 10:08:04] ,1,8.814,426.282,79.192,53.171,482.239,-79.786,

[2025-06-11 10:08:14] ,2,27.202,411.716,-55.465,39,423.382,170.789,

[2025-06-11 10:08:24] ,4,84.741,471.627,-74.338,3.277,509.591,51.18,

[2025-06-11 10:08:32] ,1,13.296,449.021,-29.249,-12.475,509.855,40.657,

[2025-06-11 10:08:43] ,1,34.123,441.375,-36.469,29.575,486.457,-17.956,

[2025-06-11 10:08:58] ,1,30.366,452.25,13.671,27.005,516.577,-66.194,

[2025-06-11 10:09:06] ,2,-2.457,445.923,60.945,11.384,459.632,129.999,

[2025-06-11 10:09:15] ,2,4.925,470.705,-15.876,31.025,473.275,90,

[2025-06-11 10:09:24] ,2,28.059,406.971,33.977,24.698,480.921,87.973,

[2025-06-11 10:09:33] ,1,51.984,449.218,-19.075,46.448,490.807,65.934,

[2025-06-11 10:09:42] ,2,0.575,467.343,-92.027,67.605,491.598,161.241,

[2025-06-11 10:09:58] ,1,69.714,427.666,-4.086,30.168,468.793,-4.014,

[2025-06-11 10:10:07] ,2,34.255,416.198,-11.31,17.58,484.941,158.671,

[2025-06-11 10:10:15] ,4,40.977,400.578,90,-12.673,519.016,76.464,

[2025-06-11 10:11:24] ,1,-10.498,507.614,-63.208,14.218,508.668,-88.466,

[2025-06-11 10:11:31] ,2,35.309,424.502,-73.496,69.648,466.421,3.576,

[2025-06-11 10:11:39] ,2,30.959,470.837,-41.8,65.034,480.064,112.659,

[2025-06-11 10:11:48] ,2,40.45,450.866,28.369,-2.061,498.98,168.19,

[2025-06-11 10:11:57] ,2,-5.093,457.655,52.214,46.514,483.03,-56.592,

[2025-06-11 10:12:12] ,1,52.182,483.293,-1.023,-11.552,487.116,-6.621,

[2025-06-11 10:12:23] ,2,82.105,442.034,134.275,36.693,462.862,171.369,

[2025-06-11 10:12:33] ,1,1.102,476.373,26.792,19.293,499.968,-22.27,

[2025-06-11 10:12:48] ,1,7.43,414.946,81.293,-8.718,456.073,69.8,

[2025-06-11 10:12:59] ,2,24.105,419.757,-169.695,33.332,496.211,-129.289,

[2025-06-11 10:13:07] ,4,33.925,438.871,28.61,63.255,510.448,76.464,

[2025-06-11 10:13:25] ,1,23.775,482.568,69.974,-8.85,485.337,-65.681,

[2025-06-11 10:13:33] ,2,38.539,484.282,34.951,55.543,515.984,-72.058,

[2025-06-11 10:13:51] ,2,4.332,487.577,-165.593,39.527,490.477,-177.973,

[2025-06-11 10:14:02] ,4,-9.793,432.846,-87.374,-1.798,505.571,15.662,

[2025-06-11 10:15:44] ,1,45.855,459.5,-22.736,82.698,489.818,73.843,

[2025-06-11 10:15:50] ,2,63.65,443.221,-90,1.432,469.189,124.249,

[2025-06-11 10:15:58] ,1,56.334,447.505,11.706,62.002,475.714,71.887,

[2025-06-11 10:16:14] ,1,-3.445,440.057,-1.023,30.234,456.6,82.439,

[2025-06-11 10:16:22] ,2,56.532,435.707,-90,13.23,448.296,-144.23,

[2025-06-11 10:16:32] ,1,-3.643,507.811,-72.372,26.807,513.216,51.18,

[2025-06-11 10:16:40] ,2,46.777,432.346,136.081,54.686,469.189,-180,

[2025-06-11 10:16:56] ,1,6.836,424.568,-14.407,-4.895,441.375,10.305,

[2025-06-11 10:17:03] ,2,38.473,403.609,-147.724,13.691,410.793,-104.534,

[2025-06-11 10:18:45] ,2,-10.366,405.596,59.56,-4.763,416.998,38.501,

[2025-06-11 10:18:51] ,2,-10.366,405.596,59.56,-4.763,416.998,38.501,

[2025-06-11 10:20:41] ,1,35.177,417.418,-12.308,44.339,439.234,60.945,

[2025-06-11 10:20:46] ,1,35.243,417.418,-11.81,44.339,439.234,60.945,

[2025-06-11 10:20:53] ,1,70.109,467.443,-73.009,0.048,468.893,-20.026,

[2025-06-11 10:21:01] ,2,22.127,419,74.476,-5.884,430.204,150.698,

[2025-06-11 10:21:09] ,2,22.193,437.982,41.76,54.027,455.25,-10.125,

[2025-06-11 10:21:17] ,2,39.659,458.875,-170.789,26.148,465.532,-151.189,

[2025-06-11 10:21:25] ,2,51.061,480.954,27.924,7.496,485.964,178.977,

[2025-06-11 10:21:34] ,1,14.086,456.041,49.289,22.655,485.634,-76.209,

[2025-06-11 10:21:42] ,1,37.88,499.673,-46.081,31.223,515.029,67.537,

[2025-06-11 10:21:51] ,2,73.734,411.552,122.391,-11.75,426.448,119.302,

[2025-06-11 10:23:42] ,4,-11.618,39.579,118.811,2.223,124.602,-6.062,

[2025-06-11 10:24:01] ,2,73.866,24.552,122.391,-11.618,39.645,118.856,

[2025-06-11 10:31:01] ,1,1.827,400.441,-7.253,28.257,415.798,8.707,

[2025-06-11 10:31:35] ,1,1.827,400.441,-7.253,28.257,415.798,8.707,

[2025-06-11 10:31:42] ,1,54.555,436.823,11.31,73.866,500.886,-82.811,

[2025-06-11 10:31:50] ,2,16.327,411.184,171.798,23.05,432.934,138.958,

[2025-06-11 10:31:58] ,2,3.146,439.195,62.526,50.271,464.504,162.044,

[2025-06-11 10:32:08] ,1,43.218,411.843,-27.711,64.046,487.441,1.023,

[2025-06-11 10:32:15] ,1,75.909,506.554,-66.666,-11.025,511.498,24.015,

[2025-06-11 10:32:24] ,2,79.534,477.027,81.798,29.971,488.429,42.173,

[2025-06-11 10:32:32] ,2,44.207,488.627,169.192,20.875,498.052,111.329,

[2025-06-11 10:32:41] ,1,1.761,421.664,-24.74,12.307,452.048,3.545,

[2025-06-11 10:32:49] ,2,-3.182,404.395,171.724,64.177,481.377,-90,

[2025-06-11 10:32:59] ,2,30.761,406.57,80.112,20.282,433,62.526,

[2025-06-11 10:33:06] ,4,85.082,509.718,25.622,11.582,515.979,-9.8,

[2025-06-11 10:33:17] ,1,-10.3,457.782,3.013,72.614,461.802,18.595,

[2025-06-11 10:33:31] ,1,43.877,495.745,-25.201,14.152,502.798,21.329,

[2025-06-11 10:33:39] ,2,57.586,460.286,90,-0.941,461.341,-47.862,

[2025-06-11 10:33:54] ,4,23.907,431.089,-8.707,-12.936,506.291,76.464,

[2025-06-11 10:34:10] ,2,18.436,414.677,-87.955,21.732,459.627,42.138,

[2025-06-11 10:34:23] ,2,-5.884,472.282,-85.95,30.761,501.743,-45,

[2025-06-11 10:34:31] ,2,37.682,486.782,0,9.143,508.861,78.085,

[2025-06-11 10:34:46] ,1,12.571,418.632,4.594,33.2,424.629,-84.391,

[2025-06-11 10:34:53] ,1,58.114,444.073,-46.432,76.173,479.4,-24.274,

[2025-06-11 10:35:03] ,1,-10.893,409.273,-18.273,63.452,462.066,-39.999,

[2025-06-11 10:35:11] ,1,11.45,476.698,-74.261,49.15,484.739,-64.341,

[2025-06-11 10:35:19] ,2,29.246,429.639,-155.934,17.646,468.459,114.775,

[2025-06-11 10:35:35] ,2,47.305,458.639,141.814,24.764,466.086,0,

[2025-06-11 10:35:44] ,2,-1.929,438.932,-148.426,29.575,508.136,-51.18,

[2025-06-11 10:35:55] ,1,0.641,473.468,47.862,49.941,487.441,-33.408,

[2025-06-11 10:36:06] ,2,-6.345,442.425,-110.2,70.373,509.718,132.064,

[2025-06-11 10:36:21] ,2,-5.488,480.257,-36.363,11.45,499.238,-45.36,

[2025-06-11 10:36:28] ,1,74.723,484.409,63.435,57.784,484.936,-77.8,

[2025-06-11 10:36:44] ,1,63.848,456.727,-86.961,71.955,472.809,-1.023,

[2025-06-11 10:36:52] ,2,27.466,464.702,5.56,45.459,488.693,-166.584,

[2025-06-11 10:37:09] ,1,-11.42,432.011,28.163,-10.036,462.198,-5.057,

[2025-06-11 10:37:16] ,1,67.275,473.468,-4.594,-3.379,479.532,-79.786,

[2025-06-11 10:37:25] ,1,45.657,517.034,0.516,-5.225,518.484,16.157,

[2025-06-11 10:37:33] ,2,12.439,398.53,128.418,78.414,479.202,23.131,

[2025-06-11 10:37:43] ,2,-11.684,489.682,-127.381,16.064,491.988,56.17,

[2025-06-11 10:37:59] ,1,37.352,423.377,76.584,1.696,472.282,60.751,

[2025-06-11 10:38:17] ,2,67.868,430.957,141.814,17.316,466.152,148.69,

[2025-06-11 10:38:25] ,2,49.414,469.843,-180,8.089,474.918,8.631,

[2025-06-11 10:38:33] ,2,44.998,482.695,-55.465,34.98,502.6,-36.666,

[2025-06-11 10:38:40] ,4,81.577,430.1,73.202,67.473,494.888,-26.105,

[2025-06-11 10:38:49] ,1,28.718,407.427,-14.534,54.818,431.748,-21.801,

[2025-06-11 10:38:56] ,1,53.434,448.95,16.015,-2.852,484.343,-34.951,

[2025-06-11 10:39:06] ,2,61.211,498.711,-45,-10.036,509.982,-23.334,

[2025-06-11 10:39:15] ,4,74.121,412.699,19.759,-4.566,510.575,-44.265,

[2025-06-11 10:39:32] ,1,17.25,431.616,-52.524,11.121,511.432,19.242,

[2025-06-11 10:39:39] ,2,81.775,407.032,167.758,23.643,420.411,126.363,

[2025-06-11 10:39:47] ,2,49.216,463.054,-100.214,8.089,488.364,-158.484,

[2025-06-11 10:39:55] ,4,-0.348,432.143,81.293,71.164,502.995,0,

[2025-06-11 10:40:05] ,1,21.402,409.207,65.045,11.055,447.829,-18.595,

[2025-06-11 10:40:19] ,1,25.159,496.273,-32.005,26.411,513.87,39.999,

[2025-06-11 10:40:27] ,2,50.139,415.534,-69.624,0.707,431.484,-142.214,

[2025-06-11 10:40:35] ,2,54.95,446.05,68.009,49.414,463.977,122.005,

[2025-06-11 10:40:44] ,2,31.684,470.37,78.294,1.498,489.616,7.696,

[2025-06-11 10:40:52] ,2,68.857,500.095,-39.542,-1.6,506.752,174.852,

[2025-06-11 10:41:03] ,2,29.773,456.793,-78.395,54.423,458.111,145.465,

[2025-06-11 10:41:10] ,2,52.38,492.12,122.705,59.959,510.773,-117.951,

[2025-06-11 10:41:20] ,1,55.477,406.043,-88.438,4.53,475.445,-21.146,

[2025-06-11 10:41:35] ,1,15.339,416.127,51.814,45.525,440.645,54.638,

[2025-06-11 10:41:43] ,1,72.482,455.936,38.501,51.721,456.793,34.951,

[2025-06-11 10:41:51] ,2,49.677,495.745,-88.977,20.48,507.082,-139.674,

[2025-06-11 10:42:02] ,1,35.968,413.623,-34.824,-7.334,476.895,13.791,

[2025-06-11 10:42:10] ,2,75.382,455.87,119.302,15.207,490.67,-140.001,

[2025-06-11 10:42:20] ,1,-7.663,426.014,9.293,38.407,444.929,26.792,

[2025-06-11 10:42:27] ,1,1.366,485.464,-46.779,16.657,509.388,82.304,

[2025-06-11 10:42:43] ,2,62.991,500.754,-129.936,-6.938,504.313,99.211,

[2025-06-11 10:42:53] ,4,78.677,432.604,-69.928,-2.061,518.945,-49.008,

[2025-06-11 10:43:08] ,1,-8.454,435.241,35.655,-2.259,496.141,-81.87,

[2025-06-11 10:43:17] ,1,2.882,455.409,32.856,18.964,469.514,-33.69,

[2025-06-11 10:43:25] ,2,61.277,446.973,58.861,-8.586,477.357,19.552,

[2025-06-11 10:43:41] ,1,68.923,446.643,-24.066,6.441,500.886,28.856,

[2025-06-11 10:43:58] ,1,-8.388,417.511,48.576,0.905,430.364,56.592,

[2025-06-11 10:44:06] ,1,12.966,470.502,-1.521,16.459,504.379,73.009,

[2025-06-11 10:44:14] ,1,76.305,506.225,31.405,52.643,514.2,-20.556,

[2025-06-11 10:44:47] ,2,16.525,472.545,88.986,45.327,489.22,-170.789,

[2025-06-11 10:45:02] ,1,2.486,467.866,61.189,72.152,502.863,77.583,

[2025-06-11 10:45:17] ,2,77.095,447.698,-137.521,74.591,490.604,-127.694,

[2025-06-11 10:45:34] ,1,7.034,483.223,73.639,44.668,483.486,-1.023,

[2025-06-11 10:45:41] ,1,76.436,473.995,33.408,7.759,506.686,-88.977,

[2025-06-11 10:45:52] ,1,47.371,428.057,48.576,59.761,475.314,-27.022,

[2025-06-11 10:46:01] ,1,34.255,480.389,79.38,67.473,494.427,6.116,

[2025-06-11 10:46:17] ,1,3.014,420.807,-6.17,11.186,460.945,-10.125,

[2025-06-11 10:46:25] ,1,57.652,470.173,-49.616,13.625,490.407,-15.876,

[2025-06-11 10:46:35] ,1,1.893,455.673,-60.505,29.773,476.434,-70.145,

[2025-06-11 10:46:43] ,1,14.811,484.607,-22.27,-7.861,510.179,-89.484,

[2025-06-11 10:46:53] ,1,13.361,407.427,-76.584,22.391,437.614,-22.932,

[2025-06-11 10:47:01] ,1,13.559,479.268,-55.751,-8.916,518.616,71.565,

[2025-06-11 10:47:17] ,1,36.298,402.286,-61.39,24.566,441.436,4.514,

[2025-06-11 10:47:24] ,1,0.641,461.868,-34.249,22.259,499.963,-13.299,

[2025-06-11 10:47:33] ,1,61.739,504.05,-21.516,13.757,518.616,80.287,

[2025-06-11 10:47:41] ,2,-8.85,432.539,-123.83,53.039,518.616,149.036,

[2025-06-11 10:47:51] ,1,-4.961,463.582,-61.39,-0.018,507.213,26.565,

[2025-06-11 10:47:59] ,2,30.036,409.075,150.895,-10.102,433.264,-101.211,

[2025-06-11 10:48:16] ,1,10,403.736,6.226,23.775,489.023,-30.184,

[2025-06-11 10:48:24] ,1,46.118,508.004,-68.009,15.866,510.904,10.808,

[2025-06-11 10:48:34] ,1,32.739,446.709,-49.616,12.702,479.993,-11.706,

[2025-06-11 10:48:50] ,1,23.643,427.464,40.326,16.657,501.941,-56.87,

[2025-06-11 10:48:58] ,2,62.134,445.72,-8.707,-0.348,451.454,121.739,

[2025-06-11 10:49:08] ,2,38.143,485.661,94.554,42.691,504.379,-117.022,

[2025-06-11 10:49:16] ,4,84.345,459.627,47.175,-9.838,468.591,68.484,

[2025-06-11 10:49:28] ,2,14.746,488.561,177.973,-0.941,493.307,-155.934,

[2025-06-11 10:49:38] ,1,32.211,424.234,27.255,64.507,480.718,60.001,

[2025-06-11 10:49:54] ,2,-1.534,473.6,90,-0.348,490.538,66.4,

[2025-06-11 10:50:09] ,2,20.216,429.704,-144.758,-4.236,446.907,-146.87,

[2025-06-11 10:50:16] ,4,35.902,424.366,42.101,-10.629,495.02,-80.287,

[2025-06-11 10:50:27] ,2,1.761,492.845,-65.014,22.589,507.741,-30.7,

[2025-06-11 10:50:41] ,2,52.841,445.654,-22.932,23.709,488.298,-107.956,

[2025-06-11 10:50:48] ,4,8.089,427.266,-13.912,26.741,428.518,16.504,

[2025-06-11 10:50:58] ,1,32.871,436.757,-88.479,79.6,460.286,5.102,

[2025-06-11 10:51:05] ,2,20.809,445.259,8.13,50.139,466.614,131.8,

[2025-06-11 10:51:13] ,2,30.959,473.139,-166.817,24.302,488.034,-44.284,

[2025-06-11 10:51:22] ,2,71.164,435.307,-1.032,60.486,501.413,-85.914,

[2025-06-11 10:51:31] ,1,19.096,439.723,-50.711,12.571,496.338,18.113,

[2025-06-11 10:51:46] ,4,83.281,413.17,-79.413,80.786,509.059,-15.803,

[2025-06-11 10:51:58] ,1,41.966,459.298,-31.31,15.668,472.282,-10.125,

[2025-06-11 10:52:05] ,1,-7.136,477.159,46.432,16.525,497.854,-13.791,

[2025-06-11 10:52:13] ,2,27.334,493.834,-155.472,50.271,504.05,122.276,

[2025-06-11 10:52:22] ,4,66.286,517.1,53.13,33.398,517.495,-56.454,

[2025-06-11 10:53:29] ,1,10.198,453.761,62.312,39.593,456.266,69.974,

[2025-06-11 10:53:34] ,1,10.198,453.695,62.758,39.527,456.266,70.145,

[2025-06-11 10:53:48] ,1,-8.52,432.473,-53.231,37.089,464.175,83.437,

[2025-06-11 10:54:44] ,1,-8.652,432.604,-53.231,36.957,464.307,83.437,

[2025-06-11 10:54:51] ,2,0.641,407.427,-170.707,52.182,433.659,-158.009,

[2025-06-11 10:55:03] ,1,60.816,428.979,-85.365,10.066,511.3,38.1,

[2025-06-11 10:55:11] ,2,28.652,493.834,-34.951,36.1,514.134,152.289,

[2025-06-11 10:55:22] ,1,31.486,456.068,-70.615,66.748,496.668,-43.905,

[2025-06-11 10:55:38] ,1,4.134,444.732,-54.638,20.414,481.377,15.255,

[2025-06-11 10:55:47] ,2,54.621,449.082,-157.537,37.089,517.166,-130.657,

[2025-06-11 10:57:42] ,1,41.9,432.934,56.17,42.691,472.611,84.489,

[2025-06-11 10:57:48] ,1,41.9,432.868,55.751,42.691,472.611,84.489,

[2025-06-11 10:57:54] ,1,58.905,407.559,-42.825,61.805,490.341,42.138,

[2025-06-11 10:58:05] ,1,82.434,446.643,-20.376,10.461,456.925,-69.974,

[2025-06-11 10:58:14] ,1,34.584,456.529,81.444,81.511,483.816,-17.14,

[2025-06-11 10:58:22] ,1,26.675,490.868,-71.405,74.459,501.282,9.293,

[2025-06-11 10:58:34] ,2,9.473,491,146.592,32.146,512.75,-101.31,

[2025-06-11 10:58:43] ,1,-6.675,457.386,-33.83,35.046,502.6,68.009,

[2025-06-11 10:58:54] ,2,39.725,400.639,137.899,39.791,451.85,119.745,

[2025-06-11 11:00:40] ,1,15.536,434.911,39.611,55.543,447.698,-11.706,

[2025-06-11 11:00:46] ,1,15.536,434.911,39.611,55.543,447.698,-11.706,

[2025-06-11 11:00:53] ,1,31.618,475.973,45.707,35.309,510.641,-21.991,

[2025-06-11 11:01:10] ,1,-12.673,406.57,47.553,52.446,429.77,32.276,

[2025-06-11 11:01:18] ,1,0.575,434.977,27.924,46.514,465.889,24.986,

[2025-06-11 11:01:26] ,1,-9.245,488.166,-59.816,69.318,499.766,-26.796,

[2025-06-11 11:01:35] ,2,20.084,441.239,-164.124,32.409,500.623,-107.475,

[2025-06-11 11:01:46] ,1,22.852,459.561,24.528,-8.982,482.695,56.592,

[2025-06-11 11:01:57] ,2,-8.125,425.948,-113.6,73.339,472.941,163.009,

[2025-06-11 11:02:13] ,2,-8.454,491.988,29.999,4.661,496.866,47.899,

[2025-06-11 11:02:20] ,4,-4.038,405.252,-33.261,-8.85,429.243,-87.973,

[2025-06-11 11:03:56] ,1,15.866,425.223,55.465,66.22,501.875,-21.705,

[2025-06-11 11:04:02] ,1,15.668,425.42,56.17,25.818,496.998,-28.61,

[2025-06-11 11:04:08] ,1,66.089,501.941,-21.516,15.734,504.511,65.472,

[2025-06-11 11:04:17] ,2,46.25,484.673,120.619,62.2,516.968,149.744,

[2025-06-11 11:04:29] ,4,22.391,440.184,-80.789,31.75,512.42,-86.906,

[2025-06-11 11:04:40] ,2,79.336,403.736,90,57.652,438.734,96.68,

[2025-06-11 11:04:54] ,1,67.011,426.541,7.765,43.086,481.773,57.144,

[2025-06-11 11:05:01] ,1,82.236,452.443,12.417,36.298,497.459,7.628,

[2025-06-11 11:05:10] ,2,17.646,444.995,-104.281,-5.884,471.689,55.049,

[2025-06-11 11:05:20] ,1,65.43,458.375,-80.287,-3.313,478.741,82.875,

[2025-06-11 11:05:27] ,1,61.146,494.163,-14.534,5.914,514.266,84.391,

[2025-06-11 11:05:36] ,2,-7.202,427.925,113.6,33.661,514.529,-18.113,

[2025-06-11 11:05:51] ,1,-1.204,418.5,-75.466,0.443,476.368,-53.231,

[2025-06-11 11:05:59] ,1,2.289,489.352,-67.73,18.568,491.329,45.36,

[2025-06-11 11:06:07] ,1,-3.709,502.534,-8.202,47.107,508.07,30.44,

[2025-06-11 11:06:16] ,2,34.057,480.389,142.829,28.784,498.382,7.628,

[2025-06-11 11:06:33] ,1,38.407,488.298,-4.554,67.143,498.513,-70.105,

[2025-06-11 11:06:42] ,1,61.739,439.393,-86.455,-5.62,477.752,25.442,

[2025-06-11 11:06:54] ,1,-3.907,463.12,54.23,0.246,503.127,-49.289,

[2025-06-11 11:07:01] ,2,12.768,482.234,-20.854,39.725,514.002,7.696,

[2025-06-11 11:07:21] ,2,2.684,481.773,11.81,45.261,506.159,66.869,

[2025-06-11 11:07:37] ,2,2.882,472.545,-1.023,24.039,510.575,-73.843,

[2025-06-11 11:08:00] ,1,54.225,452.114,-38.897,-1.666,453.432,73.639,

[2025-06-11 11:08:08] ,1,21.93,467.602,-52.829,-9.443,471.293,25.442,

[2025-06-11 11:08:17] ,2,6.375,401.561,-28.652,58.443,488.364,113.131,

[2025-06-11 11:08:34] ,2,5.848,471.754,-130.384,29.246,510.97,-160.105,

[2025-06-11 11:08:43] ,1,32.607,501.348,-33.261,15.866,506.357,-29.554,

[2025-06-11 11:12:24] ,1,36.496,429.375,-26.338,66.286,460.023,7.125,

[2025-06-11 11:12:30] ,1,36.496,429.375,-26.338,66.286,460.023,7.125,

[2025-06-11 11:12:36] ,2,-2.984,448.489,66.4,31.816,463.779,34.951,

[2025-06-11 11:12:46] ,2,63.189,462.461,113.6,13.361,481.707,105.876,

[2025-06-11 11:12:55] ,2,40.714,504.445,-151.144,-11.684,507.938,-145.886,

[2025-06-11 11:13:03] ,4,80.72,509.323,-77.978,66.39,510.522,85.28,

[2025-06-11 11:13:20] ,1,35.243,446.511,39.999,17.843,509.454,-32.981,

[2025-06-11 11:13:27] ,2,19.227,400.77,-130.992,-1.336,491.461,-49.674,

[2025-06-11 11:13:42] ,1,49.875,411.777,88.968,6.836,425.486,26.565,

[2025-06-11 11:13:50] ,1,23.775,438.932,-5.609,29.18,491.988,50.001,

[2025-06-11 11:13:58] ,2,26.543,463.12,172.439,54.621,466.416,-37.786,

[2025-06-11 11:14:06] ,2,64.243,409.47,-34.695,-1.534,470.173,166.209,

[2025-06-11 11:14:16] ,2,59.498,450.268,-27.924,0.311,506.093,-121.842,

[2025-06-11 11:14:25] ,1,30.696,398.859,-49.399,8.616,438.536,-3.576,

[2025-06-11 11:14:32] ,2,42.164,475.314,-37.875,23.577,484.673,-32.005,

[2025-06-11 11:14:42] ,4,70.702,516.704,-36.56,0.377,517.166,-67.816,

[2025-06-11 11:14:52] ,1,13.955,414.809,-42.138,1.959,461.736,-32.005,

[2025-06-11 11:14:59] ,2,73.075,447.698,70.925,60.486,462.725,-111.146,

[2025-06-11 11:15:14] ,1,50.996,464.702,-62.076,-1.139,486.386,65.934,

[2025-06-11 11:15:22] ,2,12.109,412.964,-21.991,18.568,434.384,96.621,

[2025-06-11 11:15:30] ,2,-10.563,450.136,-147.995,35.573,491.132,47.862,

[2025-06-11 11:15:37] ,4,7.636,449.337,0,63.189,511.366,-15.164,

[2025-06-11 11:15:47] ,1,-2.588,412.502,-50.782,3.936,431.286,54.345,

[2025-06-11 11:15:54] ,1,60.618,453.827,-22.932,-9.179,480.718,-22.463,

[2025-06-11 11:16:04] ,1,33.596,401.232,-68.962,7.166,456.266,-14.899,

[2025-06-11 11:16:14] ,2,52.314,467.932,-20.674,57.586,502.007,28.61,

[2025-06-11 11:16:23] ,4,70.9,499.304,-52.306,30.893,511.432,-68.484,

[2025-06-11 11:16:33] ,1,-12.804,481.773,-7.125,26.939,486.584,38.581,

[2025-06-11 11:16:50] ,1,1.036,468.525,2.027,52.38,502.666,76.088,

[2025-06-11 11:17:02] ,2,7.759,472.084,-19.552,34.848,500.886,72.372,

[2025-06-11 11:25:13] ,1,79.27,426.936,80.623,-4.104,446.577,-34.249,

[2025-06-11 11:25:18] ,1,79.27,426.936,80.623,-4.104,446.577,-34.249,

[2025-06-11 11:25:33] ,1,37.616,398.2,18.273,12.373,412.832,42.825,

[2025-06-11 11:25:40] ,1,39.989,442.029,-41.424,76.305,447.039,-73.009,

[2025-06-11 11:25:49] ,1,53.302,451.982,-37.476,-10.036,454.486,49.289,

[2025-06-11 11:25:59] ,1,49.743,404.923,-49.733,18.634,430.364,-25.659,

[2025-06-11 11:26:08] ,1,56.005,487.902,-67.537,-0.018,495.679,14.407,

[2025-06-11 11:26:21] ,1,60.552,491.659,82.811,8.089,494.625,79.287,

[2025-06-11 11:26:37] ,1,68.395,398.2,-90,28.784,425.157,-9.713,

[2025-06-11 11:26:45] ,1,-3.907,437.943,-2.534,51.391,500.623,3.066,

[2025-06-11 11:26:53] ,2,77.886,457.123,175.914,5.123,487.045,-79.875,

[2025-06-11 11:27:03] ,1,21.6,427.661,14.407,-4.632,428.518,60.255,

[2025-06-11 11:27:11] ,1,24.302,459.627,-54.638,6.111,477.95,-34.663,

[2025-06-11 11:27:19] ,1,65.43,510.377,-84.852,20.216,514.793,-49.343,

[2025-06-11 11:27:27] ,2,39.593,426.804,-129.611,46.711,518.616,-24.955,

[2025-06-11 11:27:37] ,1,47.041,437.811,-28.61,27.268,478.873,-30.619,

[2025-06-11 11:27:46] ,1,11.45,475.709,80.87,71.955,506.225,69.444,

[2025-06-11 11:27:56] ,1,35.836,483.025,50.323,5.452,501.743,50.782,

[2025-06-11 11:28:11] ,1,30.3,468.789,-58.95,22.721,479.598,-87.51,

[2025-06-11 11:28:20] ,2,13.032,439.129,18.595,25.291,452.509,-177.99,

[2025-06-11 11:28:29] ,1,-0.216,469.382,78.789,73.405,481.707,-44.635,

[2025-06-11 11:28:37] ,1,25.489,497.92,-3.545,23.38,514.991,84.852,

[2025-06-11 11:28:45] ,2,49.743,418.17,58.158,68.132,464.9,-169.695,

[2025-06-11 11:28:55] ,2,3.343,497.129,43.55,13.625,503.72,31.842,

[2025-06-11 11:29:10] ,4,15.602,435.241,62.978,46.184,483.354,-3.094,

[2025-06-11 11:29:26] ,2,22.193,433.329,60.945,36.759,494.691,-52.927,

[2025-06-11 11:29:34] ,1,0.114,404.395,45,70.241,441.173,-84.898,

[2025-06-11 11:29:41] ,1,26.148,471.952,-67.73,26.807,515.057,-86.392,

[2025-06-11 11:29:51] ,2,42.23,427.595,-46.081,11.648,451.784,-155.472,

[2025-06-11 11:30:10] ,1,30.366,466.02,-84.44,41.834,485.068,-13.791,

[2025-06-11 11:30:19] ,2,55.675,438.47,108.113,-12.738,477.95,148.426,

[2025-06-11 11:30:38] ,1,2.816,483.552,-41.424,-7.4,511.168,-30.256,

[2025-06-11 11:30:47] ,1,-6.213,504.643,73.985,15.8,518.945,65.726,

[2025-06-11 11:31:18] ,1,49.546,408.943,66.194,60.355,459.034,29.495,

[2025-06-11 11:31:26] ,1,-0.084,452.641,-54.638,23.116,462.923,59.636,

[2025-06-11 11:31:34] ,1,20.48,486.518,-78.789,-7.4,489.813,-69.326,

[2025-06-11 11:31:43] ,1,73.8,493.9,-8.276,17.711,508.663,-54.048,

[2025-06-11 11:32:09] ,1,22.786,411.645,-2.045,5.057,492.779,70.925,

[2025-06-11 11:32:24] ,1,22.193,398.002,-21.705,71.098,411.316,-12.918,

[2025-06-11 11:32:32] ,1,69.318,398.002,70.062,49.941,414.611,35.952,

[2025-06-11 11:32:40] ,1,20.48,419.62,-71.887,18.173,433.461,-12.2,

[2025-06-11 11:32:48] ,1,-4.104,453.498,68.854,32.146,474.523,73.78,

[2025-06-11 11:32:56] ,1,83.159,480.982,-75.466,22.523,495.152,-84.391,

[2025-06-11 11:33:07] ,1,0.18,458.507,78.294,17.118,466.614,82.999,

[2025-06-11 11:33:16] ,2,67.67,405.582,103.658,-10.761,497.129,-52.214,

[2025-06-11 11:33:27] ,1,57.191,472.743,2.027,43.021,486.189,85.446,

[2025-06-11 11:33:44] ,1,23.182,459.034,8.059,-5.818,459.825,28.61,

[2025-06-11 11:33:52] ,2,29.443,495.284,-51.419,45.855,495.35,90,

[2025-06-11 11:34:11] ,4,-9.97,499.766,24.955,73.518,514.419,-20.251,

[2025-06-11 11:34:26] ,4,42.691,417.841,24.274,50.073,499.502,-45.365,

[2025-06-11 11:34:52] ,1,25.159,409.141,74.476,53.039,487.375,52.214,

[2025-06-11 11:34:58] ,1,76.305,493.438,0,7.1,498.513,25.201,

[2025-06-11 11:35:08] ,1,13.164,489.352,-36.769,65.364,497.459,-68.009,

[2025-06-11 11:35:20] ,1,16.657,469.711,-33.551,66.682,508.927,45.725,

[2025-06-11 11:35:37] ,1,11.318,411.645,50.064,65.1,428.518,-32.005,

[2025-06-11 11:35:44] ,1,19.425,455.87,60.068,54.027,485.2,-42.138,

[2025-06-11 11:35:55] ,1,-9.113,503.127,-45.725,46.843,514.859,-18.273,

[2025-06-11 11:36:11] ,1,31.355,410.261,6.17,-0.941,420.873,35.655,

[2025-06-11 11:36:19] ,1,-3.248,485.002,-51.419,61.409,499.173,29.745,

[2025-06-11 11:36:27] ,1,43.943,509.982,-72.372,-9.904,514.2,-71.241,

[2025-06-11 11:40:25] ,1,9.011,481.311,11.706,43.943,509.652,-72.86,

[2025-06-11 11:41:15] ,1,8.814,481.311,12.2,43.811,509.718,-73.35,

[2025-06-11 11:41:24] ,1,3.211,450.4,-86.961,7.298,494.493,14.899,

[2025-06-11 11:41:34] ,1,-0.084,490.275,13.912,78.018,497.129,-76.967,

[2025-06-11 11:41:50] ,2,9.868,486.386,-29.745,43.943,490.407,-148.69,

[2025-06-11 11:42:00] ,1,-2.918,439.92,73.985,26.675,511.498,-35.538,

[2025-06-11 11:42:15] ,1,29.509,406.175,-78.19,18.436,428.254,-60.255,

[2025-06-11 11:42:24] ,1,47.766,437.416,12.918,-4.104,449.477,19.722,

[2025-06-11 11:42:32] ,1,-10.234,467.47,-9.713,75.316,480.323,-47.521,

[2025-06-11 11:42:43] ,2,-2.061,457.584,8.707,21.798,461.736,90,

[2025-06-11 11:42:52] ,2,40.45,477.686,144.345,32.014,489.484,-24.066,

[2025-06-11 11:43:00] ,4,-9.838,466.679,13.912,7.166,501.743,-43.55,

[2025-06-11 11:43:11] ,2,6.705,406.834,-175.878,25.686,467.602,124.663,

[2025-06-11 11:43:25] ,1,17.316,422.257,72.86,3.343,492.977,75.593,

[2025-06-11 11:43:33] ,2,-10.3,475.775,121.574,24.5,506.95,73.496,

[2025-06-11 11:43:43] ,1,19.689,403.802,-35.538,0.641,472.414,5.102,

[2025-06-11 11:43:51] ,2,49.546,467.47,175.95,6.902,484.277,-96.062,

[2025-06-11 11:44:03] ,4,22.523,400.243,72.058,19.491,506.159,58.861,

[2025-06-11 11:44:20] ,2,57.586,453.564,91.023,16.261,455.804,72.676,

[2025-06-11 11:44:26] ,2,31.618,480.191,95.102,-10.695,495.02,-35.952,

[2025-06-11 11:44:42] ,1,4.266,408.745,38.1,-7.861,427.595,-31.574,

[2025-06-11 11:44:49] ,2,9.011,471.491,-22.463,27.268,474.984,149.636,

[2025-06-11 11:45:00] ,1,43.548,455.87,-56.449,36.825,473.139,-69.974,

[2025-06-11 11:45:11] ,1,69.45,404.527,84.806,29.641,497.261,-54.758,

[2025-06-11 11:45:21] ,2,26.939,484.343,-145.049,38.341,495.35,-140.711,

[2025-06-11 11:45:29] ,4,17.711,497.393,69.624,46.316,517.759,-60.191,

[2025-06-11 11:45:39] ,1,59.893,501.743,-69.624,35.441,511.893,-1.032,

[2025-06-11 11:45:54] ,1,-4.17,429.441,12.804,-9.443,445.589,80.287,

[2025-06-11 11:46:04] ,1,11.055,465.229,35.362,4.661,497.195,-1.534,

[2025-06-11 11:46:13] ,2,52.973,481.839,0,18.898,496.273,-108.595,

[2025-06-11 11:46:37] ,4,76.344,406.324,-35.91,29.971,496.207,47.899,

[2025-06-11 11:46:53] ,1,25.291,443.282,-32.005,9.209,458.704,26.114,

[2025-06-11 11:47:02] ,1,57.323,470.304,55.751,34.386,475.775,-14.158,

[2025-06-11 11:47:11] ,1,22.193,489.55,84.943,5.057,509.784,-45.716,

[2025-06-11 11:47:27] ,2,21.073,486.32,122.433,19.096,501.479,-56.17,

[2025-06-11 11:47:38] ,2,10.659,470.239,-100.62,-5.423,494.625,-110.2,

[2025-06-11 11:48:02] ,4,0.191,486.379,-24.969,85.603,499.912,42.026,

[2025-06-11 11:48:18] ,4,72.218,510.377,90,-12.079,516.243,54.462,

[2025-06-11 11:48:27] ,4,66.682,494.229,29.809,76.024,516.482,3.18,

[2025-06-11 11:49:08] ,1,-10.366,408.614,66.869,34.386,435.109,-37.073,

[2025-06-11 11:50:32] ,1,34.782,435.109,-22.932,27.598,469.118,-43.933,

[2025-06-11 11:50:38] ,1,34.782,435.109,-22.932,27.664,469.118,-44.293,

[2025-06-11 11:50:45] ,1,-8.586,475.05,49.289,65.825,486.584,-46.45,

[2025-06-11 11:50:54] ,1,36.034,499.041,-16.015,69.845,506.818,-57.45,

[2025-06-11 11:51:03] ,2,0.641,410.261,156.869,22.127,432.209,-32.005,

[2025-06-11 11:51:13] ,1,-5.752,455.541,36.666,18.568,499.37,-13.416,

[2025-06-11 11:51:29] ,1,73.8,447.039,-19.895,-0.941,458.243,-52.524,

[2025-06-11 11:51:45] ,2,15.339,424.827,-143.334,-11.75,448.818,-29.745,

[2025-06-11 11:51:56] ,1,4.925,481.048,21.329,15.273,510.048,71.727,

[2025-06-11 11:52:12] ,1,-2.588,406.636,20.556,-3.05,494.823,-74.745,

[2025-06-11 11:52:20] ,2,33.727,466.811,107.956,6.836,516.177,-129.936,

[2025-06-11 11:52:36] ,4,2.355,451.323,20.674,10.264,490.934,11.81,

[2025-06-11 11:52:46] ,2,1.432,411.909,126.254,48.03,488.759,-101.211,

[2025-06-11 11:52:53] ,4,-7.861,500.952,-54.462,63.924,517.865,67.42,

[2025-06-11 11:53:10] ,1,-11.486,499.173,28.856,59.564,502.402,18.925,

[2025-06-11 11:53:19] ,1,78.875,480.916,61.837,29.311,491.066,-79.287,

[2025-06-11 11:53:29] ,1,-5.225,513.211,13.912,49.48,518.682,-43.905,

[2025-06-11 11:53:53] ,1,-11.025,440.711,22.27,17.514,455.475,-29.495,

[2025-06-11 11:55:14] ,1,17.514,455.475,-29.495,45.459,477.093,-8.059,

[2025-06-11 11:55:20] ,1,17.514,455.475,-29.495,45.393,477.225,-7.561,

[2025-06-11 11:56:03] ,1,17.514,455.475,-29.495,45.393,477.159,-7.496,

[2025-06-11 11:56:08] ,1,17.514,455.475,-29.495,45.393,477.225,-7.561,

[2025-06-11 11:57:05] ,1,17.514,455.475,-29.495,45.393,477.225,-7.561,

[2025-06-11 11:57:10] ,1,17.514,455.475,-29.495,45.393,477.159,-7.496,

[2025-06-11 12:01:23] ,1,23.446,443.084,-2.027,66.88,486.386,-90,

[2025-06-11 12:01:29] ,1,23.446,443.084,-2.027,66.88,486.386,-90,

[2025-06-11 12:09:41] ,1,66.88,486.386,-90,68.527,499.832,-42.825,

[2025-06-11 12:09:47] ,1,66.88,486.386,-90,68.527,499.832,-42.825,

[2025-06-11 12:09:54] ,2,54.489,470.107,-7.561,-11.684,492.318,93.039,

[2025-06-11 12:10:03] ,4,79.208,411.942,66.523,-7.004,424.893,-86.906,

[2025-06-11 12:15:17] ,1,23.973,443.282,0,12.571,445.061,-7.561,

[2025-06-11 12:15:24] ,2,13.823,410.261,152.289,-6.148,471.82,-174.44,

[2025-06-11 12:15:33] ,4,-7.004,425.091,90,6.527,488.279,-31.39,

[2025-06-11 12:15:45] ,2,5.848,489.484,57.295,52.643,506.554,-77.583,

[2025-06-11 12:16:16] ,1,-4.566,490.604,-48.958,6.309,502.863,78.69,

[2025-06-11 12:16:50] ,1,-0.282,449.543,16.361,16.064,474.852,-12.2,

[2025-06-11 12:18:19] ,1,17.382,409.009,41.379,38.671,437.02,-87.466,

[2025-06-11 12:18:29] ,1,78.216,475.841,4.594,41.571,504.379,-69.624,

[2025-06-11 12:18:38] ,2,28.652,420.675,149.036,-6.609,433,16.504,

[2025-06-11 12:18:51] ,2,57.059,480.454,-42.138,6.639,486.848,30.44,

[2025-06-11 12:19:01] ,1,36.364,476.434,55.337,11.977,509.388,-17.628,

[2025-06-11 12:19:12] ,2,74.459,493.241,-45,29.246,493.966,54.758,

[2025-06-11 12:19:21] ,4,84.183,410.905,12.242,71.493,509.125,26.333,

[2025-06-11 12:19:35] ,1,68.198,467.207,24.528,47.766,473.732,-16.991,

[2025-06-11 12:19:47] ,1,40.121,425.223,-16.991,54.555,480.125,-52.524,

[2025-06-11 12:19:58] ,1,74.855,490.143,-5.148,55.411,500.095,-66.869,

[2025-06-11 12:20:08] ,2,73.273,446.182,-69.326,9.275,446.379,-137.148,

[2025-06-11 12:20:40] ,1,24.632,473.534,41.8,16.591,489.154,7.125,

[2025-06-11 12:20:48] ,1,76.502,495.482,-52.619,1.761,502.666,80.287,

[2025-06-11 12:21:00] ,1,55.741,505.434,-13.416,22.391,509.586,49.289,

[2025-06-11 12:21:12] ,2,35.507,441.964,-87.973,5.848,450.268,-96.062,

[2025-06-11 12:21:21] ,2,1.102,477.489,120.44,39.989,484.673,-99.211,

[2025-06-11 12:21:31] ,4,78.414,477.423,-39.144,-6.213,517.298,-80.623,

[2025-06-11 12:22:09] ,1,21.205,429.704,-25.201,34.848,476.829,-26.792,

[2025-06-11 12:22:23] ,1,28.521,492.582,-55.465,4.53,512.091,24.74,

[2025-06-11 12:22:38] ,2,-12.343,451.652,92.534,46.448,503.127,38.1,

[2025-06-11 12:22:52] ,4,82.017,406.018,83.073,-8.323,493.241,-1.023,

[2025-06-11 12:23:29] ,1,7.496,423.245,-85.914,73.602,496.668,58.595,

[2025-06-11 12:23:38] ,1,12.241,497.854,20.674,39.791,513.804,0,

[2025-06-11 12:23:47] ,2,29.048,436.098,99.713,73.207,465.164,50.389,

[2025-06-11 12:23:59] ,4,42.361,416.655,-56.454,1.102,463.714,-10.214,

[2025-06-11 12:27:39] ,2,2.75,462,-113.86,33.266,473.666,-117.688,

[2025-06-11 12:27:47] ,2,2.75,462,-113.86,33.266,473.666,-117.688,

[2025-06-11 12:28:22] ,1,67.473,406.636,18.104,70.241,448.357,-16.65,

[2025-06-11 12:28:31] ,1,51.984,458.441,-10.62,-7.795,462.725,15.388,

[2025-06-11 12:28:39] ,1,22.061,468.92,-17.802,83.489,489.55,-7.765,

[2025-06-11 12:28:50] ,1,76.239,423.443,-75.838,61.871,504.313,-23.806,

[2025-06-11 12:29:00] ,2,39.527,411.382,151.144,48.293,435.834,-58.69,

[2025-06-11 12:29:10] ,2,3.805,452.97,149.123,51.325,473.798,55.049,

[2025-06-11 12:29:18] ,2,14.021,484.277,-146.17,56.268,488.957,109.242,

[2025-06-11 12:29:27] ,2,27.334,504.775,82.304,10.461,508.861,-172.304,

[2025-06-11 12:29:40] ,1,76.436,428.716,-49.008,18.766,446.445,32.433,

[2025-06-11 12:29:47] ,1,55.873,463.318,54.345,2.421,479.664,-85.95,

[2025-06-11 12:29:59] ,2,72.745,443.348,-52.524,21.205,498.382,-54.345,

[2025-06-11 12:30:11] ,1,35.441,433.725,0,-4.632,473.402,22.736,

[2025-06-11 12:30:19] ,2,6.309,477.752,-170.949,-6.213,489.682,127.073,

[2025-06-11 12:30:29] ,4,20.809,425.354,-3.066,75.14,509.662,-5.242,

[2025-06-11 12:30:58] ,1,-9.97,446.379,-33.551,67.67,452.839,-2.534,

[2025-06-11 12:31:07] ,1,35.177,403.605,-47.175,83.752,453.564,64.581,

[2025-06-11 12:31:17] ,1,-7.795,471.689,21.801,12.175,473.402,-33.551,

[2025-06-11 12:31:27] ,1,-8.916,500.688,44.284,30.893,501.545,-59.123,

[2025-06-11 12:31:38] ,2,-0.282,430.232,0,37.484,450.861,-31.31,

[2025-06-11 12:31:48] ,2,72.614,475.445,-33.408,48.886,490.538,62.076,

[2025-06-11 12:31:59] ,1,80.72,507.873,63.204,20.743,516.243,-68.671,

[2025-06-11 12:32:11] ,1,17.646,415.864,70.278,29.575,510.641,35.242,

[2025-06-11 12:32:21] ,2,-5.093,407.625,-27.255,60.816,418.105,-79.603,

[2025-06-11 12:32:31] ,2,8.023,478.807,-12.2,56.796,514.332,105.803,

[2025-06-11 12:32:43] ,1,27.202,473.402,-76.329,11.582,479.4,-26.114,

[2025-06-11 12:32:54] ,1,55.675,483.157,-67.73,55.082,498.843,2.027,

[2025-06-11 12:33:07] ,2,63.057,440.579,-138.576,1.498,488.232,-30.184,

[2025-06-11 12:33:18] ,2,32.343,440.316,-109.075,-6.016,475.973,-163.009,

[2025-06-11 12:33:27] ,4,85.005,472.611,-67.816,19.425,509.784,-78.085,

[2025-06-11 12:33:40] ,1,52.446,456.595,61.631,82.764,467.602,-31.405,

[2025-06-11 12:33:49] ,1,36.232,491.132,86.987,-11.223,506.357,-27.711,

[2025-06-11 12:34:01] ,2,57.718,436.427,115.201,-6.345,502.138,-41.042,

[2025-06-11 12:34:37] ,1,31.75,424.432,34.249,68.923,446.973,42.138,

[2025-06-11 12:36:23] ,1,44.471,403.736,-52.619,-10.827,413.491,-3.066,

[2025-06-11 12:36:36] ,1,50.271,404.593,8.865,0.18,444.468,-53.231,

[2025-06-11 12:36:47] ,1,45.855,474.523,88.995,3.014,476.632,39.289,

[2025-06-11 12:36:56] ,1,31.948,480.784,5.56,73.602,513.541,51.18,

[2025-06-11 12:37:05] ,2,16.196,409.998,44.635,57.652,429.309,174.391,

[2025-06-11 12:37:15] ,2,50.798,442.095,-78.789,-6.477,467.339,-10.214,

[2025-06-11 12:37:23] ,4,32.805,412.041,-50.711,81.379,423.457,-74.055,

[2025-06-11 12:37:40] ,1,25.555,414.216,41.042,-1.073,430.825,86.424,

[2025-06-11 12:37:49] ,2,49.875,474.72,-67.73,70.768,488.166,16.65,

[2025-06-11 12:37:59] ,2,35.968,496.998,41.042,64.111,501.15,-81.798,

[2025-06-11 12:38:10] ,2,39.527,454.289,96.621,44.602,484.079,-118.163,

[2025-06-11 12:38:20] ,4,77.095,440.316,39.542,-8.257,464.636,-88.466,

[2025-06-11 12:38:30] ,4,78.348,502.204,-88.438,48.03,514.661,-6.68,

[2025-06-11 12:38:42] ,2,25.423,465.493,139.616,74.459,473.929,-80.2,

[2025-06-11 12:38:54] ,2,18.7,456.464,45,-6.609,483.882,52.927,

[2025-06-11 12:39:02] ,4,54.555,487.968,87.955,-5.225,506.95,-75.964,

[2025-06-11 12:39:46] ,1,5.914,406.241,-15.524,67.868,410.459,0,

[2025-06-11 12:39:54] ,1,3.673,441.436,7.125,46.646,448.95,-61.631,

[2025-06-11 12:40:04] ,1,-12.145,454.289,-24.066,78.018,456.727,65.726,

[2025-06-11 12:40:14] ,1,10.989,469.579,-31.31,61.541,474.391,-5.102,

[2025-06-11 12:40:25] ,2,39.396,457.782,-58.523,33.991,496.141,21.991,

[2025-06-11 12:40:39] ,1,-3.182,405.055,-88.958,27.598,462.857,58.69,

[2025-06-11 12:40:49] ,1,-11.223,484.739,5.057,73.536,496.338,16.65,

[2025-06-11 12:40:58] ,2,29.905,409.998,-19.895,53.83,429.968,46.081,

[2025-06-11 12:41:08] ,1,31.684,482.366,-37.171,59.432,497.92,-70.758,

[2025-06-11 12:41:18] ,2,40.252,472.018,30.184,26.873,502.468,-35.655,

[2025-06-11 12:41:26] ,4,85.638,503.152,71.896,-10.695,506.62,-30.7,

[2025-06-11 12:41:39] ,2,43.877,447.302,11.211,-0.414,494.625,10.214,

[2025-06-11 12:41:50] ,2,12.702,463.648,-22.27,45.13,470.634,-77.307,

[2025-06-11 12:42:01] ,1,-2.127,463.977,45,-2.193,501.743,64.12,

[2025-06-11 12:42:12] ,1,16.921,511.432,-59.123,1.959,515.452,-23.131,

[2025-06-11 12:42:26] ,1,26.411,487.045,-60.505,13.23,507.543,66.4,

[2025-06-11 12:42:57] ,2,51.655,430.759,4.086,64.902,461.67,169.287,

[2025-06-11 12:43:52] ,1,44.998,472.677,-46.779,65.825,484.277,40.326,

[2025-06-11 12:45:44] ,1,71.493,456.595,-46.779,-9.707,514.002,60.446,

[2025-06-11 12:47:10] ,1,71.361,456.793,-47.899,-10.366,514.398,67.341,

[2025-06-11 12:47:19] ,2,23.643,442.689,-74.124,-10.761,502.468,52.619,

[2025-06-11 12:47:45] ,1,48.952,402.55,-35.838,69.648,442.095,-22.463,

[2025-06-11 12:47:56] ,1,55.214,442.754,39.289,31.948,444.864,-72.676,

[2025-06-11 12:48:24] ,1,73.536,460.814,1.023,60.091,483.552,-52.524,

[2025-06-11 12:48:35] ,2,62.332,466.02,168.789,33.727,470.041,-143.531,

[2025-06-11 12:53:02] ,1,35.046,441.568,14.281,55.082,446.709,57.995,

[2025-06-11 12:53:09] ,1,35.046,441.568,14.281,55.082,446.709,57.995,

[2025-06-11 12:53:18] ,1,84.28,486.518,-60.895,19.689,495.679,-52.829,

[2025-06-11 12:53:29] ,2,64.243,430.957,159.624,16.789,454.882,-66.342,

[2025-06-11 12:53:38] ,2,47.173,466.745,-144.345,26.411,477.225,135.716,

[2025-06-11 12:53:49] ,2,2.157,481.114,-11.81,50.534,486.65,-174.391,

[2025-06-11 12:54:03] ,1,-2.193,412.568,-70.105,47.041,438.207,48.24,

[2025-06-11 12:54:14] ,1,25.225,462.198,-37.171,48.623,487.111,36.769,

[2025-06-11 12:54:30] ,1,53.566,433.132,-70.448,69.45,471.425,28.61,

[2025-06-11 12:54:39] ,4,37.811,399.506,-59.931,74.393,496.668,1.032,

[2025-06-11 12:55:11] ,1,80.457,480.257,-17.14,6.573,484.804,-78.887,

[2025-06-11 12:55:20] ,1,46.448,485.529,7.561,33.859,501.677,74.476,

[2025-06-11 12:55:30] ,2,2.684,443.545,163.009,21.139,480.586,-48.2,

[2025-06-11 12:56:04] ,4,-0.545,449.148,10.214,67.539,458.177,46.081,

[2025-06-11 13:00:43] ,1,-0.545,449.148,10.214,67.539,458.177,46.081,

[2025-06-11 13:00:51] ,1,77.293,473.995,-25.659,-4.566,496.536,-33.83,

[2025-06-11 13:01:03] ,2,63.98,416.918,122.829,41.175,457.716,-38.581,

[2025-06-11 13:01:11] ,4,74.525,490.077,-26.796,46.514,507.609,-50.856,

[2025-06-11 13:01:30] ,1,55.016,474.193,-87.466,35.507,510.113,30.7,

[2025-06-11 13:02:04] ,1,27.466,431.418,78.789,40.714,445.259,34.249,

[2025-06-11 13:02:14] ,1,38.275,483.223,-36.064,15.471,509.586,53.231,

[2025-06-11 13:02:24] ,2,49.809,432.143,-41.042,66.155,467.141,-180,

[2025-06-11 13:02:37] ,1,24.171,488.693,42.852,31.223,504.379,42.479,

[2025-06-11 13:03:11] ,1,-2.193,433.725,87.466,76.7,484.079,-12.417,

[2025-06-11 13:03:41] ,1,37.748,445.259,-65.014,73.273,457.65,51.499,

[2025-06-11 13:18:45] ,1,-9.245,460.682,-39.289,-12.277,479.861,24.986,

[2025-06-11 13:18:52] ,1,-9.245,460.682,-39.289,-12.343,479.861,25.442,

[2025-06-11 13:19:00] ,2,-4.17,431.748,-63.208,10.791,432.077,5.102,

[2025-06-11 13:19:09] ,2,62.266,470.766,-55.886,35.573,485.266,-6.062,

[2025-06-11 13:19:30] ,1,47.964,463.779,-29.495,50.336,503.193,-37.381,

[2025-06-11 13:20:07] ,1,18.7,426.87,33.13,42.493,455.804,60.505,

[2025-06-11 13:20:19] ,1,4.134,467.932,86.961,32.739,503.457,7.696,

[2025-06-11 13:20:33] ,4,51.061,514.727,-83.26,68.087,518.519,33.835,

[2025-06-11 13:21:10] ,1,25.686,411.052,20.854,25.489,428.65,-27.924,

[2025-06-11 13:21:17] ,1,47.766,429.507,3.545,5.057,432.011,7.561,

[2025-06-11 13:21:30] ,1,54.093,448.62,51.419,64.309,461.011,43.221,

[2025-06-11 13:21:39] ,1,59.498,514.266,-39.872,-0.875,517.561,88.452,

[2025-06-11 13:21:53] ,1,66.155,426.804,32.55,13.164,472.875,-65.681,

[2025-06-11 13:22:10] ,2,24.302,405.055,-38.1,36.759,500.293,-29.999,

[2025-06-11 13:22:43] ,1,42.296,445.72,-8.202,-5.884,468.591,-62.758,

[2025-06-11 13:22:51] ,2,28.323,398.332,31.675,61.673,433,31.139,

[2025-06-11 13:23:06] ,2,41.307,503.457,115.88,63.98,509.982,74.338,

[2025-06-11 13:23:38] ,1,73.405,411.382,-86.878,54.093,411.58,65.045,

[2025-06-11 13:23:46] ,1,15.141,418.368,84.898,41.109,453.629,57.567,

[2025-06-11 13:23:56] ,1,18.634,462,45.356,11.582,487.441,-69.326,

[2025-06-11 13:24:07] ,2,20.216,401.232,123.69,-1.336,431.352,146.87,

[2025-06-11 13:24:16] ,2,69.252,440.184,-71.887,14.284,474.654,103.183,

[2025-06-11 13:24:45] ,1,28.257,443.677,46.779,-3.973,443.743,-36.769,

[2025-06-11 13:24:56] ,1,75.316,403.011,53.236,24.171,462.066,-12.693,

[2025-06-11 13:25:06] ,1,66.352,493.768,-42.447,14.614,516.968,-52.927,

[2025-06-11 13:25:15] ,2,47.371,453.234,-174.44,-6.082,472.216,10.214,

[2025-06-11 13:25:27] ,2,6.507,439.261,-114.528,-9.97,439.92,-142.214,

[2025-06-11 13:25:38] ,1,11.846,418.5,-11.31,54.555,490.341,-57.995,

[2025-06-11 13:25:53] ,2,39.396,458.573,-55.751,75.843,481.839,66.4,

[2025-06-11 13:26:15] ,1,17.316,504.775,65.472,0.575,511.234,19.411,

[2025-06-11 13:27:14] ,4,77.359,399.98,19.938,70.95,479.658,76.608,

[2025-06-11 13:27:26] ,1,62.2,420.214,0,-9.641,430.825,-53.334,

[2025-06-11 13:27:33] ,1,8.352,438.998,-3.545,43.482,454.289,-46.067,

[2025-06-11 13:27:44] ,1,-12.87,456.134,23.6,82.434,460.22,-76.088,

[2025-06-11 13:27:55] ,1,30.234,467.141,52.431,72.877,480.52,-33.69,

[2025-06-11 13:28:06] ,1,61.08,483.157,-18.113,71.625,502.336,-28.405,

[2025-06-11 13:28:16] ,1,53.566,505.5,-10.808,16.789,506.093,8.707,

[2025-06-11 13:28:26] ,1,26.082,512.618,6.116,1.959,514.002,33.69,

[2025-06-11 13:28:40] ,1,-0.414,415.6,-70.278,59.564,420.543,29.105,

[2025-06-11 13:28:50] ,1,34.189,422.52,-53.637,-1.27,463.582,-60.505,

[2025-06-11 13:29:01] ,1,31.486,468.591,82.999,5.98,481.904,21.146,

[2025-06-11 13:29:10] ,1,20.875,492.45,85.95,-12.145,492.516,85.406,

[2025-06-11 13:29:24] ,1,15.009,437.877,7.125,31.355,444.139,22.736,

[2025-06-11 13:29:33] ,1,64.111,467.866,2.534,25.489,479.136,-58.261,

[2025-06-11 13:29:44] ,1,-9.838,498.843,42.852,80.918,505.368,81.724,

[2025-06-11 13:30:00] ,1,65.034,492.318,-35.838,-0.677,516.309,4.086,

[2025-06-11 13:30:34] ,1,33.002,417.907,-82.304,18.107,467.075,20.966,

[2025-06-11 13:30:45] ,1,33.068,483.486,45.707,-5.95,514.463,55.176,

[2025-06-11 13:30:56] ,2,-1.534,429.309,-19.242,47.107,473.27,-11.706,

[2025-06-11 13:31:06] ,4,7.1,456.595,69.326,67.736,512.157,-80.623,

[2025-06-11 13:31:34] ,1,48.227,408.35,10.305,-7.729,518.154,-40.992,

[2025-06-11 13:31:43] ,2,73.668,411.777,31.675,12.307,423.245,-74.612,

[2025-06-11 13:31:54] ,2,63.123,468.986,-93.066,-3.709,487.77,-136.081,

[2025-06-11 13:32:04] ,4,83.291,504.973,2.083,62.134,509.125,81.135,

[2025-06-11 13:32:19] ,1,40.582,476.829,-72.044,31.355,516.177,-21.038,

[2025-06-11 13:32:29] ,2,15.339,429.639,165.101,-7.202,452.377,27.022,

[2025-06-11 13:32:39] ,2,61.343,477.225,-23.6,8.089,510.904,-119.999,

[2025-06-11 13:32:49] ,4,80.193,477.752,-39.218,-12.87,492.252,-12.918,

[2025-06-11 13:33:20] ,1,30.827,411.448,49.674,66.418,420.148,7.189,

[2025-06-11 13:33:28] ,1,4.53,440.514,-45.356,45.525,442.557,80.287,

[2025-06-11 13:33:39] ,1,31.816,451.191,-53.231,56.334,454.684,-25.442,

[2025-06-11 13:33:48] ,1,16.393,462.264,-61.869,-7.532,464.57,15.388,

[2025-06-11 13:33:57] ,1,65.166,469.711,55.049,30.761,470.304,-71.723,

[2025-06-11 13:34:09] ,1,48.161,478.675,-72.198,29.246,487.243,85.486,

[2025-06-11 13:34:19] ,1,59.696,506.554,-2.045,-10.036,507.741,31.139,

[2025-06-11 13:34:34] ,1,70.834,473.204,-87.973,28.191,482.827,-18.435,

[2025-06-11 13:34:43] ,1,3.475,487.111,26.792,76.766,487.309,-65.513,

[2025-06-11 13:34:54] ,1,57.191,489.616,-14.407,36.232,504.313,46.432,

[2025-06-11 13:35:06] ,1,20.48,442.82,-74.124,71.032,443.348,3.039,

[2025-06-11 13:35:15] ,1,11.911,485.925,65.472,50.468,499.107,-60.698,

[2025-06-11 13:35:31] ,1,70.702,482.695,29.302,-3.775,483.618,-82.937,

[2025-06-11 13:35:44] ,1,28.059,455.475,46.067,36.825,469.316,-17.802,

[2025-06-11 13:35:58] ,1,11.78,431.286,-10.808,67.407,500.227,-4.594,

[2025-06-11 13:36:15] ,2,63.255,486.848,-27.711,50.073,496.668,108.759,

[2025-06-11 13:36:53] ,1,75.843,455.804,-0.512,81.775,468.525,85.365,

[2025-06-11 13:37:03] ,1,49.084,469.448,38.581,17.382,474.193,-21.431,

[2025-06-11 13:37:52] ,1,72.482,429.902,-80.2,57.652,443.611,56.449,

[2025-06-11 13:38:01] ,1,31.486,460.286,-14.281,52.841,492.45,47.862,

[2025-06-11 13:38:12] ,1,19.821,506.686,2.556,69.516,511.761,15.164,

[2025-06-11 13:38:27] ,1,81.116,455.475,-84.341,15.339,486.386,-67.264,

[2025-06-11 13:38:35] ,1,42.493,504.445,-79.786,66.418,514.661,-11.411,

[2025-06-11 13:38:48] ,1,36.891,403.934,-82.235,67.407,482.629,37.786,

[2025-06-11 13:39:03] ,1,-9.838,419.489,8.707,9.671,494.493,-65.472,

[2025-06-11 13:39:36] ,1,26.214,421.07,88.466,13.559,421.136,2.045,

[2025-06-11 13:39:47] ,1,-8.454,430.364,87.955,61.607,451.059,65.934,

[2025-06-11 13:39:57] ,1,55.741,473.27,80.372,63.716,486.057,-66.4,

[2025-06-11 13:40:11] ,1,6.902,399.255,-80.623,9.011,440.777,-79.786,

[2025-06-11 13:40:21] ,1,70.373,460.55,-49.289,20.546,478.148,32.586,

[2025-06-11 13:40:30] ,1,35.573,482.629,63.435,70.9,492.911,58.426,

[2025-06-11 13:40:42] ,1,20.282,499.832,-32.005,-9.509,503.127,-67.068,

[2025-06-11 13:40:56] ,1,85.466,449.609,-63.204,70.966,458.573,-32.433,

[2025-06-11 13:41:32] ,1,72.548,470.37,-52.214,5.848,476.632,64.106,

[2025-06-11 13:41:46] ,2,34.123,415.139,114.74,73.47,458.045,168.19,

[2025-06-11 13:42:02] ,1,9.407,473.27,-69.974,-9.048,501.348,-89.484,

[2025-06-11 13:42:19] ,1,4.068,469.184,41.8,-9.904,493.373,74.476,

[2025-06-11 13:43:02] ,1,82.632,445.259,-55.176,36.1,494.888,-81.369,

[2025-06-11 13:43:12] ,1,21.205,502.073,-25.201,79.27,504.973,40.992,

[2025-06-11 13:43:22] ,2,39,464.9,39.289,-4.698,489.813,-173.379,

[2025-06-11 13:43:37] ,1,45.855,491.988,-48.24,18.964,509.916,-87.444,

[2025-06-11 13:43:52] ,1,10.593,451.389,-29.932,14.482,515.848,-7.189,

[2025-06-11 13:44:29] ,1,25.555,417.182,-82.875,69.714,446.182,7.125,

[2025-06-11 13:44:38] ,1,59.63,459.693,37.171,73.009,464.636,0,

[2025-06-11 13:44:47] ,1,40.45,472.875,-21.801,59.366,475.973,74.612,

[2025-06-11 13:44:58] ,1,68.132,485.002,87.444,61.673,506.159,34.824,

[2025-06-11 13:45:09] ,1,44.273,511.234,-2.027,26.807,514.727,-63.662,

[2025-06-11 13:45:20] ,2,40.911,407.427,-9.8,61.08,427.859,68.199,

[2025-06-11 13:45:28] ,4,80.743,411.722,-9.978,-8.52,462.659,-26.338,

[2025-06-11 13:45:41] ,2,0.311,412.898,137.899,21.732,444.139,-59.816,

[2025-06-11 13:45:50] ,2,39.593,444.798,-115.88,41.834,498.843,145.886,

[2025-06-11 13:46:01] ,4,77.755,505.17,-19.584,49.018,515.452,-53.44,

[2025-06-11 13:46:16] ,1,15.536,485.266,-59.816,42.691,499.568,3.066,

[2025-06-11 13:46:47] ,1,32.607,401.693,56.739,78.48,447.566,-87.466,

[2025-06-11 13:46:57] ,1,64.507,457.32,-88.479,39.33,469.777,-60.994,

[2025-06-11 13:47:09] ,1,-12.607,470.502,4.554,22.589,481.509,-17.65,

[2025-06-11 13:47:22] ,2,2.882,405.714,3.122,66.352,423.97,101.915,

[2025-06-11 13:47:31] ,2,16.525,430.034,-42.852,66.748,434.845,54.048,

[2025-06-11 13:47:41] ,2,18.107,464.043,-37.171,2.025,486.914,-123.13,

[2025-06-11 13:47:51] ,4,59.299,399.012,-45.379,45.998,431.387,-50.545,

[2025-06-11 13:49:14] ,4,83.225,472.875,33.261,82.81,509.374,63.199,

[2025-06-11 13:49:22] ,4,83.225,472.941,33.69,82.805,509.372,63.199,

[2025-06-11 13:49:30] ,4,68.923,505.961,61.805,49.168,511.746,-85.314,

[2025-06-11 13:49:40] ,1,68.264,481.839,-54.758,49.941,511.102,-10.397,

[2025-06-11 13:49:51] ,2,23.05,428.716,120.184,73.405,438.998,69.444,

[2025-06-11 13:50:00] ,4,83.62,462.329,-49.343,-12.475,467.8,33.69,

[2025-06-11 13:50:13] ,1,10,447.698,-1.014,1.696,492.845,47.862,

[2025-06-11 13:50:23] ,1,76.173,496.998,-25.419,46.514,509.718,-62.526,

[2025-06-11 13:50:33] ,2,34.98,468.525,64.558,41.373,481.707,2.027,

[2025-06-11 13:50:44] ,2,38.473,499.634,54.758,15.075,503.588,119.554,

[2025-06-11 13:52:10] ,2,68,506.159,64.359,15.668,506.554,123.408,

[2025-06-11 13:52:15] ,2,68,506.159,64.359,15.668,506.554,123.408,

[2025-06-11 13:52:30] ,1,45.789,459.166,2.534,55.741,511.827,55.176,

[2025-06-11 13:52:43] ,1,16.327,512.882,-3.066,-3.05,515.848,-70.758,

[2025-06-11 13:53:14] ,2,47.305,423.048,45.36,1.696,469.711,30.877,

[2025-06-11 13:53:29] ,1,62.2,464.966,73.009,52.511,485.398,-81.293,

[2025-06-11 13:53:39] ,2,10.989,433.329,137.148,40.78,444.534,25.442,

[2025-06-11 13:55:11] ,2,40.45,445.127,25.201,26.543,492.186,139.674,

[2025-06-11 13:55:18] ,2,40.45,445.061,24.986,26.543,492.186,139.674,

[2025-06-11 13:55:26] ,4,83.539,425.144,-42.026,62.134,515.716,-69.261,

[2025-06-11 13:55:41] ,2,81.248,454.025,59.56,11.055,464.768,-153.886,

[2025-06-11 13:55:53] ,2,16.723,450.334,-62.076,-3.182,476.434,-134.64,

[2025-06-11 13:56:02] ,4,63.914,490.868,90,-8.982,510.377,-50.856,

[2025-06-11 13:56:16] ,2,34.848,480.389,-153.208,70.439,482.102,50.782,

[2025-06-11 13:56:53] ,1,36.496,398.925,18.925,46.646,425.618,52.927,

[2025-06-11 13:57:01] ,1,80.391,446.709,77.692,23.973,471.359,36.469,

[2025-06-11 13:57:10] ,1,50.468,492.186,19.722,71.361,503.918,-85.878,

[2025-06-11 13:57:19] ,2,3.146,407.823,-42.825,11.384,420.675,50.782,

[2025-06-11 13:57:31] ,2,-1.007,451.125,39.218,65.166,490.868,56.31,

[2025-06-11 13:57:43] ,1,61.541,462.395,-22.932,17.646,466.745,-80.87,

[2025-06-11 13:57:53] ,1,76.041,450.795,21.038,9.077,508.795,4.086,

[2025-06-11 13:58:23] ,1,25.686,424.629,33.13,22.721,511.3,85.95,

[2025-06-11 13:58:32] ,2,47.502,427.661,108.113,67.67,458.639,142.214,

[2025-06-11 13:58:45] ,4,69.648,479.729,35.538,4.068,513.936,-26.565,

[2025-06-11 13:58:59] ,2,17.382,398.991,129.936,5.321,473.336,140.323,

[2025-06-11 13:59:09] ,2,10.593,503.457,9.713,55.28,508.598,-27.255,

[2025-06-11 13:59:24] ,1,20.48,445.852,-9.713,57.257,516.309,19.584,

[2025-06-11 13:59:32] ,2,48.161,495.218,5.609,45.986,511.3,-153.435,

[2025-06-11 14:00:04] ,1,2.091,426.343,32.276,12.307,455.079,-56.449,

[2025-06-11 14:00:14] ,1,74.855,462.593,82.372,35.441,464.504,-67.457,

[2025-06-11 14:00:26] ,1,60.025,468.393,-1.521,31.948,477.357,75.358,

[2025-06-11 14:00:39] ,1,12.043,406.043,24.955,49.677,418.236,4.086,

[2025-06-11 14:00:47] ,1,21.336,418.83,23.131,8.089,461.539,14.642,

[2025-06-11 14:00:57] ,1,79.666,510.773,-25.174,19.096,516.177,74.476,

[2025-06-11 14:01:08] ,2,8.023,423.179,-150.001,52.907,445.72,-174.44,

[2025-06-11 14:01:41] ,1,-11.42,452.707,-55.049,-0.216,473.204,27.924,

[2025-06-11 14:01:51] ,1,25.95,496.734,-77.196,-0.15,507.411,73.985,

[2025-06-11 14:02:00] ,1,38.802,509.652,55.886,74.591,511.827,30.256,

[2025-06-11 14:02:11] ,2,19.227,428.32,41.042,60.618,510.707,-175.878,

[2025-06-11 14:02:24] ,2,-5.488,450.202,53.637,10.132,490.604,-108.759,

[2025-06-11 14:02:41] ,1,48.359,482.629,11.211,46.58,513.079,-88.452,

[2025-06-11 14:02:59] ,1,4.2,507.082,79.695,32.277,513.541,-6.116,

[2025-06-11 14:03:35] ,2,63.782,439.195,-150.255,23.907,503.127,27.022,

[2025-06-11 14:03:46] ,1,4.332,404.198,-69.444,52.577,428.189,-37.381,

[2025-06-11 14:03:54] ,1,-12.343,452.707,-74.124,18.766,479.07,-29.932,

[2025-06-11 14:04:07] ,1,17.514,423.641,19.722,18.173,471.754,-11.113,

[2025-06-11 14:04:16] ,2,21.864,485.793,-68.854,-10.563,506.686,-173.774,

[2025-06-11 14:04:30] ,1,45.261,487.045,-69.146,34.452,502.798,-40.657,

[2025-06-11 14:04:46] ,1,13.23,455.475,-40.764,65.693,505.038,50.782,

[2025-06-11 14:05:30] ,1,-4.763,403.077,-64.359,33.464,437.614,-39.289,

[2025-06-11 14:05:39] ,1,30.234,462.527,7.496,0.575,481.179,-12.693,

[2025-06-11 14:05:53] ,1,24.764,400.111,-57.019,16.393,463.648,-80.455,

[2025-06-11 14:07:06] ,1,16.459,463.582,-80.87,78.941,471.029,67.537,

[2025-06-11 14:07:14] ,1,16.459,463.648,-80.372,78.941,471.029,67.537,

[2025-06-11 14:07:23] ,2,43.021,419.95,-156.194,30.102,501.216,114.528,

[2025-06-11 14:07:33] ,4,81.293,424.063,43.891,85.42,486.527,-23.062,

[2025-06-11 14:07:51] ,1,26.939,475.643,-22.27,-0.216,503.325,7.696,

[2025-06-11 14:08:03] ,1,51.523,489.879,-20.854,26.28,504.841,-2.556,

[2025-06-11 14:08:12] ,2,5.189,424.959,-104.407,57.916,459.759,-38.897,

[2025-06-11 14:08:47] ,1,38.934,424.234,35.538,34.914,452.114,-8.13,

[2025-06-11 14:09:10] ,2,45.13,403.077,-18.273,22.325,468.261,76.329,

[2025-06-11 14:09:21] ,1,54.818,470.898,43.221,66.88,471.425,36.363,

[2025-06-11 14:09:32] ,2,51.457,487.045,141.103,2.486,509.586,124.824,

[2025-06-11 14:09:43] ,4,81.907,405.977,59.668,65.929,516.65,71.232,

[2025-06-11 14:09:57] ,1,-10.168,433.791,47.862,35.177,506.159,-28.856,

[2025-06-11 14:10:06] ,2,15.471,496.734,98.707,60.025,512.223,-113.131,

[2025-06-11 14:10:25] ,4,71.823,441.436,66.666,42.296,514.529,-71.075,

[2025-06-11 14:11:00] ,1,-11.882,419.95,-86.934,38.341,465.823,22.543,

[2025-06-11 14:11:08] ,1,6.968,474.259,-86.987,28.257,497.393,24.528,

[2025-06-11 14:11:19] ,2,73.8,446.973,-38.501,61.475,469.579,-18.113,

[2025-06-11 14:11:31] ,1,35.705,498.118,-62.526,-12.409,506.093,-73.985,

[2025-06-11 14:11:41] ,4,54.093,404.659,-166.967,13.361,441.107,175.446,

[2025-06-11 14:11:53] ,2,82.17,445.457,-121.842,72.35,476.039,35.952,

[2025-06-11 14:12:05] ,1,24.368,516.638,-29.105,69.055,517.232,-20.072,

[2025-06-11 14:12:18] ,2,23.314,419.95,-177.955,43.35,516.507,141.18,

[2025-06-11 14:12:50] ,1,42.361,416.061,-80.287,70.439,429.441,-39.542,

[2025-06-11 14:13:00] ,1,27.136,432.341,-39.289,-9.443,441.107,-44.284,

[2025-06-11 14:13:11] ,1,10.198,482.366,44.284,31.948,514.002,66.4,

[2025-06-11 14:13:20] ,2,40.252,451.586,60.505,41.571,488.825,-38.581,

[2025-06-11 14:13:37] ,1,59.564,453.629,-71.089,1.827,457.979,-77.196,

[2025-06-11 14:13:46] ,1,80.918,477.291,26.565,-6.543,487.573,-14.769,

[2025-06-11 14:14:03] ,2,50.864,479.268,-115.201,-5.291,502.138,133.199,

[2025-06-11 14:14:20] ,1,15.998,413.557,-13.912,32.146,449.082,39.289,

[2025-06-11 14:15:00] ,1,29.971,398.53,62.745,0.641,460.879,-63.435,

[2025-06-11 14:15:11] ,1,1.63,491.791,-6.621,44.602,494.625,-48.576,

[2025-06-11 14:15:22] ,2,14.021,438.273,109.552,57.323,475.973,-57.995,

[2025-06-11 14:15:33] ,2,25.489,497.393,140.001,67.802,504.116,47.899,

[2025-06-11 14:15:46] ,2,28.586,505.302,31.405,10,511.827,47.175,

[2025-06-11 14:15:54] ,1,41.9,404.198,-72.708,75.645,415.6,-78.486,

[2025-06-11 14:16:03] ,1,6.639,458.573,23.398,18.502,475.445,-24.319,

[2025-06-11 14:16:22] ,1,58.509,438.668,-90,44.471,502.732,51.814,

[2025-06-11 14:16:37] ,1,65.298,476.764,37.476,13.032,493.57,79.38,

[2025-06-11 14:17:15] ,1,10,403.868,68.009,58.246,408.877,40.601,

[2025-06-11 14:17:24] ,1,40.318,446.841,-47.121,71.955,460.089,-24.066,

[2025-06-11 14:17:34] ,1,0.114,467.734,81.369,20.216,469.777,10.62,

[2025-06-11 14:17:46] ,1,66.089,480.389,9.713,54.884,495.811,34.951,

[2025-06-11 14:17:55] ,1,27.268,499.37,78.19,40.582,502.732,14.534,

[2025-06-11 14:18:10] ,1,24.896,441.173,-59.381,16.855,467.602,10.037,

[2025-06-11 14:18:19] ,1,84.214,469.118,8.276,-4.302,500.886,-38.897,

[2025-06-11 14:18:30] ,1,45.789,502.863,-6.621,26.939,513.409,54.048,

[2025-06-11 14:18:45] ,1,45.327,494.691,-45,32.409,500.425,80.372,

[2025-06-11 14:19:15] ,1,29.114,431.418,46.432,11.977,433.791,8.13,

[2025-06-11 14:19:24] ,1,-2.061,466.416,-60.945,25.423,507.543,62.076,

[2025-06-11 14:19:37] ,1,3.541,507.609,-37.073,50.6,516.375,13.416,

[2025-06-11 14:19:48] ,4,69.008,492.056,-8.443,70.9,517.1,-73.202,

[2025-06-11 14:20:00] ,1,83.357,443.941,-5.609,67.341,484.936,63.435,

[2025-06-11 14:20:15] ,1,-3.841,424.893,60.698,37.814,495.482,-11.31,

[2025-06-11 14:20:57] ,1,47.107,460.616,27.688,-4.763,485.134,-1.014,

[2025-06-11 14:21:06] ,1,28.586,496.668,-11.31,38.473,517.363,0,

[2025-06-11 14:21:24] ,1,14.877,434.186,-73.496,29.575,443.743,60.068,

[2025-06-11 14:22:00] ,1,53.302,402.616,42.797,8.682,412.436,-45.725,

[2025-06-11 14:22:12] ,1,66.88,429.639,-8.707,64.046,461.407,-15.388,

[2025-06-11 14:22:22] ,1,-11.157,465.098,67.73,83.686,479.795,52.306,

[2025-06-11 14:22:34] ,1,14.746,481.839,43.221,-8.454,489.55,-55.751,

[2025-06-11 14:22:44] ,1,23.446,502.995,-1.023,40.252,510.97,-52.214,

[2025-06-11 14:22:53] ,2,52.38,443.545,169.192,-4.434,448.95,156.602,

[2025-06-11 14:23:07] ,1,77.623,417.05,-27.951,62.53,450.993,-48.576,

[2025-06-11 14:23:17] ,1,71.757,491.395,70.105,-9.509,496.009,-57.995,

[2025-06-11 14:23:28] ,1,-4.895,516.638,-88.466,13.955,517.957,-41.042,

[2025-06-11 14:23:41] ,1,-3.841,408.416,5.148,24.566,410.064,48.958,

[2025-06-11 14:23:52] ,1,8.089,460.879,-52.829,22.786,492.911,-53.936,

[2025-06-11 14:24:05] ,1,79.402,491.593,67.341,-9.311,505.302,-36.363,

[2025-06-11 14:24:18] ,2,49.809,437.614,90,-10.695,507.213,-80.707,

[2025-06-11 14:24:29] ,4,81.116,452.575,22.659,85.532,485.398,-65.513,

[2025-06-11 14:25:04] ,1,-4.566,411.316,-55.886,27.071,493.834,26.792,

[2025-06-11 14:25:14] ,4,-2.533,398.425,86.849,83.587,507.707,77.358,

[2025-06-11 14:25:34] ,1,36.891,471.82,71.089,20.941,500.491,-80.87,

[2025-06-11 14:25:45] ,2,77.03,468.459,-107.628,42.23,503.786,-15.03,

[2025-06-11 14:26:16] ,1,44.602,415.468,-40.992,20.282,496.273,52.927,

[2025-06-11 14:26:51] ,1,28.455,460.023,-28.369,50.205,474.193,-57.567,

[2025-06-11 14:27:07] ,2,10.461,404.395,-58.595,34.914,449.345,53.531,

[2025-06-11 14:27:28] ,4,84.28,461.802,-7.696,84.016,481.114,-69.444,

[2025-06-11 14:27:37] ,1,42.889,459.364,-7.628,25.423,468.591,31.477,

[2025-06-11 14:28:13] ,1,69.12,406.439,-10.905,15.207,417.841,75.593,

[2025-06-11 14:28:21] ,1,64.375,423.773,-88.968,32.409,426.145,-16.504,

[2025-06-11 14:28:34] ,1,43.152,448.489,-58.69,31.816,463.054,-47.459,

[2025-06-11 14:28:45] ,1,19.03,469.25,-20.788,1.3,471.425,-63.435,

[2025-06-11 14:28:55] ,1,77.886,476.829,33.69,45.723,484.936,-26.114,

[2025-06-11 14:29:04] ,1,33.464,497.525,43.221,46.711,504.182,-50.389,

[2025-06-11 14:29:19] ,1,17.843,436.229,24.528,24.171,456.2,26.565,

[2025-06-11 14:29:30] ,1,31.684,488.495,27.924,-10.695,492.911,88.466,

[2025-06-11 14:29:49] ,1,19.227,400.309,78.69,13.493,421.136,27.924,

[2025-06-11 14:30:04] ,1,1.827,496.536,-67.068,26.214,505.632,50.711,

[2025-06-11 14:30:19] ,1,28.586,475.973,-41.468,81.577,476.829,5.148,

[2025-06-11 14:30:31] ,1,72.614,441.239,84.391,51.721,469.118,-46.779,

[2025-06-11 14:30:47] ,1,61.211,499.173,-43.905,12.109,516.704,-71.241,

[2025-06-11 14:31:22] ,1,44.141,399.914,-83.774,29.905,464.109,49.939,

[2025-06-11 14:31:30] ,1,4.661,505.632,16.015,79.666,509.916,54.462,

[2025-06-11 14:31:45] ,1,-5.884,456.398,-88.479,3.08,471.095,16.991,

[2025-06-11 14:31:54] ,1,52.38,515.254,39.542,-0.479,518.352,47.899,

[2025-06-11 14:34:03] ,1,42.23,398.53,-82.304,-2.72,410.13,-19.411,

[2025-06-11 14:34:14] ,1,20.611,431.682,-53.231,83.027,451.85,-63.435,

[2025-06-11 14:34:24] ,1,69.252,461.011,50.001,25.423,468.327,-35.074,

[2025-06-11 14:34:33] ,1,64.243,427.464,-8.785,50.139,501.413,-69.146,

[2025-06-11 14:34:45] ,1,-8.982,498.579,-19.552,79.468,513.211,26.796,

[2025-06-11 14:34:56] ,1,54.621,514.727,74.612,67.473,518.879,8.351,

[2025-06-11 14:35:12] ,1,67.077,417.445,45,7.825,481.641,-34.663,

[2025-06-11 14:35:20] ,1,68.527,490.209,-57.45,23.248,512.684,35.538,

[2025-06-11 14:35:35] ,1,27.927,460.089,-77.417,-4.829,462.593,-1.521,

[2025-06-11 14:35:49] ,1,69.78,454.552,65.472,45.196,511.366,-61.595,

[2025-06-11 14:36:27] ,1,73.8,428.782,-19.722,72.811,459.232,-37.476,

[2025-06-11 14:36:38] ,1,52.314,502.863,-52.927,13.757,507.477,-54.638,

[2025-06-11 14:36:49] ,2,59.959,456.002,-167.8,-12.277,473.534,-158.199,

[2025-06-11 14:36:58] ,4,70.109,474.325,54.881,84.627,514.69,15.945,

[2025-06-11 14:37:16] ,1,25.225,452.245,-68.569,21.468,477.62,-29.495,

[2025-06-11 14:37:26] ,1,10.066,511.3,-40.326,54.291,511.629,67.537,

[2025-06-11 14:37:36] ,2,76.634,408.416,42.026,23.314,441.239,-146.87,

[2025-06-11 14:37:50] ,2,-0.216,477.686,-88.986,59.102,490.604,163.985,

[2025-06-11 14:38:20] ,2,8.286,422.85,12.308,55.28,460.682,-171.369,

[2025-06-11 14:38:31] ,4,77.161,477.884,65.985,12.307,518.352,-73.843,

[2025-06-11 14:38:45] ,2,68.264,425.025,86.424,36.496,448.884,-118.811,

[2025-06-11 14:39:40] ,2,36.496,448.818,-118.369,5.584,464.439,-66.801,

[2025-06-11 14:39:47] ,2,36.496,448.818,-118.369,5.65,464.307,-66.602,

[2025-06-11 14:39:58] ,4,39.264,399.584,75.336,84.705,425.387,-85.802,

[2025-06-11 14:40:12] ,1,13.361,444.204,-56.032,13.823,516.573,-36.254,

[2025-06-11 14:40:23] ,2,73.075,457.716,130.657,22.786,494.032,-73.496,

[2025-06-11 14:40:39] ,4,-8.916,495.679,-7.696,3.08,510.641,64.826,

[2025-06-11 14:41:18] ,1,6.309,488.364,-39.289,72.614,499.7,-53.746,

[2025-06-11 14:41:25] ,2,24.83,406.9,-11.81,62.596,457.914,176.934,

[2025-06-11 14:41:36] ,2,52.643,492.45,-58.595,40.186,501.413,85.914,

[2025-06-11 14:41:44] ,4,81.248,463.911,34.695,80.248,515.218,-29.805,

[2025-06-11 14:41:59] ,1,53.764,451.586,21.615,24.171,507.148,-37.786,

[2025-06-11 14:42:07] ,2,64.902,463.054,148.426,39.725,474.918,176.486,

[2025-06-11 14:42:22] ,1,6.046,451.85,80.87,1.63,508.136,-88.968,

[2025-06-11 14:42:32] ,2,-8.718,487.111,91.534,64.77,510.377,-79.603,

[2025-06-11 14:43:09] ,1,66.089,419.884,-13.912,-5.027,428.584,-1.032,

[2025-06-11 14:43:19] ,2,44.668,409.207,111.516,53.434,474.457,154.12,

[2025-06-11 14:43:27] ,2,27.927,479.4,59.381,46.975,505.895,-75.593,

[2025-06-11 14:43:41] ,1,3.541,432.67,-46.801,84.28,447.104,71.075,

[2025-06-11 14:43:51] ,1,-8.652,459.627,42.51,76.041,482.827,-21.991,

[2025-06-11 14:44:05] ,2,79.402,456.925,122.705,52.643,457.914,-78.789,

[2025-06-11 14:44:21] ,1,61.409,412.568,19.093,42.427,450.664,-13.299,

[2025-06-11 14:44:29] ,2,8.286,481.245,142.125,9.077,499.37,-7.189,

[2025-06-11 14:44:39] ,2,25.95,501.941,-176.934,0.839,511.432,165.964,

[2025-06-11 14:44:52] ,1,73.47,460.484,-6.68,2.948,466.152,2.534,

[2025-06-11 14:45:17] ,1,64.705,406.636,-66.666,8.352,416.72,-6.68,

[2025-06-11 14:45:27] ,1,46.316,467.668,0.503,71.625,483.948,39.218,

[2025-06-11 14:45:36] ,1,32.739,488.034,42.173,6.573,504.05,-52.927,

[2025-06-11 14:45:45] ,2,42.493,403.934,-99.888,65.298,431.023,86.906,

[2025-06-11 14:45:56] ,2,56.071,454.289,-175.446,14.943,464.57,165.101,

[2025-06-11 14:46:04] ,4,76.898,462.329,-49.343,-12.23,518.437,-24.922,

[2025-06-11 14:46:17] ,1,50.732,508.07,-19.895,-5.95,510.311,-16.65,

[2025-06-11 14:46:29] ,2,-0.15,456.661,34.535,17.448,459.561,-24.528,

[2025-06-11 14:47:10] ,1,12.834,429.507,-53.637,23.511,493.307,-66.4,

[2025-06-11 14:47:19] ,2,10.593,409.273,90,37.221,409.47,54.462,

[2025-06-11 14:47:32] ,4,79.941,508.164,53.549,16.261,514.463,40.267,

[2025-06-11 14:48:08] ,4,39.396,511.827,-46.469,80.138,517.55,-21.801,

[2025-06-11 14:48:49] ,2,41.571,453.959,21.146,12.175,479.4,42.51,

[2025-06-11 14:49:18] ,1,-2.127,428.189,51.103,-1.468,447.236,42.138,

[2025-06-11 14:49:26] ,1,12.768,472.216,47.49,51.786,494.625,-14.407,

[2025-06-11 14:49:43] ,2,10.132,460.089,-53.936,26.477,488.232,34.249,

[2025-06-11 14:50:12] ,1,63.584,413.293,-42.101,47.239,474.589,20.026,

[2025-06-11 14:50:21] ,2,1.036,403.802,11.411,71.691,450.268,133.568,

[2025-06-11 14:50:34] ,1,65.627,492.977,-58.861,41.043,509.191,-77.583,

[2025-06-11 14:51:07] ,2,55.939,401.825,-32.391,24.632,410.657,-50.458,

[2025-06-11 14:51:18] ,1,69.252,433.923,-4.594,10.264,484.936,37.875,

[2025-06-11 14:51:29] ,2,37.089,414.875,-146.739,72.482,453.168,98.13,

[2025-06-11 14:51:38] ,2,11.252,501.018,-53.231,24.5,503.523,-16.504,

[2025-06-11 14:51:47] ,4,5.386,423.904,0,83.444,424.003,31.232,

[2025-06-11 14:51:57] ,2,-7.598,468.92,96.563,73.009,491.988,142.619,

[2025-06-11 14:52:06] ,4,50.701,473.815,-75.45,48.755,507.148,-88.968,

[2025-06-11 14:52:54] ,2,47.107,469.118,38.27,59.63,477.423,-24.74,

[2025-06-11 14:53:02] ,2,47.107,469.184,38.581,59.564,477.423,-25.201,

[2025-06-11 14:53:10] ,4,48.755,507.213,-88.958,76.041,512.42,-51.988,

[2025-06-11 14:53:25] ,2,52.116,409.734,163.843,8.682,413.03,171.798,

[2025-06-11 14:53:35] ,2,-8.718,447.17,156.869,41.241,449.675,10.214,

[2025-06-11 14:53:43] ,2,34.452,464.9,-149.816,-1.732,471.227,-154.799,

[2025-06-11 14:53:52] ,2,44.8,480.916,68.854,1.366,499.963,86.906,

[2025-06-11 14:54:02] ,4,11.318,456.859,-11.31,65.891,488.429,-64.581,

[2025-06-11 14:54:36] ,1,78.941,427.2,74.476,45.657,439.657,13.912,

[2025-06-11 14:54:45] ,1,13.164,479.4,62.987,51.786,499.963,73.496,

[2025-06-11 14:54:54] ,2,25.093,399.452,-82.304,35.968,407.757,-122.981,

[2025-06-11 14:55:04] ,2,51.259,411.777,-8.276,58.114,430.166,166.584,

[2025-06-11 14:55:13] ,2,-5.027,446.511,-96.621,-0.216,476.698,21.329,

[2025-06-11 14:55:23] ,2,39.132,484.409,-90,62.2,489.484,-68.484,

[2025-06-11 14:55:33] ,4,76.107,466.416,59.036,77.227,484.343,27.493,

[2025-06-11 14:55:46] ,2,39.066,406.241,-105.662,24.764,469.777,-95.013,

[2025-06-11 14:55:55] ,4,77.227,490.802,-63.204,1.3,512.75,87.955,

[2025-06-11 14:56:10] ,1,78.282,466.877,55.176,2.421,477.686,76.817,

[2025-06-11 14:56:24] ,2,8.418,490.934,-161.405,54.95,497.195,-105.524,

[2025-06-11 14:56:56] ,1,17.25,434.12,-29.495,76.041,444.864,75.466,

[2025-06-11 14:57:05] ,1,81.643,479.927,-47.521,23.973,487.375,17.324,

[2025-06-11 14:57:15] ,1,28.455,511.234,51.103,4.793,512.025,-8.707,

[2025-06-11 14:57:25] ,2,-0.809,434.845,110.674,18.832,473.6,41.468,

[2025-06-11 14:57:35] ,2,65.298,490.604,93.094,-5.423,495.284,-110.2,

[2025-06-11 14:57:44] ,4,81.748,406.29,56.753,47.964,518.55,-50.856,

[2025-06-11 14:57:56] ,1,31.618,443.611,-69.8,36.627,456.002,-65.681,

[2025-06-11 14:58:05] ,1,81.05,459.957,48.24,38.605,496.47,-78.19,

[2025-06-11 14:58:21] ,2,13.691,445.852,138.2,7.1,465.954,-131.468,

[2025-06-11 14:59:22] ,1,12.505,426.014,-28.369,32.805,426.87,-32.276,

[2025-06-11 14:59:32] ,2,13.823,474.259,-39.289,45.789,499.634,108.113,

[2025-06-11 14:59:47] ,1,-5.554,465.295,6.116,47.766,499.502,-64.12,

[2025-06-11 15:01:35] ,1,23.643,434.054,-69.146,83.159,441.107,-79.192,

[2025-06-11 15:01:40] ,1,23.643,434.054,-69.146,83.159,441.107,-79.192,

[2025-06-11 15:01:49] ,1,11.252,444.798,-74.124,59.564,446.445,40.711,

[2025-06-11 15:01:58] ,1,-11.684,446.709,59.123,70.966,455.409,-16.991,

[2025-06-11 15:02:09] ,1,6.309,458.309,-73.78,80.918,481.97,4.122,

[2025-06-11 15:02:19] ,2,68.923,470.766,-172.811,-11.354,496.47,-77.196,

[2025-06-11 15:02:33] ,1,59.959,455.409,-50.064,70.834,481.377,-70.105,

[2025-06-11 15:02:46] ,1,37.55,490.868,-42.879,42.955,503.259,73.496,

[2025-06-11 15:02:59] ,1,-12.87,448.884,-87.466,60.289,515.386,87.936,

[2025-06-11 15:03:12] ,1,22.852,400.902,83.32,35.375,491.527,-63.662,

[2025-06-11 15:03:22] ,4,78.611,403.934,19.759,82.623,508.156,88.949,

[2025-06-11 15:03:59] ,1,48.557,401.43,82.304,47.964,425.552,10.214,

[2025-06-11 15:04:06] ,1,70.966,480.52,-45,-1.27,491.461,-45.716,

[2025-06-11 15:04:18] ,1,63.386,493.109,-37.073,26.675,496.998,63.208,

[2025-06-11 15:04:28] ,2,6.309,432.67,-38.186,35.375,433.791,159.8,

[2025-06-11 15:04:38] ,2,23.05,409.075,-59.3,36.1,409.866,173.83,

[2025-06-11 15:04:47] ,2,60.025,448.357,135,-3.775,458.111,150.945,

[2025-06-11 15:04:56] ,2,36.364,469.052,2.027,12.505,472.941,-177.99,

[2025-06-11 15:05:04] ,2,12.109,486.057,-84.391,47.107,493.373,-117.711,

[2025-06-11 15:05:20] ,1,14.021,428.914,-5.609,16.986,446.182,80.87,

[2025-06-11 15:05:30] ,1,39.659,426.277,6.116,-1.204,449.214,-75.719,

[2025-06-11 15:05:40] ,1,39.857,461.802,-29.932,22.061,478.939,-62.312,

[2025-06-11 15:05:51] ,1,52.973,488.429,-27.242,67.473,491.659,-1.023,

[2025-06-11 15:05:59] ,2,66.155,457.057,113.398,-1.27,498.645,-86.961,

[2025-06-11 15:06:09] ,4,83.6,410.985,-84.184,50.534,517.693,-6.68,

[2025-06-11 15:06:24] ,1,79.073,458.045,31.139,7.825,460.945,82.937,

[2025-06-11 15:06:31] ,1,18.502,489.616,57.295,10.659,511.3,-62.526,

[2025-06-11 15:07:03] ,1,8.286,412.568,26.565,-1.863,436.295,-8.13,

[2025-06-11 15:07:19] ,2,-10.432,464.307,12.2,-9.641,496.207,-154.581,

[2025-06-11 15:07:35] ,1,0.443,464.241,58.261,31.882,479.07,-63.435,

[2025-06-11 15:08:08] ,1,-11.354,476.104,-76.701,14.152,480.125,-76.329,

[2025-06-11 15:08:22] ,1,79.732,485.068,11.31,57.652,487.243,-76.088,

[2025-06-11 15:08:32] ,1,-8.388,505.632,-1.534,18.041,511.102,84.391,

[2025-06-11 15:08:43] ,2,17.184,405.252,-28.163,58.773,446.379,-10.214,

[2025-06-11 15:08:54] ,4,82.632,406.768,11.725,82.632,432.934,-38.741,

[2025-06-11 15:09:08] ,1,77.293,417.05,61.805,7.957,423.707,28.163,

[2025-06-11 15:09:15] ,1,8.089,444.534,-52.829,30.234,453.959,-53.826,

[2025-06-11 15:09:27] ,1,13.889,462,-82.937,12.307,481.575,-77.307,

[2025-06-11 15:09:38] ,1,13.427,499.041,20.674,57.652,514.727,-60.895,

[2025-06-11 15:09:48] ,2,35.375,433.264,-3.576,-11.157,464.504,-36.064,

[2025-06-11 15:10:03] ,4,31.157,425.618,-27.711,84.873,432.209,-4.16,

[2025-06-11 15:10:14] ,1,15.273,414.941,82.875,58.114,480.85,45,

[2025-06-11 15:10:21] ,2,55.016,415.732,40.326,12.505,509.191,-56.592,

[2025-06-11 15:10:51] ,1,51.193,417.643,-84.341,-6.279,426.145,-90,

[2025-06-11 15:11:02] ,1,79.6,434.845,-28.856,53.368,445.786,9.13,

[2025-06-11 15:11:10] ,1,66.286,448.818,-27.474,72.416,477.093,82.304,

[2025-06-11 15:11:19] ,1,30.696,495.284,48.909,75.711,517.495,81.649,

[2025-06-11 15:11:29] ,2,2.618,400.111,-99.8,81.05,459.561,44.635,

[2025-06-11 15:11:38] ,2,55.939,495.943,20.376,-8.125,499.7,-123.69,

[2025-06-11 15:11:52] ,1,1.893,417.511,-85.365,68,453.168,-49.289,

[2025-06-11 15:12:02] ,2,24.236,439.525,5.057,-4.961,497.261,-126.363,

[2025-06-11 15:12:14] ,1,19.689,406.505,56.31,59.102,458.902,63.208,

[2025-06-11 15:12:22] ,4,-9.982,408.114,-89.474,65.495,518.088,-79.603,

[2025-06-11 15:12:55] ,1,22.918,422.916,-57.019,42.098,431.023,-62.758,

[2025-06-11 15:13:06] ,1,13.23,461.209,-41.091,53.5,485.464,83.884,

[2025-06-11 15:13:17] ,2,48.623,452.377,-124.249,-5.818,490.077,97.125,

[2025-06-11 15:13:30] ,1,1.036,399.123,67.62,81.709,429.573,-52.306,

[2025-06-11 15:14:09] ,1,73.536,424.629,-66.194,40.911,456.991,-52.431,

[2025-06-11 15:14:19] ,1,18.371,398.068,-39.542,58.443,458.243,-41.424,

[2025-06-11 15:14:30] ,1,77.689,466.811,42.101,-5.027,470.502,36.769,

[2025-06-11 15:14:39] ,1,31.816,480.718,-2.511,74.327,494.888,12.417,

[2025-06-11 15:14:58] ,1,33.991,440.975,3.039,17.909,503.918,-67.068,

[2025-06-11 15:15:35] ,1,28.652,426.211,-74.124,81.38,449.016,61.837,

[2025-06-11 15:15:46] ,1,56.861,462.857,58.69,-12.87,477.225,21.329,

[2025-06-11 15:15:56] ,1,63.057,482.102,81.293,24.105,487.704,10.125,

[2025-06-11 15:16:14] ,1,20.941,446.775,-35.362,64.902,456.595,68.199,

[2025-06-11 15:16:28] ,1,-4.368,456.2,-21.615,20.875,510.048,18.113,

[2025-06-11 15:17:01] ,1,16.064,427.661,53.936,56.598,472.677,-56.87,

[2025-06-11 15:17:12] ,1,7.298,478.873,5.511,37.88,483.157,85.446,

[2025-06-11 15:17:23] ,1,54.489,489.616,78.294,28.257,502.402,-66.4,

[2025-06-11 15:17:37] ,1,72.218,449.939,-9.211,-0.348,453.3,-32.433,

[2025-06-11 15:17:48] ,1,63.452,497.063,-50.389,74.261,512.288,18.435,

[2025-06-11 15:18:02] ,1,35.573,405.45,27.951,2.025,487.243,-84.44,

[2025-06-11 15:18:38] ,1,18.898,402.55,-52.619,71.691,422.52,29.105,

[2025-06-11 15:18:49] ,1,14.416,432.143,-37.171,31.882,455.607,13.183,

[2025-06-11 15:19:27] ,1,64.046,441.832,-70.278,37.352,462.857,73.156,

[2025-06-11 15:19:40] ,1,51.655,479.664,69.326,66.352,513.87,85.365,

[2025-06-11 15:19:53] ,1,33.2,409.998,24.487,-12.475,480.85,33.83,

[2025-06-11 15:20:26] ,1,73.009,449.148,48.24,54.752,467.141,56.032,

[2025-06-11 15:20:36] ,1,50.93,496.075,-40.657,22.984,505.829,66.4,

[2025-06-11 15:20:54] ,1,-3.511,416.061,81.293,72.68,417.973,-34.403,

[2025-06-11 15:21:05] ,1,60.091,503.457,42.479,9.539,516.243,-43.55,

[2025-06-11 15:21:34] ,1,61.409,412.173,64.359,65.561,437.152,-48.576,

[2025-06-11 15:21:45] ,1,23.446,438.668,37.875,37.418,446.05,-39.289,

[2025-06-11 15:21:53] ,1,21.666,457.452,-9.545,74.92,480.85,35.242,

[2025-06-11 15:22:02] ,1,64.046,505.434,88.466,10.198,512.552,59.56,

[2025-06-11 15:22:14] ,1,-8.52,408.68,-62.745,46.843,416.589,-77.082,

[2025-06-11 15:22:22] ,1,14.614,455.607,-63.435,-9.575,470.568,-32.433,

[2025-06-11 15:22:32] ,1,58.18,477.093,9.713,32.475,500.491,11.81,

[2025-06-11 15:22:42] ,1,80.786,504.709,48.621,-10.563,508.993,-70.758,

[2025-06-11 15:23:09] ,1,43.482,423.707,-30.877,51.259,450.795,37.875,

[2025-06-11 15:23:19] ,1,69.055,455.804,78.69,30.761,481.179,-32.164,

[2025-06-11 15:23:30] ,1,73.273,488.957,-47.553,27.927,497.459,-77.692,

[2025-06-11 15:24:03] ,1,40.582,408.482,-31.139,-8.257,438.8,-48.2,

[2025-06-11 15:24:12] ,1,66.286,452.707,24.066,82.434,461.209,38.1,

[2025-06-11 15:24:21] ,1,45.13,478.543,77.307,19.491,498.777,40.711,

[2025-06-11 15:24:31] ,1,55.148,505.566,45.716,43.021,510.97,-41.424,

[2025-06-11 15:25:02] ,1,30.234,409.998,23.6,69.648,428.32,44.284,

[2025-06-11 15:25:12] ,1,67.077,455.804,-83.884,42.823,460.945,-88.995,

[2025-06-11 15:25:22] ,1,35.309,478.741,-71.565,13.889,484.014,-36.064,

[2025-06-11 15:25:30] ,4,84.609,426.079,57.171,85.795,461.077,-24.274,

[2025-06-11 15:25:43] ,1,29.377,406.57,65.26,-4.895,451.454,-26.114,

[2025-06-11 15:26:37] ,1,62.2,481.179,-85.406,4.464,491.923,69.326,

[2025-06-11 15:26:49] ,1,14.943,471.82,-63.658,78.414,488.298,-71.727,

[2025-06-11 15:27:00] ,1,56.598,398.595,-19.584,10.33,418.83,-30.44,

[2025-06-11 15:27:10] ,1,21.534,460.418,-39.677,57.521,471.293,3.545,

[2025-06-11 15:27:40] ,1,-6.345,398.991,-13.536,22.523,440.448,-10.214,

[2025-06-11 15:27:50] ,1,28.916,458.704,31.05,-2.193,459.495,-75.593,

[2025-06-11 15:28:01] ,1,82.764,472.348,-86.424,-12.936,483.486,-40.711,

[2025-06-11 15:28:11] ,1,63.057,488.759,50.389,13.164,501.348,-30.877,

[2025-06-11 15:28:20] ,1,-12.936,506.488,8.202,31.486,514.332,73.496,

[2025-06-11 15:28:33] ,1,75.118,486.979,-73.985,53.83,497.854,87.973,

[2025-06-11 15:29:05] ,1,23.511,402.682,3.576,20.48,427.134,-53.637,

[2025-06-11 15:29:15] ,1,44.866,487.375,-41.424,67.868,489.945,56.592,

[2025-06-11 15:29:29] ,1,29.048,437.416,74.124,-11.552,502.732,-10.808,

[2025-06-11 15:29:39] ,1,55.082,451.982,30.619,78.414,465.295,38.501,

[2025-06-11 15:29:47] ,1,55.082,480.52,83.379,-3.445,500.227,52.125,

[2025-06-11 15:30:16] ,1,71.361,438.404,32.981,54.357,450.136,-55.465,

[2025-06-11 15:30:29] ,1,38.539,398.595,88.968,1.63,445.72,47.827,

[2025-06-11 15:30:37] ,1,37.616,462.329,67.73,66.814,499.568,58.861,

[2025-06-11 15:30:56] ,1,75.843,491.593,-84.341,45.657,514.463,7.765,

[2025-06-11 15:31:27] ,1,60.948,408.284,-1.548,27.532,416.193,45.36,

[2025-06-11 15:31:38] ,1,58.707,449.477,21.146,72.877,453.827,-3.066,

[2025-06-11 15:31:47] ,1,85.4,457.716,-3.094,56.466,473.402,-10.713,

[2025-06-11 15:31:54] ,1,-0.282,482.036,-63.886,17.711,493.438,-38.581,

[2025-06-11 15:32:05] ,1,-8.586,494.954,-5.102,77.095,505.038,-47.553,

[2025-06-11 15:32:18] ,1,26.346,449.741,-6.009,39.396,461.934,-68.854,

[2025-06-11 15:32:29] ,1,24.105,500.227,-56.592,-9.443,508.861,-66.4,

[2025-06-11 15:32:41] ,1,1.498,462.329,60.945,17.646,476.039,-25.894,

[2025-06-11 15:32:51] ,1,34.057,513.607,-45,16.196,517.495,62.526,

[2025-06-11 15:33:27] ,1,57.652,443.809,65.014,-3.182,513.277,24.274,

[2025-06-11 15:33:38] ,1,52.05,469.382,-28.369,62.134,488.495,71.405,

[2025-06-11 15:33:50] ,1,10.461,409.141,66.869,37.682,482.102,71.089,

[2025-06-11 15:33:58] ,1,70.043,492.054,-2.556,14.68,499.7,-7.628,

[2025-06-11 15:34:35] ,1,65.957,406.768,44.63,16.393,409.141,-21.516,

[2025-06-11 15:34:45] ,1,-7.729,411.118,3.576,57.784,434.054,-63.662,

[2025-06-11 15:34:56] ,1,13.955,453.102,-8.059,74.13,459.034,-36.363,

[2025-06-11 15:35:05] ,1,59.827,470.832,77.692,12.307,477.686,-36.87,

[2025-06-11 15:35:14] ,1,-11.552,486.057,86.455,25.621,489.748,42.852,

[2025-06-11 15:35:22] ,1,36.298,504.643,-23.6,69.714,514.398,-51.259,

[2025-06-11 15:35:41] ,1,41.834,428.782,-16.015,-0.875,473.204,-82.937,

[2025-06-11 15:35:59] ,1,68.659,481.97,-12.417,0.971,511.3,-32.981,

[2025-06-11 15:36:33] ,1,35.309,399.255,-75.466,-10.168,406.57,33.69,

[2025-06-11 15:36:44] ,1,43.35,450.4,-57.144,65.759,456.661,59.816,

[2025-06-11 15:36:53] ,1,29.575,468.327,-36.87,84.214,471.227,-73.496,

[2025-06-11 15:37:04] ,1,66.55,505.5,-3.066,3.805,512.42,-8.202,

[2025-06-11 15:37:13] ,2,5.518,474.391,100.125,39.33,487.902,-168.294,

[2025-06-11 15:37:26] ,1,85.598,459.166,80.287,1.893,460.879,-12.693,

[2025-06-11 15:37:33] ,1,54.489,504.775,30.44,21.468,513.277,51.499,

[2025-06-11 15:37:43] ,2,4.398,475.775,82.439,51.457,480.652,-74.124,

[2025-06-11 15:37:59] ,4,85.73,446.577,37.381,80.943,515.283,41.677,

[2025-06-11 15:38:08] ,2,42.361,469.909,-96.062,59.893,480.323,48.958,

[2025-06-11 15:38:18] ,1,10.198,422.586,15.03,35.902,508.4,-77.583,

[2025-06-11 15:38:50] ,1,27.73,412.436,15.03,-8.454,464.241,-88.977,

[2025-06-11 15:39:49] ,2,58.443,436.229,120.44,27.334,458.507,-81.444,

[2025-06-11 15:39:55] ,2,58.443,436.229,120.44,27.334,458.507,-81.444,

[2025-06-11 15:40:04] ,2,3.014,488.298,98.631,46.514,503.523,140.064,

[2025-06-11 15:40:17] ,1,43.152,467.47,-14.899,33.464,505.829,-20.854,

[2025-06-11 15:40:28] ,1,16.855,427.2,49.289,53.434,463.12,-37.171,

[2025-06-11 15:40:50] ,1,72.482,411.909,42.064,49.084,467.668,-76.817,

[2025-06-11 15:41:04] ,1,48.821,404.395,53.44,-10.234,472.216,-34.951,

[2025-06-11 15:41:41] ,1,-10.498,451.586,60.505,45.789,454.289,-37.171,

[2025-06-11 15:41:49] ,1,17.777,458.902,83.494,17.25,473.007,18.277,

[2025-06-11 15:42:00] ,1,53.5,482.102,73.009,17.909,491.923,13.299,

[2025-06-11 15:42:08] ,1,34.584,495.35,50.389,-12.607,507.279,-28.163,

[2025-06-11 15:42:18] ,4,-7.07,398.793,-57.609,74.13,480.454,73.985,

[2025-06-11 15:42:27] ,4,84.51,503.392,24.444,76.284,516.369,-2.102,

[2025-06-11 15:42:40] ,1,75.975,399.782,-46.109,-10.827,404,-52.306,

[2025-06-11 15:42:48] ,1,57.521,422.52,-39.218,0.377,472.611,-14.158,

[2025-06-11 15:42:58] ,1,14.482,489.154,-45,36.496,500.688,-29.495,

[2025-06-11 15:43:08] ,1,-9.904,507.741,26.565,50.336,514.529,0,

[2025-06-11 15:43:20] ,1,62.727,406.241,53.13,-9.311,495.811,-75.101,

[2025-06-11 15:43:29] ,2,7.1,418.632,19.722,70.702,441.634,165.101,

[2025-06-11 15:43:42] ,1,67.011,406.241,-3.641,56.993,513.738,78.085,

[2025-06-11 15:44:12] ,1,-5.95,431.089,39.611,42.625,463.186,-52.431,

[2025-06-11 15:44:21] ,1,66.748,468.393,-80.287,-9.641,471.293,-19.552,

[2025-06-11 15:44:32] ,2,-3.05,409.998,-111.516,52.973,442.359,160.278,

[2025-06-11 15:44:42] ,2,38.209,498.184,-101.81,66.88,507.016,36.973,

[2025-06-11 15:44:50] ,4,81.643,493.504,10.397,42.296,509.784,21.516,

[2025-06-11 15:45:01] ,4,15.273,515.452,-59.482,83.976,517.054,-67.906,

[2025-06-11 15:45:12] ,1,78.875,468.393,61.837,53.566,507.477,82.811,

[2025-06-11 15:45:20] ,2,62.134,442.161,55.886,-8.652,486.452,123.551,

[2025-06-11 15:45:32] ,1,1.893,492.45,-48.958,26.148,492.779,32.705,

[2025-06-11 15:45:41] ,2,-11.025,461.934,-109.075,56.532,503.061,178.968,

[2025-06-11 15:46:14] ,1,69.45,411.58,34.267,56.268,434.186,-19.722,

[2025-06-11 15:46:21] ,1,11.846,451.52,88.493,46.646,461.341,3.013,

[2025-06-11 15:46:32] ,1,4.2,429.902,66.602,46.448,480.059,27.924,

[2025-06-11 15:46:41] ,1,68.791,484.145,62.526,21.007,511.168,-20.2,

[2025-06-11 15:46:51] ,2,42.889,412.239,53.637,3.343,412.766,-100.713,

[2025-06-11 15:46:59] ,2,33.793,426.541,11.81,26.873,442.227,-110.674,

[2025-06-11 15:47:08] ,2,27.4,475.775,-180,19.293,488.298,148.69,

[2025-06-11 15:47:16] ,2,-5.357,490.67,65.472,47.502,498.184,84.341,

[2025-06-11 15:47:28] ,1,-12.87,467.998,26.792,68.725,469.579,81.293,

[2025-06-11 15:47:37] ,2,4.002,458.045,-93.039,22.918,467.075,-49.56,

[2025-06-11 15:47:47] ,1,85.664,470.766,54.758,22.655,494.559,-64.799,

[2025-06-11 15:47:55] ,2,43.614,475.248,-19.552,41.241,489.55,-77.692,

[2025-06-11 15:48:07] ,2,23.643,460.418,118.131,19.557,493.9,30.184,

[2025-06-11 15:48:23] ,4,64.111,474.259,51.9,69.516,495.745,-15.662,

[2025-06-11 15:48:35] ,1,77.557,468.261,-47.899,21.139,492.516,-70.925,

[2025-06-11 15:48:42] ,2,6.771,480.191,67.264,48.161,507.609,-128.82,

[2025-06-11 15:49:03] ,1,71.889,487.77,-29.554,-9.773,502.929,-46.801,

[2025-06-11 15:49:23] ,4,53.5,434.582,-50.711,1.432,439.657,38.186,

[2025-06-11 15:49:41] ,1,1.63,441.37,15.876,17.184,470.239,37.171,

[2025-06-11 15:49:50] ,2,28.916,457.189,-33.551,14.021,487.045,85.95,

[2025-06-11 15:50:13] ,1,-12.013,414.677,-66.666,11.648,431.945,-69.146,

[2025-06-11 15:53:07] ,1,22.852,414.545,48.958,14.811,433.989,-45.716,

[2025-06-11 15:53:15] ,1,22.852,414.545,48.958,14.746,433.989,-46.067,

[2025-06-11 15:53:22] ,1,1.102,462.198,-44.284,-8.982,473.468,61.631,

[2025-06-11 15:53:32] ,4,17.58,502.732,-53.231,29.377,507.873,33.408,

[2025-06-11 15:53:50] ,1,57.85,444.6,-57.995,-1.929,487.177,-9.628,

[2025-06-11 15:54:01] ,1,49.809,481.048,-88.493,18.832,498.843,-45.36,

[2025-06-11 15:54:13] ,2,21.798,450.334,1.521,5.123,508.466,19.895,

[2025-06-11 15:54:53] ,1,48.689,457.716,56.449,7.034,469.448,74.124,

[2025-06-11 15:55:01] ,1,27.136,471.293,72.35,-0.677,487.902,-71.089,

[2025-06-11 15:55:11] ,1,66.88,488.891,-63.662,38.539,495.679,63.208,

[2025-06-11 15:55:19] ,2,52.577,406.043,-76.967,58.773,441.107,-56.17,

[2025-06-11 15:55:31] ,4,84.778,409.396,-21.606,47.958,517.714,41.677,

[2025-06-11 15:55:45] ,1,18.7,446.907,-4.05,-10.761,501.875,68.671,

[2025-06-11 15:55:52] ,2,70.307,486.32,118.163,-9.773,489.682,64.799,

[2025-06-11 15:56:05] ,4,58.905,504.116,-66.869,-9.245,505.698,71.075,

[2025-06-11 15:56:19] ,1,39.725,444.995,-35.242,-7.795,498.645,33.408,

[2025-06-11 15:56:54] ,1,16.064,415.073,-68.009,54.818,436.889,-18.595,

[2025-06-11 15:57:05] ,2,69.977,420.543,-154.581,37.221,421.005,6.621,

[2025-06-11 15:57:15] ,1,45.921,439.129,-70.925,34.848,448.423,-59.123,

[2025-06-11 15:57:24] ,1,-7.795,493.768,75.719,9.407,498.118,86.961,

[2025-06-11 15:57:32] ,2,-11.618,419.357,93.576,35.902,463.845,15.739,

[2025-06-11 15:57:46] ,1,16.986,510.904,62.526,61.409,511.959,-52.306,

[2025-06-11 15:57:59] ,1,68.989,474.523,-40.326,-12.211,500.491,10.808,

[2025-06-11 15:58:10] ,2,27.532,460.945,-105.255,26.082,495.548,103.791,

[2025-06-11 15:58:21] ,1,71.955,479.268,33.408,53.368,479.993,51.103,

[2025-06-11 15:58:56] ,1,68.857,476.829,63.208,59.564,504.445,28.856,

[2025-06-11 15:59:29] ,1,21.336,405.055,-86.934,33.266,502.468,38.897,

[2025-06-11 16:01:20] ,1,0.905,416.852,83.379,1.498,438.009,-62.758,

[2025-06-11 16:01:27] ,1,0.905,416.852,83.379,1.498,438.009,-62.758,

[2025-06-11 16:01:36] ,2,56.202,424.234,99.713,79.666,446.775,-8.707,

[2025-06-11 16:02:07] ,1,73.866,430.1,-4.594,0.443,439.261,2.534,

[2025-06-11 16:02:15] ,1,47.766,476.698,51.419,5.716,489.945,8.631,

[2025-06-11 16:02:26] ,2,19.359,428.848,-21.801,54.884,434.318,-44.64,

[2025-06-11 16:02:34] ,2,33.002,486.057,-109.075,67.275,488.364,90,

[2025-06-11 16:02:43] ,4,79.007,400.902,30.6,83.161,416.547,2.121,

[2025-06-11 16:04:05] ,1,5.65,402.945,26.565,51.918,427.859,77.692,

[2025-06-11 16:04:12] ,1,5.716,402.945,26.105,51.918,427.793,77.196,

[2025-06-11 16:04:20] ,1,56.136,472.479,55.337,2.223,480.784,6.062,

[2025-06-11 16:04:30] ,2,18.041,438.602,2.027,56.73,456.134,92.534,

[2025-06-11 16:04:38] ,4,-0.216,465.493,9.713,81.248,491.725,59.036,

[2025-06-11 16:04:52] ,1,-2.984,477.357,-23.199,62.332,487.968,-74.476,

[2025-06-11 16:05:00] ,2,-2.193,496.47,160.925,6.046,507.873,51.499,

[2025-06-11 16:05:17] ,1,34.518,453.234,-44.644,28.191,475.182,-26.114,

[2025-06-11 16:05:27] ,1,29.246,505.038,-28.61,10.659,512.486,-12.308,

[2025-06-11 16:05:45] ,2,18.898,403.275,-157.341,-11.75,406.768,-117.951,

[2025-06-11 16:06:28] ,1,29.377,417.841,-2.045,75.514,418.368,-83.774,

[2025-06-11 16:06:39] ,1,84.873,440.711,57.019,6.968,479.664,30.619,

[2025-06-11 16:06:49] ,1,34.123,499.766,5.057,55.543,512.684,-6.68,

[2025-06-11 16:06:59] ,2,54.291,408.02,97.765,69.582,446.248,-26.338,

[2025-06-11 16:07:11] ,1,15.932,405.845,30.256,-9.509,457.518,-8.13,

[2025-06-11 16:07:27] ,1,25.489,428.386,-50.389,-3.577,436.559,21.615,

[2025-06-11 16:07:37] ,2,17.316,478.082,151.189,19.359,509.388,-51.103,

[2025-06-11 16:08:14] ,1,11.384,510.443,20.376,68.725,513.145,32.115,

[2025-06-11 16:08:27] ,1,-6.213,416.061,88.466,67.67,436.757,-71.887,

[2025-06-11 16:09:46] ,1,21.534,415.666,-13.912,51.457,441.568,71.405,

[2025-06-11 16:10:02] ,1,14.284,434.977,-73.639,77.623,451.125,-42.479,

[2025-06-11 16:10:13] ,1,56.927,470.37,20.497,36.627,502.336,-49.289,

[2025-06-11 16:10:24] ,2,20.084,400.902,96.68,61.936,414.018,-135,

[2025-06-11 16:10:32] ,2,-6.675,419.159,-125.119,39.659,434.714,-151.144,

[2025-06-11 16:10:40] ,2,48.821,454.882,157.537,31.157,480.454,-175.406,

[2025-06-11 16:10:50] ,2,14.877,493.373,-20.674,18.305,514.727,166.464,

[2025-06-11 16:10:58] ,4,-2.523,446.445,-3.066,-3.919,508.229,76.065,

[2025-06-11 16:11:12] ,1,30.432,409.405,5.102,26.741,426.079,-56.17,

[2025-06-11 16:11:21] ,1,77.161,505.368,-45.365,20.15,506.62,83.379,

[2025-06-11 16:11:32] ,2,-0.216,426.739,156.4,22.786,442.886,-30.619,

[2025-06-11 16:11:46] ,2,24.434,449.279,127.786,27.071,513.475,-113.6,

[2025-06-11 16:11:55] ,1,49.743,502.798,-45,67.868,516.507,77.978,

[2025-06-11 16:12:29] ,1,4.2,450.861,75.231,82.17,462.593,43.55,

[2025-06-11 16:12:39] ,1,77.425,486.189,-42.797,37.55,491.791,45,

[2025-06-11 16:12:50] ,2,30.3,440.843,-177.973,76.964,450.334,54.162,

[2025-06-11 16:13:02] ,1,60.948,411.448,-74.836,66.155,460.879,67.537,

[2025-06-11 16:13:10] ,1,45.789,495.613,73.639,61.08,512.948,-5.659,

[2025-06-11 16:13:28] ,1,-7.663,459.364,45,55.346,514.727,-63.435,

[2025-06-11 16:14:01] ,1,57.784,418.566,-75.101,34.716,423.773,71.405,

[2025-06-11 16:14:11] ,1,-6.082,429.507,-23.131,60.816,433.329,67.73,

[2025-06-11 16:14:22] ,1,49.282,463.516,14.407,31.025,464.175,16.844,

[2025-06-11 16:14:33] ,1,64.309,469.514,17.475,73.998,485.068,16.015,

[2025-06-11 16:14:41] ,1,20.348,485.661,25.442,33.53,495.218,25.659,

[2025-06-11 16:14:52] ,2,37.089,401.693,125.538,14.811,413.359,82.811,

[2025-06-11 16:15:00] ,2,44.471,443.875,31.31,12.9,473.6,166.701,

[2025-06-11 16:15:15] ,1,33.793,485.398,-9.713,42.361,505.632,55.465,

[2025-06-11 16:15:24] ,2,65.891,439.459,95.102,58.773,475.445,-100.125,

[2025-06-11 16:15:41] ,1,39.725,462.593,-86.455,50.732,498.382,9.293,

[2025-06-11 16:15:54] ,1,-10.761,459.957,33.551,32.936,500.095,19.722,

[2025-06-11 16:16:05] ,1,17.711,511.695,-54.881,-6.148,515.716,2.579,

[2025-06-11 16:16:18] ,2,24.039,460.879,124.951,-7.268,504.973,137.862,

[2025-06-11 16:16:34] ,4,76.399,398.149,28.229,82.427,513.743,-60.584,

[2025-06-11 16:17:06] ,1,73.273,460.418,4.086,19.227,461.539,86.486,

[2025-06-11 16:17:13] ,1,61.146,473.929,66.602,23.38,483.42,13.671,

[2025-06-11 16:17:22] ,2,36.825,469.645,52.431,23.709,504.379,-82.372,

[2025-06-11 16:17:33] ,4,85.993,490.077,69.444,48.227,514.529,7.765,

[2025-06-11 16:17:46] ,1,54.423,447.302,-58.426,-3.313,506.752,-42.479,

[2025-06-11 16:17:55] ,1,59.827,509.191,-33.977,28.389,516.573,80.789,

[2025-06-11 16:18:09] ,2,22.523,439.195,-145.751,74.657,448.554,-135.36,

[2025-06-11 16:18:17] ,1,34.584,473.995,-28.811,69.318,492.845,-58.861,

[2025-06-11 16:18:29] ,1,44.8,423.509,-51.499,70.307,461.67,76.088,

[2025-06-11 16:18:39] ,2,-11.816,442.557,-116.792,68.33,511.629,19.411,

[2025-06-11 16:19:08] ,1,4.859,421.861,14.407,70.241,439.393,-32.276,

[2025-06-11 16:19:18] ,1,29.641,461.67,74.261,60.948,490.143,65.472,

[2025-06-11 16:19:28] ,1,79.336,490.473,79.695,-10.3,504.05,31.139,

[2025-06-11 16:19:38] ,1,6.309,506.159,20.674,58.048,513.211,-28.163,

[2025-06-11 16:19:48] ,2,49.414,406.834,128.1,23.38,429.639,-103.912,

[2025-06-11 16:19:59] ,2,43.877,434.12,-62.978,13.955,447.566,-29.495,

[2025-06-11 16:20:08] ,2,26.543,447.829,-37.786,6.836,456.2,136.432,

[2025-06-11 16:20:18] ,2,61.871,460.616,172.304,50.6,478.411,29.495,

[2025-06-11 16:20:29] ,4,74.657,479.993,86.392,77.444,517.333,63.199,

[2025-06-11 16:21:00] ,1,10.659,419.093,-64.341,53.566,442.491,-62.758,

[2025-06-11 16:21:10] ,1,1.234,442.689,58.69,36.43,459.627,-46.054,

[2025-06-11 16:21:20] ,1,33.002,479.795,-3.514,2.552,480.323,-32.433,

[2025-06-11 16:21:29] ,2,46.118,398.53,-103.033,39.659,449.279,-45.36,

[2025-06-11 16:21:36] ,2,-8.257,464.768,37.476,46.184,476.434,153.208,

[2025-06-11 16:21:46] ,2,6.573,492.911,62.076,54.884,508.004,90,

[2025-06-11 16:21:55] ,4,28.059,512.618,-76.464,72.698,513.209,6.282,

[2025-06-11 16:22:10] ,1,65.693,404.198,-42.101,51.852,440.25,-65.934,

[2025-06-11 16:22:18] ,2,54.423,427.464,140.064,52.248,478.345,121.739,

[2025-06-11 16:22:30] ,4,16.327,499.304,-86.934,61.277,516.573,45,

[2025-06-11 16:22:44] ,1,-5.027,436.823,64.799,61.146,503.72,7.189,

[2025-06-11 16:22:56] ,1,40.384,488.957,52.829,20.414,515.848,86.424,

[2025-06-11 16:23:26] ,1,47.898,420.873,-21.516,16.657,475.182,-78.983,

[2025-06-11 16:23:36] ,1,29.707,488.957,-62.312,-8.586,507.477,-67.068,

[2025-06-11 16:23:48] ,2,35.046,425.354,112.932,72.614,436.954,-11.31,

[2025-06-11 16:23:56] ,2,21.996,464.966,117.924,84.411,468.723,152.978,

[2025-06-11 16:24:08] ,1,39.989,400.309,77.583,72.482,439.195,-88.977,

[2025-06-11 16:24:36] ,1,19.227,447.039,-67.92,79.93,460.023,4.594,

[2025-06-11 16:24:46] ,1,66.484,439.854,16.991,46.316,468.393,49.236,

[2025-06-11 16:24:54] ,2,-0.348,410.195,-140.458,6.968,426.409,-108.759,

[2025-06-11 16:25:04] ,2,41.505,446.577,1.023,62.002,490.011,14.899,

[2025-06-11 16:25:13] ,4,73.845,511.506,39.806,-4.566,512.948,-36.973,

[2025-06-11 16:25:27] ,1,83.225,413.82,-21.705,-2.127,443.348,1.014,

[2025-06-11 16:25:39] ,2,69.714,401.298,-72.395,10.857,494.559,33.83,

[2025-06-11 16:26:11] ,2,-6.807,454.157,29.055,-0.216,468.525,-62.312,

[2025-06-11 16:26:21] ,2,13.427,483.42,-141.814,13.098,501.348,-37.786,

[2025-06-11 16:26:28] ,2,58.246,506.423,-66.666,29.377,514.595,127.694,

[2025-06-11 16:26:45] ,1,43.68,406.636,-86.906,71.823,455.277,44.275,

[2025-06-11 16:26:54] ,1,1.366,473.534,7.561,23.182,500.029,-58.426,

[2025-06-11 16:27:12] ,1,-12.013,472.809,-53.531,77.227,498.711,-73.698,

[2025-06-11 16:27:25] ,1,32.475,430.891,-25.659,16.13,455.014,-45.356,

[2025-06-11 16:27:37] ,1,-2.523,471.82,63.435,7.232,507.873,-10.305,

[2025-06-11 16:28:06] ,1,55.675,404.989,6.68,12.834,411.645,-4.594,

[2025-06-11 16:28:15] ,1,38.407,413.227,-1.534,76.964,450.664,-78.69,

[2025-06-11 16:28:26] ,1,35.177,451.059,-37.875,47.7,462.527,-10.125,

[2025-06-11 16:28:34] ,1,68.264,479.729,-88.466,6.902,486.979,78.294,

[2025-06-11 16:28:43] ,1,24.5,489.088,-78.19,81.907,509.718,45.365,

[2025-06-11 16:28:55] ,1,-10.432,413.886,85.914,75.052,489.945,-73.35,

[2025-06-11 16:29:10] ,1,22.325,408.218,-71.405,-12.936,488.495,-28.369,

[2025-06-11 16:29:42] ,1,15.866,428.584,19.075,74.591,455.804,62.526,

[2025-06-11 16:29:52] ,1,28.784,458.639,11.706,13.098,475.511,-7.561,

[2025-06-11 16:30:02] ,1,57.652,499.436,-7.628,4.925,501.084,-52.214,

[2025-06-11 16:30:16] ,1,79.995,464.109,21.991,10.593,474.391,-33.275,

[2025-06-11 16:30:30] ,1,73.998,455.079,-81.293,18.041,514.266,-29.999,

[2025-06-11 16:31:10] ,1,31.223,435.439,72.044,52.182,503.193,18.595,

[2025-06-11 16:31:44] ,1,55.609,436.032,-88.977,53.632,467.075,-24.986,

[2025-06-11 16:31:54] ,1,7.496,479.202,-63.435,47.7,492.713,-67.068,

[2025-06-11 16:32:08] ,1,35.243,398.793,-16.157,42.955,511.234,0,

[2025-06-11 16:32:17] ,1,-2.391,513.145,-84.898,62.464,513.936,87.955,

[2025-06-11 16:33:03] ,1,55.675,424.761,-63.208,16.855,434.582,8.13,

[2025-06-11 16:33:12] ,1,-6.807,458.045,82.937,21.402,473.468,-36.87,

[2025-06-11 16:33:22] ,1,74.13,476.961,-49.343,55.477,478.082,45,

[2025-06-11 16:33:32] ,4,19.359,419.291,32.55,20.546,505.17,74.338,

[2025-06-11 16:33:41] ,1,-8.125,437.811,-74.124,47.634,503.786,-35.242,

[2025-06-11 16:33:48] ,1,6.836,518.616,35.119,46.646,518.748,-51.9,

[2025-06-11 16:34:04] ,1,15.602,423.114,46.779,83.818,428.452,68.484,

[2025-06-11 16:34:14] ,1,20.875,446.577,1.507,15.273,465.691,30.619,

[2025-06-11 16:34:22] ,1,79.732,470.766,-87.444,65.166,483.75,3.576,

[2025-06-11 16:34:35] ,1,0.905,421.136,-73.496,77.425,455.541,57.724,

[2025-06-11 16:34:44] ,1,-5.752,478.543,-3.545,52.38,495.482,-40.326,

[2025-06-11 16:34:58] ,1,-3.445,454.684,83.379,25.489,481.443,89.493,

[2025-06-11 16:35:13] ,1,73.668,490.802,60.698,-2.786,495.943,28.61,

[2025-06-11 16:35:51] ,1,80.061,414.084,-48.668,55.873,456.925,1.014,

[2025-06-11 16:36:00] ,1,33.068,486.386,66.14,69.318,508.334,42.479,

[2025-06-11 16:37:06] ,1,68,426.014,-14.534,-9.773,458.441,-39.289,

[2025-06-11 16:37:19] ,1,60.75,403.275,43.176,44.734,494.098,1.521,

[2025-06-11 16:37:30] ,1,51.391,447.039,-61.189,11.384,505.763,77.8,

[2025-06-11 16:38:08] ,1,6.309,414.15,16.504,25.95,438.734,24.066,

[2025-06-11 16:38:18] ,1,50.007,456.991,-36.064,44.075,506.423,-68.199,

[2025-06-11 16:38:35] ,1,38.143,457.979,64.558,26.741,486.189,87.489,

[2025-06-11 16:38:48] ,1,76.502,460.484,-23.6,23.907,477.423,46.779,

[2025-06-11 16:39:22] ,1,27.071,406.373,-82.811,71.691,419.62,38.012,

[2025-06-11 16:39:31] ,1,27.202,449.411,-87.466,85.202,458.045,-8.785,

[2025-06-11 16:39:40] ,1,72.218,463.318,-70.278,12.373,466.482,82.999,

[2025-06-11 16:39:55] ,1,-12.936,431.22,-62.076,42.823,467.668,2.01,

[2025-06-11 16:40:05] ,1,31.157,411.316,-82.304,32.739,482.695,2.511,

[2025-06-11 16:40:15] ,1,48.689,484.277,77.8,-4.17,513.607,10.905,

[2025-06-11 16:40:29] ,1,39.132,475.973,30.619,16.459,481.311,-51.73,

[2025-06-11 16:40:38] ,1,77.359,482.564,72.216,31.882,495.482,12.308,

[2025-06-11 16:40:53] ,1,39.066,437.614,70.448,50.007,476.895,43.933,

[2025-06-11 16:41:06] ,1,-1.534,455.343,-60.945,59.3,506.62,-50.458,

[2025-06-11 16:41:15] ,1,-5.423,466.284,4.05,19.623,515.123,60.255,

[2025-06-11 16:42:07] ,1,13.23,409.8,43.199,-10.102,420.016,-68.671,

[2025-06-11 16:42:16] ,1,40.516,464.57,33.551,72.548,485.595,-32.981,

[2025-06-11 16:42:28] ,1,64.243,495.943,-16.157,24.368,507.345,45,

[2025-06-11 16:42:41] ,1,74.855,484.739,8.202,14.284,491.461,73.156,

[2025-06-11 16:42:51] ,1,25.225,450.861,46.414,52.709,497.195,-1.023,

[2025-06-11 16:43:00] ,4,80.984,465.229,-28.163,83.225,511.036,-34.267,

[2025-06-11 16:43:35] ,1,40.384,407.098,17.14,27.796,434.714,-17.475,

[2025-06-11 16:43:42] ,1,-1.073,443.084,53.936,18.7,451.85,36.469,

[2025-06-11 16:44:06] ,1,67.407,462.395,29.302,70.57,484.343,-17.14,

[2025-06-11 16:44:15] ,1,50.402,492.384,53.637,-12.541,517.693,-11.411,

[2025-06-11 16:44:30] ,1,40.318,497.788,86.424,-6.213,511.366,-54.758,

[2025-06-11 16:44:49] ,1,43.218,495.35,12.308,53.961,504.577,-4.594,

[2025-06-11 16:45:28] ,1,13.823,420.148,10.214,3.343,436.757,-47.148,

[2025-06-11 16:45:38] ,1,43.482,480.059,-87.99,-2.918,483.816,76.209,

[2025-06-11 16:45:52] ,1,49.611,448.95,6.621,59.696,457.518,32.856,

[2025-06-11 16:46:02] ,1,1.366,513.738,72.86,45.723,517.232,-90,

[2025-06-11 16:46:16] ,1,41.571,500.557,48.576,10.461,504.445,-82.811,

[2025-06-11 16:48:14] ,1,32.739,415.995,46.081,15.536,456.2,24.775,

[2025-06-11 16:48:21] ,1,32.739,415.995,46.081,15.602,456.2,24.319,

[2025-06-11 16:48:28] ,1,68.132,476.5,-3.066,20.282,508.466,-85.406,

[2025-06-11 16:48:40] ,2,56.334,412.568,-31.574,70.966,432.868,-137.553,

[2025-06-11 16:48:59] ,1,72.218,423.509,-14.534,43.877,507.477,15.524,

[2025-06-11 16:49:36] ,1,1.761,479.532,-85.95,22.655,497.063,1.023,

[2025-06-11 16:49:50] ,1,70.373,466.877,49.289,45.789,470.041,-2.511,

[2025-06-11 16:50:08] ,1,55.346,475.709,-7.125,65.364,497.657,-57.019,

[2025-06-11 16:50:19] ,2,-8.916,458.573,170.372,-0.941,487.639,-167.8,

[2025-06-11 16:50:37] ,1,13.098,454.486,53.231,48.359,502.534,-23.131,

[2025-06-11 16:51:15] ,1,61.805,408.548,-38.82,32.211,413.161,-43.55,

[2025-06-11 16:51:40] ,1,61.475,445.72,45,-5.093,448.225,-55.049,

[2025-06-11 16:51:49] ,1,39.989,453.827,20.2,62.068,479.07,0,

[2025-06-11 16:51:59] ,1,36.496,482.3,30.619,40.318,501.216,12.2,

[2025-06-11 16:52:10] ,2,-10.959,482.036,69.326,0.641,485.859,-133.568,

[2025-06-11 16:52:20] ,2,18.964,488.495,90,-4.302,498.316,80.287,

[2025-06-11 16:52:29] ,2,10.527,505.038,-137.521,67.934,509.718,94.122,

[2025-06-11 16:52:41] ,1,25.159,478.609,-79.875,47.7,501.084,41.042,

[2025-06-11 16:52:51] ,1,18.173,507.279,35.952,39.923,518.22,-37.381,

[2025-06-11 16:53:00] ,2,8.682,424.498,115.659,43.021,485.595,8.631,

[2025-06-11 16:53:30] ,1,62.596,455.211,14.407,32.211,508.07,19.411,

[2025-06-11 16:53:39] ,2,24.698,445.72,168.294,43.416,455.87,31.31,

[2025-06-11 16:53:50] ,2,37.286,490.209,88.977,51.786,504.379,55.597,

[2025-06-11 16:54:03] ,1,72.218,470.107,69.8,12.768,484.014,69.326,

[2025-06-11 16:54:33] ,1,28.455,417.182,58.861,73.207,462.132,4.594,

[2025-06-11 16:54:43] ,2,40.846,429.177,33.408,0.18,465.229,121.31,

[2025-06-11 16:54:53] ,2,36.693,496.734,-157.341,51.984,512.025,85.365,

[2025-06-11 16:55:04] ,1,0.839,424.761,-47.148,40.78,496.932,-79.786,

[2025-06-11 16:55:20] ,4,47.832,450.861,-175.95,-12.277,475.05,165.719,

[2025-06-11 16:55:29] ,2,2.157,493.043,-10.713,-9.707,505.434,-33.261,

[2025-06-11 16:55:42] ,4,11.45,510.838,-34.403,54.027,517.891,-47.936,

[2025-06-11 16:56:06] ,1,62.991,428.123,-78.69,22.918,505.236,-5.102,

[2025-06-11 16:56:37] ,1,56.73,404.132,63.204,40.516,421.795,-54.638,

[2025-06-11 16:56:49] ,1,55.543,436.757,-44.284,79.864,448.489,-77.196,

[2025-06-11 16:56:58] ,1,49.875,451.718,37.476,34.189,460.814,26.565,

[2025-06-11 16:57:08] ,1,5.321,467.404,-60.505,52.973,470.964,-71.565,

[2025-06-11 16:57:18] ,1,-8.323,499.238,10.214,72.614,504.313,-59.744,

[2025-06-11 16:57:29] ,2,-6.741,447.236,-35.655,70.834,483.618,81.798,

[2025-06-11 16:57:44] ,1,44.536,403.275,-64.826,61.739,467.998,-18.113,

[2025-06-11 16:57:51] ,2,53.764,449.411,164.612,46.514,501.216,75.964,

[2025-06-11 16:58:01] ,4,81.453,423.194,-76.729,80.786,501.084,-87.936,

[2025-06-11 16:58:16] ,1,-2.984,464.109,-90,8.221,494.361,-11.706,

[2025-06-11 16:58:23] ,2,19.096,408.68,-131.76,64.111,482.234,55.886,

[2025-06-11 16:58:32] ,4,-0.216,518.22,-65.985,47.766,518.813,29.105,

[2025-06-11 16:58:45] ,1,16.789,431.089,9.713,15.8,495.482,22.932,

[2025-06-11 16:58:54] ,1,81.05,475.05,16.504,51.193,511.432,-52.619,

[2025-06-11 16:59:10] ,1,-3.577,421.07,-8.202,-2.391,480.52,-75.231,

[2025-06-11 16:59:43] ,1,34.057,406.439,16.157,31.223,447.302,41.8,

[2025-06-11 16:59:51] ,1,47.107,459.693,-83.437,63.98,471.952,56.449,

[2025-06-11 17:00:07] ,1,5.65,407.295,71.241,56.532,432.209,-16.504,

