[2025-03-06 09:46:34] ,1,51.408,416.778,7.189,54.11,494.352,-90,

[2025-03-06 09:46:41] ,1,61.228,507.468,-78.085,-6.658,510.039,-27.022,

[2025-03-06 09:46:50] ,2,38.819,413.812,-18.273,10.083,419.414,-127.171,

[2025-03-06 09:46:59] ,2,24.319,422.841,-146.449,-4.813,426.334,117.242,

[2025-03-06 09:47:08] ,3,16.126,406.028,30.7,61.864,438.659,-40.147,

[2025-03-06 09:47:16] ,2,14.235,466.671,21.251,59.119,484.598,-101.211,

[2025-03-06 09:47:25] ,4,14.301,435.232,79.287,8.567,478.6,25.228,

[2025-03-06 09:47:36] ,1,32.953,426.137,53.936,61.755,429.168,-14.899,

[2025-03-06 09:48:44] ,1,7.117,406.298,18.759,50.155,440.307,-77.8,

[2025-03-06 09:48:51] ,1,16.41,452.566,0.503,41.06,491.452,64.106,

[2025-03-06 09:49:00] ,1,27.944,457.839,-7.001,14.63,512.411,-85.914,

[2025-03-06 09:49:10] ,2,75.135,454.741,-54.758,43.103,473.591,-180,

[2025-03-06 09:49:19] ,3,-9.335,443.086,41.009,7.25,463.381,46.591,

[2025-03-06 09:49:27] ,3,59.448,465.55,-0.382,84.23,477.414,6.553,

[2025-03-06 09:49:38] ,1,-4.747,427.718,-56.17,17.398,472.207,-41.468,

[2025-03-06 09:49:46] ,1,55.098,478.073,-48.909,24.846,488.091,-35.77,

[2025-03-06 09:49:55] ,2,12.389,448.216,-66.14,79.419,478.864,-39.218,

[2025-03-06 09:50:04] ,2,57.735,501.8,-14.407,63.93,516.102,34.824,

[2025-03-06 09:50:12] ,3,24.617,430.487,-60.539,60.305,462.452,19.272,

[2025-03-06 09:50:21] ,3,39.035,470.493,-52.224,39.939,506.875,-16.991,

[2025-03-06 09:50:32] ,1,50.221,402.278,-61.595,57.735,433.321,-35.655,

[2025-03-06 09:50:40] ,1,65.38,490.068,-35.952,12.126,506.546,-49.674,

[2025-03-06 09:50:49] ,2,35.392,457.18,-127.569,74.014,469.439,-29.302,

[2025-03-06 09:50:58] ,2,16.542,428.509,-79.287,87.723,485.323,50.782,

[2025-03-06 09:51:06] ,3,44.223,419.15,-4.986,12.521,463.705,-1.884,

[2025-03-06 09:51:17] ,2,20.233,399.443,-151.595,0.789,403.332,-63.895,

[2025-03-06 09:51:25] ,3,26.913,426.694,82.03,84.124,490.982,61.543,

[2025-03-06 09:51:35] ,1,75.596,413.482,17.447,81.198,444.789,-38.501,

[2025-03-06 09:54:59] ,2,68.412,477.612,-129.289,8.171,480.182,-121.05,

[2025-03-06 09:55:04] ,2,68.412,477.612,-129.289,8.171,480.182,-121.05,

[2025-03-06 09:55:11] ,3,18.58,491.632,53.054,61.708,516.432,-52.595,

[2025-03-06 09:55:21] ,4,75.398,426.598,64.359,85.099,469.124,-45.847,

[2025-03-06 09:56:37] ,1,74.542,405.705,-65.985,62.81,424.423,42.101,

[2025-03-06 09:56:42] ,1,74.542,405.705,-65.985,62.81,424.423,42.101,

[2025-03-06 09:56:49] ,2,45.608,425.477,15.388,-6.461,453.291,82.372,

[2025-03-06 09:56:58] ,3,14.965,436.702,45.535,36.673,487.959,-70.728,

[2025-03-06 09:57:07] ,4,13.111,499.493,-85.426,-8.701,500.746,-1.909,

[2025-03-06 09:57:17] ,4,22.473,480.512,-74.261,78.938,517.996,-28.902,

[2025-03-06 09:57:26] ,1,3.228,441.362,17.956,29.592,448.612,13.554,

[2025-03-06 09:57:33] ,1,77.046,454.477,20.376,76.98,477.941,-68.484,

[2025-03-06 09:57:42] ,2,1.712,417.371,-52.927,-5.076,426.532,-23.6,

[2025-03-06 09:57:51] ,2,83.967,465.221,-143.746,20.496,471.152,145.337,

[2025-03-06 09:57:59] ,2,33.612,493.298,-94.086,7.446,506.216,76.584,

[2025-03-06 09:58:08] ,3,36.425,464.1,-62.928,-10.415,468.187,24.538,

[2025-03-06 09:58:17] ,3,85.153,426.466,0,57.405,480.841,-9.525,

[2025-03-06 09:58:27] ,1,12.455,483.28,-32.433,-10.349,511.884,76.584,

[2025-03-06 09:58:36] ,2,35.326,447.425,147.995,13.246,449.205,124.951,

[2025-03-06 09:58:45] ,3,28.142,426.071,-19.525,70.719,442.087,11.908,

[2025-03-06 09:58:55] ,3,71.888,478.402,-73.009,9.621,496.527,-20.468,

[2025-03-06 09:59:05] ,2,28.142,459.487,-110.966,51.803,495.407,167.692,

[2025-03-06 09:59:16] ,2,-9.954,491.255,102.693,14.301,508.127,-73.843,

[2025-03-06 09:59:31] ,1,4.612,417.634,78.69,56.812,429.037,-43.919,

[2025-03-06 09:59:39] ,1,43.894,449.996,67.92,17.794,459.487,-18.277,

[2025-03-06 09:59:48] ,2,18.717,424.95,-133.199,15.685,437.209,-115.659,

[2025-03-06 09:59:57] ,4,-6.526,453.027,-27.072,5.205,472.932,16.305,

[2025-03-06 10:00:06] ,4,-7.392,398.054,66.75,87.893,515.185,-56.165,

[2025-03-06 10:00:16] ,1,70.785,413.153,-82.747,44.883,483.675,-54.638,

[2025-03-06 10:00:23] ,3,11.729,435.298,-66.501,11.269,465.287,-7.172,

[2025-03-06 10:00:33] ,2,25.308,407.023,-12.417,-7.647,452.632,-74.261,

[2025-03-06 10:00:41] ,2,7.578,492.309,-109.075,30.514,510.764,112.659,

[2025-03-06 10:00:50] ,4,73.355,481.302,31.405,4.81,516.102,24.349,

[2025-03-06 10:01:01] ,3,68.877,443.813,46.081,4.546,515.18,23.651,

[2025-03-06 10:01:10] ,2,33.612,475.239,57.144,13.444,484.137,66.602,

[2025-03-06 10:01:17] ,4,2.451,406.203,81.488,-6.925,487.102,-66.153,

[2025-03-06 10:01:34] ,1,53.451,429.762,87.973,4.151,493.693,21.146,

[2025-03-06 10:01:41] ,2,46.398,466.671,-4.014,57.142,477.084,128.972,

[2025-03-06 10:01:50] ,2,3.426,477.809,-61.189,15.092,498.702,-72.676,

[2025-03-06 10:01:58] ,3,0.052,441.296,-64.618,33.217,506.875,10.713,

[2025-03-06 10:02:09] ,1,79.353,414.998,-36.87,78.035,433.584,14.534,

[2025-03-06 10:02:17] ,2,21.88,397.993,-133.531,14.96,443.734,68.199,

[2025-03-06 10:02:25] ,2,53.451,443.866,-118.61,80.539,453.027,119.302,

[2025-03-06 10:02:34] ,2,0.262,456.389,-145.751,67.028,479.259,42.852,

[2025-03-06 10:02:42] ,2,28.867,498.109,-14.407,-8.042,508.391,-13.416,

[2025-03-06 10:02:51] ,3,55.164,413.812,4.604,12.258,430.025,-27.582,

[2025-03-06 10:02:59] ,4,36.466,444.196,-54.418,87.748,464.166,-31.557,

[2025-03-06 10:03:09] ,4,80.869,484.862,19.895,86.998,496.857,23.334,

[2025-03-06 10:03:18] ,1,1.646,446.832,-58.69,16.344,461.332,71.089,

[2025-03-06 10:03:25] ,1,-5.604,465.023,-67.73,47.783,472.734,60.994,

[2025-03-06 10:03:34] ,2,18.914,426.796,-30.44,64.919,481.698,-148.426,

[2025-03-06 10:03:43] ,3,23.147,408.539,-81.924,22.21,445.909,-21.309,

[2025-03-06 10:03:54] ,4,85.153,408.605,41.406,87.324,505.272,23.062,

[2025-03-06 10:04:05] ,1,75.794,422.775,-63.435,61.492,463.771,88.986,

[2025-03-06 10:04:12] ,1,17.86,469.966,-22.08,36.776,475.7,-42.541,

[2025-03-06 10:04:21] ,1,34.733,490.134,-67.264,-10.481,501.734,24.74,

[2025-03-06 10:04:30] ,2,-5.472,443.932,176.455,10.346,451.05,115.442,

[2025-03-06 10:04:39] ,3,-10.617,479.062,-85.426,22.012,508.523,26.565,

[2025-03-06 10:04:48] ,4,31.569,398.191,70.837,81.726,479.787,90,

[2025-03-06 10:04:59] ,1,61.294,403.2,2.064,14.169,443.141,56.449,

[2025-03-06 10:05:06] ,2,69.269,468.846,49.343,19.903,490.2,-4.05,

[2025-03-06 10:05:14] ,3,0.62,407.946,-77.555,-6.897,437.012,-70.244,

[2025-03-06 10:05:25] ,2,9.555,448.546,14.899,2.042,491.914,-42.852,

[2025-03-06 10:05:41] ,1,50.353,408.275,47.175,22.935,417.7,-66.602,

[2025-03-06 10:05:49] ,1,69.994,436.748,17.475,60.173,453.423,65.472,

[2025-03-06 10:05:57] ,1,7.578,483.939,-64.106,20.892,499.23,23.398,

[2025-03-06 10:06:07] ,2,38.028,422.05,-31.842,21.419,445.975,-96.062,

[2025-03-06 10:06:19] ,4,71.246,421.984,-3.094,85.878,467.198,-29.999,

[2025-03-06 10:06:30] ,4,23.264,473.855,-42.173,84.582,516.674,-69.075,

[2025-03-06 10:06:45] ,2,-8.833,407.55,36.769,57.142,408.737,-57.295,

[2025-03-06 10:06:52] ,2,28.735,410.78,142.306,5.733,427.85,-109.075,

[2025-03-06 10:07:02] ,2,21.419,397.73,-109.895,9.951,415.064,99.713,

[2025-03-06 10:07:09] ,2,31.964,426.927,10.713,80.473,435.1,-148.158,

[2025-03-06 10:07:18] ,1,30.053,409.857,-41.379,46.728,414.998,-53.231,

[2025-03-06 10:07:26] ,1,62.151,428.773,-13.912,15.158,429.168,81.369,

[2025-03-06 10:07:35] ,1,44.619,495.275,86.961,85.021,513.334,86.878,

[2025-03-06 10:07:44] ,2,-1.188,450.127,63.435,15.092,463.112,-145.337,

[2025-03-06 10:07:53] ,2,-10.481,499.757,-56.87,41.917,506.018,-98.631,

[2025-03-06 10:08:02] ,3,84.776,450.457,-50.684,57.226,478.337,-76.608,

[2025-03-06 10:08:10] ,4,76.623,418.687,-85.795,24.393,473.387,38.956,

[2025-03-06 10:08:21] ,1,60.701,418.293,-79.786,5.535,451.248,22.932,

[2025-03-06 10:08:28] ,1,44.223,417.568,28.163,32.821,453.423,63.435,

[2025-03-06 10:08:37] ,1,75.794,453.621,87.955,64.721,499.625,-2.045,

[2025-03-06 10:08:46] ,2,46.003,445.646,136.779,19.837,450.062,-177.489,

[2025-03-06 10:08:55] ,3,0.769,425.543,-72.646,75.036,428.575,-78.012,

[2025-03-06 10:09:04] ,2,11.137,468.055,69.034,20.101,482.357,145.337,

[2025-03-06 10:09:13] ,3,68.23,479.984,-32.849,19.244,500.086,27.917,

[2025-03-06 10:09:21] ,4,-2.457,480.25,34.461,54.11,513.532,44.459,

[2025-03-06 10:09:33] ,1,21.946,397.532,75.101,71.642,400.366,-53.44,

[2025-03-06 10:09:40] ,1,-0.397,407.287,-29.105,50.155,442.416,56.87,

[2025-03-06 10:09:49] ,1,-8.372,444.13,-0.512,63.337,463.177,-61.837,

[2025-03-06 10:09:58] ,1,40.73,479.259,-1.014,21.287,485.982,56.449,

[2025-03-06 10:10:08] ,1,-2.44,427.059,-88.479,25.703,469.043,-70.615,

[2025-03-06 10:10:16] ,2,67.094,400.564,37.185,44.751,511.555,58.158,

[2025-03-06 10:10:27] ,1,18.255,433.255,29.055,35.194,471.087,60.317,

[2025-03-06 10:10:34] ,3,43.649,427.191,-49.853,57.607,458.712,45.807,

[2025-03-06 10:10:45] ,3,-2.79,436.216,79.661,-10.679,492.573,6.466,

[2025-03-06 10:10:55] ,2,69.137,401.025,-20.925,67.292,518.607,-119.105,

[2025-03-06 10:11:04] ,3,46.107,486.048,-61.39,49.737,509.446,-62.58,

[2025-03-06 10:11:15] ,1,40.005,496,-64.558,78.826,500.877,33.69,

[2025-03-06 10:11:24] ,1,24.055,503.052,79.786,18.189,515.971,-75.466,

[2025-03-06 10:11:35] ,1,59.646,453.027,41.424,32.558,513.005,32.276,

[2025-03-06 10:11:43] ,2,-1.847,487.102,-135,-8.833,508.193,-112.932,

[2025-03-06 10:11:53] ,2,27.812,420.93,-37.073,50.221,437.868,-153.662,

[2025-03-06 10:12:08] ,1,3.096,422.248,-33.83,62.151,501.536,61.837,

[2025-03-06 10:12:16] ,2,45.673,426.005,108.113,2.569,445.052,-31.574,

[2025-03-06 10:12:25] ,2,8.303,470.296,-73.301,31.371,496.527,38.186,

[2025-03-06 10:12:35] ,3,17.045,433.057,-40.437,12.192,456.257,12.854,

[2025-03-06 10:12:45] ,1,-3.692,474.843,10.125,6.919,489.211,-62.758,

[2025-03-06 10:12:54] ,4,75.992,401.948,-55.008,76.123,459.684,-7.189,

[2025-03-06 10:13:03] ,2,9.226,437.209,-80.372,30.58,439.78,-98.13,

[2025-03-06 10:13:10] ,2,7.051,472.8,-152.312,55.889,474.58,-164.476,

[2025-03-06 10:13:18] ,2,62.217,484.268,10.214,39.214,488.75,-80.287,

[2025-03-06 10:13:28] ,1,17.333,464.166,57.414,50.748,518.343,-48.621,

[2025-03-06 10:13:36] ,2,61.887,460.871,-139.674,7.973,499.823,-124.951,

[2025-03-06 10:13:48] ,2,11.467,472.405,-126.064,58.46,473.262,-68.199,

[2025-03-06 10:14:03] ,2,18.585,426.4,-12.417,63.469,453.225,63.662,

[2025-03-06 10:14:11] ,3,26.842,400.168,-51.821,2.076,466.389,31.805,

[2025-03-06 10:14:20] ,1,59.448,397.993,50.856,50.287,418.557,46.081,

[2025-03-06 10:14:28] ,1,56.087,427.521,46.081,-10.547,478.534,-47.121,

[2025-03-06 10:14:39] ,1,48.31,403.662,-42.447,33.48,422.775,-31.139,

[2025-03-06 10:14:47] ,1,1.514,423.962,-51.814,79.682,433.98,59.482,

[2025-03-06 10:14:56] ,1,30.778,436.946,-74.124,51.342,439.582,-87.466,

[2025-03-06 10:15:05] ,1,32.492,461.068,-57.836,4.48,485.059,38.972,

[2025-03-06 10:15:14] ,1,-1.715,500.943,43.568,6.985,510.039,-54.345,

[2025-03-06 10:15:25] ,2,11.533,408.671,-63.204,75.53,470.691,146.31,

[2025-03-06 10:15:35] ,1,29.064,432.662,-59.123,74.542,488.091,9.713,

[2025-03-06 10:15:42] ,1,0.789,494.682,46.067,18.783,518.541,2.579,

[2025-03-06 10:15:51] ,2,-1.188,481.237,-160.448,72.169,506.15,-56.739,

[2025-03-06 10:16:02] ,1,8.567,403.266,37.694,39.676,456.652,73.78,

[2025-03-06 10:16:09] ,2,1.712,442.021,-81.87,60.305,467.659,161.887,

[2025-03-06 10:16:18] ,3,37.237,481.632,-10.271,-2.854,495.982,75.779,

[2025-03-06 10:16:30] ,2,64.458,428.575,-68.009,18.123,464.364,-78.294,

[2025-03-06 10:16:40] ,3,70.602,478.684,59.689,43.38,501.757,59.361,

[2025-03-06 10:16:55] ,1,17.992,413.218,6.68,30.053,437.209,-38.972,

[2025-03-06 10:17:03] ,1,50.419,459.618,51.419,-9.954,485.982,86.455,

[2025-03-06 10:17:12] ,1,79.682,508.391,24.955,31.964,509.116,-51.814,

[2025-03-06 10:17:21] ,2,36.512,422.116,151.144,16.937,432.662,8.631,

[2025-03-06 10:17:30] ,2,44.026,435.364,62.076,70.785,461.266,87.955,

[2025-03-06 10:17:38] ,3,-6.124,423.389,73.009,60.939,485.295,38.779,

[2025-03-06 10:17:48] ,2,-2.638,412.955,-135.365,66.237,475.7,45,

[2025-03-06 10:17:56] ,3,7.051,426.071,-9.15,60.503,432.068,-3.434,

[2025-03-06 10:18:07] ,1,83.439,437.209,61.595,-7.976,450.852,-70.448,

[2025-03-06 10:18:16] ,2,72.301,430.75,93.608,-9.426,435.034,-90,

[2025-03-06 10:18:25] ,2,54.769,474.843,-90,4.744,503.448,52.125,

[2025-03-06 10:18:33] ,4,86.329,413.929,52.595,78.035,468.318,-16.015,

[2025-03-06 10:18:50] ,1,9.885,421.787,-4.05,68.148,466.802,-59.381,

[2025-03-06 10:18:57] ,1,-2.374,484.73,-17.475,36.314,491.255,-29.055,

[2025-03-06 10:19:06] ,1,26.889,474.975,-82.999,59.053,499.889,-87.955,

[2025-03-06 10:19:15] ,2,23.396,411.373,-47.148,13.18,434.046,73.009,

[2025-03-06 10:19:25] ,1,24.055,399.509,-56.739,9.687,413.153,-9.8,

[2025-03-06 10:19:33] ,2,3.887,431.343,-106.361,8.962,444.459,43.919,

[2025-03-06 10:19:44] ,2,48.508,466.802,-132.879,75.728,514.455,-53.858,

[2025-03-06 10:20:02] ,4,85.433,414.129,81.573,81.396,427.521,14.664,

[2025-03-06 10:23:15] ,1,85.746,414.141,-7.836,-7.779,437.605,-76.209,

[2025-03-06 10:23:21] ,1,-7.779,437.605,-76.209,-5.076,450.523,-55.049,

[2025-03-06 10:23:28] ,1,6.919,461.727,37.962,53.648,509.643,85.914,

[2025-03-06 10:23:37] ,2,44.223,408.012,18.273,29.723,414.998,161.727,

[2025-03-06 10:23:46] ,2,34.733,427.587,34.114,17.069,435.693,87.973,

[2025-03-06 10:23:54] ,3,-6.461,406.166,17.216,85.417,457.971,-22.797,

[2025-03-06 10:24:03] ,3,49.76,464.496,-28.761,18.938,488.618,-56.519,

[2025-03-06 10:24:12] ,3,35.888,496.198,-78.17,20.391,517.75,-57.792,

[2025-03-06 10:24:21] ,4,85.657,414.231,82.093,81.528,427.652,14.664,

[2025-03-06 10:24:32] ,1,67.094,406.1,-69.444,44.158,426.202,7.125,

[2025-03-06 10:24:39] ,1,-7.976,426.993,12.804,43.498,457.246,86.486,

[2025-03-06 10:24:48] ,1,10.214,464.298,28.811,-5.076,467,8.556,

[2025-03-06 10:24:57] ,1,38.094,479.457,-11.113,80.935,484.664,-49.008,

[2025-03-06 10:25:06] ,1,18.914,487.564,31.31,30.383,497.186,-1.521,

[2025-03-06 10:25:15] ,2,60.898,421.852,21.038,51.539,472.8,-76.209,

[2025-03-06 10:25:24] ,3,76.123,468.977,18.194,82.329,515.18,-68.27,

[2025-03-06 10:25:34] ,1,3.953,426.73,88.977,24.451,484.73,-46.054,

[2025-03-06 10:25:43] ,1,-5.999,490.266,-6.621,11.005,492.177,-29.055,

[2025-03-06 10:25:53] ,1,3.03,438.066,-56.592,20.562,449.073,-41.8,

[2025-03-06 10:26:01] ,1,-6.131,475.437,34.951,28.01,486.905,74.124,

[2025-03-06 10:26:10] ,2,76.717,473.591,-109.242,61.228,512.411,-49.733,

[2025-03-06 10:26:21] ,1,1.053,440.571,45,53.978,508.259,-71.887,

[2025-03-06 10:26:28] ,2,35.128,443.866,172.372,0.921,505.293,-45,

[2025-03-06 10:26:37] ,3,67.378,421.655,-48.27,70.587,485.389,-4.604,

[2025-03-06 10:26:46] ,3,75.609,514.942,34.011,25.311,516.726,87.31,

[2025-03-06 10:27:02] ,1,3.492,413.943,27.022,44.355,428.641,-52.214,

[2025-03-06 10:27:11] ,1,-1.847,440.9,-15.388,31.767,453.95,-35.362,

[2025-03-06 10:27:20] ,1,1.58,410.516,78.69,57.933,499.691,76.088,

[2025-03-06 10:27:31] ,1,87.789,415.459,-28.195,4.019,480.643,25.228,

[2025-03-06 10:27:39] ,2,-3.758,399.641,38.418,47.651,414.537,76.088,

[2025-03-06 10:27:47] ,1,39.939,475.041,-38.972,21.617,490.134,-30.619,

[2025-03-06 10:27:56] ,2,29.526,465.946,-132.51,45.014,500.152,71.405,

[2025-03-06 10:28:06] ,1,66.896,450.127,79.287,-7.581,480.446,60.068,

[2025-03-06 10:28:22] ,2,-3.626,422.446,99.713,73.948,440.834,-177.955,

[2025-03-06 10:28:30] ,2,66.171,467.264,23.131,57.801,487.3,169.287,

[2025-03-06 10:28:38] ,1,12.389,410.78,41.379,61.294,415.328,-75.964,

[2025-03-06 10:28:46] ,1,23.858,424.95,-51.103,-0.792,435.364,-87.489,

[2025-03-06 10:28:56] ,1,57.076,453.555,30.877,31.833,456.85,81.444,

[2025-03-06 10:29:05] ,1,2.239,516.63,39.936,31.833,517.091,76.088,

[2025-03-06 10:29:14] ,3,15.211,442.746,-64.618,23.578,499.81,37.476,

[2025-03-06 10:29:23] ,4,81.792,405.309,60.843,16.608,421.128,23.806,

[2025-03-06 10:29:34] ,1,28.208,402.212,-50.064,40.73,431.146,73.009,

[2025-03-06 10:29:41] ,1,14.037,438.527,-67.73,7.908,486.773,-62.076,

[2025-03-06 10:29:50] ,2,12.785,474.58,145.751,-7.383,494.88,151.631,

[2025-03-06 10:29:59] ,4,23.594,421.852,0,72.235,458.564,11.81,

[2025-03-06 10:30:08] ,4,84.23,470.625,52.306,67.208,518.362,73.051,

[2025-03-06 10:30:18] ,1,6.326,488.223,46.067,14.235,504.305,46.067,

[2025-03-06 10:30:25] ,3,9.028,413.087,19.885,-3.344,427.521,-86.947,

[2025-03-06 10:30:34] ,3,49.602,446.436,79.357,4.709,452.039,-43.394,

[2025-03-06 10:30:45] ,1,15.026,453.489,39.289,23.33,478.205,60.317,

[2025-03-06 10:30:54] ,1,46.53,423.434,-41.379,24.055,470.296,-40.764,

[2025-03-06 10:31:03] ,2,0.658,411.9,-100.808,71.839,507.468,64.826,

[2025-03-06 10:31:11] ,3,71.383,414.984,57.381,20.294,497.276,50.097,

[2025-03-06 10:31:27] ,1,-7.449,462.914,31.31,50.946,487.3,42.852,

[2025-03-06 10:31:36] ,2,68.214,423.566,-143.334,22.605,514.784,91.032,

[2025-03-06 10:31:44] ,3,6.062,432.002,10.713,17.879,463.507,-86.987,

[2025-03-06 10:31:53] ,3,25.439,421.193,16.991,30.529,487.762,-68.827,

[2025-03-06 10:32:04] ,1,-1.056,416.25,73.985,44.158,437.407,-75.719,

[2025-03-06 10:32:13] ,1,20.892,456.257,10.62,5.403,469.307,59.381,

[2025-03-06 10:32:22] ,2,74.08,407.616,33.111,29.592,431.08,40.326,

[2025-03-06 10:32:30] ,3,14.696,481.698,-18.316,22.09,498.087,43.668,

[2025-03-06 10:32:41] ,1,37.501,404.914,-47.899,51.078,458.102,71.405,

[2025-03-06 10:32:49] ,1,78.957,504.173,-75.964,17.596,511.752,-11.81,

[2025-03-06 10:32:58] ,2,54.044,399.048,135,34.205,430.816,51.814,

[2025-03-06 10:33:07] ,2,36.973,448.941,113.199,-3.297,460.08,-98.13,

[2025-03-06 10:33:15] ,3,49.186,502.657,-49.028,-4.286,504.832,-20.601,

[2025-03-06 10:33:26] ,2,10.676,500.746,-34.535,47.453,507.864,-171.798,

[2025-03-06 10:33:34] ,3,61.558,483.772,76.977,27.614,517.204,80.727,

[2025-03-06 10:33:44] ,3,-8.707,482.234,51.163,63.93,512.214,5.02,

[2025-03-06 10:33:54] ,2,0.592,451.116,-123.13,44.289,493.759,-83.379,

[2025-03-06 10:34:04] ,1,40.664,427.718,-81.293,54.637,462.189,68.199,

[2025-03-06 10:34:13] ,3,2.253,464.848,59.361,6.057,503.262,50.925,

[2025-03-06 10:34:30] ,1,58.921,419.678,-35.952,46.794,445.118,63.435,

[2025-03-06 10:34:38] ,3,18.914,412.362,-21.231,40.157,427.652,-32.208,

[2025-03-06 10:34:47] ,3,14.239,459.346,57.039,16.146,478.073,21.038,

[2025-03-06 10:34:58] ,1,47.98,406.1,-83.26,81.726,493.496,61.595,

[2025-03-06 10:35:06] ,1,-6.79,499.625,12.804,21.946,505.096,-62.312,

[2025-03-06 10:35:15] ,2,33.546,425.016,-30.7,9.687,465.88,90,

[2025-03-06 10:35:29] ,3,24.544,438.41,40.724,15.746,511.347,52.524,

[2025-03-06 10:35:40] ,1,-4.549,471.021,-61.869,-6.988,498.373,59.816,

[2025-03-06 10:35:50] ,3,-2.803,481.5,-59.88,2.173,503.052,-22.649,

[2025-03-06 10:36:00] ,2,55.296,476.359,-176.455,18.914,487.102,-22.463,

[2025-03-06 10:36:10] ,1,71.839,437.539,-75.466,-3.561,448.809,-57.567,

[2025-03-06 10:36:19] ,1,20.035,427.916,-6.116,6.787,476.821,74.876,

[2025-03-06 10:36:35] ,1,23.528,447.425,88.986,67.687,457.312,55.465,

[2025-03-06 10:36:43] ,1,20.364,466.802,-53.826,-1.649,469.834,48.2,

[2025-03-06 10:36:52] ,1,10.017,483.082,36.174,52.396,485.718,4.554,

[2025-03-06 10:37:01] ,1,19.969,493.298,-67.264,-7.251,500.284,-1.023,

[2025-03-06 10:37:11] ,1,4.678,504.634,23.398,16.146,514.586,79.287,

[2025-03-06 10:37:20] ,2,41.983,404.057,-172.235,2.898,430.882,-149.123,

[2025-03-06 10:37:28] ,2,76.321,465.946,-35.119,44.751,471.812,48.958,

[2025-03-06 10:37:37] ,3,22.715,421.896,86.186,67.414,480.054,89.615,

[2025-03-06 10:37:47] ,1,35.523,400.103,-30.7,46.333,433.782,-15.876,

[2025-03-06 10:37:55] ,1,65.183,445.777,44.284,79.814,449.6,-45,

[2025-03-06 10:38:06] ,1,64.392,415.591,-2.579,-2.836,438.33,5.609,

[2025-03-06 10:38:14] ,1,25.703,483.28,70.615,81.594,510.302,-45,

[2025-03-06 10:38:24] ,1,33.151,487.037,-41.424,58.394,498.636,69.8,

[2025-03-06 10:38:33] ,3,59.317,484.598,0,16.542,500.877,-11.908,

[2025-03-06 10:38:44] ,2,36.644,464.43,167.905,51.078,503.646,-1.548,

[2025-03-06 10:38:59] ,1,2.437,439.055,-82.439,77.903,440.505,-16.65,

[2025-03-06 10:39:07] ,1,37.698,449.139,-45,-7.12,455.202,-14.281,

[2025-03-06 10:39:16] ,1,87.394,466.473,-74.97,56.021,468.912,-13.299,

[2025-03-06 10:39:25] ,1,71.114,479.852,63.662,78.76,499.625,-43.905,

[2025-03-06 10:39:34] ,2,67.621,461.068,-58.426,34.996,493.166,-156.602,

[2025-03-06 10:39:43] ,3,16.706,428.844,78.914,37.896,473.393,15.945,

[2025-03-06 10:39:53] ,2,36.776,488.486,-41.8,56.944,488.618,3.039,

[2025-03-06 10:40:04] ,2,2.173,470.164,52.829,20.233,500.218,-48.576,

[2025-03-06 10:40:11] ,2,58.592,505.227,111.329,34.798,509.973,117.022,

[2025-03-06 10:40:19] ,3,-8.071,430.811,70.244,72.432,482.489,6.129,

[2025-03-06 10:40:30] ,1,-10.481,468.384,78.789,26.758,469.834,7.001,

[2025-03-06 10:40:38] ,3,11.598,426.005,9.588,23.726,452.83,18.199,

[2025-03-06 10:40:49] ,3,61.23,456.718,-67.001,40.137,503.052,-13.023,

[2025-03-06 10:41:00] ,1,13.114,436.023,81.444,-0.331,448.414,87.466,

[2025-03-06 10:41:08] ,1,6.26,466.473,-31.31,84.296,484.268,-45,

[2025-03-06 10:41:17] ,1,77.969,496.593,9.8,58.262,510.171,-32.55,

[2025-03-06 10:41:26] ,3,41.126,422.38,9.964,39.619,461.488,77.512,

[2025-03-06 10:41:35] ,3,45.014,485.323,10.271,21.64,516.827,-56.416,

[2025-03-06 10:41:46] ,1,42.18,430.223,-52.524,16.41,467.791,-65.886,

[2025-03-06 10:41:54] ,2,33.414,475.173,-46.414,32.953,506.348,75.719,

[2025-03-06 10:42:03] ,3,28.077,432.334,46.882,16.564,494.418,-46.865,

[2025-03-06 10:42:13] ,1,23.858,402.937,-38.82,-6.197,515.443,68.009,

[2025-03-06 10:42:29] ,1,46.53,416.118,-78.19,46.926,430.421,-14.281,

[2025-03-06 10:42:37] ,1,-6.395,430.684,-65.014,11.73,441.427,-68.854,

[2025-03-06 10:42:46] ,1,23.858,453.291,21.431,38.885,461.596,88.493,

[2025-03-06 10:42:55] ,1,-10.745,468.582,5.56,24.517,493.298,-52.125,

[2025-03-06 10:43:04] ,2,22.803,419.612,-138.621,73.553,430.552,168.69,

[2025-03-06 10:43:13] ,2,36.446,433.255,2.534,9.358,459.618,-176.961,

[2025-03-06 10:43:21] ,2,-6.131,487.234,96.062,14.564,504.173,145.886,

[2025-03-06 10:43:31] ,1,48.112,423.632,24.066,-9.822,429.762,24.74,

[2025-03-06 10:43:39] ,1,68.873,451.643,-79.786,49.101,505.557,-35.242,

[2025-03-06 10:43:48] ,2,15.685,433.914,-126.666,35.655,449.534,-28.811,

[2025-03-06 10:43:56] ,2,62.81,463.177,96.563,11.928,485.521,-125.362,

[2025-03-06 10:44:05] ,2,80.144,504.964,148.595,18.717,508.852,-40.711,

[2025-03-06 10:44:13] ,3,52.133,400.432,24.316,39.35,491.65,-34.838,

[2025-03-06 10:44:24] ,1,81.66,486.114,-49.343,9.16,495.077,-29.055,

[2025-03-06 10:44:32] ,2,1.317,421.259,-42.479,82.78,441.427,99.8,

[2025-03-06 10:44:41] ,2,29.921,480.841,40.384,79.682,500.284,-64.134,

[2025-03-06 10:44:50] ,2,-6.922,476.162,-73.639,7.051,504.832,36.363,

[2025-03-06 10:45:00] ,1,11.862,404.321,-23.334,81.132,462.518,-13.912,

[2025-03-06 10:45:08] ,3,-3.626,509.05,29.129,80.276,518.409,-26.217,

[2025-03-06 10:45:25] ,1,1.317,414.668,-20.854,43.828,441.757,18.911,

[2025-03-06 10:45:33] ,3,28.076,413.943,-26.906,11.226,467.791,-56.206,

[2025-03-06 10:45:42] ,1,63.073,446.173,22.27,23.989,478.732,21.431,

[2025-03-06 10:45:53] ,1,-6.329,451.512,-9.13,-1.649,467.659,-20.966,

[2025-03-06 10:46:01] ,1,87.064,470.559,-65.985,56.812,509.907,-39.936,

[2025-03-06 10:46:10] ,2,46.267,415.987,-40.267,64.458,443.602,105.524,

[2025-03-06 10:46:18] ,2,7.908,459.091,2.027,68.28,463.112,177.955,

[2025-03-06 10:46:28] ,2,0.13,432.398,82.875,65.314,506.48,-64.581,

[2025-03-06 10:46:36] ,3,23.264,415.987,4.986,5.093,450.208,78.17,

[2025-03-06 10:46:45] ,3,22.342,475.634,11.384,-9.229,502.196,-25.545,

[2025-03-06 10:46:54] ,2,0.789,398.257,-62.969,71.048,453.357,-84.898,

[2025-03-06 10:47:04] ,2,-8.174,420.403,-45.725,-2.111,474.909,155.014,

[2025-03-06 10:47:13] ,2,22.342,412.691,-22.659,24.648,515.839,42.825,

[2025-03-06 10:47:21] ,3,53.943,416.716,69.624,36.842,490.991,-1.138,

[2025-03-06 10:47:31] ,1,21.221,458.234,54.926,37.501,470.559,23.199,

[2025-03-06 10:47:47] ,3,52.594,426.466,-13.851,-8.636,434.441,6.423,

[2025-03-06 10:47:56] ,3,12.87,435.627,-49.563,41.286,446.749,62.083,

[2025-03-06 10:48:05] ,1,30.185,418.623,-54.758,71.576,443.602,-73.496,

[2025-03-06 10:48:13] ,1,25.11,446.832,-20.026,55.494,493.957,-29.745,

[2025-03-06 10:48:24] ,1,66.105,455.598,-53.231,57.998,466.539,-9.13,

[2025-03-06 10:48:32] ,1,44.817,493.1,-82.372,73.619,504.766,84.852,

[2025-03-06 10:48:41] ,2,66.435,483.675,-47.175,13.642,514.784,-68.199,

[2025-03-06 10:48:50] ,3,45.542,445.58,13.023,24.105,468.497,71.208,

[2025-03-06 10:48:59] ,3,59.805,499.098,-45,-2.28,517.091,-77.555,

[2025-03-06 10:49:10] ,1,34.469,470.889,36.064,38.16,505.952,-72.372,

[2025-03-06 10:49:19] ,1,61.755,461.727,-20.376,13.773,503.25,83.437,

[2025-03-06 10:49:28] ,3,15.858,437.671,-83.911,32.477,505.425,-84.668,

[2025-03-06 10:49:44] ,1,-1.715,401.487,-74.97,34.403,407.484,68.009,

[2025-03-06 10:49:53] ,1,-6.592,416.975,-55.176,36.578,430.421,7.628,

[2025-03-06 10:50:02] ,2,-8.174,429.102,-18.759,62.151,453.752,123.13,

[2025-03-06 10:50:11] ,2,9.094,458.564,-114.319,21.485,475.107,-69.677,

[2025-03-06 10:50:19] ,2,6.392,490.991,65.472,30.712,517.552,124.824,

[2025-03-06 10:50:27] ,3,14.498,441.23,3.013,46.106,504.224,31.557,

[2025-03-06 10:50:37] ,1,17.398,401.355,-1.032,2.042,458.432,-86.455,

[2025-03-06 10:50:46] ,1,7.051,478.732,-2.534,56.548,490.002,-16.504,

[2025-03-06 10:50:56] ,1,14.894,426.202,69.326,86.537,450.918,-2.579,

[2025-03-06 10:51:04] ,1,-5.142,454.016,79.875,55.164,495.407,63.662,

[2025-03-06 10:51:15] ,2,-5.801,470.625,-68.385,20.694,477.875,4.014,

[2025-03-06 10:51:23] ,3,38.643,467.659,-47.141,16.278,497.055,-10.271,

[2025-03-06 10:51:33] ,1,31.371,472.668,-80.538,13.839,511.159,41.042,

[2025-03-06 10:51:49] ,1,31.569,421.128,32.705,84.23,436.814,-19.895,

[2025-03-06 10:51:57] ,1,60.239,454.28,-81.87,8.369,463.309,28.571,

[2025-03-06 10:52:06] ,2,19.376,409.989,55.176,-5.011,467.725,164.745,

[2025-03-06 10:52:15] ,2,71.51,498.505,105.164,4.085,507.271,45,

[2025-03-06 10:52:25] ,1,80.407,427.257,21.038,55.692,507.93,-69.146,

[2025-03-06 10:52:33] ,2,23.264,412.164,127.786,9.885,424.225,-168.69,

[2025-03-06 10:52:41] ,2,18.783,435.232,-102.693,-10.151,455.202,-100.125,

[2025-03-06 10:52:50] ,2,64.062,468.912,-17.475,16.871,477.677,105.739,

[2025-03-06 10:52:58] ,3,53.387,423.171,56.416,36.157,460.038,63.773,

[2025-03-06 10:53:08] ,1,51.869,400.762,-28.405,41.785,458.63,3.013,

[2025-03-06 10:53:16] ,2,31.239,417.041,-14.407,44.619,442.218,70.925,

[2025-03-06 10:53:25] ,3,15.576,426.927,-56.416,14.235,459.157,24.88,

[2025-03-06 10:53:35] ,2,46.53,453.225,129.289,15.092,485.389,143.936,

[2025-03-06 10:53:44] ,3,-9.888,449.864,-66.652,34.048,487.432,-40.724,

[2025-03-06 10:54:01] ,1,82.319,418.03,-13.033,61.294,444.921,8.13,

[2025-03-06 10:54:11] ,2,51.671,427.784,134.275,59.778,473.262,-105.388,

[2025-03-06 10:54:20] ,3,66.233,414.179,49.066,-9.624,414.998,-21.092,

[2025-03-06 10:54:29] ,3,24.978,415.789,10.784,37.68,437.086,89.241,

[2025-03-06 10:54:38] ,1,53.319,399.641,-56.739,44.158,414.734,85.914,

[2025-03-06 10:54:49] ,1,-1.32,449.271,88.995,28.933,457.971,18.911,

[2025-03-06 10:54:58] ,1,-2.901,462.65,14.158,76.914,487.498,-64.581,

[2025-03-06 10:55:09] ,1,-3.429,407.484,8.276,35.721,437.868,-3.039,

[2025-03-06 10:55:17] ,1,73.619,446.766,-87.973,24.385,464.166,-38.66,

[2025-03-06 10:55:26] ,1,-2.638,472.932,-87.489,57.339,484.927,76.209,

[2025-03-06 10:55:35] ,1,26.164,496.396,-10.713,63.337,505.557,31.574,

[2025-03-06 10:55:44] ,2,41.323,417.305,-53.637,8.171,427.652,56.592,

[2025-03-06 10:55:53] ,2,75.926,468.252,97.125,45.08,505.03,-11.31,

[2025-03-06 10:56:01] ,3,10.148,449.798,-15.322,57.341,458.458,72.646,

[2025-03-06 10:56:10] ,3,5.01,484.532,-35.054,-9.516,503.206,63.947,

[2025-03-06 10:56:21] ,1,25.571,431.607,1.023,7.776,482.621,58.523,

[2025-03-06 10:56:29] ,2,17.86,399.378,164.836,67.885,404.584,-100.491,

[2025-03-06 10:56:38] ,2,49.101,456.125,-76.817,-4.615,505.755,27.711,

[2025-03-06 10:56:46] ,3,2.197,403.807,68.99,36.099,489.524,71.086,

[2025-03-06 10:56:57] ,3,51.223,502.393,-76.149,29.526,516.102,-25.201,

[2025-03-06 10:57:08] ,3,10.214,445.448,-3.789,33.763,473.196,-49.276,

[2025-03-06 10:57:17] ,3,-2.033,486.048,-33.481,-6.417,510.742,86.186,

[2025-03-06 10:57:33] ,1,10.478,417.964,-63.208,86.932,418.096,-32.391,

[2025-03-06 10:57:41] ,1,10.412,441.889,-54.345,33.678,442.021,69.503,

[2025-03-06 10:57:51] ,1,20.233,464.034,74.876,53.912,488.289,-90,

[2025-03-06 10:58:00] ,1,79.221,489.211,65.726,1.646,493.034,68.199,

[2025-03-06 10:58:09] ,2,25.044,399.246,-148.595,29.526,420.534,-7.125,

[2025-03-06 10:58:17] ,3,-5.706,432.793,-59.036,59.618,453.027,-61.239,

[2025-03-06 10:58:26] ,3,69.332,473.55,54.728,41.521,518.805,-35.493,

[2025-03-06 10:58:35] ,4,-1.43,466.281,-24.083,20.826,502.986,35.054,

[2025-03-06 10:58:45] ,1,2.569,438.791,-16.844,-3.033,470.559,73.301,

[2025-03-06 10:58:54] ,1,35.194,403.398,-36.254,-9.492,467.857,-62.987,

[2025-03-06 10:59:02] ,2,51.144,471.152,36.469,5.469,509.182,-77.082,

[2025-03-06 10:59:12] ,2,-7.976,428.905,29.055,78.76,442.152,20.556,

[2025-03-06 10:59:20] ,4,87.335,415.782,-35.599,5.798,464.957,-52.125,

[2025-03-06 10:59:31] ,1,35.919,402.673,7.696,27.812,471.548,11.113,

[2025-03-06 10:59:38] ,2,3.887,414.141,42.101,62.283,449.6,23.6,

[2025-03-06 10:59:46] ,4,19.244,418.096,-23.148,18.633,448.216,-38.894,

[2025-03-06 10:59:55] ,2,45.805,425.346,-79.287,48.573,513.598,-83.83,

[2025-03-06 11:00:02] ,3,46.551,489.562,88.103,20.445,510.961,-33.056,

[2025-03-06 11:00:11] ,4,10.742,498.307,47.553,87.196,513.136,45,

[2025-03-06 11:00:24] ,2,26.296,469.637,-101.706,-3.758,504.436,64.12,

[2025-03-06 11:00:32] ,4,4.546,466.934,14.494,-2.47,485.051,75.044,

[2025-03-06 11:00:49] ,1,29.658,409.264,33.13,5.139,417.437,-58.426,

[2025-03-06 11:00:56] ,1,83.505,432.662,45.365,52.264,518.936,22.659,

[2025-03-06 11:01:05] ,2,71.246,421.128,-27.255,47.387,426.334,-76.584,

[2025-03-06 11:01:14] ,2,33.678,447.557,119.495,38.028,466.868,-139.236,

[2025-03-06 11:01:22] ,2,33.876,478.93,83.991,-0.463,490.068,-4.554,

[2025-03-06 11:01:31] ,2,61.228,502.393,-122.276,31.767,512.214,121.574,

[2025-03-06 11:01:39] ,3,13.99,404.716,-50.194,2.305,477.15,27.741,

[2025-03-06 11:01:49] ,1,43.301,404.057,-60.001,64.062,438.198,29.745,

[2025-03-06 11:01:58] ,2,26.823,411.043,-31.574,14.235,431.871,-98.13,

[2025-03-06 11:02:08] ,2,48.442,434.507,-120.877,34.337,483.28,-112.736,

[2025-03-06 11:02:17] ,2,76.255,483.609,-77.082,11.137,508.457,173.379,

[2025-03-06 11:02:25] ,1,-10.415,439.318,18.595,6.787,481.039,-4.514,

[2025-03-06 11:02:35] ,1,70.917,493.759,-78.19,3.953,496.659,63.435,

[2025-03-06 11:02:46] ,1,-6.922,416.382,64.12,-0.792,459.487,81.369,

[2025-03-06 11:02:54] ,2,-0.595,401.025,-74.338,-0.858,429.234,4.594,

[2025-03-06 11:03:03] ,4,18.017,450.852,-45.535,13.995,477.546,-56.834,

[2025-03-06 11:03:14] ,1,3.689,411.834,-2.045,49.298,479.127,84.489,

[2025-03-06 11:03:21] ,2,69.005,507.139,85.878,28.603,513.202,-14.534,

[2025-03-06 11:03:30] ,2,20.43,517.552,-6.116,47.98,518.277,-75.964,

[2025-03-06 11:03:38] ,3,-10.915,492.427,61.905,46.464,503.646,-7.267,

[2025-03-06 11:03:49] ,2,20.298,455.334,-131.468,-4.879,487.234,-66.14,

[2025-03-06 11:03:57] ,2,42.576,491.518,20.854,75.267,493.034,-55.176,

[2025-03-06 11:04:07] ,1,13.971,469.307,3.013,-10.349,485.982,44.284,

[2025-03-06 11:04:14] ,2,67.357,476.887,78.19,3.623,489.936,-171.293,

[2025-03-06 11:04:24] ,4,4.744,422.38,7.696,-10.876,455.532,-16.518,

[2025-03-06 11:04:34] ,1,22.408,406.825,79.695,50.419,425.346,12.918,

[2025-03-06 11:04:41] ,2,31.767,438.264,83.379,53.121,477.612,104.281,

[2025-03-06 11:04:58] ,1,-9.822,400.893,-6.74,5.139,416.646,-70.758,

[2025-03-06 11:05:06] ,1,51.276,426.334,73.496,0.723,442.943,-70.448,

[2025-03-06 11:05:15] ,1,20.562,450.457,16.22,57.208,473.393,5.013,

[2025-03-06 11:05:24] ,1,-9.624,487.893,-10.125,37.171,505.952,72.525,

[2025-03-06 11:05:33] ,2,5.337,428.114,-49.343,27.548,463.046,133.933,

[2025-03-06 11:05:44] ,1,-4.088,415.196,-60.698,5.996,431.607,38.897,

[2025-03-06 11:05:51] ,1,19.837,459.552,36.87,42.773,518.409,-83.32,

[2025-03-06 11:06:00] ,2,1.383,460.673,-107.802,41.389,464.232,95.511,

[2025-03-06 11:06:09] ,2,75.398,483.148,41.379,80.803,492.639,38.501,

[2025-03-06 11:06:17] ,3,15.421,416.646,23.148,51.484,427.162,44.193,

[2025-03-06 11:06:28] ,2,2.305,479.984,141.73,40.664,502.657,-138.24,

[2025-03-06 11:06:38] ,1,23.528,445.909,-54.23,25.901,475.7,4.475,

[2025-03-06 11:06:48] ,1,47.519,502.525,27.924,-6.131,514.059,45,

[2025-03-06 11:06:56] ,2,26.626,461.53,-14.036,51.539,483.346,141.028,

[2025-03-06 11:07:05] ,3,49.43,410.648,-17.949,50.419,427.059,1.897,

[2025-03-06 11:07:13] ,3,78.187,430.882,-48.27,72.235,473.855,-28.275,

[2025-03-06 11:07:22] ,3,81.792,486.443,9.273,21.269,501.877,64.618,

[2025-03-06 11:07:32] ,1,33.612,482.555,29.495,18.453,504.7,-52.524,

[2025-03-06 11:07:41] ,3,-5.54,419.612,-35.803,1.821,464.1,-62.592,

[2025-03-06 11:07:52] ,2,15.619,422.05,52.214,18.453,494.946,-51.103,

[2025-03-06 11:08:00] ,3,-3.304,465.212,65.961,85.812,490.991,22.443,

[2025-03-06 11:08:11] ,1,5.008,439.977,1.014,-5.736,482.225,-36.064,

[2025-03-06 11:08:20] ,3,55.624,497.78,-35.803,11.661,504.107,-85.426,

[2025-03-06 11:08:36] ,1,3.953,405.243,-14.534,34.864,427.389,-71.405,

[2025-03-06 11:08:45] ,1,74.014,436.946,-35.538,30.514,445.843,-25.659,

[2025-03-06 11:08:54] ,2,78.035,409.462,123.111,64.853,412.889,152.049,

[2025-03-06 11:09:04] ,2,4.876,425.807,109.722,16.739,447.689,-75.719,

[2025-03-06 11:09:12] ,1,63.667,454.412,-72.525,57.867,465.946,71.089,

[2025-03-06 11:09:21] ,2,79.485,472.405,-54.758,63.798,477.282,96.621,

[2025-03-06 11:09:30] ,3,28.467,406.601,53.664,7.183,468.45,-11.753,

[2025-03-06 11:09:40] ,1,4.151,424.159,50.001,71.971,438.462,55.176,

[2025-03-06 11:09:48] ,1,24.253,447.623,-85.486,1.185,455.664,-44.644,

[2025-03-06 11:09:57] ,2,61.36,451.577,-29.055,26.56,462.255,102.693,

[2025-03-06 11:10:06] ,2,1.91,496.33,20.2,47.387,501.339,-24.74,

[2025-03-06 11:10:15] ,3,44.991,481.302,-72.284,32.953,509.841,0.382,

[2025-03-06 11:10:27] ,1,12.653,463.705,-23.658,42.576,477.546,35.362,

[2025-03-06 11:10:35] ,1,-0.792,497.055,-45.36,15.158,506.414,14.407,

[2025-03-06 11:10:44] ,2,7.183,399.443,49.733,11.862,429.037,48.24,

[2025-03-06 11:10:54] ,1,50.221,419.084,36.254,26.56,452.302,-17.956,

[2025-03-06 11:11:02] ,1,4.085,492.836,-16.361,55.428,496.989,-33.83,

[2025-03-06 11:11:11] ,1,28.801,507.336,42.852,7.71,508.457,-78.789,

[2025-03-06 11:11:20] ,2,11.137,470.493,-166.209,56.812,478.468,47.49,

[2025-03-06 11:11:29] ,3,-9.163,453.423,17.241,-4.266,475.718,68.691,

[2025-03-06 11:11:40] ,1,3.228,460.146,16.844,1.778,483.609,-20.966,

[2025-03-06 11:11:48] ,1,-7.251,500.68,75.719,49.826,509.314,-87.444,

[2025-03-06 11:11:57] ,2,36.512,499.427,-46.801,72.894,515.707,-3.122,

[2025-03-06 11:12:09] ,3,23.636,456.059,-83.951,-4.154,478.337,-4.921,

[2025-03-06 11:12:19] ,1,16.739,420.271,70.278,-10.613,448.018,47.148,

[2025-03-06 11:12:27] ,2,2.767,431.937,-56.17,7.908,484.466,7.125,

[2025-03-06 11:12:43] ,1,-4.483,436.287,38.186,34.535,444.657,45,

[2025-03-06 11:12:50] ,1,6.326,483.148,-29.249,79.419,502.986,-1.548,

[2025-03-06 11:12:59] ,2,25.439,400.3,117.493,22.803,434.771,-28.369,

[2025-03-06 11:13:08] ,2,14.696,452.368,11.706,13.839,473.591,163.639,

[2025-03-06 11:13:16] ,2,75.662,475.502,-131.379,18.848,504.964,-62.978,

[2025-03-06 11:13:26] ,1,-8.306,489.541,-57.567,23.923,489.673,-19.075,

[2025-03-06 11:13:35] ,1,-1.847,507.732,-14.407,46.596,507.996,76.088,

[2025-03-06 11:13:44] ,2,40.071,415.789,111.991,8.303,417.898,109.722,

[2025-03-06 11:13:52] ,3,56.193,417.107,-83.83,65.537,468.912,-45.807,

[2025-03-06 11:14:01] ,4,79.205,417.427,23.749,-2.124,452.561,-31.958,

[2025-03-06 11:14:12] ,1,56.812,458.762,-47.862,33.348,488.223,-31.739,

[2025-03-06 11:14:19] ,2,-4.088,456.718,172.937,3.689,475.898,90,

[2025-03-06 11:14:28] ,3,38.19,408.737,-43.643,20.257,499.765,41.257,

[2025-03-06 11:14:38] ,2,10.742,398.85,36.973,-2.242,443.141,-45.36,

[2025-03-06 11:14:47] ,2,-1.451,476.491,-35.362,-2.704,494.418,-29.055,

[2025-03-06 11:14:56] ,4,80.342,434.112,24.487,63.535,516.564,87.936,

[2025-03-06 11:15:05] ,3,20.892,405.837,-21.588,10.61,501.273,22.999,

[2025-03-06 11:15:14] ,2,13.18,498.307,-137.862,15.553,512.082,-73.985,

[2025-03-06 11:15:23] ,4,68.807,412.691,-3.48,85.061,425.93,-41.958,

[2025-03-06 11:15:33] ,2,-1.517,499.032,103.912,16.212,517.684,168.69,

[2025-03-06 11:15:49] ,1,53.583,406.562,-63.204,23.726,415.262,-12.308,

[2025-03-06 11:15:57] ,1,48.442,423.764,-26.792,63.864,429.037,-9.713,

[2025-03-06 11:16:06] ,2,38.358,404.584,36.254,29.328,449.864,45,

[2025-03-06 11:16:16] ,2,-0.067,458.168,60.068,64.985,474.909,103.791,

[2025-03-06 11:16:24] ,2,7.973,494.221,176.486,-8.504,503.711,-85.95,

[2025-03-06 11:16:33] ,1,24.583,431.937,-87.466,48.639,442.416,7.125,

[2025-03-06 11:16:41] ,1,22.078,471.812,-1.507,-5.34,488.486,-21.329,

[2025-03-06 11:16:51] ,1,57.339,503.58,88.977,41.587,506.611,-4.594,

[2025-03-06 11:17:01] ,1,30.448,457.971,60.751,-10.811,463.243,-20.674,

[2025-03-06 11:17:10] ,1,-7.515,481.896,40.384,41.653,502.789,87.955,

[2025-03-06 11:17:19] ,2,18.058,476.096,-129.677,62.744,496.198,-87.955,

[2025-03-06 11:17:28] ,3,40.955,417.371,-31.159,1.251,420.073,-8.022,

[2025-03-06 11:17:36] ,3,63.285,421.373,43.379,6.458,455.466,12.938,

[2025-03-06 11:17:47] ,3,15.486,492.639,-35.582,41.33,515.687,57.792,

[2025-03-06 11:17:57] ,1,-10.151,435.364,38.972,5.008,480.841,-12.2,

[2025-03-06 11:18:05] ,2,17.794,436.946,-101.605,3.294,444.262,57.144,

[2025-03-06 11:18:14] ,3,36.013,405.325,40.643,54.537,514.065,78.84,

[2025-03-06 11:18:26] ,1,33.876,411.834,54.345,39.873,424.752,-1.534,

[2025-03-06 11:18:36] ,3,35.062,475.832,-25.221,23.117,518.059,71.323,

[2025-03-06 11:18:52] ,1,2.701,432.002,-60.505,1.646,468.912,-11.605,

[2025-03-06 11:19:00] ,1,-3.495,487.564,-13.671,8.369,488.289,1.507,

[2025-03-06 11:19:09] ,1,13.246,501.471,69.503,83.505,508.061,-67.816,

[2025-03-06 11:19:18] ,2,48.508,418.557,-54.345,52.396,482.884,-82.937,

[2025-03-06 11:19:27] ,2,82.385,485.982,150.895,70.785,486.905,134.64,

[2025-03-06 11:19:35] ,3,56.614,472.537,7.172,32.041,491.914,-68.339,

[2025-03-06 11:19:46] ,1,19.639,421.391,-66.602,-6.856,429.63,34.249,

[2025-03-06 11:19:54] ,1,7.314,434.177,-62.312,25.11,434.375,68.199,

[2025-03-06 11:20:03] ,1,4.612,490.925,-70.615,84.889,507.732,-2.064,

[2025-03-06 11:20:12] ,2,36.117,403.332,-99.8,74.014,476.162,125.952,

[2025-03-06 11:20:21] ,3,82.648,436.814,9.588,43.991,451.116,-43.394,

[2025-03-06 11:20:32] ,1,-4.879,403.134,20.072,24.583,447.425,84.943,

[2025-03-06 11:20:40] ,1,21.089,504.502,47.862,66.83,512.214,6.17,

[2025-03-06 11:20:49] ,2,4.085,459.882,6.062,45.278,461.002,-167.196,

[2025-03-06 11:20:58] ,2,75.53,466.802,47.175,22.408,476.952,81.027,

[2025-03-06 11:21:06] ,2,37.698,512.807,-146.592,7.183,513.73,-118.61,

[2025-03-06 11:21:14] ,3,53.116,412.617,52.361,33.042,487.168,-46.865,

[2025-03-06 11:21:25] ,1,53.648,471.35,23.658,55.362,506.677,-48.24,

[2025-03-06 11:21:33] ,2,49.035,408.539,93.122,32.36,437.407,-68.199,

[2025-03-06 11:21:42] ,3,3.074,437.319,86.186,-7.647,462.123,6.466,

[2025-03-06 11:21:51] ,3,42.334,480.246,61.056,4.678,493.43,-3.789,

[2025-03-06 11:22:01] ,2,1.646,464.759,-164.124,1.58,493.298,-78.69,

[2025-03-06 11:22:10] ,1,30.778,409.857,14.036,49.562,509.775,64.799,

[2025-03-06 11:22:19] ,2,14.301,405.178,-5.659,3.426,510.039,140.064,

[2025-03-06 11:22:30] ,4,8.962,408.473,-15.154,84.955,463.177,43.55,

[2025-03-06 11:22:46] ,1,29.789,419.348,-72.525,13.576,425.148,25.201,

[2025-03-06 11:22:53] ,2,39.61,443.075,-106.361,57.867,451.182,106.991,

[2025-03-06 11:23:04] ,2,32.228,506.546,115.88,67.489,506.743,153.435,

[2025-03-06 11:23:12] ,3,44.063,416.799,82.684,37.327,464.43,-46.332,

[2025-03-06 11:23:22] ,2,36.973,428.707,-129.611,11.598,495.736,-53.936,

[2025-03-06 11:23:34] ,1,9.885,405.705,19.895,42.246,436.023,48.576,

[2025-03-06 11:23:42] ,1,54.044,458.498,-8.13,66.171,458.959,2.027,

[2025-03-06 11:23:54] ,1,39.214,406.298,70.105,46.86,426.202,-51.814,

[2025-03-06 11:24:03] ,1,63.205,480.775,5.609,41.851,485.455,33.551,

[2025-03-06 11:24:12] ,3,28.916,435.427,30.311,32.882,461.195,52.158,

[2025-03-06 11:24:21] ,3,77.867,473.176,62.241,7.842,493.693,-27.408,

[2025-03-06 11:24:31] ,2,-9.888,446.437,-133.199,20.298,494.484,-57.144,

[2025-03-06 11:24:40] ,3,5.474,409.066,-67.557,35.853,464.562,-5.262,

[2025-03-06 11:24:50] ,2,7.578,504.898,3.576,26.823,505.491,53.637,

[2025-03-06 11:25:01] ,3,18.389,405.443,84.213,8.933,510.4,39.316,

[2025-03-06 11:25:16] ,1,49.43,403.134,-81.724,29.855,416.448,-78.789,

[2025-03-06 11:25:24] ,1,62.085,417.305,-51.9,1.58,418.689,-6.116,

[2025-03-06 11:25:33] ,1,81.001,464.957,69.146,20.958,497.846,55.337,

[2025-03-06 11:25:42] ,1,33.348,511.027,-57.567,63.535,515.18,-5.194,

[2025-03-06 11:25:51] ,2,50.88,454.477,-178.986,63.139,458.762,-112.932,

[2025-03-06 11:26:00] ,2,5.469,493.166,-119.495,50.88,505.821,80.87,

[2025-03-06 11:26:09] ,3,-1.157,437.671,-83.157,30.448,476.359,-3.389,

[2025-03-06 11:26:19] ,1,39.28,435.957,77.905,25.571,459.223,-79.563,

[2025-03-06 11:26:28] ,1,52.198,461.002,-74.745,63.733,470.164,58.69,

[2025-03-06 11:26:37] ,3,49.059,418.953,-87.328,58.064,436.418,-18.194,

[2025-03-06 11:26:46] ,2,72.367,400.3,-18.268,42.114,512.346,-112.659,

[2025-03-06 11:26:56] ,1,47.717,412.428,33.69,35.853,445.448,2.01,

[2025-03-06 11:27:03] ,1,5.93,463.441,22.736,60.108,475.437,-57.567,

[2025-03-06 11:27:12] ,3,7.56,398.916,-88.839,55.225,488.817,51.757,

[2025-03-06 11:27:23] ,1,27.944,437.671,-81.87,58.855,469.571,65.014,

[2025-03-06 11:27:32] ,2,46.86,416.25,-109.411,6.853,420.93,-177.955,

[2025-03-06 11:27:41] ,3,-4.877,477.612,-75.044,26.142,501.514,86.186,

[2025-03-06 11:27:53] ,1,25.308,406.166,-81.724,-0.529,482.027,-43.221,

[2025-03-06 11:28:03] ,1,11.467,484.466,-59.381,85.614,502.064,4.635,

[2025-03-06 11:28:13] ,1,-4.813,474.052,-0.512,18.848,515.509,6.17,

[2025-03-06 11:28:21] ,2,40.269,437.737,45.716,21.221,495.934,-118.369,

[2025-03-06 11:28:31] ,2,12.323,414.471,159.444,4.81,455.862,-112.736,

[2025-03-06 11:28:39] ,3,22.506,483.285,78.914,-5.749,504.36,80.036,

[2025-03-06 11:28:50] ,2,-3.824,446.832,93.576,40.928,495.077,158.671,

[2025-03-06 11:29:05] ,1,3.03,397.928,51.9,25.308,400.3,-31.405,

[2025-03-06 11:29:13] ,1,39.808,429.234,16.504,50.683,460.937,-84.44,

[2025-03-06 11:29:22] ,2,-0.529,416.778,-142.619,87.855,451.709,-150.446,

[2025-03-06 11:29:32] ,2,80.21,463.968,-35.538,33.283,489.475,9.628,

[2025-03-06 11:29:40] ,2,0.394,499.361,-135,8.698,511.752,-12.308,

[2025-03-06 11:29:49] ,1,63.996,470.032,-2.534,-3.89,490.398,42.51,

[2025-03-06 11:29:58] ,1,29.13,506.216,-33.408,21.023,513.927,-34.114,

[2025-03-06 11:30:07] ,3,11.467,433.452,16.991,49.738,489.343,-78.914,

[2025-03-06 11:30:18] ,1,3.887,403.925,67.816,21.814,493.298,-8.631,

[2025-03-06 11:30:27] ,1,-4.417,412.691,24.015,-3.429,458.168,48.909,

[2025-03-06 11:30:36] ,1,82.517,461.332,81.215,44.817,479.062,-75.719,

[2025-03-06 11:30:45] ,1,13.773,479.918,-20.026,74.937,504.502,83.83,

[2025-03-06 11:30:54] ,2,22.935,401.816,-56.023,5.535,509.841,174.852,

[2025-03-06 11:31:03] ,3,16.685,437.041,67.847,-6.221,475.832,-40.479,

[2025-03-06 11:31:13] ,1,45.871,418.491,-58.426,5.93,425.939,1.023,

[2025-03-06 11:31:25] ,1,0.262,429.762,-19.722,35.194,459.618,47.49,

[2025-03-06 11:31:33] ,1,17.135,464.627,-9.051,3.953,472.602,-36.469,

[2025-03-06 11:31:43] ,2,0.921,437.605,103.791,7.446,509.709,124.114,

[2025-03-06 11:31:59] ,1,13.642,441.559,16.844,-3.429,460.014,-80.372,

[2025-03-06 11:32:06] ,1,-0.463,476.755,20.966,1.976,494.616,-67.068,

[2025-03-06 11:32:15] ,1,58.328,505.03,2.556,25.242,513.73,29.302,

[2025-03-06 11:32:24] ,2,44.223,415.657,-16.015,42.839,467.593,-157.457,

[2025-03-06 11:32:33] ,2,39.873,502.657,-69.146,1.646,507.468,-21.329,

[2025-03-06 11:32:41] ,3,18.914,413.943,21.943,56.149,458.335,49.276,

[2025-03-06 11:32:52] ,1,38.358,403.925,-26.565,28.603,443.273,-3.039,

[2025-03-06 11:33:01] ,1,78.892,404.057,-70.735,65.776,500.811,69.326,

[2025-03-06 11:33:10] ,2,18.321,401.289,107.784,36.644,425.016,134.275,

[2025-03-06 11:33:18] ,2,46.135,457.971,63.886,48.837,492.111,53.231,

[2025-03-06 11:33:26] ,2,33.678,516.3,103.912,2.437,516.564,-147.295,

[2025-03-06 11:33:35] ,3,-4.259,422.985,40.972,54.044,437.473,-11.83,

[2025-03-06 11:33:44] ,3,82.978,488.223,-14.315,36.842,505.886,20.601,

[2025-03-06 11:33:54] ,1,74.212,402.805,-51.259,15.355,440.373,-38.581,

[2025-03-06 11:34:02] ,2,0.064,410.187,117.255,-1.583,472.339,71.565,

[2025-03-06 11:34:11] ,3,58.658,438.659,-3.434,50.886,467.696,67.351,

[2025-03-06 11:34:20] ,3,27.548,494.484,23.499,6.889,512.346,-88.078,

[2025-03-06 11:34:30] ,1,-7.581,412.493,72.372,4.48,419.743,14.534,

[2025-03-06 11:34:39] ,3,23.882,421.787,-46.071,12.919,455.805,46.332,

[2025-03-06 11:34:49] ,1,-3.099,407.023,-77.082,-9.558,482.291,81.444,

[2025-03-06 11:34:58] ,1,40.928,487.696,-88.479,48.573,503.052,2.556,

[2025-03-06 11:35:09] ,2,17.069,434.705,23.6,0.196,478.93,72.676,

[2025-03-06 11:35:18] ,2,23.133,488.486,-69.974,14.169,517.355,-36.973,

[2025-03-06 11:35:26] ,3,-6.641,414.69,68.412,54.044,513.796,-15.893,

[2025-03-06 11:35:38] ,2,-9.163,400.696,-141.582,75.069,480.512,60.001,

[2025-03-06 11:35:53] ,1,62.546,403.596,14.162,40.994,426.466,-90,

[2025-03-06 11:36:01] ,1,4.744,435.957,75.719,14.762,445.975,-90,

[2025-03-06 11:36:10] ,2,6.326,408.143,108.759,44.948,472.932,121.05,

[2025-03-06 11:36:21] ,1,6.392,418.162,-40.326,57.603,427.059,-14.407,

[2025-03-06 11:36:29] ,1,7.446,469.175,72.676,78.562,499.427,87.444,

[2025-03-06 11:36:39] ,3,34.799,436.155,-74.946,10.017,498.307,22.504,

[2025-03-06 11:36:48] ,4,-7.471,397.586,18.6,60.426,406.847,-55.008,

[2025-03-06 11:36:59] ,1,-5.538,415.921,-73.496,66.632,469.768,66.4,

[2025-03-06 11:37:06] ,1,27.878,488.816,39.677,67.489,496.659,39.611,

[2025-03-06 11:37:15] ,3,84.786,496.198,-44.185,14.393,501.866,-57.674,

[2025-03-06 11:37:26] ,1,67.885,485.389,-56.592,8.698,514.257,64.799,

[2025-03-06 11:37:36] ,1,12.389,429.498,-50.711,5.667,513.136,-62.076,

[2025-03-06 11:37:44] ,4,34.403,424.489,0,-4.989,488.91,23.552,

[2025-03-06 11:41:15] ,2,28.867,436.221,78.69,4.744,443.998,-113.86,

[2025-03-06 11:41:20] ,2,28.933,436.221,78.789,4.744,443.998,-113.86,

[2025-03-06 11:41:27] ,2,31.569,462.189,12.583,26.889,480.314,169.963,

[2025-03-06 11:41:35] ,2,0.064,485.85,114.528,-7.449,493.825,-53.231,

[2025-03-06 11:41:45] ,1,4.744,448.941,62.076,41.323,518.739,60.001,

[2025-03-06 11:41:53] ,2,20.628,410.648,70.105,13.576,496.857,90,

[2025-03-06 11:42:02] ,3,-4.653,463.878,32.442,-4.118,506.084,-83.534,

[2025-03-06 11:42:13] ,1,11.994,407.089,-42.825,14.037,500.086,84.44,

[2025-03-06 11:42:21] ,2,46.86,412.428,102.918,-0.99,472.471,-30.184,

[2025-03-06 11:42:32] ,1,-5.604,491.716,56.87,34.337,503.052,-27.022,

[2025-03-06 11:42:39] ,2,6.787,459.025,-125.362,9.226,511.818,-68.484,

[2025-03-06 11:42:51] ,1,-4.154,424.489,-79.786,60.239,517.75,65.26,

[2025-03-06 11:43:02] ,3,-9.377,433.506,37.476,-7.581,495.473,-22.999,

[2025-03-06 11:43:19] ,1,14.96,413.284,-81.798,-5.67,420.93,77.692,

[2025-03-06 11:43:28] ,1,69.335,436.616,-4.086,23.792,504.305,-18.113,

[2025-03-06 11:43:37] ,1,84.164,514.718,-81.135,4.48,516.102,12.308,

[2025-03-06 11:43:46] ,2,30.844,441.625,110.674,46.926,459.618,-6.062,

[2025-03-06 11:43:55] ,3,57.4,447.376,50.631,-2.176,462.848,22.36,

[2025-03-06 11:44:05] ,1,-3.363,435.693,55.465,18.717,448.084,-57.144,

[2025-03-06 11:44:13] ,1,67.819,448.743,-29.302,37.039,457.971,-77.905,

[2025-03-06 11:44:22] ,2,82.517,448.612,175.914,-7.779,462.65,-30.877,

[2025-03-06 11:44:31] ,3,55.56,510.236,-17.468,33.568,514.918,41.76,

[2025-03-06 11:44:41] ,4,24.187,470.823,-14.642,33.678,478.205,-24.114,

[2025-03-06 11:44:52] ,1,57.142,420.205,18.113,72.169,487.498,-19.242,

[2025-03-06 11:44:59] ,2,34.008,422.05,-134.64,64.194,439.516,86.934,

[2025-03-06 11:45:09] ,1,12.389,500.35,15.388,32.953,501.734,66.14,

[2025-03-06 11:45:17] ,2,-3.231,478.468,-15.876,62.744,514.389,134.275,

[2025-03-06 11:45:29] ,1,1.514,404.387,10.905,28.801,506.348,16.991,

[2025-03-06 11:45:37] ,3,-8.687,425.148,-33.056,1.317,488.948,-23.199,

[2025-03-06 11:45:53] ,1,-6.461,401.948,56.023,-4.351,416.118,56.17,

[2025-03-06 11:46:01] ,1,67.423,428.18,-88.968,21.419,434.771,-18.911,

[2025-03-06 11:46:10] ,1,47.651,438.33,-9.628,75.728,442.812,3.576,

[2025-03-06 11:46:19] ,2,16.146,399.509,-82.304,22.408,414.405,162.372,

[2025-03-06 11:46:28] ,3,57.273,408.868,-4.222,51.605,491.584,-20.956,

[2025-03-06 11:46:38] ,1,66.83,409,72.708,28.867,435.166,-37.875,

[2025-03-06 11:46:47] ,1,61.558,462.057,26.114,8.369,487.102,-56.032,

[2025-03-06 11:46:56] ,2,79.155,430.552,-147.885,14.498,469.175,117.013,

[2025-03-06 11:47:05] ,2,71.707,475.305,0,56.68,510.698,-11.31,

[2025-03-06 11:47:13] ,3,22.239,405.771,-77.638,37.825,494.089,-65.807,

[2025-03-06 11:47:23] ,1,28.273,438.989,-41.091,40.598,453.95,-77.417,

[2025-03-06 11:47:31] ,2,44.092,482.357,143.13,15.948,504.568,-168.789,

[2025-03-06 11:47:42] ,3,17.897,420.403,-71.686,-8.365,431.014,-34.216,

[2025-03-06 11:47:51] ,3,70.617,446.041,-87.725,86.583,459.487,-84.251,

[2025-03-06 11:48:00] ,3,15.883,462.848,21.661,74.934,517.136,48.559,

[2025-03-06 11:48:12] ,2,3.294,450.523,79.38,8.105,496.461,-37.476,

[2025-03-06 11:48:20] ,3,-7.484,485.323,-59.554,39.953,500.041,77.8,

[2025-03-06 11:48:31] ,1,20.43,427.718,-39.611,55.362,451.775,-43.568,

[2025-03-06 11:48:39] ,1,36.776,481.368,27.242,11.137,498.768,-65.472,

[2025-03-06 11:48:48] ,1,35.721,505.689,83.884,60.042,513.664,43.55,

[2025-03-06 11:49:00] ,1,-3.89,404.123,62.745,59.976,453.489,-20.674,

[2025-03-06 11:49:09] ,1,63.601,479.391,-79.287,43.169,497.648,-85.95,

[2025-03-06 11:49:18] ,2,66.83,427.982,32.276,25.439,447.887,172.937,

[2025-03-06 11:49:28] ,3,4.624,493.953,84.703,11.877,514.677,68.199,

[2025-03-06 11:49:38] ,1,53.648,423.632,-69.8,19.112,515.509,46.801,

[2025-03-06 11:49:54] ,1,27.68,425.675,72.525,28.142,444.723,-30.793,

[2025-03-06 11:50:02] ,1,51.737,465.814,40.764,44.817,483.741,-47.49,

[2025-03-06 11:50:11] ,1,27.878,486.114,43.586,9.819,502.393,-26.565,

[2025-03-06 11:50:22] ,1,57.735,408.605,-50.458,74.871,491.584,-1.023,

[2025-03-06 11:50:30] ,2,49.958,460.937,-180,10.148,475.766,-56.31,

[2025-03-06 11:50:39] ,2,38.621,489.146,6.062,-1.979,491.65,150.505,

[2025-03-06 11:50:47] ,3,15.696,399.868,58.97,38.51,418.821,-69.624,

[2025-03-06 11:50:59] ,1,10.478,418.359,-80.287,-7.383,431.146,62.076,

[2025-03-06 11:51:08] ,1,87.328,462.321,77.583,30.251,465.748,-78.983,

[2025-03-06 11:51:17] ,1,32.821,483.016,-32.856,15.289,484.664,-33.13,

[2025-03-06 11:51:26] ,1,-3.758,488.75,-55.049,4.019,503.58,40.326,

[2025-03-06 11:51:35] ,2,29.394,444.393,-143.531,52.923,468.318,-86.455,

[2025-03-06 11:51:44] ,3,87.196,415.328,-14.507,45.754,445.777,-32.961,

[2025-03-06 11:51:52] ,3,81.001,448.282,7.267,24.292,504.588,82.781,

[2025-03-06 11:52:01] ,3,38.901,506.757,60.018,78.81,518.475,-73.153,

[2025-03-06 11:52:12] ,1,29.13,414.207,-84.898,42.048,461.266,-77.905,

[2025-03-06 11:52:20] ,1,3.36,471.614,33.551,-7.186,488.157,-60.505,

[2025-03-06 11:52:29] ,2,18.848,434.639,9.13,73.092,448.15,-99.713,

[2025-03-06 11:52:38] ,3,46.069,498.175,10.643,82.272,508.655,-53.207,

[2025-03-06 11:52:48] ,1,52.067,441.296,-76.209,10.939,479.193,24.775,

[2025-03-06 11:52:57] ,1,22.671,490.068,-27.242,25.242,512.082,-55.886,

[2025-03-06 11:53:06] ,2,26.692,400.696,19.411,48.837,456.191,71.887,

[2025-03-06 11:53:19] ,2,10.214,442.284,-30.184,20.364,509.841,78.085,

[2025-03-06 11:53:34] ,2,30.58,455.334,138.532,20.167,492.177,-35.362,

[2025-03-06 11:53:42] ,2,57.076,496.527,-161.405,-4.813,498.966,138.909,

[2025-03-06 11:53:52] ,2,7.38,425.148,-135,-1.254,451.577,157.73,

[2025-03-06 11:54:00] ,1,13.642,406.562,40.992,72.235,430.948,-32.005,

[2025-03-06 11:54:08] ,1,54.835,431.475,-17.475,86.867,435.759,31.405,

[2025-03-06 11:54:17] ,1,47.189,447.557,-12.308,31.569,454.543,-59.636,

[2025-03-06 11:54:26] ,1,69.137,458.827,-55.049,7.908,492.243,-47.862,

[2025-03-06 11:54:36] ,1,63.667,500.68,54.345,30.712,503.052,50.711,

[2025-03-06 11:54:45] ,2,-3.231,484.4,45.716,56.68,489.541,115.659,

[2025-03-06 11:54:55] ,1,72.169,454.741,-34.114,3.03,494.682,66.602,

[2025-03-06 11:55:03] ,2,0.064,481.039,-82.937,19.178,498.043,-123.13,

[2025-03-06 11:55:13] ,3,38.755,442.508,72.646,81.66,473.657,-4.604,

[2025-03-06 11:55:23] ,1,59.251,412.164,33.261,7.248,456.521,74.745,

[2025-03-06 11:55:31] ,1,42.576,463.902,55.751,15.685,518.739,87.955,

[2025-03-06 11:55:40] ,3,15.092,495.077,23.694,45.542,496.923,-11.908,

[2025-03-06 11:55:56] ,1,32.03,423.83,-13.299,41.192,453.884,-43.933,

[2025-03-06 11:56:05] ,1,70.126,454.412,46.432,32.755,468.846,-15.604,

[2025-03-06 11:56:13] ,1,46.53,479.655,-8.059,63.535,500.35,85.406,

[2025-03-06 11:56:22] ,2,56.614,420.732,69.624,1.383,467.132,15.876,

[2025-03-06 11:56:32] ,1,76.255,400.564,65.556,16.805,410.253,-73.35,

[2025-03-06 11:56:40] ,1,57.603,411.109,61.595,17.86,502.921,36.064,

[2025-03-06 11:56:49] ,2,-6.922,454.873,-112.27,65.908,468.318,-138.958,

[2025-03-06 11:56:58] ,3,67.66,446.647,88.854,32.3,446.832,-67.64,

[2025-03-06 11:57:07] ,3,19.672,468.936,39.95,2.82,482.818,-79.729,

[2025-03-06 11:57:17] ,1,29.262,420.007,7.125,-5.736,478.864,-27.688,

[2025-03-06 11:57:26] ,2,15.553,430.75,96.621,6.062,440.241,80.372,

[2025-03-06 11:57:34] ,3,6.096,409.725,-71.323,28.144,446.085,80.91,

[2025-03-06 11:57:44] ,1,9.555,425.609,-88.479,14.828,499.559,37.171,

[2025-03-06 11:57:53] ,2,-4.615,457.114,52.524,17.992,463.243,147.567,

[2025-03-06 11:58:03] ,1,10.346,413.68,5.609,77.376,441.757,10.305,

[2025-03-06 11:58:11] ,3,12.158,493.278,32.005,75.113,514.916,-62.745,

[2025-03-06 11:58:22] ,2,78.035,422.577,14.664,76.387,480.709,55.886,

[2025-03-06 11:58:33] ,1,14.762,468.187,83.494,42.51,510.302,-75.593,

[2025-03-06 11:58:41] ,2,69.598,506.743,-68.962,18.387,507.468,-45,

[2025-03-06 11:58:51] ,3,3.623,440.118,35.582,47.576,489.607,-80.036,

[2025-03-06 11:59:01] ,1,49.892,460.343,20.2,68.807,491.848,5.102,

[2025-03-06 11:59:18] ,2,21.419,432.464,-94.554,86.603,445.25,0,

[2025-03-06 11:59:26] ,2,86.801,485.323,-167.082,-6.526,497.252,30.184,

[2025-03-06 11:59:35] ,3,30.251,397.334,-9.273,-7.445,419.414,-75.315,

[2025-03-06 11:59:43] ,1,34.205,411.175,-48.958,83.242,417.107,-32.115,

[2025-03-06 11:59:52] ,1,40.071,426.202,50.064,11.664,464.166,-81.941,

[2025-03-06 12:00:01] ,4,1.57,432.596,-64.96,30.117,445.171,47.984,

[2025-03-06 12:01:09] ,2,46.464,432.002,72.372,26.626,451.512,59.381,

[2025-03-06 12:01:14] ,2,46.464,431.937,71.887,26.626,451.577,58.95,

[2025-03-06 12:01:21] ,3,50.617,462.584,24.88,61.246,498.768,-51.221,

[2025-03-06 12:01:31] ,1,54.967,397.664,67.141,8.237,437.473,-18.113,

[2025-03-06 12:01:40] ,1,40.664,473.525,61.869,21.353,477.216,11.113,

[2025-03-06 12:01:49] ,1,0.46,488.552,70.448,46.135,500.614,-82.372,

[2025-03-06 12:01:58] ,2,1.448,406.825,59.744,59.58,472.471,-162.525,

[2025-03-06 12:02:07] ,3,27.219,493.825,-5.297,5.137,504.552,66.501,

[2025-03-06 12:02:18] ,3,24.055,463.441,-7.918,33.142,510.105,-65.304,

[2025-03-06 12:02:28] ,2,34.469,419.348,-18.273,68.478,441.889,-148.426,

[2025-03-06 12:02:36] ,2,52.33,462.452,-104.281,27.417,470.823,56.725,

[2025-03-06 12:02:44] ,2,35.326,478.864,65.681,4.48,502.393,103.299,

[2025-03-06 12:02:53] ,3,13.101,413.823,83.491,16.119,496.694,39.075,

[2025-03-06 12:03:03] ,1,7.512,418.03,-26.565,28.01,492.836,27.688,

[2025-03-06 12:03:11] ,2,49.958,432.134,58.861,16.937,479.457,-145.337,

[2025-03-06 12:03:20] ,3,0.963,454.412,-72.284,56.958,516.385,59.632,

[2025-03-06 12:03:31] ,2,13.18,398.125,-180,76.453,462.848,90,

[2025-03-06 12:03:46] ,1,71.048,433.387,7.189,11.73,454.741,54.52,

[2025-03-06 12:03:54] ,1,57.801,488.289,71.405,3.426,502.327,14.407,

[2025-03-06 12:04:03] ,1,46.069,473.459,-46.414,-10.349,517.355,28.163,

[2025-03-06 12:04:13] ,1,13.971,434.177,85.486,-7.251,448.546,13.183,

[2025-03-06 12:04:22] ,1,1.383,460.409,69.034,34.733,487.234,69.503,

[2025-03-06 12:04:31] ,2,66.039,451.248,10.305,53.517,505.623,53.936,

[2025-03-06 12:04:41] ,1,17.135,427.059,64.341,-10.151,435.364,24.986,

[2025-03-06 12:04:48] ,1,4.744,438.132,-7.063,79.287,494.814,83.32,

[2025-03-06 12:04:58] ,1,40.467,481.83,62.987,62.876,498.307,-33.408,

[2025-03-06 12:05:06] ,2,60.701,425.807,90,45.805,496.791,-37.786,

[2025-03-06 12:05:15] ,3,65.38,408.407,14.783,0.196,484.862,-0.759,

[2025-03-06 12:05:24] ,3,18.727,500.68,-68.199,65.842,513.334,-3.84,

[2025-03-06 12:05:34] ,2,38.819,452.434,90,-8.438,453.159,-131.091,

[2025-03-06 12:05:42] ,2,17.201,463.375,-131.8,7.446,496.264,13.912,

[2025-03-06 12:05:51] ,3,74.421,426.177,43.919,49.562,466.077,-19.502,

[2025-03-06 12:06:01] ,1,11.005,481.566,-74.876,-1.451,497.846,-10.214,

[2025-03-06 12:06:11] ,1,45.937,415.723,-31.842,85.153,506.414,13.658,

[2025-03-06 12:06:19] ,2,76.189,451.512,42.825,57.735,487.762,-87.955,

[2025-03-06 12:06:28] ,3,37.532,450.457,-77.8,17.987,470.15,52.753,

[2025-03-06 12:06:38] ,1,1.317,442.021,46.432,3.623,462.189,25.659,

[2025-03-06 12:06:50] ,2,12.851,458.564,101.706,-6.79,493.759,-127.786,

[2025-03-06 12:07:05] ,1,65.314,425.214,49.343,18.123,462.782,-3.483,

[2025-03-06 12:07:13] ,1,-0.661,483.939,-27.013,-10.349,501.273,-26.792,

[2025-03-06 12:07:22] ,2,23.66,421.589,176.424,75.135,468.121,146.592,

[2025-03-06 12:07:32] ,1,11.73,410.648,-68.009,57.867,416.25,-9.211,

[2025-03-06 12:07:40] ,2,-9.361,438.132,-141.814,52.989,469.109,-108.911,

[2025-03-06 12:07:51] ,3,72.511,454.543,-86.566,14.432,466.483,55.685,

[2025-03-06 12:07:59] ,3,74.188,400.957,79.452,32.259,468.322,69.664,

[2025-03-06 12:08:08] ,3,31.263,437.371,82.03,75.246,478.6,-62.92,

[2025-03-06 12:08:17] ,1,78.628,401.355,45,78.562,422.577,55.597,

[2025-03-06 12:08:28] ,1,15.685,487.827,-61.189,8.237,497.45,-84.44,

[2025-03-06 12:08:37] ,1,83.439,505.293,-47.936,0.196,510.566,87.973,

[2025-03-06 12:08:48] ,1,-9.492,401.355,-82.235,5.337,440.373,-60.945,

[2025-03-06 12:08:56] ,1,33.085,442.548,-32.856,18.848,443.141,-24.986,

[2025-03-06 12:09:05] ,1,87.921,453.423,38.82,0.723,457.048,-52.431,

[2025-03-06 12:09:14] ,1,-2.176,479.457,56.87,43.498,487.827,35.362,

[2025-03-06 12:09:23] ,2,27.153,485.125,-13.069,5.139,509.511,84.898,

[2025-03-06 12:09:32] ,3,-5.09,428.246,-38.008,18.749,469.307,-43.135,

[2025-03-06 12:09:40] ,3,55.892,478.861,56.626,2.173,492.243,-16.154,

[2025-03-06 12:09:51] ,1,77.442,437.737,-17.14,72.432,466.012,-47.521,

[2025-03-06 12:09:59] ,3,-5.342,488.421,-74.678,4.037,501.602,-51.459,

[2025-03-06 12:10:10] ,1,31.701,456.389,41.091,71.048,497.45,84.391,

[2025-03-06 12:10:18] ,3,-4.712,422.429,31.682,24.648,506.282,-23.148,

[2025-03-06 12:10:29] ,2,43.762,434.902,63.886,4.546,466.407,90,

[2025-03-06 12:10:44] ,1,14.498,419.612,88.977,30.976,426.334,30.619,

[2025-03-06 12:10:52] ,1,49.562,433.716,83.884,5.601,439.516,-82.937,

[2025-03-06 12:11:01] ,1,50.946,447.096,-45.716,20.826,449.996,-20.497,

[2025-03-06 12:11:09] ,1,66.567,465.748,50.711,67.753,518.409,71.727,

[2025-03-06 12:11:19] ,2,43.235,409.659,172.811,76.321,434.705,-160.105,

[2025-03-06 12:11:28] ,3,-8.353,446.057,78.092,63.619,485.125,-50.389,

[2025-03-06 12:11:38] ,3,-6.155,401.396,38.48,6.233,491.011,82.781,

[2025-03-06 12:11:47] ,4,27.876,397.719,-25.844,21.347,495.2,25.137,

[2025-03-06 12:12:44] ,4,23.923,398.982,57.295,21.367,495.207,25.137,

[2025-03-06 12:12:49] ,4,23.923,398.982,57.295,21.368,495.205,25.308,

[2025-03-06 12:12:57] ,4,20.349,499.361,-73.229,41.782,508.155,54.507,

[2025-03-06 12:13:40] ,1,13.444,489.739,-10.125,44.948,516.564,-53.334,

[2025-03-06 12:13:45] ,1,13.444,489.739,-10.125,44.948,516.564,-53.334,

[2025-03-06 12:13:52] ,2,36.051,452.962,-60.505,39.742,476.821,2.511,

[2025-03-06 12:14:01] ,3,-3.141,454.477,-46.071,80.737,499.625,-28.794,

[2025-03-06 12:14:12] ,1,-3.626,441.625,41.091,41.126,472.273,-27.242,

[2025-03-06 12:14:22] ,1,22.144,428.18,8.13,-4.747,461.925,-57.995,

[2025-03-06 12:14:30] ,1,18.783,472.866,-87.013,63.667,482.159,62.076,

[2025-03-06 12:14:39] ,1,50.485,514.982,80.2,27.219,515.773,-77.082,

[2025-03-06 12:14:48] ,3,5.5,417.706,78.84,-5.736,485.784,13.023,

[2025-03-06 12:14:58] ,2,43.433,397.005,155.985,29.658,491.452,52.125,

[2025-03-06 12:15:13] ,1,51.078,449.534,-85.95,70.06,475.568,-31.842,

[2025-03-06 12:15:21] ,1,36.908,484.664,5.057,80.473,512.873,14.162,

[2025-03-06 12:15:30] ,2,26.692,421.918,66.4,78.101,445.712,122.276,

[2025-03-06 12:15:39] ,2,41.587,464.496,22.27,56.878,477.084,-40.326,

[2025-03-06 12:15:47] ,3,-8.485,415.987,-69.399,-3.033,440.571,22.504,

[2025-03-06 12:15:58] ,1,30.053,402.805,-60.698,-9.756,447.887,-3.039,

[2025-03-06 12:16:06] ,1,40.005,459.289,49.616,-4.615,481.434,78.887,

[2025-03-06 12:16:15] ,2,-5.406,425.412,60.255,-4.022,465.682,154.558,

[2025-03-06 12:16:24] ,2,11.533,494.089,2.556,23.923,510.105,-69.624,

[2025-03-06 12:16:32] ,3,63.553,424.291,-51.52,30.58,438.066,-17.716,

[2025-03-06 12:16:41] ,3,-9.243,499.229,30.12,52.198,508.918,8.076,

[2025-03-06 12:16:51] ,1,36.71,397.005,55.886,18.585,410.121,41.379,

[2025-03-06 12:16:59] ,1,46.464,479.325,-28.811,-10.217,518.014,-17.14,

[2025-03-06 12:17:08] ,2,59.383,409.791,-16.157,17.926,503.052,147.995,

[2025-03-06 12:17:18] ,1,35.062,449.6,-76.209,42.576,502.459,56.17,

[2025-03-06 12:17:28] ,2,35.326,452.5,-118.811,5.271,462.123,-81.369,

[2025-03-06 12:17:36] ,2,-4.681,478.732,9.713,48.046,510.896,60.446,

[2025-03-06 12:17:45] ,1,24.121,465.287,-3.979,-6.263,466.275,64.106,

[2025-03-06 12:17:53] ,3,30.58,451.841,10.942,0.022,479.403,69.044,

[2025-03-06 12:18:02] ,3,27.633,491.189,-49.808,21.683,513.071,24.349,

[2025-03-06 12:18:13] ,1,59.58,438.396,-67.537,16.146,443.471,-38.897,

[2025-03-06 12:18:21] ,2,42.839,449.534,166.701,71.51,487.762,-127.381,

[2025-03-06 12:18:37] ,1,50.617,411.307,5.102,17.135,429.432,-47.49,

[2025-03-06 12:18:45] ,1,34.073,443.273,51.419,63.469,465.88,79.786,

[2025-03-06 12:18:54] ,1,51.473,478.93,54.638,42.18,490.134,-35.655,

[2025-03-06 12:19:03] ,2,1.514,405.375,86.906,-4.615,417.898,63.886,

[2025-03-06 12:19:11] ,2,40.203,466.012,148.523,73.948,487.63,-10.305,

[2025-03-06 12:19:21] ,1,66.369,467.198,55.465,42.51,480.841,-66.801,

[2025-03-06 12:19:29] ,2,36.842,494.023,150.945,73.289,513.136,110.556,

[2025-03-06 12:19:40] ,3,38.555,422.907,-29.461,-3.956,437.934,17.716,

[2025-03-06 12:19:48] ,3,24.207,451.19,73.951,-10.876,451.446,1.897,

[2025-03-06 12:19:59] ,2,14.828,402.08,-35.838,30.251,412.296,24.955,

[2025-03-06 12:20:07] ,2,59.646,467.462,154.341,19.508,491.584,145.751,

[2025-03-06 12:20:15] ,3,-7.55,414.141,-59.496,19.573,473.855,11.014,

[2025-03-06 12:20:26] ,2,77.442,415.525,50.528,5.271,462.387,111.146,

[2025-03-06 12:20:34] ,4,8.764,409.528,-16.736,80.539,476.359,-65.513,

[2025-03-06 12:20:44] ,3,7.18,441.654,54.418,24.77,503.975,-37.476,

[2025-03-06 12:20:54] ,2,-8.899,439.912,-11.81,50.683,461.134,-177.489,

[2025-03-06 12:21:03] ,2,7.578,470.164,-119.932,57.208,505.952,151.144,

[2025-03-06 12:21:11] ,1,33.348,415.525,-70.278,-5.736,426.73,-41.76,

[2025-03-06 12:21:23] ,1,3.821,473.064,17.324,68.214,490.991,-28.163,

[2025-03-06 12:21:34] ,3,45.538,460.277,-85.456,7.757,490.544,83.202,

[2025-03-06 12:21:45] ,1,13.971,463.837,-86.486,9.226,487.234,40.711,

[2025-03-06 12:21:55] ,1,1.053,449.996,-65.681,39.808,488.157,-90,

[2025-03-06 12:22:07] ,1,63.469,496.659,-42.101,-9.492,497.78,74.745,

[2025-03-06 12:22:16] ,3,42.234,444.844,80.102,-0.07,471.313,54.418,

[2025-03-06 12:22:28] ,1,37.039,441.032,-68.854,-10.481,470.757,-25.659,

[2025-03-06 12:22:45] ,1,14.433,432.53,-69.503,71.839,449.534,-84.898,

[2025-03-06 12:22:53] ,1,70.785,464.627,51.103,27.021,507.864,-17.628,

[2025-03-06 12:23:02] ,2,-9.756,414.537,-144.048,45.278,415.328,-13.912,

[2025-03-06 12:23:11] ,2,1.778,471.152,-99.051,74.014,476.821,54.048,

[2025-03-06 12:23:19] ,2,0.723,483.741,-51.419,57.998,487.498,0,

[2025-03-06 12:23:28] ,2,-9.295,493.891,-128.581,17.86,496.725,56.032,

[2025-03-06 12:23:36] ,3,4.217,456.389,-26.565,47.872,466.485,69.044,

[2025-03-06 12:23:45] ,1,35.589,473.657,-71.878,-4.088,509.38,-80.87,

[2025-03-06 12:23:55] ,1,-7.12,406.628,57.885,16.146,421.128,-4.635,

[2025-03-06 12:24:03] ,1,2.173,424.489,-74.612,29.855,452.105,-29.438,

[2025-03-06 12:25:07] ,1,36.38,397.862,-4.086,30.844,419.282,-64.341,

[2025-03-06 12:25:14] ,1,-0.858,470.691,-38.581,83.967,491.123,-31.405,

[2025-03-06 12:25:23] ,1,48.771,493.166,-80.87,-6.329,505.096,-56.17,

[2025-03-06 12:25:32] ,2,49.76,447.359,128.581,13.905,447.952,137.49,

[2025-03-06 12:25:41] ,2,48.508,462.584,82.875,62.414,514.85,111.705,

[2025-03-06 12:25:49] ,3,18.88,476.096,-83.202,80.936,515.51,46.918,

[2025-03-06 12:26:00] ,1,10.346,412.559,64.12,17.398,459.421,6.009,

[2025-03-06 12:26:08] ,1,-1.386,460.607,-75.842,39.346,478.402,-77.8,

[2025-03-06 12:26:18] ,2,23.858,435.759,-101.81,-5.867,475.041,-153.208,

[2025-03-06 12:26:26] ,2,18.98,483.214,50.323,-1.32,503.711,-92.045,

[2025-03-06 12:26:36] ,1,37.764,489.014,-22.27,-6.592,489.409,-50.323,

[2025-03-06 12:26:44] ,1,21.023,493.693,54.638,44.158,505.293,-68.009,

[2025-03-06 12:26:53] ,2,26.56,423.896,-148.158,30.448,505.293,-11.31,

[2025-03-06 12:27:02] ,4,61.096,402.805,45.551,77.9,518.887,14.29,

[2025-03-06 12:27:15] ,3,38.651,451.446,-43.929,-8.6,467.462,-60.725,

[2025-03-06 12:27:29] ,1,65.38,402.805,51.259,42.18,410.45,-80.2,

[2025-03-06 12:27:37] ,1,32.294,423.764,-76.209,15.553,431.541,-44.644,

[2025-03-06 12:27:46] ,1,-8.306,432.727,9.211,12.389,449.073,10.037,

[2025-03-06 12:27:55] ,1,-10.811,454.741,47.49,56.153,484.927,62.076,

[2025-03-06 12:28:04] ,1,-0.199,489.541,-16.844,-1.188,504.305,-65.26,

[2025-03-06 12:28:13] ,1,-7.12,397.598,-15.803,46.992,511.423,80.287,

[2025-03-06 12:28:22] ,2,59.778,454.412,103.183,-2.506,464.957,59.381,

[2025-03-06 12:28:31] ,2,7.183,479.457,-18.911,57.735,498.307,-82.875,

[2025-03-06 12:28:39] ,2,73.157,498.768,53.334,80.473,513.598,87.936,

[2025-03-06 12:28:47] ,3,64.148,418.953,-48.814,18.117,468.057,36.193,

[2025-03-06 12:28:58] ,1,17.201,448.941,56.449,17.992,495.407,8.631,

[2025-03-06 12:29:06] ,2,6.523,433.716,5.609,36.71,482.555,-95.56,

[2025-03-06 12:29:15] ,2,1.053,495.341,-16.361,72.367,515.575,-69.928,

[2025-03-06 12:29:23] ,3,66.379,414.603,-33.69,-7.629,465.221,-51.163,

[2025-03-06 12:29:32] ,3,56.021,478.534,19.398,85.482,504.502,-8.512,

[2025-03-06 12:29:42] ,1,-6.922,398.323,-48.668,28.208,414.8,-78.19,

[2025-03-06 12:29:50] ,1,4.678,502.986,50.001,76.519,510.171,-74.338,

[2025-03-06 12:30:00] ,2,60.108,434.112,-127.073,10.544,455.334,-9.13,

[2025-03-06 12:30:08] ,3,46.544,420.495,68.057,13.871,516.302,69.756,

[2025-03-06 12:30:19] ,1,-2.242,474.514,-67.92,34.403,499.757,63.886,

[2025-03-06 12:30:27] ,2,22.803,456.323,-141.814,20.298,513.071,101.31,

[2025-03-06 12:30:37] ,1,81.726,480.248,47.862,20.035,485.257,2.01,

[2025-03-06 12:30:47] ,2,45.871,399.312,0,-5.999,413.021,-86.906,

[2025-03-06 12:30:59] ,2,16.608,490.332,-154.106,2.042,491.452,-56.87,

[2025-03-06 12:31:14] ,1,35.26,408.275,-84.852,71.312,411.571,80.707,

[2025-03-06 12:31:22] ,1,39.478,465.484,88.986,75.596,466.143,41.76,

[2025-03-06 12:31:31] ,1,34.996,477.743,-74.876,86.471,479.193,74.476,

[2025-03-06 12:31:40] ,2,54.571,435.957,137.862,86.207,442.746,-38.82,

[2025-03-06 12:31:49] ,2,10.478,487.168,153.208,53.055,518.014,-85.365,

[2025-03-06 12:31:57] ,3,12.023,404.255,-43.909,32.821,515.114,-21.448,

[2025-03-06 12:32:08] ,1,52.923,413.482,49.343,21.089,426.466,-57.995,

[2025-03-06 12:32:16] ,1,28.273,457.509,-60.068,53.055,471.284,81.941,

[2025-03-06 12:32:25] ,1,7.71,472.075,-31.05,20.694,496.527,68.854,

[2025-03-06 12:32:34] ,2,-7.779,467.396,-30.877,81.989,491.914,122.115,

[2025-03-06 12:32:43] ,3,27.877,400.027,47.726,7.004,402.937,-49.853,

[2025-03-06 12:32:52] ,3,26.83,476.162,-81.283,34.275,507.139,-34.743,

[2025-03-06 12:33:02] ,1,-6.395,421.523,81.293,-1.122,517.816,19.242,

[2025-03-06 12:33:11] ,2,28.076,469.768,-162.676,-4.351,471.68,-127.875,

[2025-03-06 12:33:20] ,3,75.798,490.188,57.265,16.836,501.628,82.355,

[2025-03-06 12:33:32] ,1,-1.122,424.95,-21.329,67.621,427.587,-32.276,

[2025-03-06 12:33:40] ,1,37.039,451.841,33.968,85.68,461.464,-86.424,

[2025-03-06 12:33:49] ,3,1.181,446.277,49.028,61.426,502.723,-13.481,

[2025-03-06 12:34:05] ,1,-10.876,408.539,72.372,63.864,414.339,-23.806,

[2025-03-06 12:34:13] ,1,36.71,435.1,-88.479,-10.349,441.955,-60.068,

[2025-03-06 12:34:22] ,1,30.053,455.598,32.856,70.917,478.864,-54.758,

[2025-03-06 12:34:31] ,3,7.523,412.774,73.264,-5.931,426.73,56.416,

[2025-03-06 12:34:42] ,1,21.089,403.53,-15.524,84.296,447.821,62.758,

[2025-03-06 12:34:51] ,1,15.026,450.852,-48.532,1.383,508.391,-14.899,

[2025-03-06 12:35:00] ,2,17.53,424.291,-138.958,26.56,433.189,-159.8,

[2025-03-06 12:35:09] ,2,64.458,434.705,10.214,47.189,444.987,0,

[2025-03-06 12:35:17] ,2,57.735,466.539,42.138,5.139,490.596,-20.497,

[2025-03-06 12:35:25] ,3,48.933,420.468,-83.112,11.269,470.296,-35.451,

[2025-03-06 12:35:35] ,1,33.085,441.889,79.875,7.446,493.034,-37.476,

[2025-03-06 12:35:44] ,1,21.419,505.623,25.442,-2.836,511.225,10.808,

[2025-03-06 12:35:53] ,2,9.16,413.284,57.724,61.953,431.607,27.474,

[2025-03-06 12:36:02] ,2,40.005,452.237,98.556,71.246,489.739,-56.31,

[2025-03-06 12:36:10] ,3,45.667,404.312,65.999,14.863,436.616,-42.325,

[2025-03-06 12:36:20] ,1,8.237,431.277,32.705,57.801,499.296,60.945,

[2025-03-06 12:36:29] ,2,64.919,477.875,-6.621,5.139,499.691,165.593,

[2025-03-06 12:36:37] ,3,47.082,434.771,-87.328,28.503,498.111,69.756,

[2025-03-06 12:36:48] ,4,87.657,483.016,63.435,83.242,515.839,-64.826,

[2025-03-06 12:37:00] ,1,10.412,412.889,70.278,38.951,499.559,-61.837,

[2025-03-06 12:37:07] ,2,56.746,464.232,-168.294,1.778,507.468,-97.696,

[2025-03-06 12:37:19] ,3,3.783,446.18,69.399,28.208,492.507,-1.528,

[2025-03-06 12:37:34] ,1,40.533,408.671,-32.981,49.496,426.268,25.88,

[2025-03-06 12:37:43] ,1,8.303,446.502,15.255,52.396,451.248,-30.184,

[2025-03-06 12:37:52] ,1,-10.745,469.702,-45.356,12.192,492.177,-54.23,

[2025-03-06 12:38:01] ,1,68.939,496.659,-6.17,52.989,503.711,19.722,

[2025-03-06 12:38:10] ,1,-10.745,509.182,-30.44,17.926,509.511,-87.955,

[2025-03-06 12:38:19] ,3,58.196,400.63,29.84,64.194,440.439,-10.713,

[2025-03-06 12:38:30] ,1,37.698,416.712,-12.308,72.828,456.389,29.302,

[2025-03-06 12:38:38] ,1,34.008,474.184,10.125,-7.647,478.337,-21.801,

[2025-03-06 12:38:47] ,1,62.744,479.852,-67.068,10.28,511.884,-60.255,

[2025-03-06 12:38:56] ,4,-5.538,495.736,12.804,75.555,518.561,-58.768,

[2025-03-06 12:39:07] ,1,16.014,412.955,-72.86,0.592,448.018,-4.554,

[2025-03-06 12:39:14] ,1,7.183,506.414,-9.713,82.978,510.566,-48.281,

[2025-03-06 12:39:23] ,3,24.459,459.055,44.734,17.638,494.669,75.411,

[2025-03-06 12:39:34] ,2,21.88,435.957,124.249,22.539,469.834,4.014,

[2025-03-06 12:39:42] ,2,7.973,479.852,-143.936,-4.945,486.641,29.055,

[2025-03-06 12:39:52] ,1,85.087,471.746,-77.082,24.187,493.232,-63.208,

[2025-03-06 12:40:00] ,2,42.576,459.552,39.289,12.258,473.525,-105.255,

[2025-03-06 12:40:11] ,1,-6.395,449.007,-68.199,50.221,466.143,-23.86,

[2025-03-06 12:40:26] ,1,-3.758,398.784,-74.338,17.333,402.475,-50.389,

[2025-03-06 12:40:35] ,1,58.987,428.575,-46.779,45.608,444.921,8.13,

[2025-03-06 12:40:43] ,1,26.428,466.671,8.482,75.464,489.936,3.608,

[2025-03-06 12:40:52] ,2,-8.306,420.073,178.968,56.021,480.841,-29.495,

[2025-03-06 12:41:01] ,2,72.828,467.725,114.066,-2.374,501.339,-33.408,

[2025-03-06 12:41:09] ,3,37.003,425.806,74.578,39.966,494.231,78.541,

[2025-03-06 12:41:19] ,1,-5.67,426.73,11.31,-1.583,499.493,-88.977,

[2025-03-06 12:41:28] ,1,77.837,501.339,-78.589,36.38,510.698,2.045,

[2025-03-06 12:41:37] ,2,13.18,420.337,-29.999,-6.065,516.827,101.81,

[2025-03-06 12:41:46] ,3,10.716,449.6,-40.724,34.175,484.202,-71.565,

[2025-03-06 12:41:56] ,1,58.921,433.98,13.299,59.712,505.821,38.501,

[2025-03-06 12:42:05] ,2,47.717,480.182,-100.62,11.269,482.818,125.77,

[2025-03-06 12:42:15] ,3,87.973,473.075,83.447,15.026,518.277,-12.736,

[2025-03-06 12:42:26] ,2,-9.097,437.012,8.13,4.612,442.877,-155.934,

[2025-03-06 12:44:19] ,1,23.462,433.65,31.739,73.619,502.064,83.32,

[2025-03-06 12:44:25] ,1,23.462,433.65,31.739,73.553,502.064,83.26,

[2025-03-06 12:44:32] ,2,8.698,443.8,-177.973,-5.142,446.107,28.369,

[2025-03-06 12:44:41] ,3,33.283,414.668,-21.588,7.878,468.187,-83.577,

[2025-03-06 12:44:51] ,1,-10.217,465.352,-53.231,-8.438,482.884,46.432,

[2025-03-06 12:45:00] ,1,61.36,485.059,-32.705,23.067,492.639,-6.116,

[2025-03-06 12:45:09] ,2,2.898,437.539,0,23.858,438.923,-111.146,

[2025-03-06 12:45:19] ,2,19.771,413.153,-58.861,7.117,476.227,-75.231,

[2025-03-06 12:45:27] ,2,7.512,498.439,-37.073,-9.031,517.948,-178.466,

[2025-03-06 12:45:42] ,1,28.669,406.034,-38.1,-10.481,418.953,-55.465,

[2025-03-06 12:45:50] ,1,72.762,421.655,46.095,76.651,432.332,56.739,

[2025-03-06 12:45:59] ,1,36.908,455.466,-86.987,64.326,457.905,-20.854,

[2025-03-06 12:46:08] ,2,6.128,421.259,-13.912,54.703,430.75,-151.39,

[2025-03-06 12:46:17] ,2,5.271,457.246,139.616,37.962,484.005,-109.855,

[2025-03-06 12:46:25] ,2,45.673,500.482,-148.69,23.66,503.316,54.638,

[2025-03-06 12:46:34] ,3,69.465,495.044,76.891,4.019,505.623,-20.601,

[2025-03-06 12:46:44] ,1,32.426,411.307,-61.144,84.428,466.012,2.556,

[2025-03-06 12:46:53] ,1,44.883,479.062,-31.9,60.371,494.089,78.69,

[2025-03-06 12:47:02] ,2,31.371,489.805,-117.924,6.787,510.83,-16.991,

[2025-03-06 12:47:10] ,3,32.36,425.346,15.789,-0.929,438.222,50.097,

[2025-03-06 12:47:21] ,1,-8.042,450.259,27.242,2.173,462.321,3.514,

[2025-03-06 12:47:29] ,3,40.214,408.172,58.97,82.914,440.049,46.621,

[2025-03-06 12:47:39] ,1,3.821,440.966,-27.474,-10.02,453.423,-41.8,

[2025-03-06 12:47:48] ,3,27.087,451.512,22.36,80.454,496.461,-72.784,

[2025-03-06 12:47:58] ,1,-7.713,474.118,-29.055,60.503,489.541,-58.426,

[2025-03-06 12:48:07] ,2,56.812,407.155,-109.584,29.987,465.682,-70.925,

[2025-03-06 12:48:15] ,3,13.069,494.023,-82.355,36.197,516.336,81.545,

[2025-03-06 12:48:26] ,1,27.483,476.096,69.034,-0.924,488.421,20.674,

[2025-03-06 12:48:34] ,2,67.753,407.155,46.848,34.205,491.189,-154.341,

[2025-03-06 12:48:50] ,1,35.853,415.525,-11.31,54.703,425.28,73.496,

[2025-03-06 12:48:58] ,1,69.467,441.164,73.009,48.244,459.025,-34.249,

[2025-03-06 12:49:07] ,2,46.135,413.021,-180,83.044,453.884,-109.722,

[2025-03-06 12:49:15] ,2,41.521,473.789,123.69,52.001,511.357,-3.576,

[2025-03-06 12:49:24] ,3,68.396,488.691,64.96,37.856,499.955,-57.47,

[2025-03-06 12:49:34] ,1,3.558,398.455,47.553,54.242,428.641,-53.637,

[2025-03-06 12:49:43] ,1,12.323,463.639,-88.008,-0.001,475.305,-42.541,

[2025-03-06 12:49:52] ,1,76.848,489.146,65.26,19.112,498.768,-40.384,

[2025-03-06 12:50:01] ,1,61.228,501.734,41.76,-6.526,518.541,73.843,

[2025-03-06 12:50:10] ,2,70.851,439.45,-129.218,66.567,461.53,133.568,

[2025-03-06 12:50:21] ,2,68.412,478.271,77.692,48.573,486.641,-65.472,

[2025-03-06 12:50:29] ,2,46.135,502.525,55.751,60.503,515.707,-114.274,

[2025-03-06 12:50:37] ,4,46.502,454.634,0,47.848,470.098,83.157,

[2025-03-06 12:50:48] ,1,24.912,399.048,58.861,82.055,414.537,26.333,

[2025-03-06 12:50:55] ,1,75.003,447.425,-14.534,-8.108,466.143,-64.106,

[2025-03-06 12:51:04] ,2,31.437,436.484,6.621,7.71,437.868,41.424,

[2025-03-06 12:51:13] ,2,72.301,468.582,135,52.989,486.18,165.719,

[2025-03-06 12:51:21] ,2,-7.251,506.216,159.326,43.498,509.05,74.97,

[2025-03-06 12:51:30] ,3,52.33,411.307,-20.376,42.048,438.791,90,

[2025-03-06 12:51:40] ,3,10.533,408.249,71.686,8.171,451.38,2.261,

[2025-03-06 12:51:49] ,1,26.692,410.187,76.088,14.564,471.416,-61.869,

[2025-03-06 12:51:58] ,4,54.394,458.005,33.166,28.933,462.914,29.419,

[2025-03-06 12:52:08] ,3,70.094,491.98,-60.35,37.435,495.473,14.956,

[2025-03-06 12:52:15] ,3,56.673,516.761,-36.87,74.57,518.014,-58.443,

[2025-03-06 12:52:25] ,1,26.692,430.75,26.792,33.414,463.309,-26.342,

[2025-03-06 12:52:33] ,3,-4.386,465.023,-71.086,37.037,513.38,48.526,

[2025-03-06 12:52:45] ,1,57.405,445.777,-44.284,-1.583,477.546,-33.968,

[2025-03-06 12:52:54] ,1,11.862,511.555,26.338,-0.133,514.586,8.202,

[2025-03-06 12:53:04] ,1,-6.395,466.539,18.911,-5.34,501.273,-83.437,

[2025-03-06 12:53:16] ,4,87.094,427.257,-77.358,-7.767,438.184,67.932,

[2025-03-06 12:53:26] ,1,13.246,461.596,69.034,9.753,481.302,-5.013,

[2025-03-06 12:53:35] ,1,67.16,466.737,-88.479,-6.526,498.109,88.479,

[2025-03-06 12:53:43] ,2,15.883,431.739,79.786,12.389,443.668,-81.369,

[2025-03-06 12:53:52] ,2,-4.879,468.187,-136.779,72.96,479.589,41.76,

[2025-03-06 12:54:00] ,4,17.317,414.582,71.323,44.961,452.46,34.004,

[2025-03-06 12:54:10] ,3,13.048,477.216,18.435,58.09,493.759,-45.269,

[2025-03-06 12:54:19] ,3,62.723,412.809,70.837,-0.47,457.18,-65.462,

[2025-03-06 12:54:34] ,1,67.951,422.775,70.105,-6.922,431.409,-69.974,

[2025-03-06 12:54:43] ,1,42.114,457.312,14.769,15.289,504.7,41.042,

[2025-03-06 12:54:52] ,2,-1.847,400.828,-177.936,24.253,421.523,101.81,

[2025-03-06 12:55:00] ,2,53.78,439.384,-1.023,-7.251,446.041,-114.319,

[2025-03-06 12:55:09] ,2,23.264,464.232,33.551,36.973,472.405,79.472,

[2025-03-06 12:55:18] ,1,12.126,443.8,88.493,69.335,495.077,-58.426,

[2025-03-06 12:55:26] ,2,59.778,405.178,51.582,59.383,477.282,-55.049,

[2025-03-06 12:55:35] ,1,65.71,421.128,-25.88,26.098,498.439,-90,

[2025-03-06 12:55:44] ,3,-4.472,449.443,43.929,10.222,475.264,77.43,

[2025-03-06 12:55:53] ,3,47.936,495.407,-55.257,0.994,508.681,45,

[2025-03-06 12:56:02] ,4,13.839,397.862,42.274,61.269,451.99,52.001,

[2025-03-06 12:56:13] ,2,61.689,476.952,-107.475,43.828,482.621,-53.231,

[2025-03-06 12:56:19] ,2,58.328,501.536,52.214,17.333,518.805,103.912,

[2025-03-06 12:56:28] ,3,46.049,404.584,-63.089,26.304,426.071,-86.186,

[2025-03-06 12:56:36] ,3,-6.885,446.554,31.483,-1.343,476.162,-62.418,

[2025-03-06 12:56:45] ,3,16.661,503.969,36.946,65.538,508.721,-45.272,

[2025-03-06 12:56:56] ,1,61.821,439.121,57.995,55.692,486.707,-28.811,

[2025-03-06 12:57:04] ,4,87.631,421.142,-7.319,80.935,473.657,-19.722,

[2025-03-06 12:57:17] ,3,64.985,499.296,-23.148,17.83,506.677,-60.871,

[2025-03-06 12:57:26] ,1,21.155,428.575,10.808,25.703,481.566,-63.886,

[2025-03-06 12:57:37] ,1,16.212,503.448,-20.674,6.458,516.3,-4.122,

[2025-03-06 12:57:49] ,1,-3.099,414.998,18.273,-6.658,481.896,87.466,

[2025-03-06 12:58:04] ,1,20.035,404.584,-63.435,37.633,446.832,33.551,

[2025-03-06 12:58:13] ,2,-1.715,420.205,-56.17,74.014,427.521,-152.978,

[2025-03-06 12:58:23] ,2,-6.263,439.582,-148.69,85.021,460.673,-48.24,

[2025-03-06 12:58:31] ,2,79.748,480.709,-54.758,-3.363,485.191,-113.199,

[2025-03-06 12:58:39] ,2,6.787,494.418,-124.951,52.198,499.032,-51.103,

[2025-03-06 12:58:48] ,3,7.215,441.691,-59.88,55.372,480.973,-75.872,

[2025-03-06 12:58:56] ,3,23.457,489.475,-74.314,29.498,511.555,-71.806,

[2025-03-06 12:59:05] ,4,47.588,397.529,-30.256,82.253,409.066,-16.477,

[2025-03-06 13:00:42] ,1,79.287,496.989,-62.289,64.523,509.973,-77.082,

[2025-03-06 13:00:48] ,1,79.221,496.989,-62.049,64.523,509.973,-77.082,

[2025-03-06 13:00:55] ,2,43.696,401.091,-19.411,45.673,432.53,162.044,

[2025-03-06 13:01:03] ,2,52.462,443.339,-135,43.103,514.784,94.086,

[2025-03-06 13:01:14] ,1,12.719,458.498,-61.869,55.692,499.493,-50.389,

[2025-03-06 13:01:22] ,2,37.435,403.991,-29.999,-1.913,430.091,-55.049,

[2025-03-06 13:01:30] ,2,13.312,442.812,-124.249,53.451,445.316,109.552,

[2025-03-06 13:01:39] ,2,26.098,463.705,-158.569,72.762,468.318,-150.001,

[2025-03-06 13:01:47] ,4,-8.306,470.889,2.261,38.304,495.894,87.725,

[2025-03-06 13:01:57] ,2,84.296,402.212,-46.872,13.708,516.102,-50.064,

[2025-03-06 13:02:05] ,1,35.853,400.432,32.829,62.019,417.173,-17.14,

[2025-03-06 13:02:13] ,1,31.964,425.543,-56.87,79.551,471.35,66.4,

[2025-03-06 13:02:22] ,4,4.16,462.716,-68.129,29.855,498.702,0,

[2025-03-06 13:02:32] ,2,63.93,476.162,137.862,23.33,497.582,-176.961,

[2025-03-06 13:02:40] ,3,65.596,487.564,-52.292,52.03,517.816,-43.919,

[2025-03-06 13:02:50] ,1,-10.02,415.196,69.8,49.694,431.277,73.009,

[2025-03-06 13:02:58] ,1,18.98,479.655,-40.384,-1.122,512.609,-48.576,

[2025-03-06 13:03:10] ,1,20.101,441.427,48.576,-3.956,493.298,-12.308,

[2025-03-06 13:03:20] ,1,27.417,423.105,-42.479,84.692,463.046,-89.484,

[2025-03-06 13:03:28] ,1,20.628,491.914,-81.444,36.248,506.875,16.504,

[2025-03-06 13:03:39] ,4,4.027,466.437,44.734,-8.174,515.575,-5.332,

[2025-03-06 13:03:49] ,1,16.871,445.646,27.242,64.523,490.266,77.583,

[2025-03-06 13:03:59] ,2,3.755,424.555,34.951,-10.745,517.816,83.83,

[2025-03-06 13:04:16] ,1,1.514,406.759,69.624,40.664,409.33,-11.81,

[2025-03-06 13:04:23] ,1,65.908,413.68,64.359,1.448,507.402,-60.255,

[2025-03-06 13:04:32] ,2,85.285,436.089,-135,57.142,441.889,-74.612,

[2025-03-06 13:04:41] ,2,80.078,486.905,-83.32,2.569,489.607,166.209,

[2025-03-06 13:04:49] ,2,54.967,495.275,-106.504,40.335,501.339,33.408,

[2025-03-06 13:04:58] ,3,15.184,421.445,61.725,28.603,440.373,-22.852,

[2025-03-06 13:05:06] ,3,10.91,448.659,85.861,66.387,460.212,-51.459,

[2025-03-06 13:05:17] ,1,3.623,414.932,52.214,64.721,435.298,-15.524,

[2025-03-06 13:05:25] ,1,-10.415,501.273,-2.027,52.001,506.018,28.163,

[2025-03-06 13:05:34] ,2,39.28,434.243,-163.496,4.085,443.932,143.231,

[2025-03-06 13:05:43] ,2,63.864,460.146,75.101,78.496,469.571,-19.242,

[2025-03-06 13:05:51] ,2,-4.483,473.393,-61.631,-1.913,486.377,-83.437,

[2025-03-06 13:06:01] ,1,-6.263,427.982,23.6,17.596,494.814,69.974,

[2025-03-06 13:06:09] ,2,18.717,458.498,20.674,4.678,496.198,171.369,

[2025-03-06 13:06:20] ,2,69.598,442.021,-51.499,37.435,456.455,175.95,

[2025-03-06 13:06:28] ,2,26.955,475.568,-47.827,-5.208,479.062,131.8,

[2025-03-06 13:06:36] ,2,6.787,480.182,-12.693,9.819,501.536,159.624,

[2025-03-06 13:06:44] ,3,75.914,492.303,36.87,33.805,515.509,-36.336,

[2025-03-06 13:06:55] ,1,4.81,428.443,29.302,-9.097,500.416,8.13,

[2025-03-06 13:07:05] ,1,62.678,440.9,37.786,8.303,485.125,-57.995,

[2025-03-06 13:07:14] ,3,22.641,409.788,70.115,70.126,472.141,-26.565,

[2025-03-06 13:07:24] ,2,21.946,412.691,-110.376,77.112,497.582,-72.708,

[2025-03-06 13:07:32] ,3,18.382,468.537,50.29,60.579,499.926,44.193,

[2025-03-06 13:07:43] ,1,37.567,419.216,-6.116,43.433,495.736,-84.44,

[2025-03-06 13:07:51] ,2,5.008,456.059,129.677,56.153,461.134,-177.99,

[2025-03-06 13:08:03] ,2,15.355,441.823,78.294,48.771,504.7,-54.758,

[2025-03-06 13:08:14] ,1,33.678,492.441,-70.925,17.86,493.957,12.804,

[2025-03-06 13:08:25] ,2,74.871,506.018,50.458,35.26,511.291,137.899,

[2025-03-06 13:08:41] ,1,41.851,401.355,74.836,1.58,409.264,75.964,

[2025-03-06 13:08:49] ,1,49.233,473.13,59.636,60.964,481.368,-84.44,

[2025-03-06 13:08:58] ,2,54.967,435.957,-67.068,23.001,444.987,137.827,

[2025-03-06 13:09:07] ,3,66.97,408.036,77.471,30.399,413.314,33.584,

[2025-03-06 13:09:16] ,3,31.246,433.687,67.351,-3.324,452.83,-41.257,

[2025-03-06 13:09:25] ,3,64.919,453.225,21.661,40.203,460.739,-11.31,

[2025-03-06 13:09:34] ,1,81.726,418.096,36.56,22.869,465.089,-19.855,

[2025-03-06 13:09:42] ,3,5.052,466.648,86.211,25.044,504.7,28.944,

[2025-03-06 13:09:53] ,1,7.71,402.212,47.521,34.601,413.482,12.918,

[2025-03-06 13:10:01] ,2,46.86,446.305,-42.852,17.662,466.341,63.435,

[2025-03-06 13:10:10] ,2,24.912,501.668,38.186,-4.022,503.448,-135.36,

[2025-03-06 13:10:18] ,3,9.125,423.039,-83.157,19.79,433.98,-52.826,

[2025-03-06 13:10:29] ,1,17.86,410.714,6.68,20.233,472.009,-59.207,

[2025-03-06 13:10:37] ,1,54.505,480.38,-70.448,31.833,481.962,15.739,

[2025-03-06 13:10:46] ,1,35.458,508.523,88.466,-5.933,509.248,20.674,

[2025-03-06 13:10:55] ,3,74.212,492.771,25.201,11.035,499.247,88.472,

[2025-03-06 13:11:06] ,1,6.721,473.657,-36.469,81.198,489.871,39.936,

[2025-03-06 13:11:16] ,1,57.01,478.666,38.897,35.787,510.896,-45,

[2025-03-06 13:11:28] ,3,31.875,484.452,75.506,15.289,492.705,-26.227,

[2025-03-06 13:11:38] ,1,0.328,478.073,-56.449,36.973,506.348,-12.804,

[2025-03-06 13:11:48] ,3,29.921,413.218,-18.314,36.541,489.782,32.326,

[2025-03-06 13:11:58] ,1,47.848,398.653,-57.45,43.96,453.027,29.055,

[2025-03-06 13:12:06] ,2,73.223,425.412,40.992,81.923,443.207,155.26,

[2025-03-06 13:12:22] ,1,46.662,509.248,3.066,83.176,517.882,44.635,

[2025-03-06 13:12:30] ,2,38.226,405.968,-174.852,30.317,414.339,164.476,

[2025-03-06 13:12:38] ,2,57.405,440.307,165.231,23.923,444.13,10.62,

[2025-03-06 13:12:47] ,2,-7.976,470.098,-153.435,60.503,487.827,-78.19,

[2025-03-06 13:12:55] ,3,40.428,459.265,32.442,68.157,470.532,58.318,

[2025-03-06 13:13:05] ,1,72.037,397.4,36.142,53.78,404.518,74.97,

[2025-03-06 13:13:13] ,1,-4.286,408.407,52.619,25.571,438.791,-27.242,

[2025-03-06 13:13:22] ,1,5.139,448.809,85.486,59.91,498.241,80.287,

[2025-03-06 13:13:31] ,2,15.619,440.768,141.419,71.444,465.287,156.869,

[2025-03-06 13:13:40] ,2,42.905,489.08,49.616,52.462,518.014,-78.19,

[2025-03-06 13:13:48] ,3,37.764,423.698,-6.888,14.301,424.489,-12.281,

[2025-03-06 13:13:57] ,1,6.326,472.668,-46.757,-7.251,503.777,82.372,

[2025-03-06 13:14:06] ,3,46.069,453.093,19.983,16.949,459.684,-33.481,

[2025-03-06 13:14:16] ,2,0.855,442.746,-55.049,28.537,499.823,-100.713,

[2025-03-06 13:14:24] ,3,44.619,424.555,-17.468,-5.149,507.864,-65.651,

[2025-03-06 13:14:35] ,2,9.555,425.675,127.381,-6.263,427.652,125.952,

[2025-03-06 13:14:43] ,2,-0.331,445.646,84.44,44.817,476.952,59.381,

[2025-03-06 13:14:51] ,3,14.156,454.873,-79.729,23.33,513.202,2.291,

[2025-03-06 13:15:01] ,1,27.614,446.107,43.933,-7.911,454.346,67.92,

[2025-03-06 13:15:10] ,2,16.476,461.596,-132.51,83.703,487.366,-20.072,

[2025-03-06 13:15:20] ,3,8.762,435.1,-74.578,67.468,486.026,38.243,

[2025-03-06 13:15:29] ,1,-6.526,472.8,-54.23,51.605,499.559,-59.56,

[2025-03-06 13:15:39] ,1,-1.451,437.737,72.044,3.755,490.53,-30.184,

[2025-03-06 13:15:47] ,2,14.696,398.059,-33.261,66.764,507.402,98.202,

[2025-03-06 13:15:58] ,1,23.989,508.721,43.568,7.512,512.807,80.87,

[2025-03-06 13:16:07] ,3,79.937,432.635,76.43,-2.804,487.762,-59.689,

[2025-03-06 13:16:18] ,3,-1.124,450.944,54.638,52.133,517.486,20.872,

[2025-03-06 13:16:26] ,2,20.43,477.282,-86.486,-10.613,495.539,105.388,

[2025-03-06 13:16:37] ,1,-5.274,411.637,-38.82,14.433,486.246,78.294,

[2025-03-06 13:16:45] ,2,66.501,416.712,57.171,17.201,517.75,68.671,

[2025-03-06 13:16:55] ,2,56.944,487.037,4.05,2.042,495.671,19.242,

[2025-03-06 13:17:10] ,1,51.671,417.898,-33.408,38.423,424.621,16.991,

[2025-03-06 13:17:17] ,1,33.283,439.78,10.62,67.885,455.598,54.345,

[2025-03-06 13:17:26] ,1,79.353,404.453,-38.333,30.646,458.696,27.688,

[2025-03-06 13:17:35] ,1,52.462,469.9,-68.854,23.989,470.362,-67.457,

[2025-03-06 13:17:44] ,2,15.158,430.618,-42.479,81.594,443.866,-158.962,

[2025-03-06 13:17:53] ,2,47.848,448.018,155.014,14.367,453.818,-51.73,

[2025-03-06 13:18:01] ,2,74.08,467.198,175.914,2.042,472.998,-76.817,

[2025-03-06 13:18:10] ,2,62.151,484.005,-158.671,-5.867,484.664,-146.449,

[2025-03-06 13:18:20] ,1,69.269,408.934,-13.033,50.419,460.212,-59.123,

[2025-03-06 13:18:28] ,1,3.03,464.364,64.772,1.91,510.105,30.44,

[2025-03-06 13:18:37] ,2,8.567,428.443,-86.934,-4.681,431.014,-34.114,

[2025-03-06 13:18:45] ,2,-5.736,457.839,84.943,51.737,479.457,12.804,

[2025-03-06 13:18:53] ,3,26.626,484.334,29.932,27.285,510.632,19.756,

[2025-03-06 13:19:04] ,1,-10.876,441.625,-11.81,2.108,465.287,-86.486,

[2025-03-06 13:19:12] ,1,65.71,488.75,19.075,-3.561,518.08,-28.856,

[2025-03-06 13:19:21] ,2,28.208,426.993,-11.31,9.292,437.671,-149.816,

[2025-03-06 13:19:30] ,2,60.305,440.834,87.973,13.378,453.291,148.69,

[2025-03-06 13:19:38] ,2,60.898,472.141,34.535,24.583,488.289,162.044,

[2025-03-06 13:19:47] ,2,61.162,421.259,-161.075,56.021,441.823,83.379,

[2025-03-06 13:19:55] ,2,32.492,452.5,170.455,31.635,467.396,107.65,

[2025-03-06 13:20:05] ,1,27.153,429.102,-40.711,21.814,444.789,36.064,

[2025-03-06 13:20:13] ,1,5.271,511.027,-83.379,72.367,516.234,59.744,

[2025-03-06 13:20:24] ,1,1.91,398.257,1.562,73.157,425.148,-41.379,

[2025-03-06 13:20:32] ,2,39.412,482.027,-145.465,63.798,509.511,-62.049,

[2025-03-06 13:20:41] ,3,62.137,484.06,80.036,85.223,491.411,72.784,

[2025-03-06 13:20:56] ,1,73.355,440.768,79.287,53.978,447.359,3.545,

[2025-03-06 13:21:05] ,1,32.953,447.425,-17.475,19.112,464.034,52.734,

[2025-03-06 13:21:14] ,1,54.571,476.227,-6.062,25.769,486.641,50.641,

[2025-03-06 13:21:23] ,2,-10.942,413.153,-135,58.526,421.325,-171.87,

[2025-03-06 13:21:33] ,2,49.496,432.727,-76.088,78.496,497.45,-63.667,

[2025-03-06 13:21:41] ,2,64.985,503.25,135.365,55.626,513.664,-167.583,

[2025-03-06 13:22:04] ,1,23.858,424.489,-78.887,-5.142,472.932,-83.494,

[2025-03-06 13:23:39] ,1,23.858,424.489,-78.887,-5.142,472.932,-83.494,

[2025-03-06 13:23:45] ,1,23.858,424.489,-78.887,-5.142,472.998,-82.999,

[2025-03-06 13:23:53] ,1,47.783,408.803,51.18,21.748,434.375,72.824,

[2025-03-06 13:24:02] ,1,9.028,436.089,-9.628,33.414,451.643,12.583,

[2025-03-06 13:24:11] ,1,71.707,488.355,34.535,21.353,512.082,76.209,

[2025-03-06 13:24:20] ,2,23.264,419.48,-174.391,59.514,441.427,150.945,

[2025-03-06 13:24:29] ,2,80.935,466.671,169.695,15.685,500.416,-176.934,

[2025-03-06 13:24:37] ,3,2.437,415.459,10.408,52.153,452.569,60.725,

[2025-03-06 13:24:46] ,3,55.428,479.852,7.545,87.789,499.493,10.856,

[2025-03-06 13:24:55] ,3,46.469,513.466,-81.167,64.21,516.696,-76.43,

[2025-03-06 13:25:04] ,4,80.012,405.112,35.628,61.228,420.403,-24.066,

[2025-03-06 13:25:15] ,1,7.644,419.084,73.496,30.844,420.798,-35.655,

[2025-03-06 13:25:22] ,1,66.303,425.543,-31.139,5.601,450.523,-4.554,

[2025-03-06 13:25:31] ,1,58.789,451.248,26.114,47.255,473.723,-13.671,

[2025-03-06 13:25:40] ,1,64.655,473.723,79.287,57.801,491.452,-4.594,

[2025-03-06 13:25:49] ,1,74.476,499.427,62.978,19.046,501.141,37.171,

[2025-03-06 13:25:58] ,2,-1.649,409.528,118.163,41.917,427.455,32.276,

[2025-03-06 13:26:07] ,2,70.719,488.025,113.131,23.133,511.752,-142.524,

[2025-03-06 13:26:17] ,1,10.873,427.257,43.933,67.028,461.662,-41.76,

[2025-03-06 13:26:24] ,2,14.564,451.05,52.829,44.553,462.584,-44.293,

[2025-03-06 13:26:33] ,1,31.503,465.287,54.52,78.694,501.998,-17.784,

[2025-03-06 13:26:42] ,2,39.808,491.98,-15.255,63.008,514.059,-41.719,

[2025-03-06 13:26:50] ,3,72.096,442.796,80.412,40.664,449.402,3.033,

[2025-03-06 13:26:59] ,3,-5.011,487.63,-17.488,39.873,506.743,-7.645,

[2025-03-06 13:27:09] ,1,9.094,419.282,9.211,57.735,437.737,27.242,

[2025-03-06 13:27:18] ,2,18.651,398.916,-94.122,-10.547,427.982,125.242,

[2025-03-06 13:27:26] ,3,57.339,406.891,-20.016,6.523,445.052,-23.348,

[2025-03-06 13:27:37] ,1,55.23,503.975,-84.898,-0.726,505.623,-87.466,

[2025-03-06 13:27:45] ,2,1.712,453.093,7.125,-0.067,472.405,78.294,

[2025-03-06 13:27:54] ,3,16.912,459.642,63.773,76.67,483.615,60.539,

[2025-03-06 13:28:04] ,1,86.076,452.896,-57.019,-2.176,462.189,14.769,

[2025-03-06 13:28:12] ,1,11.928,494.221,-43.933,29.46,505.03,57.724,

[2025-03-06 13:28:22] ,2,63.535,485.982,117.022,51.012,494.089,54.345,

[2025-03-06 13:28:32] ,2,-6.065,437.934,117.474,12.192,470.164,-34.951,

[2025-03-06 13:28:39] ,3,-1.913,478.864,-4.921,4.217,511.555,4.953,

[2025-03-06 13:28:55] ,1,-6.461,414.734,42.825,-6.329,450.193,-45,

[2025-03-06 13:29:03] ,1,54.242,495.605,-47.148,30.976,511.225,27.474,

[2025-03-06 13:29:13] ,2,74.212,446.7,41.042,12.521,470.559,173.938,

[2025-03-06 13:29:23] ,1,22.21,441.823,-83.437,11.664,506.875,-16.991,

[2025-03-06 13:29:38] ,2,62.085,433.387,9.211,10.939,472.998,172.999,

[2025-03-06 13:29:46] ,2,28.471,492.902,-78.887,49.101,493.957,-51.814,

[2025-03-06 13:29:54] ,1,43.762,437.077,28.61,58.13,451.116,-4.014,

[2025-03-06 13:30:02] ,1,53.055,482.884,-80.949,64.985,497.648,17.475,

[2025-03-06 13:30:12] ,3,8.435,402.146,15.154,23.206,436.783,67.496,

[2025-03-06 13:30:21] ,3,51.671,464.166,29.275,14.951,492.907,89.618,

[2025-03-06 13:30:32] ,1,-10.217,441.23,15.739,20.958,453.884,80.049,

[2025-03-06 13:30:40] ,1,-8.965,482.687,56.725,25.769,486.18,10.62,

[2025-03-06 13:30:49] ,2,10.28,420.007,-166.701,64.655,421.457,-9.8,

[2025-03-06 13:30:58] ,2,82.978,439.055,-50.782,85.087,465.946,171.293,

[2025-03-06 13:31:06] ,2,1.119,474.382,-52.829,75.728,488.948,-76.584,

[2025-03-06 13:31:16] ,1,15.289,432.925,13.299,27.812,481.237,-53.936,

[2025-03-06 13:31:24] ,1,3.492,505.359,-55.049,38.753,510.302,-54.345,

[2025-03-06 13:31:33] ,2,51.408,434.243,176.934,-10.481,455.4,-116.792,

[2025-03-06 13:31:44] ,1,-2.045,423.302,80.789,-2.836,438.791,19.075,

[2025-03-06 13:31:51] ,1,65.38,478.732,-73.009,64.853,492.771,-31.139,

[2025-03-06 13:32:00] ,3,-7.351,509.157,62.58,77.623,512.72,75.964,

[2025-03-06 13:32:11] ,3,33.11,437.08,74.314,30.207,492.111,-69.887,

[2025-03-06 13:32:23] ,1,-7.911,466.077,-58.95,50.155,517.948,-29.302,

[2025-03-06 13:32:38] ,2,-6.065,436.55,145.465,66.567,440.373,153.662,

[2025-03-06 13:32:46] ,1,6.985,477.612,-38.66,30.185,508.655,77.196,

[2025-03-06 13:32:58] ,1,21.946,417.634,19.242,47.519,457.048,-41.84,

[2025-03-06 13:33:06] ,1,12.258,467.33,-5.013,55.23,482.027,80.372,

[2025-03-06 13:33:15] ,2,45.212,405.639,-53.746,60.503,415.196,-138.281,

[2025-03-06 13:33:24] ,2,11.071,437.012,-117.474,-4.286,467.527,-167.307,

[2025-03-06 13:33:32] ,2,59.185,495.671,52.927,79.419,500.548,-90,

[2025-03-06 13:33:41] ,3,-2.572,413.482,3.457,0.749,431.739,-45.535,

[2025-03-06 13:33:50] ,3,54.886,436.936,37.247,87.13,446.964,-25.877,

[2025-03-06 13:33:59] ,3,68.28,465.035,55.57,0.196,495.802,-1.517,

[2025-03-06 13:34:09] ,1,19.903,426.862,-7.125,4.81,429.168,35.77,

[2025-03-06 13:34:18] ,1,42.839,444.789,-8.13,-9.426,457.246,-4.554,

[2025-03-06 13:34:27] ,2,-7.845,435.298,142.524,46.201,477.875,-100.037,

[2025-03-06 13:34:35] ,2,29.196,483.741,126.363,60.898,501.932,154.581,

[2025-03-06 13:34:44] ,2,33.876,509.643,0,48.31,511.357,57.724,

[2025-03-06 13:34:54] ,1,10.742,436.221,86.961,77.639,462.584,-37.073,

[2025-03-06 13:35:02] ,1,17.926,465.418,61.189,30.976,488.091,72.044,

[2025-03-06 13:35:11] ,1,-9.031,504.568,-85.446,68.017,516.959,-38.82,

[2025-03-06 13:35:21] ,2,3.558,402.541,103.033,-9.756,462.98,45,

[2025-03-06 13:35:29] ,3,83.505,471.152,4.604,-3.89,515.971,7.645,

[2025-03-06 13:35:39] ,2,-2.44,424.291,79.287,-6.724,488.486,29.495,

[2025-03-06 13:35:54] ,1,-10.679,410.582,55.597,13.839,418.623,18.595,

[2025-03-06 13:36:02] ,2,65.776,435.43,-65.726,82.253,442.284,-105.524,

[2025-03-06 13:36:13] ,2,69.994,471.218,51.103,9.226,483.609,101.605,

[2025-03-06 13:36:21] ,3,33.794,434.112,-73.229,-10.532,473.855,-32.961,

[2025-03-06 13:38:07] ,1,9.621,452.566,85.986,38.028,453.357,-82.937,

[2025-03-06 13:38:12] ,1,9.555,452.566,85.95,38.028,453.357,-83.938,

[2025-03-06 13:38:19] ,1,22.012,477.743,-38.66,-6.526,487.037,26.792,

[2025-03-06 13:38:28] ,1,50.88,500.877,20.854,83.044,511.093,4.16,

[2025-03-06 13:38:38] ,3,33.793,434.046,-73.12,80.802,491.443,47.701,

[2025-03-06 13:38:49] ,1,83.769,405.178,-60.843,61.821,506.875,0,

[2025-03-06 13:38:57] ,2,13.773,405.112,82.811,-4.483,464.298,-72.525,

[2025-03-06 13:39:06] ,3,-10.177,447.941,31.159,27.548,471.087,21.871,

[2025-03-06 13:39:15] ,3,49.854,479.308,62.083,44.421,510.302,-23.499,

[2025-03-06 13:39:25] ,1,6.787,428.312,27.924,-8.306,501.866,43.568,

[2025-03-06 13:39:35] ,1,24.846,434.705,-51.419,7.38,461.266,24.775,

[2025-03-06 13:39:43] ,1,67.16,472.998,-61.39,18.255,495.209,69.034,

[2025-03-06 13:39:52] ,2,-6.856,474.646,-152.758,0.592,497.055,140.001,

[2025-03-06 13:40:01] ,3,73.814,439.54,54.728,27.819,485.679,45,

[2025-03-06 13:40:12] ,3,-10.817,488.933,80.412,35.312,498.834,-73.374,

[2025-03-06 13:40:28] ,1,36.38,459.618,-37.569,55.164,461.991,-5.56,

[2025-03-06 13:40:36] ,2,34.667,437.077,177.973,29.789,478.6,-129.677,

[2025-03-06 13:40:45] ,2,70.06,489.211,105.388,35.062,502.789,103.299,

[2025-03-06 13:40:53] ,3,35.039,413.68,-72.417,17.662,428.312,21.801,

[2025-03-06 13:41:02] ,3,52.792,437.407,-27.759,47.217,482.093,-44.731,

[2025-03-06 13:41:12] ,1,7.051,440.373,-84.44,1.251,507.073,-55.049,

[2025-03-06 13:41:21] ,2,17.003,463.968,-23.658,76.321,474.843,151.144,

[2025-03-06 13:41:29] ,3,-0.741,410.046,79.97,26.626,432.596,-27.245,

[2025-03-06 13:41:38] ,3,-4.856,486.31,61.056,56.614,503.514,6.509,

[2025-03-06 13:41:49] ,1,-1.254,429.63,79.786,-4.879,446.305,-22.736,

[2025-03-06 13:41:57] ,1,65.578,489.541,-44.284,13.576,511.027,13.416,

[2025-03-06 13:42:06] ,2,50.023,457.048,-53.231,-4.747,468.977,-100.62,

[2025-03-06 13:42:16] ,2,1.646,432.2,116.792,80.342,489.475,152.507,

[2025-03-06 13:42:24] ,2,-3.165,502.459,39.611,61.623,517.025,87.936,

[2025-03-06 13:42:32] ,3,67.292,462.321,-3.033,19.505,511.429,35.803,

[2025-03-06 13:42:42] ,1,-5.604,399.443,67.816,28.801,436.221,13.791,

[2025-03-06 13:42:50] ,1,17.135,483.939,49.939,84.626,495.143,-57.45,

[2025-03-06 13:42:59] ,3,34.139,465.15,47.397,25.176,516.959,19.038,

[2025-03-06 13:43:10] ,1,57.339,481.83,-82.875,3.228,486.707,65.014,

[2025-03-06 13:43:20] ,2,-7.054,495.407,-94.05,29.394,513.796,-100.808,

[2025-03-06 13:43:31] ,2,-3.626,459.948,-124.535,37.039,518.014,-79.192,

[2025-03-06 13:43:46] ,2,-0.661,413.614,73.985,81.132,454.543,-81.798,

[2025-03-06 13:43:53] ,2,2.239,460.014,48.909,40.203,478.666,172.999,

[2025-03-06 13:44:01] ,2,61.03,482.687,171.798,70.126,483.807,-9.293,

[2025-03-06 13:44:10] ,3,30.185,464.562,0.754,24.631,483.405,79.796,

[2025-03-06 13:44:19] ,4,78.562,425.082,-75.336,82.714,469.768,-17.14,

[2025-03-06 13:44:32] ,1,21.88,405.309,67.537,54.835,448.348,37.875,

[2025-03-06 13:44:39] ,2,60.042,408.868,175.365,0.526,431.805,126.064,

[2025-03-06 13:44:47] ,2,28.669,445.448,-170.372,6.392,448.084,58.261,

[2025-03-06 13:44:56] ,2,47.387,459.75,110.026,68.28,465.221,153.435,

[2025-03-06 13:45:04] ,3,37.035,420.442,53.664,49.628,474.382,-11.753,

[2025-03-06 13:45:13] ,1,20.76,465.352,-81.941,20.628,479.193,33.275,

[2025-03-06 13:45:23] ,1,74.607,455.466,35.655,11.664,493.43,-73.639,

[2025-03-06 13:45:33] ,1,58.394,404.387,-84.289,0.592,480.577,34.38,

[2025-03-06 13:45:41] ,2,75.135,397.862,127.504,43.169,413.482,-144.462,

[2025-03-06 13:45:52] ,3,55.044,483.044,59.036,15.993,486.114,-39.661,

[2025-03-06 13:46:01] ,3,46.015,504.199,59.167,17.308,505.425,-40.437,

[2025-03-06 13:46:11] ,2,9.358,418.887,62.076,11.598,489.343,-47.862,

[2025-03-06 13:46:21] ,3,-6.988,425.609,25.545,12.723,486.444,84.327,

[2025-03-06 13:46:32] ,1,-3.956,449.205,29.495,65.183,481.764,-80.287,

[2025-03-06 13:46:40] ,2,44.751,441.757,-133.919,62.81,511.027,42.101,

[2025-03-06 13:46:56] ,1,40.533,400.828,18.435,32.689,425.939,46.432,

[2025-03-06 13:47:04] ,1,71.971,470.823,-17.628,38.028,504.502,-53.231,

[2025-03-06 13:47:13] ,2,5.864,421.193,169.192,-6.724,423.368,135.365,

[2025-03-06 13:47:22] ,2,53.583,427.718,135,66.435,435.364,-11.211,

[2025-03-06 13:47:30] ,2,2.108,437.934,69.326,27.548,486.773,155.014,

[2025-03-06 13:47:38] ,2,53.319,513.4,-97.696,6.787,517.223,34.114,

[2025-03-06 13:47:49] ,1,36.183,425.873,-34.951,66.435,427.389,-39.936,

[2025-03-06 13:47:56] ,2,43.301,472.207,-30.184,-0.067,496.989,70.448,

[2025-03-06 13:48:05] ,3,15.783,479.918,-77.879,50.419,484.993,-26.735,

[2025-03-06 13:48:16] ,1,1.251,404.057,-57.724,54.769,465.287,25.442,

[2025-03-06 13:48:24] ,2,15.355,459.618,-141.419,14.169,485.455,100.713,

[2025-03-06 13:48:33] ,3,-0.855,425.733,56.944,19.969,436.748,1.517,

[2025-03-06 13:48:42] ,4,78.383,409.762,-32.672,83.637,513.202,78.996,

[2025-03-06 13:48:53] ,1,24.978,412.098,59.123,-9.295,487.234,53.231,

[2025-03-06 13:49:00] ,2,6.523,434.639,-173.379,11.664,455.202,67.264,

[2025-03-06 13:49:09] ,3,28.793,444.262,-65.462,69.752,515.775,41.73,

[2025-03-06 13:49:21] ,1,-10.547,463.112,-81.87,43.96,507.666,41.76,

[2025-03-06 13:49:29] ,2,-10.481,478.666,-157.537,-2.045,492.705,42.852,

[2025-03-06 13:49:39] ,3,34.469,446.239,4.544,77.099,476.336,76.149,

[2025-03-06 13:49:51] ,1,57.471,423.434,-67.068,38.094,443.207,14.281,

[2025-03-06 13:50:06] ,1,15.685,404.057,0,41.785,412.098,21.991,

[2025-03-06 13:50:14] ,1,13.576,421.984,-45,67.753,435.891,67.537,

[2025-03-06 13:50:23] ,1,57.933,422.841,-18.113,9.951,441.362,26.565,

[2025-03-06 13:50:32] ,1,83.176,465.155,-67.537,9.819,472.075,-66.342,

[2025-03-06 13:50:41] ,1,11.994,488.486,20.497,-0.265,494.55,-10.214,

[2025-03-06 13:50:50] ,1,39.808,509.248,-69.326,-6.724,515.048,-76.701,

[2025-03-06 13:50:59] ,2,72.828,422.314,-102.918,86.076,479.523,53.334,

[2025-03-06 13:51:08] ,2,80.21,494.286,-152.745,69.532,515.18,-84.852,

[2025-03-06 13:51:16] ,3,-2.523,400.742,75.87,72.987,450.721,-31.159,

[2025-03-06 13:51:25] ,3,6.326,455.993,6.754,53.391,503.683,67.351,

[2025-03-06 13:51:35] ,1,6.326,419.48,-85.914,43.235,429.432,-73.009,

[2025-03-06 13:51:44] ,1,27.812,486.773,-79.38,-6.131,503.25,-71.887,

[2025-03-06 13:51:53] ,2,37.764,401.553,160.758,74.739,447.821,-20.674,

[2025-03-06 13:52:01] ,2,62.612,454.873,128.897,8.237,481.5,52.829,

[2025-03-06 13:52:09] ,3,16.937,406.1,-8.893,-3.273,441.823,-46.071,

[2025-03-06 13:52:18] ,3,5.601,458.893,19.983,44.553,475.239,-24.88,

[2025-03-06 13:52:30] ,1,21.221,408.275,-42.825,40.005,465.287,65.886,

[2025-03-06 13:52:38] ,1,7.973,496,60.068,-7.251,509.38,75.719,

[2025-03-06 13:52:47] ,2,8.105,409.132,169.095,31.964,427.916,5.609,

[2025-03-06 13:52:58] ,2,68.28,458.564,-14.407,12.653,465.88,119.249,

[2025-03-06 13:53:14] ,1,83.505,404.453,-27.979,39.148,407.748,41.379,

[2025-03-06 13:53:21] ,1,19.442,419.216,65.934,37.039,421.984,-88.977,

[2025-03-06 13:53:30] ,1,81.792,422.446,-19.411,51.935,422.512,21.991,

[2025-03-06 13:53:39] ,1,-7.054,441.164,62.312,56.68,443.075,32.005,

[2025-03-06 13:53:48] ,1,64.128,422.248,36.666,17.86,445.975,-20.788,

[2025-03-06 13:53:57] ,1,7.183,472.932,-40.764,78.496,505.425,-5.711,

[2025-03-06 13:54:06] ,1,49.233,514.389,-15.03,18.519,516.168,45,

[2025-03-06 13:54:16] ,2,20.958,398.718,66.194,5.601,409.593,113.131,

[2025-03-06 13:54:24] ,2,73.026,440.834,-96.116,8.633,456.652,113.658,

[2025-03-06 13:54:33] ,3,38.292,437.539,-16.88,33.612,457.443,-6.009,

[2025-03-06 13:54:43] ,1,32.558,449.732,-10.037,4.942,476.952,16.699,

[2025-03-06 13:54:51] ,2,26.428,398.587,-86.392,59.119,421.259,43.55,

[2025-03-06 13:55:00] ,3,78.957,422.907,16.26,76.754,479.721,-41.507,

[2025-03-06 13:55:10] ,4,86.261,410.152,-42.38,33.217,470.427,36.87,

[2025-03-06 13:55:21] ,1,15.685,398.916,2.045,-8.899,409.659,64.12,

[2025-03-06 13:55:28] ,1,84.823,459.157,11.81,20.298,496.593,-50.711,

[2025-03-06 13:55:37] ,2,5.733,469.307,36.87,62.283,470.427,158.671,

[2025-03-06 13:55:46] ,2,71.444,510.368,176.906,57.669,512.939,-138.24,

[2025-03-06 13:55:54] ,3,55.854,481.412,62.418,-9.426,493.825,18.555,

[2025-03-06 13:56:05] ,1,40.664,436.88,-20.2,-8.042,464.825,10.125,

[2025-03-06 13:56:13] ,2,45.08,466.473,-65.681,56.021,514.586,0,

[2025-03-06 13:56:23] ,3,22.765,454.256,32.442,6.092,495.162,40.437,

[2025-03-06 13:56:31] ,2,62.348,444.262,-93.066,77.376,510.83,30.256,

[2025-03-06 13:56:41] ,1,-8.701,464.364,-81.369,18.717,482.818,-53.936,

[2025-03-06 13:56:51] ,1,3.228,442.482,32.705,22.473,504.107,-67.264,

[2025-03-06 13:56:59] ,4,76.255,464.364,-84.341,82.517,502.921,-83.774,

[2025-03-06 13:57:10] ,3,55.772,427.389,-33.056,64.773,453.4,71.445,

[2025-03-06 13:57:17] ,3,25.715,483.214,-81.711,1.591,490.859,-81.601,

[2025-03-06 13:57:28] ,1,8.303,404.255,-87.444,70.126,441.625,73.496,

[2025-03-06 13:57:38] ,1,8.237,443.471,-13.791,21.814,455.268,-74.396,

[2025-03-06 13:57:54] ,1,6.985,405.837,46.801,76.519,464.364,-68.671,

[2025-03-06 13:58:03] ,1,-3.297,473.921,54.926,-8.108,515.246,-83.32,

[2025-03-06 13:58:12] ,2,47.519,419.875,30.7,2.767,426.4,-115.659,

[2025-03-06 13:58:20] ,2,22.144,438.132,-59.816,63.073,438.923,-43.55,

[2025-03-06 13:58:29] ,2,5.139,440.439,-132.138,56.483,449.007,-22.463,

[2025-03-06 13:58:37] ,2,23.396,480.973,-29.932,1.844,488.486,178.986,

[2025-03-06 13:58:46] ,3,13.475,455.334,-83.157,69.203,488.552,21.801,

[2025-03-06 13:58:54] ,3,27.116,510.433,74.578,12.005,514.122,84.632,

[2025-03-06 13:59:05] ,1,-7.647,398.916,88.958,58.262,448.414,9.211,

[2025-03-06 13:59:13] ,2,76.321,443.339,58.861,32.36,460.409,127.171,

[2025-03-06 13:59:24] ,2,-8.042,466.539,-136.432,27.548,479.918,-41.8,

[2025-03-06 13:59:33] ,1,18.519,442.877,-33.551,22.803,476.293,27.013,

[2025-03-06 13:59:41] ,1,65.183,479.523,56.449,86.142,514.257,-51.18,

[2025-03-06 13:59:50] ,2,62.546,420.93,-91.032,10.412,470.559,144.638,

[2025-03-06 14:00:01] ,1,3.953,423.5,-66.602,2.437,444.064,-51.419,

[2025-03-06 14:00:09] ,1,-3.165,490.2,-30.877,44.355,514.125,-36.666,

[2025-03-06 14:00:25] ,1,-2.572,421.655,-34.114,-8.372,440.175,-48.2,

[2025-03-06 14:00:33] ,1,86.273,417.437,-53.858,20.167,474.514,69.212,

[2025-03-06 14:00:42] ,2,8.83,418.425,-48.621,9.885,437.802,-30.619,

[2025-03-06 14:00:51] ,2,47.058,443.273,-63.435,-5.801,475.766,-90,

[2025-03-06 14:00:59] ,2,16.146,502.591,50.001,57.471,505.623,-33.69,

[2025-03-06 14:01:08] ,3,58.407,467.748,59.361,40.499,483.214,-42.859,

[2025-03-06 14:01:18] ,1,-0.529,457.377,-75.231,35.721,461.266,48.532,

[2025-03-06 14:01:26] ,1,16.146,476.03,45.356,62.81,489.146,37.786,

[2025-03-06 14:01:37] ,1,5.798,436.55,41.8,-1.847,452.962,47.121,

[2025-03-06 14:01:45] ,2,42.971,429.762,-70.278,43.894,444.064,-146.87,

[2025-03-06 14:01:54] ,2,58.658,464.562,0,1.844,487.102,-180,

[2025-03-06 14:02:02] ,3,21.683,419.612,8.399,19.386,437.077,-75.872,

[2025-03-06 14:02:11] ,3,-2.022,401.684,-46.637,66.962,446.634,-3.053,

[2025-03-06 14:02:21] ,1,35.787,405.903,57.724,4.612,463.243,63.886,

[2025-03-06 14:02:30] ,3,23.79,457.839,-74.678,24.355,499.164,-60.909,

[2025-03-06 14:02:40] ,1,6.392,428.443,44.64,25.703,448.084,-18.435,

[2025-03-06 14:02:49] ,1,20.167,468.121,-5.013,38.621,471.746,-11.017,

[2025-03-06 14:03:00] ,1,-2.638,420.337,9.211,22.144,514.982,-66.602,

[2025-03-06 14:03:08] ,2,-10.349,448.941,29.055,-7.911,514.85,99.8,

[2025-03-06 14:03:18] ,1,30.053,506.809,42.479,41.653,512.411,52.927,

[2025-03-06 14:03:29] ,3,45.584,465.484,-88.493,6.919,506.941,-8.022,

[2025-03-06 14:03:39] ,1,16.146,497.846,85.446,48.442,508.523,-23.6,

[2025-03-06 14:03:56] ,1,62.414,432.991,10.713,-1.781,462.321,-51.028,

[2025-03-06 14:04:05] ,1,70.982,479.984,-55.465,44.751,502.921,-78.789,

[2025-03-06 14:04:14] ,2,60.964,408.737,-92.579,-7.186,424.357,-116.338,

[2025-03-06 14:04:22] ,3,35.756,402.702,39.56,44.309,470.757,-54.331,

[2025-03-06 14:04:37] ,3,4.826,486.525,59.88,26.362,488.684,-23.199,

[2025-03-06 14:05:52] ,2,27.878,459.552,-136.067,6.853,507.666,-180,

[2025-03-06 14:05:57] ,2,27.878,459.552,-136.067,6.853,507.666,-180,

[2025-03-06 14:06:04] ,2,19.178,511.027,-29.554,79.419,514.191,124.695,

[2025-03-06 14:06:14] ,1,17.53,501.141,-18.595,79.023,516.827,-15.164,

[2025-03-06 14:06:22] ,2,57.208,414.471,-25.641,10.412,414.603,135,

[2025-03-06 14:06:31] ,2,46.926,511.027,1.032,21.155,517.882,39.218,

[2025-03-06 14:06:39] ,3,63.667,432.068,-27.245,62.48,455.532,-27.917,

[2025-03-06 14:06:50] ,3,20.986,457.166,85.456,3.569,489.08,-81.656,

[2025-03-06 14:06:59] ,3,36.183,491.584,16.154,14.571,501.273,-75.506,

[2025-03-06 14:07:09] ,3,-5.538,414.537,29.982,-1.451,493.957,21.801,

[2025-03-06 14:07:19] ,1,68.544,467.989,-6.116,-8.372,485.389,-73.639,

[2025-03-06 14:07:30] ,4,82.253,474.843,23.334,77.837,500.943,-71.727,

[2025-03-06 14:07:47] ,1,-6.658,428.575,31.574,8.105,431.475,-58.261,

[2025-03-06 14:07:54] ,1,76.189,437.077,33.69,68.939,459.882,0,

[2025-03-06 14:08:03] ,2,0.196,460.541,100.528,12.521,500.877,10.214,

[2025-03-06 14:08:12] ,3,54.051,422.802,45,36.117,464.562,-16.771,

[2025-03-06 14:08:22] ,1,32.755,413.284,41.76,67.885,441.296,53.936,

[2025-03-06 14:08:30] ,1,80.342,470.427,-59.56,3.887,483.807,-84.943,

[2025-03-06 14:08:39] ,1,55.889,489.475,34.249,49.233,507.468,-10.713,

[2025-03-06 14:08:48] ,3,54.08,429.556,75.044,9.133,429.643,88.854,

[2025-03-06 14:08:57] ,3,79.748,452.171,-21.092,37.587,513.356,88.091,

[2025-03-06 14:09:08] ,1,29.262,403.464,23.131,14.762,410.714,14.407,

[2025-03-06 14:09:16] ,1,-1.649,442.284,-53.231,-10.086,489.475,-46.779,

[2025-03-06 14:09:25] ,2,52.528,412.823,-177.421,14.63,426.334,-33.408,

[2025-03-06 14:09:34] ,2,76.057,452.302,45,17.794,480.248,-160.615,

[2025-03-06 14:09:44] ,1,15.421,402.212,7.253,8.83,483.082,56.725,

[2025-03-06 14:09:51] ,1,44.619,499.955,50.001,54.571,511.225,45,

[2025-03-06 14:10:00] ,2,77.903,466.275,-154.799,11.994,512.016,-119.745,

[2025-03-06 14:10:09] ,3,17.805,434.548,43.929,27.689,485.191,-34.004,

[2025-03-06 14:10:19] ,1,28.867,434.375,37.073,-4.813,459.157,60.505,

[2025-03-06 14:10:27] ,2,81.726,441.625,177.955,79.485,473.393,90,

[2025-03-06 14:10:39] ,1,53.121,501.602,-26.565,0.592,516.827,82.304,

[2025-03-06 14:10:47] ,2,74.014,457.509,9.713,38.951,500.086,-47.899,

[2025-03-06 14:10:56] ,3,72.762,492.375,29.65,19.446,509.593,34.961,

[2025-03-06 14:11:08] ,3,6.326,436.023,-0.382,18.902,493.1,-79.729,

[2025-03-06 14:11:18] ,2,53.187,443.339,43.199,53.121,517.157,75.466,

[2025-03-06 14:11:34] ,1,2.437,442.943,51.028,67.555,445.843,-46.081,

[2025-03-06 14:11:42] ,1,55.955,459.552,68.199,62.151,493.034,41.76,

[2025-03-06 14:11:51] ,2,15.553,451.775,119.249,39.808,452.962,4.014,

[2025-03-06 14:11:59] ,3,53.948,418.03,-42.016,21.185,429.827,-30.833,

[2025-03-06 14:12:08] ,3,57.537,473.591,-16.518,6.523,517.75,12.653,

[2025-03-06 14:12:18] ,1,-3.692,417.766,2.045,33.151,461.068,-20.966,

[2025-03-06 14:12:28] ,1,19.573,465.287,34.38,58.064,473.855,-3.545,

[2025-03-06 14:12:36] ,2,47.058,442.021,13.299,12.917,489.475,135,

[2025-03-06 14:12:45] ,3,45.08,415.459,9.588,4.565,503.514,-50.631,

[2025-03-06 14:12:56] ,1,61.558,408.539,35.417,12.258,442.482,65.681,

[2025-03-06 14:13:04] ,2,18.783,457.839,171.369,9.028,487.564,-162.198,

[2025-03-06 14:13:15] ,2,51.342,497.318,-135,57.01,511.423,-137.148,

[2025-03-06 14:13:23] ,3,25.04,478.732,-74.416,6.655,502.723,11.16,

[2025-03-06 14:13:35] ,1,42.312,469.307,-42.879,-1.254,500.284,-27.924,

[2025-03-06 14:13:43] ,3,56.944,439.45,4.194,-5.406,482.027,19.756,

[2025-03-06 14:13:54] ,2,38.16,419.546,135,3.36,482.687,-73.156,

[2025-03-06 14:14:02] ,3,23.656,446.214,53.584,42.639,484.036,72.284,

[2025-03-06 14:14:12] ,2,38.028,400.63,95.148,-0.133,435.759,133.199,

[2025-03-06 14:14:22] ,2,-9.69,455.532,-119.055,75.53,485.652,-87.955,

[2025-03-06 14:14:37] ,1,36.38,430.289,35.655,69.137,440.307,-4.594,

[2025-03-06 14:14:44] ,1,-6.724,440.439,61.631,30.844,453.884,2.01,

[2025-03-06 14:14:53] ,2,13.971,421.655,9.211,-4.681,423.632,-73.156,

[2025-03-06 14:15:02] ,2,-1.056,468.846,-68.854,17.398,490.398,-39.289,

[2025-03-06 14:15:11] ,1,53.055,468.187,12.693,24.714,483.741,-47.827,

[2025-03-06 14:15:19] ,3,18.063,404.074,34.866,-0.465,407.797,48.24,

[2025-03-06 14:15:30] ,1,64.128,483.477,42.852,-10.151,483.609,-6.062,

[2025-03-06 14:15:38] ,1,17.662,494.155,58.95,79.485,499.889,0,

[2025-03-06 14:15:47] ,2,62.348,449.666,-34.249,10.873,454.675,-155.681,

[2025-03-06 14:15:56] ,2,54.571,496.396,146.87,65.908,505.425,50.064,

[2025-03-06 14:16:05] ,3,6.902,416.712,-73.009,5.335,483.477,-66.306,

[2025-03-06 14:16:14] ,3,29.564,513.796,-41.222,10.892,514.257,-51.459,

[2025-03-06 14:16:24] ,1,87.987,431.871,-22.859,5.469,433.123,29.055,

[2025-03-06 14:16:32] ,1,-0.331,463.902,-26.565,85.153,498.966,82.747,

[2025-03-06 14:16:41] ,2,31.503,419.216,-140.064,50.221,477.48,-107.475,

[2025-03-06 14:16:52] ,2,39.676,451.577,160.448,26.758,499.559,-176.961,

[2025-03-06 14:17:02] ,1,-2.967,441.098,-43.933,26.889,487.827,86.486,

[2025-03-06 14:17:12] ,1,20.826,483.082,-44.644,3.821,497.648,17.475,

[2025-03-06 14:17:22] ,2,34.469,457.114,-32.705,7.183,499.361,11.81,

[2025-03-06 14:17:37] ,1,8.369,406.693,39.542,1.053,450.523,8.059,

[2025-03-06 14:17:45] ,1,76.585,451.38,16.504,15.355,462.518,-30.793,

[2025-03-06 14:17:53] ,1,62.283,469.702,-65.014,29.592,473.525,-29.683,

[2025-03-06 14:18:03] ,2,30.317,431.607,33.408,41.653,441.23,133.568,

[2025-03-06 14:18:11] ,2,18.519,486.641,-135,2.305,491.914,-158.671,

[2025-03-06 14:18:19] ,2,43.564,502.657,143.334,26.56,507.534,43.199,

[2025-03-06 14:18:29] ,1,69.335,440.702,19.722,24.319,445.909,-29.055,

[2025-03-06 14:18:37] ,1,37.698,446.7,-29.495,-10.876,477.612,51.028,

[2025-03-06 14:18:46] ,1,47.123,480.446,-52.829,30.185,513.796,41.042,

[2025-03-06 14:18:55] ,3,87.262,436.352,-0.774,10.869,503.336,50.389,

[2025-03-06 14:19:06] ,1,51.935,398.455,52.716,77.969,416.646,36.142,

[2025-03-06 14:19:14] ,1,39.808,422.512,87.955,55.955,480.973,-84.44,

[2025-03-06 14:19:23] ,3,-5.867,454.675,-18.555,33.546,465.023,-24.382,

[2025-03-06 14:19:36] ,2,40.73,419.678,-52.524,51.803,449.205,49.674,

[2025-03-06 14:19:45] ,3,41.587,414.537,-5.749,45.553,437.694,34.216,

[2025-03-06 14:19:53] ,1,13.905,426.73,19.242,82.912,480.182,-24.487,

[2025-03-06 14:20:02] ,3,-1.122,457.18,13.023,54.395,506.084,-76.891,

[2025-03-06 14:20:13] ,1,15.223,459.882,-35.77,-4.681,483.346,-1.521,

[2025-03-06 14:20:28] ,1,41.06,419.743,18.273,-6.724,435.1,3.039,

[2025-03-06 14:20:36] ,1,84.098,411.439,-29.358,49.826,485.718,31.739,

[2025-03-06 14:20:45] ,1,36.446,508.918,-7.696,6.721,509.643,25.201,

[2025-03-06 14:20:54] ,2,5.205,432.793,-152.076,85.746,460.277,-79.287,

[2025-03-06 14:21:03] ,2,74.08,486.246,178.968,59.514,499.889,18.273,

[2025-03-06 14:21:12] ,3,24.942,417.239,-58.97,19.376,445.316,3.764,

[2025-03-06 14:21:22] ,2,35.062,449.073,120.184,33.612,473.855,119.683,

[2025-03-06 14:21:31] ,2,81.396,484.4,101.915,1.646,490.068,128.581,

[2025-03-06 14:21:41] ,1,24.846,473.921,12.583,17.003,489.211,-77.905,

[2025-03-06 14:21:48] ,3,21.814,436.221,-3.033,55.713,480.775,-47.675,

[2025-03-06 14:21:59] ,1,63.667,412.889,-51.499,-5.011,467.857,61.631,

[2025-03-06 14:22:08] ,1,65.446,497.45,-61.837,37.303,517.948,-86.934,

[2025-03-06 14:22:17] ,2,-1.715,429.432,-171.798,65.578,444.855,-141.419,

[2025-03-06 14:22:26] ,2,55.823,468.055,-29.055,42.773,471.35,-31.31,

[2025-03-06 14:22:34] ,3,11.753,439.252,-55.996,-7.314,448.415,84.289,

[2025-03-06 14:22:42] ,3,25.873,449.666,-61.42,14.632,466.805,56.206,

[2025-03-06 14:22:53] ,1,-8.108,460.014,-5.56,10.939,467.725,-3.013,

[2025-03-06 14:23:01] ,3,23.594,426.927,14.221,61.098,477.546,-67.001,

[2025-03-06 14:23:12] ,1,7.512,470.427,-58.95,63.996,512.939,-86.906,

[2025-03-06 14:23:28] ,1,58.394,417.107,58.861,51.078,449.139,39.677,

[2025-03-06 14:23:36] ,1,36.117,457.246,-46.067,-4.22,463.902,45,

[2025-03-06 14:23:45] ,1,49.628,473.987,-60.068,5.535,478.139,-59.381,

[2025-03-06 14:23:54] ,1,84.56,419.018,17.447,28.273,487.762,-46.779,

[2025-03-06 14:24:03] ,2,26.823,422.446,-57.295,6.589,424.687,151.39,

[2025-03-06 14:24:13] ,1,22.539,399.905,-81.215,54.637,449.271,41.091,

[2025-03-06 14:24:22] ,1,66.83,485.059,24.066,40.401,496.132,-86.455,

[2025-03-06 14:24:33] ,1,52.067,399.707,-61.144,-4.879,503.184,-28.369,

[2025-03-06 14:24:41] ,1,80.935,423.698,46.469,-2.704,445.316,72.676,

[2025-03-06 14:24:50] ,2,67.819,404.914,85.28,50.221,414.603,-88.977,

[2025-03-06 14:25:01] ,2,38.16,431.014,100.713,38.753,465.748,69.326,

[2025-03-06 14:25:09] ,2,79.089,482.291,-57.019,7.117,496.659,-110.2,

[2025-03-06 14:25:17] ,3,82.536,450.193,-49.606,16.41,454.346,14.128,

[2025-03-06 14:25:28] ,1,5.469,438.659,-26.792,59.119,500.877,79.287,

[2025-03-06 14:25:36] ,2,18.189,451.116,-61.631,51.144,482.357,-171.87,

[2025-03-06 14:25:45] ,2,25.044,501.8,-159.146,3.36,503.711,-68.199,

[2025-03-06 14:25:53] ,4,87.328,459.487,48.668,83.967,492.046,-54.881,

[2025-03-06 14:26:04] ,1,38.885,437.341,44.644,1.119,474.118,-69.034,

[2025-03-06 14:26:13] ,3,35.164,430.684,-83.534,11.633,450.419,39.661,

[2025-03-06 14:26:23] ,1,77.771,442.218,60.698,54.308,513.268,-41.042,

[2025-03-06 14:26:34] ,1,68.544,405.705,51.259,-6.526,497.318,-15.876,

[2025-03-06 14:26:50] ,1,23.726,414.603,48.621,56.351,414.668,-29.554,

[2025-03-06 14:26:58] ,1,52.792,435.759,4.554,31.305,447.425,67.264,

[2025-03-06 14:27:07] ,2,69.796,424.423,53.027,39.873,425.016,-114.066,

[2025-03-06 14:27:16] ,2,1.712,428.641,-176.961,84.23,449.6,-128.1,

[2025-03-06 14:27:24] ,2,53.055,465.155,174.44,32.492,488.618,-147.295,

[2025-03-06 14:27:33] ,3,11.1,404.453,-44.185,6.853,442.548,-12.938,

[2025-03-06 14:27:43] ,1,4.48,422.116,0,41.719,430.025,-32.433,

[2025-03-06 14:27:51] ,1,75.332,449.073,57.295,-2.045,480.643,-34.663,

[2025-03-06 14:28:00] ,2,73.619,434.639,-114.066,39.873,465.814,98.556,

[2025-03-06 14:28:09] ,2,81.001,470.23,115.419,36.117,504.502,-150.255,

[2025-03-06 14:28:17] ,3,25.769,482.489,15.945,-4.286,508.984,-13.023,

[2025-03-06 14:28:28] ,1,11.598,421.984,-5.102,28.208,468.318,56.725,

[2025-03-06 14:28:37] ,1,5.798,436.221,74.745,59.58,468.187,36.769,

[2025-03-06 14:28:46] ,3,6.574,453.093,-64.113,-10.811,471.746,-27.917,

[2025-03-06 14:28:55] ,3,10.372,487.63,-45.535,85.489,504.199,45,

[2025-03-06 14:29:05] ,1,19.969,505.359,-57.295,84.889,513.598,84.806,

[2025-03-06 14:29:14] ,2,55.098,411.9,154.581,22.473,427.521,-174.391,

[2025-03-06 14:29:26] ,1,21.88,446.832,-61.189,46.992,486.773,-74.124,

[2025-03-06 14:29:33] ,3,32.623,411.241,-19.885,3.091,513.222,50.389,

[2025-03-06 14:29:50] ,1,29.789,425.148,81.87,31.503,449.666,83.991,

[2025-03-06 14:29:58] ,3,-1.781,400.893,13.196,49.738,429.146,86.186,

[2025-03-06 14:30:09] ,2,35.523,428.048,-152.978,63.535,440.175,-101.31,

[2025-03-06 14:30:17] ,2,55.955,454.148,148.95,62.876,479.852,-86.934,

[2025-03-06 14:30:26] ,1,12.258,413.614,-15.388,3.096,448.216,-77.8,

[2025-03-06 14:30:35] ,3,33.312,445.843,-43.939,56.944,467.066,-6.843,

[2025-03-06 14:30:44] ,3,19.445,475.976,46.061,63.073,499.296,27.42,

[2025-03-06 14:30:54] ,1,14.498,452.5,22.736,40.796,473.921,-31.05,

[2025-03-06 14:31:03] ,2,52.792,399.773,45.735,45.673,432.464,-166.088,

[2025-03-06 14:31:11] ,2,78.892,458.63,160.758,22.473,505.886,114.528,

[2025-03-06 14:31:20] ,3,-1.038,465.484,-52.224,7.135,498.373,-51.992,

[2025-03-06 14:31:30] ,1,85.548,515.377,9.377,24.253,516.102,10.305,

[2025-03-06 14:31:38] ,3,32.409,486.509,-79.357,3.558,496.396,7.97,

[2025-03-06 14:31:51] ,2,28.603,455.862,120.619,-10.876,502.657,-147.019,

[2025-03-06 14:32:02] ,1,14.103,477.414,10.037,-6.131,500.152,-22.463,

[2025-03-06 14:32:10] ,2,81.132,476.821,-108.925,52.067,505.952,178.977,

[2025-03-06 14:32:26] ,1,41.653,414.009,12.417,10.676,459.618,83.494,

[2025-03-06 14:32:34] ,2,4.414,400.959,-164.836,27.351,427.455,-59.56,

[2025-03-06 14:32:44] ,4,80.144,411.775,26.565,28.405,461.134,73.301,

[2025-03-06 14:32:55] ,1,-8.306,449.666,24.775,-4.945,474.843,41.091,

[2025-03-06 14:33:03] ,1,58.921,493.693,25.201,-7.317,509.314,-47.148,

[2025-03-06 14:34:57] ,2,26.494,444.657,170.87,3.689,453.027,111.146,

[2025-03-06 14:35:02] ,2,26.494,444.657,170.87,3.689,453.027,111.146,

[2025-03-06 14:35:09] ,2,63.93,489.871,-68.009,30.185,512.082,-103.791,

[2025-03-06 14:35:19] ,1,52.133,403.925,-20.556,25.176,430.355,36.769,

[2025-03-06 14:35:27] ,1,67.094,434.309,23.131,33.151,457.773,47.827,

[2025-03-06 14:35:36] ,2,43.301,437.341,124.951,40.598,466.671,54.926,

[2025-03-06 14:35:44] ,2,31.833,509.182,-143.637,58.526,510.896,68.484,

[2025-03-06 14:35:54] ,1,-1.847,413.812,-54.345,8.567,488.025,23.86,

[2025-03-06 14:36:02] ,2,34.93,415.987,79.192,27.746,455.202,-152.076,

[2025-03-06 14:36:11] ,2,9.423,399.773,86.392,55.889,501.734,-55.176,

[2025-03-06 14:36:21] ,1,40.335,418.359,41.042,-4.615,418.491,-10.214,

[2025-03-06 14:36:29] ,1,53.583,485.191,84.44,28.01,485.455,25.442,

[2025-03-06 14:36:39] ,3,54.703,468.648,-18.435,81.462,479.589,1.528,

[2025-03-06 14:36:55] ,1,3.953,418.491,-34.535,29.064,423.105,-42.852,

[2025-03-06 14:37:03] ,1,-7.647,471.087,22.736,48.573,475.371,36.064,

[2025-03-06 14:37:13] ,1,20.562,482.95,-83.494,43.433,493.627,-60.945,

[2025-03-06 14:37:22] ,2,37.567,411.637,106.015,75.926,479.193,-86.934,

[2025-03-06 14:37:30] ,3,56.674,421.178,80.412,11.005,470.823,-7.172,

[2025-03-06 14:37:39] ,3,-3.78,500.262,86.211,24.846,502.723,-4.921,

[2025-03-06 14:37:50] ,1,56.746,398.455,33.261,11.005,410.187,-34.114,

[2025-03-06 14:37:58] ,1,46.003,413.746,-38.186,-5.011,501.734,63.886,

[2025-03-06 14:38:08] ,3,26.952,439.977,-80.475,3.668,509.358,38.243,

[2025-03-06 14:38:19] ,1,6.128,449.534,-53.231,25.637,461.266,-0.503,

[2025-03-06 14:38:27] ,1,67.819,477.677,-29.554,-6.856,481.105,-1.014,

[2025-03-06 14:38:36] ,3,16.412,490.464,-67.001,46.798,514.97,57.265,

[2025-03-06 14:38:46] ,1,47.783,491.914,3.545,3.294,516.168,-41.042,

[2025-03-06 14:38:55] ,2,4.414,461.068,159.974,63.073,474.448,63.662,

[2025-03-06 14:39:05] ,4,74.014,398.191,30.6,87.921,464.759,84.852,

[2025-03-06 14:39:21] ,1,17.662,502.13,-29.745,53.121,505.161,-54.345,

[2025-03-06 14:39:28] ,1,3.426,507.666,-74.476,77.112,515.773,-60.191,

[2025-03-06 14:39:37] ,2,76.651,417.173,-27.255,48.705,456.125,133.221,

[2025-03-06 14:39:46] ,2,6.392,485.323,31.31,24.648,490.464,-49.674,

[2025-03-06 14:39:54] ,3,37.966,429.249,35.054,81.753,444.196,-58.116,

[2025-03-06 14:40:04] ,1,71.51,419.084,85.878,4.019,439.582,9.713,

[2025-03-06 14:40:13] ,1,39.873,444.327,82.439,38.094,486.114,72.044,

[2025-03-06 14:40:22] ,1,15.619,500.877,-42.852,76.453,518.211,-16.798,

[2025-03-06 14:40:31] ,3,25.769,407.353,14.685,24.259,430.996,57.674,

[2025-03-06 14:40:42] ,3,59.514,444.591,8.775,13.971,485.85,-14.036,

[2025-03-06 14:40:52] ,1,38.687,451.38,2.511,72.696,459.091,25.88,

[2025-03-06 14:41:00] ,2,40.796,433.189,-99.211,54.505,479.655,-159.034,

[2025-03-06 14:41:09] ,3,-4.793,407.188,33.265,42.194,482.503,73.482,

[2025-03-06 14:41:19] ,1,72.894,414.273,6.17,39.148,498.768,-42.479,

[2025-03-06 14:41:27] ,2,65.38,447.293,-103.299,77.837,495.011,-28.405,

[2025-03-06 14:41:36] ,3,9.197,427.572,31.483,24.447,472.64,53.807,

[2025-03-06 14:41:47] ,2,13.048,408.143,113.334,48.244,472.537,80.372,

[2025-03-06 14:41:55] ,3,24.583,455.664,-21.309,1.041,480.841,-89.241,

[2025-03-06 14:42:06] ,3,-4.357,450.598,51.163,63.733,492.441,-19.163,

[2025-03-06 14:42:18] ,1,46.596,436.221,-50.389,9.621,506.216,64.799,

[2025-03-06 14:42:33] ,1,85.68,431.739,14.534,48.244,434.639,35.655,

[2025-03-06 14:42:41] ,1,42.51,453.159,57.836,49.496,492.441,-51.419,

[2025-03-06 14:42:51] ,2,21.485,440.9,22.736,-5.999,458.432,-70.925,

[2025-03-06 14:42:59] ,2,19.31,459.223,-104.642,-1.188,474.184,-54.926,

[2025-03-06 14:43:08] ,3,7.304,407.55,-64.983,5.93,503.316,22.504,

[2025-03-06 14:43:18] ,1,-4.681,480.38,56.032,26.23,482.423,33.968,

[2025-03-06 14:43:26] ,1,7.446,437.737,-86.455,7.446,493.825,-46.779,

[2025-03-06 14:43:35] ,1,5.139,474.316,49.939,-0.858,517.948,35.242,

[2025-03-06 14:43:44] ,2,24.648,411.571,165.466,-6.79,467.264,60.945,

[2025-03-06 14:43:53] ,3,68.213,414,47.726,29.151,496.725,-48.46,

[2025-03-06 14:44:02] ,2,87.328,465.682,-135,48.705,484.598,20.2,

[2025-03-06 14:44:12] ,1,69.467,397.466,60.124,27.878,514.257,1.534,

[2025-03-06 14:44:20] ,3,-3.017,437.857,42.859,25.961,470.092,52.224,

[2025-03-06 14:44:31] ,2,71.18,463.112,-111.991,51.342,471.943,177.489,

[2025-03-06 14:44:39] ,3,-6.243,425.476,42.044,-8.41,467.8,78.616,

[2025-03-06 14:44:53] ,1,6.326,468.187,-28.131,66.962,500.416,-45.725,

[2025-03-06 14:45:04] ,1,70.982,462.65,-31.31,38.687,516.102,71.075,

[2025-03-06 14:45:13] ,2,61.294,445.25,-180,6.721,485.191,-48.909,

[2025-03-06 14:45:29] ,1,47.98,401.75,-83.26,15.026,406.496,-27.711,

[2025-03-06 14:45:36] ,1,76.255,400.3,-33.835,26.889,422.643,-78.69,

[2025-03-06 14:45:46] ,1,11.994,432.2,62.076,-8.636,432.991,-32.164,

[2025-03-06 14:45:55] ,1,-0.067,448.018,-66.801,5.798,482.027,77.417,

[2025-03-06 14:46:04] ,1,22.21,483.939,-7.496,57.669,495.077,64.558,

[2025-03-06 14:46:13] ,2,17.069,456.257,157.92,39.412,508.193,-180,

[2025-03-06 14:46:22] ,3,-4.747,408.143,29.65,29.081,458.564,-82.082,

[2025-03-06 14:46:33] ,1,5.205,418.491,23.6,85.944,434.112,52.306,

[2025-03-06 14:46:41] ,1,-4.286,465.089,-1.507,46.135,477.414,85.486,

[2025-03-06 14:46:50] ,2,37.039,504.766,-127.875,8.83,508.391,-38.186,

[2025-03-06 14:47:02] ,2,47.453,412.164,-110.556,18.651,417.832,-49.343,

[2025-03-06 14:47:10] ,2,-9.295,463.177,-127.171,4.348,506.743,176.934,

[2025-03-06 14:47:18] ,3,6.505,451.259,64.618,-5.207,517.992,66.852,

[2025-03-06 14:47:27] ,1,-3.231,465.155,-59.207,9.885,476.227,-25.894,

[2025-03-06 14:47:36] ,1,-1.979,491.65,59.816,53.583,505.689,-88.968,

[2025-03-06 14:47:47] ,2,-10.151,482.818,103.791,20.035,497.318,18.595,

[2025-03-06 14:47:58] ,1,14.235,477.809,-48.909,10.544,492.968,56.17,

[2025-03-06 14:48:13] ,1,18.783,397.532,-21.705,-6.461,416.118,-85.406,

[2025-03-06 14:48:21] ,2,53.319,423.962,-15.03,63.271,509.577,-136.081,

[2025-03-06 14:48:30] ,3,74.08,418.03,11.611,19.595,420.932,41.76,

[2025-03-06 14:48:39] ,3,5.205,430.948,3.789,76.057,452.5,4.194,

[2025-03-06 14:48:47] ,3,53.638,462.361,76.329,35.684,483.214,-44.208,

[2025-03-06 14:48:58] ,1,71.905,398.125,-46.109,5.667,436.155,-52.524,

[2025-03-06 14:49:06] ,2,7.38,416.975,0,9.885,467.132,-5.057,

[2025-03-06 14:49:15] ,3,35.523,446.107,-13.761,7.14,503.453,41.507,

[2025-03-06 14:49:25] ,1,43.894,429.762,84.898,68.807,447.425,5.102,

[2025-03-06 14:49:33] ,2,42.18,443.734,135,40.269,465.814,-34.951,

[2025-03-06 14:49:42] ,3,50.221,487.234,2.261,20.755,499.405,53.358,

[2025-03-06 14:49:52] ,1,0.064,421.128,-79.287,61.623,452.171,-86.961,

[2025-03-06 14:50:00] ,1,81.857,469.439,-39.936,-5.538,484.005,-57.567,

[2025-03-06 14:50:10] ,2,8.896,466.934,-125.362,66.237,486.641,-99.713,

[2025-03-06 14:50:20] ,2,-6.197,471.284,145.751,40.071,490.596,-133.199,

[2025-03-06 14:50:30] ,3,27.174,407.023,-55.353,59.844,494.089,-21.801,

[2025-03-06 14:50:40] ,1,68.412,464.693,-82.875,-2.176,471.746,-40.764,

[2025-03-06 14:50:50] ,1,20.562,399.971,-36.254,54.901,503.514,-22.659,

[2025-03-06 14:51:06] ,1,79.353,405.375,-53.13,-0.067,432.53,62.758,

[2025-03-06 14:51:14] ,1,26.033,449.732,27.688,67.423,459.157,79.786,

[2025-03-06 14:51:23] ,2,24.055,428.18,59.123,8.962,447.359,-138.958,

[2025-03-06 14:51:32] ,2,83.439,451.775,-34.824,-7.12,473.591,-177.973,

[2025-03-06 14:51:40] ,2,4.283,511.357,19.242,31.108,511.357,-142.125,

[2025-03-06 14:51:49] ,3,8.546,404.98,-39.611,57.867,427.125,-0.764,

[2025-03-06 14:51:57] ,3,67.819,484.993,15.422,18.696,514.389,-72.646,

[2025-03-06 14:52:08] ,1,50.946,432.332,58.158,80.144,462.518,-49.674,

[2025-03-06 14:52:16] ,1,44.751,472.668,42.173,32.821,493.957,-19.722,

[2025-03-06 14:52:25] ,1,59.448,496.791,-88.466,72.301,512.939,-9.8,

[2025-03-06 14:52:35] ,1,8.435,498.307,-14.281,-2.704,505.161,81.941,

[2025-03-06 14:52:44] ,2,25.439,442.152,37.875,5.667,479.721,-92.01,

[2025-03-06 14:52:52] ,2,45.08,485.521,57.144,45.937,513.73,-86.906,

[2025-03-06 14:53:01] ,3,25.373,468.187,-7.918,-9.3,487.58,50.631,

[2025-03-06 14:53:11] ,2,52.528,400.3,56.739,38.094,400.762,-27.951,

[2025-03-06 14:53:19] ,2,1.844,422.182,54.758,36.776,469.702,-126.469,

[2025-03-06 14:53:27] ,3,51.3,498.571,-45.807,36.578,511.686,18.194,

[2025-03-06 14:53:39] ,1,56.351,469.9,27.688,18.98,482.687,-79.38,

[2025-03-06 14:53:49] ,3,43.393,466.153,78.541,21.892,514.602,73.374,

[2025-03-06 14:53:58] ,4,9.621,401.157,-43.363,14.367,424.884,6.116,

[2025-03-06 14:54:09] ,3,12.019,473.818,82.082,2.503,509.577,-15.893,

[2025-03-06 14:54:23] ,1,8.039,407.88,-5.102,83.769,455.005,50.782,

[2025-03-06 14:55:37] ,1,71.576,411.241,24.487,83.769,454.873,52.214,

[2025-03-06 14:55:44] ,2,68.28,429.432,-19.895,78.496,486.377,115.88,

[2025-03-06 14:55:55] ,1,57.01,416.778,42.101,44.092,501.207,-87.973,

[2025-03-06 14:56:03] ,3,4.941,401.863,80.727,77.376,416.843,14.036,

[2025-03-06 14:56:12] ,3,0.196,424.225,-22.649,26.336,435.034,-78.541,

[2025-03-06 14:56:21] ,3,61.623,451.182,-9.525,30.383,453.027,-27.741,

[2025-03-06 14:56:30] ,3,15.93,467.997,89.246,30.651,512.702,77.264,

[2025-03-06 14:56:40] ,1,27.087,399.575,77.583,57.339,491.584,13.299,

[2025-03-06 14:56:48] ,1,87.13,495.736,-77.978,-5.406,502.789,8.13,

[2025-03-06 14:56:57] ,2,20.76,467.264,106.844,39.148,499.098,-46.432,

[2025-03-06 14:57:06] ,3,26.424,433.681,49.563,72.644,470.805,43.379,

[2025-03-06 14:57:15] ,4,82.78,431.014,51.18,80.749,514.485,10.491,

[2025-03-06 14:57:26] ,1,13.444,397.993,76.464,5.93,496.989,22.932,

[2025-03-06 14:57:33] ,2,59.251,406.298,160.416,4.876,422.775,-115.201,

[2025-03-06 14:57:42] ,3,-6.032,476.953,69.887,59.397,512.675,-81.924,

[2025-03-06 14:57:53] ,2,32.755,398.718,9.888,77.573,472.668,-8.707,

[2025-03-06 14:58:02] ,2,41.323,429.696,-149.56,66.039,461.002,-16.504,

[2025-03-06 14:58:10] ,3,-8.767,485.257,-14.494,15.824,518.977,81.167,

[2025-03-06 14:58:20] ,1,9.489,457.18,-13.299,31.635,471.943,-69.677,

[2025-03-06 14:58:31] ,2,7.183,456.191,-42.852,-3.099,506.546,142.214,

[2025-03-06 14:58:47] ,1,11.664,467.462,45.356,71.576,483.412,0,

[2025-03-06 14:58:54] ,1,28.142,486.18,31.05,60.173,501.009,-84.44,

[2025-03-06 14:59:04] ,1,38.621,503.25,-18.595,24.517,510.171,-67.068,

[2025-03-06 14:59:13] ,2,-10.151,412.362,-39.144,12.258,438.462,42.138,

[2025-03-06 14:59:21] ,2,-5.67,468.516,6.116,76.519,512.082,111.705,

[2025-03-06 14:59:30] ,3,86.295,430.75,-55.231,15.026,450.655,-26.227,

[2025-03-06 14:59:40] ,2,4.678,400.103,165.964,17.662,402.014,-69.444,

[2025-03-06 14:59:49] ,3,11.974,490.479,83.157,66.651,506.488,60.35,

[2025-03-06 14:59:59] ,1,69.269,489.739,-84.852,21.946,490.002,43.933,

[2025-03-06 15:00:07] ,1,67.489,507.139,-9.293,38.489,518.343,75.466,

[2025-03-06 15:00:16] ,2,54.835,413.482,-138.281,28.273,503.975,-155.26,

[2025-03-06 15:00:28] ,1,69.532,459.421,46.779,55.098,482.818,3.039,

[2025-03-06 15:00:37] ,3,54.618,453.896,64.618,-7.647,494.748,-29.275,

[2025-03-06 15:00:54] ,2,17.267,433.189,25.201,34.008,468.121,96.009,

[2025-03-06 15:01:02] ,3,26.655,440.439,-58.713,11.386,463.563,37.247,

[2025-03-06 15:01:12] ,2,48.837,404.848,85.878,-9.426,413.746,31.842,

[2025-03-06 15:01:20] ,2,18.255,428.839,123.13,2.371,434.705,128.897,

[2025-03-06 15:01:28] ,3,36.644,428.312,-25.887,7.931,484.4,-46.591,

[2025-03-06 15:01:39] ,1,44.223,423.302,54.048,1.185,499.296,21.801,

[2025-03-06 15:01:48] ,2,32.887,440.505,-20.026,35.919,457.246,137.827,

[2025-03-06 15:01:58] ,1,33.744,455.73,-77.905,53.187,508.391,-18.113,

[2025-03-06 15:02:09] ,2,28.867,406.364,109.242,18.058,428.18,-163.496,

[2025-03-06 15:02:19] ,2,26.692,432.925,92.027,36.973,502.064,-23.6,

[2025-03-06 15:02:27] ,3,30.268,411.733,33.584,26.794,425.047,39.369,

[2025-03-06 15:02:35] ,3,61.36,433.716,9.15,-10.811,455.598,-12.938,

[2025-03-06 15:02:44] ,3,70.679,466.812,78.541,0.772,502.719,30.446,

[2025-03-06 15:02:54] ,1,56.68,420.534,-75.466,14.498,445.777,-12.2,

[2025-03-06 15:03:03] ,3,64.229,475.371,-78.17,74.971,504.173,-30.174,

[2025-03-06 15:03:13] ,2,28.669,512.082,-102.918,-10.547,517.091,-177.936,

[2025-03-06 15:03:22] ,3,6.853,458.696,13.305,25.637,499.955,-13.392,

[2025-03-06 15:03:32] ,1,86.537,473.591,36.973,-10.415,517.421,63.435,

[2025-03-06 15:03:42] ,2,51.605,450.852,85.95,-5.208,507.468,150.446,

[2025-03-06 15:03:58] ,1,19.969,415.393,-79.786,27.087,514.455,-80.287,

[2025-03-06 15:04:06] ,3,5.666,476.944,47.651,44.524,488.882,-41.54,

[2025-03-06 15:04:15] ,2,56.219,439.516,117.242,19.178,490.464,-82.439,

[2025-03-06 15:04:25] ,1,26.758,422.05,-83.379,7.051,444.262,-27.924,

[2025-03-06 15:04:33] ,2,18.783,405.639,72.372,77.244,430.025,-2.045,

[2025-03-06 15:04:44] ,2,65.446,461.793,-43.199,39.478,512.016,-16.015,

[2025-03-06 15:04:53] ,1,14.564,418.425,-72.372,29.13,432.332,-50.323,

[2025-03-06 15:05:01] ,1,14.235,470.296,67.92,5.733,486.246,49.236,

[2025-03-06 15:05:10] ,1,82.055,493.825,-20.556,46.135,507.271,-31.139,

[2025-03-06 15:05:19] ,2,65.314,456.257,66.869,18.98,505.491,177.973,

[2025-03-06 15:05:30] ,2,69.005,436.616,31.574,-0.661,512.016,153.435,

[2025-03-06 15:05:37] ,3,49.892,407.55,25.017,10.562,437.341,-50.925,

[2025-03-06 15:05:48] ,1,-0.133,499.559,17.628,14.696,509.907,-68.199,

[2025-03-06 15:05:56] ,3,-8.638,412.187,54.819,17.374,425.543,-88.472,

[2025-03-06 15:06:13] ,1,36.117,397.598,66.666,20.233,415.723,5.659,

[2025-03-06 15:06:21] ,1,7.314,445.58,13.791,39.939,499.757,-49.289,

[2025-03-06 15:06:30] ,2,-8.767,424.818,32.705,79.617,443.668,45.36,

[2025-03-06 15:06:39] ,2,9.028,496.066,-25.659,26.428,505.03,-12.804,

[2025-03-06 15:06:48] ,1,8.105,501.339,69.503,20.562,518.277,-20.854,

[2025-03-06 15:06:56] ,2,81.067,419.678,34.267,39.148,501.602,64.799,

[2025-03-06 15:07:05] ,3,43.413,431.739,-39.369,23.198,469.834,24.88,

[2025-03-06 15:07:15] ,1,79.946,496.923,-28.652,68.478,502.789,55.465,

[2025-03-06 15:07:23] ,3,-5.302,455.034,63.435,40.994,488.025,26.565,

[2025-03-06 15:07:36] ,1,-10.217,474.712,-43.933,15.751,481.039,9.628,

[2025-03-06 15:07:51] ,1,29.196,439.187,-52.829,61.36,462.914,87.466,

[2025-03-06 15:07:59] ,2,49.562,446.832,176.961,68.017,487.827,-94.594,

[2025-03-06 15:08:08] ,3,-2.183,415.657,-89.613,1.514,438.198,1.517,

[2025-03-06 15:08:17] ,3,16.661,453.148,80.102,50.186,479.107,32.125,

[2025-03-06 15:08:27] ,1,-1.715,430.355,1.014,29.921,453.621,-76.931,

[2025-03-06 15:08:37] ,2,16.014,418.689,127.381,38.423,436.88,-51.814,

[2025-03-06 15:08:45] ,2,-4.879,448.216,-107.475,-10.151,504.107,11.31,

[2025-03-06 15:08:53] ,1,35.523,471.482,55.62,86.537,517.75,41.332,

[2025-03-06 15:09:03] ,1,65.314,438.33,59.123,78.562,455.664,13.416,

[2025-03-06 15:09:12] ,3,44.553,508.918,23.148,20.215,511.276,37.708,

[2025-03-06 15:09:22] ,2,28.801,416.053,-103.416,1.185,461.662,-109.385,

[2025-03-06 15:09:32] ,3,-8.743,409.725,-82.684,39.934,498.58,51.163,

[2025-03-06 15:09:41] ,3,17.201,402.739,13.943,1.373,487.234,-37.247,

[2025-03-06 15:09:50] ,3,47.98,507.468,-1.146,2.283,508.721,-39.855,

[2025-03-06 15:10:00] ,2,24.846,401.75,118.163,20.826,468.187,-121.05,

[2025-03-06 15:10:10] ,1,21.617,399.641,-19.895,-3.824,416.712,68.009,

[2025-03-06 15:10:18] ,3,9.934,441.559,-73.12,21.709,461.662,-45,

[2025-03-06 15:10:32] ,3,0.219,469.702,-31.805,73.619,472.734,25.04,

[2025-03-06 15:12:13] ,1,71.839,401.618,-63.435,76.387,452.764,79.287,

[2025-03-06 15:12:20] ,1,31.503,454.543,-60.751,59.778,470.955,-12.693,

[2025-03-06 15:12:29] ,1,66.237,494.418,82.304,58.526,511.159,-74.97,

[2025-03-06 15:12:38] ,2,72.301,427.784,-156.194,32.492,436.221,-65.014,

[2025-03-06 15:12:47] ,2,-0.595,488.091,-176.455,19.376,513.664,49.674,

[2025-03-06 15:12:56] ,3,43.172,421.252,56.944,24.055,471.218,-2.62,

[2025-03-06 15:13:06] ,1,47.321,426.796,-48.909,-7.976,490.661,32.433,

[2025-03-06 15:13:14] ,2,77.837,433.782,67.341,43.63,494.484,-102.308,

[2025-03-06 15:13:23] ,4,28.405,414.471,11.535,8.794,446.898,-77.638,

[2025-03-06 15:14:43] ,2,70.455,397.862,-164.699,57.273,398.718,-118.652,

[2025-03-06 15:14:48] ,2,70.455,397.862,-164.699,57.208,398.718,-118.405,

[2025-03-06 15:14:56] ,1,0.526,455.664,29.495,-2.638,475.568,22.736,

[2025-03-06 15:15:04] ,1,37.501,490.727,-32.164,84.23,499.823,11.411,

[2025-03-06 15:15:13] ,2,12.258,441.362,-82.875,64.655,509.116,162.708,

[2025-03-06 15:15:22] ,3,10.939,412.098,0.774,32.044,454.953,73.482,

[2025-03-06 15:15:33] ,1,32.623,429.432,70.925,28.142,459.75,27.688,

[2025-03-06 15:15:41] ,3,24.384,485.455,-35.669,1.119,502.393,8.399,

[2025-03-06 15:15:52] ,1,74.41,398.125,-49.857,35.326,463.046,46.067,

[2025-03-06 15:16:00] ,2,8.369,457.246,78.294,-10.547,511.621,170.707,

[2025-03-06 15:16:11] ,1,21.683,477.348,-40.44,50.221,501.8,38.186,

[2025-03-06 15:16:19] ,3,84.603,505.096,-62.567,20.145,506.458,38.243,

[2025-03-06 15:16:31] ,1,6.853,403.398,-36.254,6.523,456.323,21.329,

[2025-03-06 15:16:48] ,1,1.448,419.678,-20.854,22.012,429.234,3.066,

[2025-03-06 15:16:56] ,1,84.823,456.916,-48.958,36.908,506.018,83.379,

[2025-03-06 15:17:05] ,2,52.923,427.257,163.985,35.655,445.316,-78.789,

[2025-03-06 15:17:14] ,2,49.694,397.466,-157.62,73.882,447.821,28.405,

[2025-03-06 15:17:22] ,2,10.61,491.123,-82.439,72.498,498.636,-117.022,

[2025-03-06 15:17:30] ,3,52.133,410.318,-18.435,-0.858,444.525,26.735,

[2025-03-06 15:17:39] ,3,10.555,466.841,81.339,-3.252,490.068,-78.986,

[2025-03-06 15:17:50] ,1,54.373,449.139,-71.405,14.037,484.071,-46.779,

[2025-03-06 15:17:58] ,1,3.953,491.98,-61.631,57.01,505.755,69.624,

[2025-03-06 15:18:07] ,2,3.887,398.653,116.796,59.185,465.88,-59.381,

[2025-03-06 15:18:16] ,3,44.223,410.45,-2.69,-0.927,413.725,48.526,

[2025-03-06 15:18:26] ,1,-10.151,474.843,48.532,41.126,495.275,18.435,

[2025-03-06 15:18:36] ,1,2.701,493.496,-80.287,-4.747,507.073,39.611,

[2025-03-06 15:18:44] ,2,28.076,471.548,122.856,53.319,506.282,-157.341,

[2025-03-06 15:18:54] ,1,-3.231,446.107,-79.786,23.133,513.466,87.973,

[2025-03-06 15:19:10] ,1,-7.449,425.214,47.148,51.408,454.741,-24.986,

[2025-03-06 15:19:18] ,1,4.612,479.062,1.005,80.144,502.196,46.095,

[2025-03-06 15:19:27] ,3,2.785,400.859,33.476,16.146,425.016,-16.154,

[2025-03-06 15:19:36] ,4,41.085,397.818,-89.105,60.368,398.563,-69.749,

[2025-03-06 15:19:47] ,2,83.176,436.352,-142.306,23.396,465.814,-25.442,

[2025-03-06 15:19:54] ,3,71.682,460.595,75.315,38.105,464.921,58.908,

[2025-03-06 15:20:02] ,3,23.264,494.946,2.654,48.838,498.483,66.852,

[2025-03-06 15:20:13] ,1,-4.747,430.948,88.977,22.012,471.152,56.31,

[2025-03-06 15:20:21] ,1,-9.295,472.866,15.739,69.335,479.457,-5.102,

[2025-03-06 15:20:30] ,3,7.812,447.72,39.369,11.73,516.3,19.038,

[2025-03-06 15:20:41] ,1,3.492,457.509,47.827,-10.876,500.284,-76.584,

[2025-03-06 15:20:49] ,2,47.387,468.318,-66.801,7.051,513.598,57.724,

[2025-03-06 15:21:00] ,3,39.676,408.209,-9.588,-2.839,419.91,49.316,

[2025-03-06 15:21:08] ,3,-4.879,497.648,-21.801,67.968,503.524,73.74,

[2025-03-06 15:21:19] ,1,17.003,486.18,87.99,39.148,488.684,42.879,

[2025-03-06 15:21:28] ,1,26.033,472.075,57.414,78.76,517.816,37.284,

[2025-03-06 15:21:39] ,2,-7.647,453.818,-4.05,14.103,494.682,149.123,

[2025-03-06 15:21:48] ,1,21.814,399.048,2.603,-5.933,477.084,59.381,

[2025-03-06 15:21:56] ,3,34.103,462.8,40.479,25.571,487.564,20.468,

[2025-03-06 15:22:07] ,3,19.842,403.925,-81.167,-6.473,480.05,-89.241,

[2025-03-06 15:22:19] ,1,23.792,464.693,42.51,-10.415,484.598,-49.289,

[2025-03-06 15:22:34] ,1,31.173,415.855,-36.363,0.921,435.298,-40.711,

[2025-03-06 15:22:42] ,1,11.796,466.802,88.008,57.537,471.35,60.945,

[2025-03-06 15:22:51] ,1,-4.549,476.821,-24.319,10.873,483.741,-66.801,

[2025-03-06 15:23:00] ,2,17.53,403.596,-174.852,54.373,421.787,124.114,

[2025-03-06 15:23:09] ,2,36.71,435.034,137.49,17.53,451.05,-20.497,

[2025-03-06 15:23:18] ,2,6.985,453.225,-14.281,4.283,515.707,-152.076,

[2025-03-06 15:23:26] ,3,85.057,441.823,-88.078,48.196,442.152,-51.459,

[2025-03-06 15:23:36] ,1,30.58,452.105,-37.569,45.542,463.243,-56.032,

[2025-03-06 15:23:44] ,1,24.385,464.298,-70.615,2.042,503.777,45,

[2025-03-06 15:23:54] ,2,72.696,467.132,110.376,29.13,513.005,1.032,

[2025-03-06 15:24:04] ,1,3.558,466.473,67.92,84.955,483.675,34.403,

[2025-03-06 15:24:13] ,1,65.512,465.616,-18.759,31.635,489.739,21.615,

[2025-03-06 15:24:21] ,3,28.801,448.941,-1.897,-9.484,504.806,81.225,

[2025-03-06 15:24:32] ,1,14.696,432.727,-60.945,32.426,515.575,52.927,

[2025-03-06 15:24:40] ,2,37.039,413.416,120.256,66.039,509.577,-138.958,

[2025-03-06 15:24:49] ,3,-8.701,446.512,55.784,52.426,506.48,-43.919,

[2025-03-06 15:25:05] ,1,54.901,431.475,-74.612,5.798,474.975,-90,

[2025-03-06 15:25:14] ,1,71.773,495.934,81.798,-5.867,514.982,57.295,

[2025-03-06 15:25:23] ,2,7.446,421.391,-9.713,34.733,516.761,66.869,

[2025-03-06 15:25:32] ,3,22.456,445.316,-73.009,53.907,459.951,36.111,

[2025-03-06 15:25:41] ,3,53.025,488.816,-88.091,18.89,491.179,70.602,

[2025-03-06 15:25:51] ,1,55.23,426.4,-45.36,16.014,450.391,-83.437,

[2025-03-06 15:26:00] ,1,39.148,466.143,36.469,35.194,518.673,-65.26,

[2025-03-06 15:26:09] ,2,37.171,417.371,132.825,2.305,484.73,-68.199,

[2025-03-06 15:26:19] ,1,17.201,417.371,24.74,13.51,498.175,73.639,

[2025-03-06 15:26:28] ,1,-1.254,397.268,-45.735,18.717,510.698,21.991,

[2025-03-06 15:26:37] ,4,31.919,473.553,-58.241,86.01,503.975,-30.518,

[2025-03-06 15:26:49] ,2,-2.572,416.909,-47.899,31.833,457.905,127.171,

[2025-03-06 15:26:57] ,1,76.453,424.027,-19.895,82.055,509.314,17.447,

[2025-03-06 15:27:05] ,2,35.589,417.634,-108.759,22.408,472.537,152.758,

[2025-03-06 15:27:14] ,2,10.742,475.371,117.242,48.112,475.7,81.369,

[2025-03-06 15:27:24] ,1,48.903,419.018,-65.26,-0.067,469.505,-13.671,

[2025-03-06 15:27:31] ,1,-0.331,503.118,-21.329,53.517,507.205,-57.019,

[2025-03-06 15:27:42] ,3,36.776,417.107,-13.851,40.335,478.205,-29.604,

[2025-03-06 15:27:52] ,2,27.417,412.164,51.9,-1.451,491.782,-111.146,

[2025-03-06 15:28:03] ,3,-0.529,472.8,4.139,62.546,503.909,-25.71,

[2025-03-06 15:28:13] ,1,-5.472,412.955,58.158,-9.426,460.541,-69.974,

[2025-03-06 15:28:28] ,1,33.414,449.864,9.545,86.471,452.039,-48.621,

[2025-03-06 15:28:37] ,1,66.039,455.73,10.125,-2.638,461.727,-87.489,

[2025-03-06 15:28:46] ,1,55.23,461.727,-19.552,-2.572,474.777,20.026,

[2025-03-06 15:28:55] ,1,52.462,488.157,0,42.444,503.118,-83.379,

[2025-03-06 15:29:04] ,1,6.458,506.018,13.416,20.43,512.016,-5.102,

[2025-03-06 15:29:13] ,2,35.787,402.475,-48.281,3.228,403.464,42.101,

[2025-03-06 15:29:22] ,3,19.304,429.102,-89.618,18.44,454.807,-64.44,

[2025-03-06 15:29:30] ,3,18.321,471.218,8.604,1.053,488.289,-15.322,

[2025-03-06 15:29:41] ,1,28.208,413.812,-13.536,37.303,433.452,4.086,

[2025-03-06 15:29:49] ,1,24.912,467.198,27.013,73.092,480.709,-20.376,

[2025-03-06 15:29:58] ,2,40.137,478.271,-137.49,84.692,483.675,-21.516,

[2025-03-06 15:30:06] ,3,42.444,491.65,-8.717,47.079,517.092,60.871,

[2025-03-06 15:30:17] ,1,31.833,467.264,-24.114,7.248,488.486,-74.261,

[2025-03-06 15:30:27] ,1,-2.572,472.8,-55.62,6.392,485.916,31.05,

[2025-03-06 15:30:36] ,2,49.892,399.509,124.695,18.387,438.132,24.528,

[2025-03-06 15:30:47] ,3,-5.502,433.115,75.044,70.653,509.775,-5.404,

[2025-03-06 15:30:57] ,3,-7.434,439.534,59.689,30.707,476.689,-36.416,

[2025-03-06 15:31:14] ,1,32.492,409.132,45,-5.67,433.716,-2.01,

[2025-03-06 15:31:22] ,1,31.833,448.018,50.001,-6.263,487.102,25.659,

[2025-03-06 15:31:31] ,2,21.419,397.203,-157.141,53.055,445.448,162.044,

[2025-03-06 15:31:40] ,2,21.617,464.627,128.27,54.835,502.525,67.068,

[2025-03-06 15:31:49] ,1,-1.451,497.121,-29.745,58.526,516.696,75.964,

[2025-03-06 15:31:57] ,2,8.567,475.634,-153.886,13.114,491.123,131.424,

[2025-03-06 15:32:06] ,3,-9.817,418.689,-81.167,18.519,460.409,-16.305,

[2025-03-06 15:32:17] ,1,41.785,428.443,-16.504,87.592,446.239,-84.852,

[2025-03-06 15:32:25] ,3,9.516,475.305,-31.287,31.305,511.884,-25.04,

[2025-03-06 15:32:37] ,2,16.146,411.637,-165.838,4.019,475.239,-149.816,

[2025-03-06 15:32:48] ,2,28.735,424.555,-53.334,29.789,483.543,-156.14,

[2025-03-06 15:33:03] ,1,24.978,400.234,-82.811,72.235,497.846,-32.276,

[2025-03-06 15:33:10] ,2,-6.658,404.321,32.115,12.258,407.682,-16.65,

[2025-03-06 15:33:21] ,2,-2.836,420.007,-144.758,74.014,422.05,-157.341,

[2025-03-06 15:33:29] ,1,85.812,422.248,2.083,57.998,501.602,17.475,

[2025-03-06 15:33:38] ,2,12.126,425.148,76.701,47.058,426.4,130.326,

[2025-03-06 15:33:46] ,2,56.944,441.493,7.125,9.423,490.661,-17.956,

[2025-03-06 15:33:55] ,2,29.723,494.352,-40.326,25.637,509.775,35.242,

[2025-03-06 15:34:03] ,3,33.441,434.321,40.972,19.31,460.409,28.761,

[2025-03-06 15:34:13] ,1,83.439,424.752,-35.655,-9.163,450.193,-82.937,

[2025-03-06 15:34:21] ,1,37.171,452.566,-48.532,12.389,475.502,-12.095,

[2025-03-06 15:34:30] ,1,-4.615,476.557,-12.095,19.837,496.923,86.455,

[2025-03-06 15:34:39] ,1,85.614,510.039,-48.281,16.871,515.048,-16.504,

[2025-03-06 15:34:48] ,2,0.855,412.559,17.14,-0.397,463.705,-99.628,

[2025-03-06 15:34:57] ,3,12.34,448.448,81.656,57.35,474.58,-33.69,

[2025-03-06 15:35:09] ,1,78.76,406.825,25.622,13.708,463.177,-66.997,

[2025-03-06 15:35:18] ,1,-4.088,473.064,10.037,72.367,485.652,-70.278,

[2025-03-06 15:35:27] ,2,26.098,421.128,150.001,3.558,446.898,-11.31,

[2025-03-06 15:35:36] ,2,36.776,478.996,-70.145,49.76,491.914,119.055,

[2025-03-06 15:35:44] ,3,11.401,480.973,-0.379,33.946,495.001,57.151,

[2025-03-06 15:36:00] ,4,2.975,398.441,-87.925,87.818,516.267,-40.941,

[2025-03-06 15:36:11] ,1,80.342,490.464,-82.304,47.783,503.58,4.594,

[2025-03-06 15:36:18] ,2,8.698,456.191,99.628,8.698,476.689,-73.78,

[2025-03-06 15:36:29] ,1,18.387,448.282,-69.034,-9.426,513.664,-71.887,

[2025-03-06 15:36:44] ,1,-9.888,419.018,74.97,51.012,426.73,-40.711,

[2025-03-06 15:36:52] ,1,8.896,455.993,67.264,75.135,481.83,-15.524,

[2025-03-06 15:37:01] ,2,72.498,463.375,138.621,18.123,503.646,-57.295,

[2025-03-06 15:37:10] ,3,18.219,434.525,40.437,51.342,446.107,-25.04,

[2025-03-06 15:37:19] ,3,30.335,480.968,42.349,-10.453,505.498,69.399,

[2025-03-06 15:37:29] ,3,-2.158,441.427,-52.753,46.088,503.118,-53.358,

[2025-03-06 15:37:39] ,1,19.442,425.741,-86.455,28.537,437.143,30.184,

[2025-03-06 15:37:49] ,1,32.096,444.591,24.528,27.351,471.68,-51.028,

[2025-03-06 15:37:57] ,1,30.053,508.127,-62.076,14.433,514.586,68.671,

[2025-03-06 15:38:06] ,2,14.828,446.502,117.242,65.314,517.025,-145.597,

[2025-03-06 15:38:17] ,3,2.898,471.087,16.411,24.714,491.848,16.154,

[2025-03-06 15:38:33] ,1,60.898,411.834,-18.759,-6.197,431.739,-27.474,

[2025-03-06 15:39:46] ,1,6.589,441.164,-24.986,78.43,474.712,65.726,

[2025-03-06 15:39:53] ,2,19.112,426.862,64.799,39.412,428.509,-133.199,

[2025-03-06 15:40:02] ,2,-1.913,472.537,-134.284,45.41,497.186,-78.294,

[2025-03-06 15:40:11] ,3,14.863,399.971,-83.447,30.523,444.084,34.528,

[2025-03-06 15:40:21] ,1,68.082,405.573,9.888,82.385,443.009,-32.276,

[2025-03-06 15:40:29] ,1,27.548,468.648,0,10.412,478.666,-15.255,

[2025-03-06 15:40:38] ,1,3.228,492.639,-87.973,61.426,511.027,5.148,

[2025-03-06 15:40:48] ,2,32.426,420.007,44.275,19.969,437.143,-146.17,

[2025-03-06 15:40:56] ,2,73.092,473.262,24.74,43.433,515.377,-151.837,

[2025-03-06 15:41:05] ,3,-7.688,456.521,-70.244,68.117,459.816,-42.325,

[2025-03-06 15:41:14] ,3,57.029,480.314,-86.967,79.413,485.521,-65.842,

[2025-03-06 15:41:24] ,1,68.478,419.48,-32.981,-5.142,452.764,-38.972,

[2025-03-06 15:41:33] ,1,14.63,452.962,-86.987,50.551,476.887,-47.827,

[2025-03-06 15:41:42] ,1,2.108,507.402,64.799,22.012,508.721,-81.87,

[2025-03-06 15:41:51] ,2,13.312,467.989,-5.013,40.203,518.871,-118.856,

[2025-03-06 15:42:01] ,1,28.537,436.484,22.463,24.648,454.148,32.005,

[2025-03-06 15:42:09] ,2,-1.32,440.966,-135,77.376,508.589,46.469,

[2025-03-06 15:42:18] ,3,26.128,410.78,-58.97,9.35,491.028,71.924,

[2025-03-06 15:42:28] ,1,31.173,416.58,-3.576,42.444,425.016,38.501,

[2025-03-06 15:42:38] ,1,5.667,418.425,4.086,7.117,440.043,-49.289,

[2025-03-06 15:42:46] ,3,26.343,451.967,79.729,13.905,515.509,14.315,

[2025-03-06 15:43:02] ,1,27.483,492.375,-34.663,82.978,502.261,71.075,

[2025-03-06 15:43:11] ,1,-7.581,503.975,-73.639,47.717,517.552,65.726,

[2025-03-06 15:43:20] ,2,23.594,407.353,-21.991,39.478,452.039,-36.064,

[2025-03-06 15:43:28] ,4,86.167,414.024,14.421,29.723,511.489,0,

[2025-03-06 15:43:38] ,2,28.471,510.632,62.076,17.069,515.905,-25.88,

[2025-03-06 15:43:46] ,1,39.412,480.446,-49.56,0.921,494.352,71.565,

[2025-03-06 15:43:54] ,2,6.787,430.025,144.758,55.362,490.991,87.444,

[2025-03-06 15:44:03] ,3,20.76,469.834,-18.316,23.068,489.816,35.362,

[2025-03-06 15:44:13] ,2,49.694,480.841,149.123,-7.713,493.166,55.465,

[2025-03-06 15:44:22] ,1,14.828,455.73,25.659,-1.254,464.232,26.792,

[2025-03-06 15:44:37] ,1,52.528,486.312,-30.184,27.417,486.443,65.225,

[2025-03-06 15:44:46] ,1,42.51,495.539,60.505,35.919,507.93,-47.521,

[2025-03-06 15:44:55] ,1,66.105,513.136,12.918,3.294,515.114,7.189,

[2025-03-06 15:45:04] ,2,65.776,398.784,-132.769,33.217,449.139,-130.061,

[2025-03-06 15:45:12] ,3,5.723,418.1,89.615,36.248,424.093,6.843,

[2025-03-06 15:45:21] ,3,-2.872,435.712,40.437,-6.758,477.636,82.455,

[2025-03-06 15:45:31] ,2,52.66,462.452,123.13,7.248,470.23,17.475,

[2025-03-06 15:45:40] ,1,28.208,407.155,65.26,17.398,464.166,67.457,

[2025-03-06 15:45:48] ,2,71.312,408.934,10.491,68.742,454.939,123.13,

[2025-03-06 15:46:00] ,4,59.706,398.67,49.059,81.264,420.468,-18.435,

[2025-03-06 15:46:10] ,1,14.367,413.812,-7.125,20.496,503.646,79.287,

[2025-03-06 15:46:17] ,2,19.112,474.58,90,2.833,514.521,-158.484,

[2025-03-06 15:46:28] ,1,13.576,480.709,26.787,35.985,508.852,-45.725,

[2025-03-06 15:46:37] ,1,80.21,468.384,80.789,14.63,478.007,15.255,

[2025-03-06 15:46:47] ,2,-10.613,419.48,51.18,69.862,471.35,172.811,

[2025-03-06 15:46:57] ,1,13.708,474.975,83.991,18.914,515.443,-16.015,

[2025-03-06 15:47:08] ,1,76.651,443.075,-51.814,71.773,505.491,-4.635,

[2025-03-06 15:47:23] ,1,33.151,431.805,-87.466,73.619,431.937,-30.44,

[2025-03-06 15:47:33] ,1,11.335,424.159,52.524,22.935,493.825,-71.565,

[2025-03-06 15:47:41] ,2,28.537,417.568,-166.088,70.719,421.589,-26.105,

[2025-03-06 15:47:53] ,1,2.173,468.055,43.586,45.476,483.543,3.013,

[2025-03-06 15:48:01] ,1,5.93,507.402,1.023,-4.747,518.014,-48.24,

[2025-03-06 15:48:11] ,1,3.821,456.85,-76.446,3.953,512.016,39.289,

[2025-03-06 15:48:20] ,4,86.839,414.239,57.288,82.151,518.822,40.941,

[2025-03-06 15:48:37] ,1,22.605,411.637,-29.055,-7.581,415.459,23.6,

[2025-03-06 15:48:44] ,1,48.837,433.914,42.852,38.621,453.752,-42.138,

[2025-03-06 15:48:52] ,2,-5.933,444.789,178.977,22.605,460.871,38.27,

[2025-03-06 15:49:01] ,2,-9.492,473.459,148.261,31.108,476.359,60.317,

[2025-03-06 15:49:11] ,1,52.198,402.475,58.325,-5.076,425.807,-54.048,

[2025-03-06 15:49:21] ,1,7.71,437.275,-43.933,-3.758,489.805,29.055,

[2025-03-06 15:49:31] ,1,1.976,419.216,81.87,65.183,516.168,1.548,

[2025-03-06 15:49:41] ,1,0.592,476.689,-14.769,3.689,500.021,49.939,

[2025-03-06 15:49:57] ,1,14.564,436.55,-31.31,34.601,460.409,10.528,

[2025-03-06 15:52:42] ,1,33.019,418.491,-58.69,45.41,449.205,-62.312,

[2025-03-06 15:52:49] ,2,33.546,485.521,-73.639,-9.492,498.834,-180,

[2025-03-06 15:53:00] ,1,-4.351,452.368,-85.486,10.412,456.982,27.242,

[2025-03-06 15:53:09] ,1,60.437,466.407,81.941,-10.876,468.714,-6.563,

[2025-03-06 15:53:18] ,3,17.201,418.03,-8.399,35.31,443.075,-79.426,

[2025-03-06 15:53:27] ,3,69.671,446.173,-67.703,30.847,470.955,-75.141,

[2025-03-06 15:53:36] ,3,33.181,492.573,-87.725,13.21,500.83,40.437,

[2025-03-06 15:53:47] ,3,-8.108,452.368,29.792,46.86,452.83,28.429,

[2025-03-06 15:53:55] ,3,76.914,482.752,-7.645,8.553,514.099,86.543,

[2025-03-06 15:54:06] ,3,65.842,471.35,-1.897,79.221,498.966,-17.216,

[2025-03-06 15:54:16] ,1,87.196,481.039,-43.199,-7.911,482.884,78.887,

[2025-03-06 15:54:31] ,1,11.269,421.589,-12.804,-8.306,438,44.644,

[2025-03-06 15:54:39] ,1,41.06,460.212,-76.817,-6.065,486.509,40.384,

[2025-03-06 15:54:49] ,1,4.48,490.661,30.619,77.442,496.198,-87.936,

[2025-03-06 15:54:58] ,1,35.26,502.921,-11.81,11.73,514.85,80.372,

[2025-03-06 15:55:07] ,2,25.176,425.939,130.711,47.189,426.466,18.759,

[2025-03-06 15:55:16] ,3,22.984,442.416,-63.773,17.794,499.098,-3.053,

[2025-03-06 15:55:26] ,1,15.685,450.259,38.186,-2.572,513.73,-10.808,

[2025-03-06 15:55:36] ,1,-5.274,462.321,8.13,3.162,498.702,6.116,

[2025-03-06 15:55:45] ,1,49.43,398.653,66.666,37.303,492.507,76.701,

[2025-03-06 15:56:01] ,1,47.717,430.421,84.898,21.287,438,38.581,

[2025-03-06 15:56:09] ,1,84.296,457.312,-82.811,41.521,461.134,-56.31,

[2025-03-06 15:56:18] ,1,55.098,471.152,40.711,17.398,493.825,-79.875,

[2025-03-06 15:56:27] ,1,16.542,511.159,24.528,1.317,513.598,26.565,

[2025-03-06 15:56:36] ,2,16.476,409.198,-116.565,55.428,418.821,79.786,

[2025-03-06 15:56:45] ,2,-8.504,441.625,-8.631,52.594,445.25,-83.379,

[2025-03-06 15:56:53] ,2,68.017,490.398,-52.927,76.321,502.657,1.042,

[2025-03-06 15:57:03] ,1,2.569,443.207,-49.616,19.508,450.984,-77.905,

[2025-03-06 15:57:11] ,1,-9.822,460.541,-62.312,74.937,490.332,29.055,

[2025-03-06 15:57:20] ,2,68.807,406.364,-134.63,28.339,465.418,-82.372,

[2025-03-06 15:57:28] ,3,-4.747,403.859,-7.316,5.486,473.01,60.068,

[2025-03-06 15:57:39] ,1,9.358,433.518,72.044,79.551,499.691,61.837,

[2025-03-06 15:57:47] ,2,67.226,419.612,-113.334,50.353,436.352,1.023,

[2025-03-06 15:57:57] ,2,16.871,452.566,177.99,80.935,483.148,-25.641,

[2025-03-06 15:58:06] ,3,-8.372,446.568,-23.694,55.01,456.706,70.728,

[2025-03-06 15:58:16] ,2,71.18,405.309,-31.95,27.087,405.573,55.886,

[2025-03-06 15:58:24] ,1,62.414,506.677,23.6,16.608,513.532,-81.369,

[2025-03-06 15:58:34] ,2,13.576,413.087,-57.019,27.285,444.657,0,

[2025-03-06 15:58:44] ,1,47.453,493.232,-88.466,18.783,518.739,43.199,

[2025-03-06 15:58:52] ,2,71.444,425.28,-57.45,-1.583,434.771,-141.499,

[2025-03-06 15:59:03] ,2,51.671,429.959,68.484,36.183,470.757,34.663,

[2025-03-06 15:59:18] ,1,54.044,406.364,36.56,66.303,407.55,35.72,

[2025-03-06 15:59:25] ,1,74.278,440.043,-27.022,38.885,447.03,-55.751,

[2025-03-06 15:59:34] ,1,44.223,478.468,-75.358,86.471,496.989,-53.746,

[2025-03-06 15:59:43] ,2,-3.297,404.584,160.907,36.644,408.803,100.305,

[2025-03-06 15:59:52] ,2,42.708,426.071,73.496,56.68,433.387,21.801,

[2025-03-06 16:00:00] ,2,28.735,507.073,145.465,47.914,510.5,-98.707,

[2025-03-06 16:00:09] ,3,9.753,419.941,-0.382,18.189,431.409,-14.221,

[2025-03-06 16:00:19] ,3,10.083,450.325,-4.544,6.394,476.138,67.001,

[2025-03-06 16:00:29] ,1,-7.515,408.868,27.711,5.008,493.364,-40.384,

[2025-03-06 16:00:37] ,2,54.176,456.191,-3.039,57.603,476.491,26.338,

[2025-03-06 16:00:46] ,3,32.887,455.334,-4.544,76.962,473.072,89.231,

[2025-03-06 16:00:58] ,1,-5.472,428.839,75.593,-6.79,469.702,-80.949,

[2025-03-06 16:01:06] ,2,38.423,408.143,51.988,11.203,485.389,163.496,

[2025-03-06 16:01:16] ,1,-1.913,439.252,13.791,55.823,513.927,-17.14,

[2025-03-06 16:01:26] ,2,35.985,474.382,-58.95,72.498,511.752,88.958,

[2025-03-06 16:01:41] ,1,-2.572,419.546,-64.12,13.246,491.518,-69.974,

[2025-03-06 16:01:49] ,1,29.987,478.402,-33.275,62.744,492.771,58.861,

[2025-03-06 16:01:58] ,1,11.994,514.455,28.61,-0.199,514.916,22.463,

[2025-03-06 16:02:07] ,3,34.049,451.38,-62.083,28.226,509.973,-51.992,

[2025-03-06 16:02:17] ,1,44.289,403.398,23.334,35.326,429.827,-29.495,

[2025-03-06 16:02:25] ,1,-7.911,397.598,-12.529,59.646,461.266,88.986,

[2025-03-06 16:02:35] ,2,0.987,413.153,-81.798,-10.086,444.723,-145.049,

[2025-03-06 16:02:43] ,2,54.901,479.062,-106.361,6.392,489.607,-95.057,

[2025-03-06 16:02:52] ,3,58.495,494.716,63.094,21.981,495.736,-60.539,

[2025-03-06 16:03:02] ,1,35.853,448.612,74.745,1.778,480.907,82.937,

[2025-03-06 16:03:12] ,1,-8.306,448.216,-16.504,13.114,501.009,24.528,

[2025-03-06 16:03:20] ,2,63.535,402.08,-60.642,83.703,441.889,101.31,

[2025-03-06 16:03:31] ,1,15.421,460.541,-61.189,46.267,514.455,-1.032,

[2025-03-06 16:03:39] ,2,54.439,422.314,130.326,-3.561,515.905,-3.094,

[2025-03-06 16:03:47] ,3,48.442,462.452,-19.272,84.103,464.054,45.541,

[2025-03-06 16:03:58] ,1,35.392,442.416,30.184,69.401,513.268,5.659,

[2025-03-06 16:04:13] ,1,22.342,412.757,-12.804,-5.933,417.503,15.524,

[2025-03-06 16:04:21] ,2,14.301,399.575,92.064,57.801,433.98,-78.789,

[2025-03-06 16:04:32] ,3,35.423,446.524,40.192,20.694,504.964,11.086,

[2025-03-06 16:04:42] ,2,-10.745,467.593,92.027,25.703,496,5.057,

[2025-03-06 16:04:50] ,1,-8.108,442.218,56.449,4.48,446.898,30.619,

[2025-03-06 16:04:59] ,1,27.021,469.9,46.067,55.889,498.043,-85.914,

[2025-03-06 16:05:09] ,1,83.176,478.6,23.131,47.717,492.375,83.884,

[2025-03-06 16:05:19] ,1,37.237,398.455,48.668,0.46,425.609,14.899,

[2025-03-06 16:05:31] ,1,-9.756,482.555,-80.372,-3.099,508.127,-36.363,

[2025-03-06 16:05:46] ,1,54.044,456.982,5.057,76.651,457.048,22.463,

[2025-03-06 16:05:54] ,2,22.935,425.741,-135.356,60.437,471.087,-100.713,

[2025-03-06 16:06:03] ,3,8.958,402.506,49.606,34.733,438.462,2.275,

[2025-03-06 16:06:12] ,3,34.733,472.075,19.983,-10.337,474.624,43.668,

[2025-03-06 16:06:22] ,1,51.408,482.621,-63.886,28.998,492.441,-48.909,

[2025-03-06 16:06:30] ,1,-1.056,514.652,-5.102,17.464,518.343,-79.786,

[2025-03-06 16:06:39] ,2,62.612,416.316,80.707,32.162,473.064,-3.039,

[2025-03-06 16:06:48] ,3,7.973,431.541,-7.267,33.81,506.348,-20.244,

[2025-03-06 16:06:57] ,3,69.222,509.446,-52.595,46.596,517.355,-1.153,

[2025-03-06 16:07:09] ,1,-9.163,418.821,-28.405,43.828,429.762,63.662,

[2025-03-06 16:07:17] ,3,40.848,466.209,-64.277,12.513,497.714,-85.079,

[2025-03-06 16:07:28] ,3,9.59,503.25,-60.539,26.458,518.692,40.394,

[2025-03-06 16:07:40] ,2,76.519,473.196,-145.886,-4.351,473.262,-135,

[2025-03-06 16:07:49] ,1,1.778,437.275,-17.956,17.53,444.855,23.658,

[2025-03-06 16:08:05] ,1,26.033,411.175,15.03,4.085,411.439,73.496,

[2025-03-06 16:08:13] ,1,82.714,442.877,-89.484,13.378,472.405,32.164,

[2025-03-06 16:08:22] ,2,2.437,401.223,-106.157,-1.451,515.575,-81.87,

[2025-03-06 16:08:31] ,3,60.503,411.175,27.937,35.867,441.777,77.8,

[2025-03-06 16:08:41] ,1,34.139,422.248,54.345,40.137,435.825,-37.476,

[2025-03-06 16:08:49] ,1,18.123,451.314,54.23,86.01,493.891,68.295,

[2025-03-06 16:08:58] ,3,6.985,439.912,0,59.448,453.225,16.991,

[2025-03-06 16:09:11] ,1,15.421,449.534,75.719,-5.999,482.818,-63.208,

[2025-03-06 16:09:21] ,2,-10.679,402.146,-49.008,20.035,418.293,153.435,

[2025-03-06 16:09:29] ,2,42.708,491.123,-68.854,58.262,516.564,41.719,

[2025-03-06 16:09:37] ,3,51.762,470.493,-45.535,-9.822,496.593,2.275,

[2025-03-06 16:09:47] ,1,42.444,438.791,46.067,48.705,456.784,69.503,

[2025-03-06 16:09:55] ,2,60.173,419.15,-9.713,-10.151,441.098,159.326,

[2025-03-06 16:10:11] ,1,43.037,465.089,-73.918,75.662,482.027,79.192,

[2025-03-06 16:10:19] ,1,-6.724,484.73,53.531,73.817,506.282,-11.411,

[2025-03-06 16:10:28] ,2,-8.833,406.891,-86.424,52.726,412.032,-111.516,

[2025-03-06 16:10:39] ,2,64.26,465.946,131.424,12.851,474.316,-71.723,

[2025-03-06 16:10:47] ,3,-3.89,423.896,8.775,47.435,437.407,-79.287,

[2025-03-06 16:10:56] ,3,8.364,410.8,50.389,22.997,454.841,86.987,

[2025-03-06 16:11:05] ,3,38.913,481.632,-58.517,14.978,501.226,68.552,

[2025-03-06 16:11:16] ,1,1.976,429.498,58.861,65.908,444.591,3.039,

[2025-03-06 16:11:24] ,1,36.644,451.512,-30.619,22.144,463.902,73.78,

[2025-03-06 16:11:33] ,3,10.886,500.837,87.709,51.875,516.81,57.588,

[2025-03-06 16:11:44] ,1,1.053,406.232,53.334,3.689,452.302,45,

[2025-03-06 16:11:52] ,2,1.976,470.559,163.639,31.371,517.355,-63.895,

[2025-03-06 16:12:03] ,1,-2.901,422.182,-14.407,8.896,431.146,37.786,

[2025-03-06 16:12:12] ,2,38.621,439.384,-146.592,50.353,447.03,-18.435,

[2025-03-06 16:12:23] ,2,26.823,496.264,22.27,29.196,509.38,-87.973,

[2025-03-06 16:12:39] ,1,15.817,413.416,-40.711,-5.67,436.88,-66.14,

[2025-03-06 16:12:47] ,1,30.646,455.466,74.876,40.796,472.009,-25.442,

[2025-03-06 16:12:58] ,1,-1.32,412.296,-43.919,38.094,419.875,-41.379,

[2025-03-06 16:13:06] ,1,26.033,482.687,32.164,43.235,494.023,56.17,

[2025-03-06 16:13:15] ,3,33.734,450.852,-65.12,-6.381,495.784,43.394,

[2025-03-06 16:13:25] ,3,27.391,509.368,75.315,10.742,514.586,-25.71,

[2025-03-06 16:13:35] ,1,84.889,438.989,-81.724,73.223,506.216,45.365,

[2025-03-06 16:13:45] ,3,-8.686,407.616,-76.339,19.573,467.396,-26.061,

[2025-03-06 16:15:16] ,2,46.53,432.53,120.619,18.914,445.25,2.534,

[2025-03-06 16:15:22] ,2,46.464,432.53,120.877,18.848,445.25,2.027,

[2025-03-06 16:16:21] ,3,0.658,466.605,-8.717,18.629,516.498,-39.855,

[2025-03-06 16:16:26] ,3,0.658,466.605,-8.717,18.629,516.498,-39.855,

[2025-03-06 16:17:33] ,2,54.242,432.596,24.528,67.028,486.971,48.958,

[2025-03-06 16:17:43] ,1,35.589,416.646,-17.628,40.137,446.898,33.83,

[2025-03-06 16:20:10] ,1,40.137,446.964,33.551,-5.538,515.114,79.192,

[2025-03-06 16:20:16] ,1,40.137,446.964,33.551,-5.538,515.114,79.192,

[2025-03-06 16:20:30] ,1,16.805,440.834,-13.791,18.651,457.905,-71.25,

[2025-03-06 16:20:39] ,1,48.705,467.527,-79.472,22.144,481.368,-7.063,

[2025-03-06 16:20:48] ,1,5.93,488.025,-70.615,10.083,514.586,36.363,

[2025-03-06 16:20:57] ,2,20.167,400.234,-131.379,-10.481,407.155,95.659,

[2025-03-06 16:21:06] ,2,44.883,415.789,-39.542,57.867,417.568,-161.075,

[2025-03-06 16:21:14] ,3,26.8,419.678,-40.147,0.632,451.05,-78.616,

[2025-03-06 16:21:23] ,3,61.218,477.941,-73.846,77.774,511.168,46.357,

[2025-03-06 16:21:34] ,1,15.619,427.323,-39.999,34.271,494.616,-59.381,

[2025-03-06 16:21:42] ,2,56.614,408.275,125.119,14.301,446.371,168.395,

[2025-03-06 16:21:51] ,3,82.085,455.796,-77.719,33.151,518.146,6.509,

[2025-03-06 16:22:02] ,1,8.105,470.757,-43.243,39.214,496.066,60.505,

[2025-03-06 16:22:12] ,1,8.237,417.371,51.814,27.153,480.643,-4.014,

[2025-03-06 16:22:20] ,3,-0.661,448.743,-20.113,19.666,455.532,-31.287,

[2025-03-06 16:22:29] ,3,3.535,470.611,75.506,15.415,515.377,-74.211,

[2025-03-06 16:22:41] ,3,-7.647,500.284,90,43.665,501.86,74.946,

[2025-03-06 16:22:53] ,1,82.253,487.696,74.97,4.48,499.361,-45,

[2025-03-06 16:23:09] ,1,25.769,406.957,-65.934,-1.056,432.727,53.936,

[2025-03-06 16:23:18] ,1,38.094,421.787,36.769,7.973,448.941,-63.658,

[2025-03-06 16:23:27] ,1,49.892,450.062,-43.933,3.096,478.073,-40.764,

[2025-03-06 16:23:36] ,1,23.989,456.85,-64.772,22.473,467.462,-60.994,

[2025-03-06 16:23:44] ,1,-7.515,491.518,-24.986,13.773,495.736,-84.44,

[2025-03-06 16:23:54] ,2,65.512,424.489,68.009,49.826,497.648,86.934,

[2025-03-06 16:24:02] ,2,18.98,510.105,-62.978,49.496,511.555,30.44,

[2025-03-06 16:24:11] ,3,64.01,444.75,33.901,39.61,482.225,-6.798,

[2025-03-06 16:24:21] ,1,-3.363,402.871,-67.816,12.126,418.096,56.17,

[2025-03-06 16:24:30] ,1,61.36,422.973,-60.446,76.585,456.059,78.19,

[2025-03-06 16:24:39] ,1,42.048,496.725,-55.751,21.485,500.35,-12.2,

[2025-03-06 16:24:48] ,2,13.048,435.166,109.722,14.433,456.257,-101.211,

[2025-03-06 16:24:58] ,2,37.171,453.423,3.039,6.589,479.721,97.001,

[2025-03-06 16:25:07] ,1,3.426,404.65,66.194,6.194,441.23,13.299,

[2025-03-06 16:25:15] ,1,62.019,478.468,-83.437,69.071,497.121,-63.435,

[2025-03-06 16:25:24] ,2,22.144,411.834,-149.744,-1.451,416.58,80.707,

[2025-03-06 16:25:35] ,3,4.6,506.743,-89.236,67.174,515.557,43.363,

[2025-03-06 16:25:45] ,1,55.098,509.314,60.698,35.919,514.586,-2.534,

[2025-03-06 16:25:56] ,1,22.671,443.075,70.615,25.242,472.866,-2.511,

[2025-03-06 16:26:05] ,2,54.901,433.848,-109.552,-10.349,480.643,131.8,

[2025-03-06 16:26:15] ,3,-10.942,445.58,-0.764,61.096,481.434,-27.408,

[2025-03-06 16:26:31] ,1,0.855,428.114,88.479,34.469,446.502,-64.106,

[2025-03-06 16:26:39] ,1,73.421,454.543,-83.884,75.596,479.787,-26.792,

[2025-03-06 16:26:48] ,2,83.637,446.239,109.895,24.517,470.098,-101.113,

[2025-03-06 16:26:58] ,1,4.414,491.65,43.586,71.312,512.214,-38.82,

[2025-03-06 16:27:06] ,3,7.117,438.725,-6.089,10.28,455.005,-21.173,

[2025-03-06 16:27:16] ,3,30.906,494.064,53.584,0.394,514.455,9.588,

[2025-03-06 16:27:26] ,2,62.283,457.377,-148.69,-2.638,493.43,-68.385,

[2025-03-06 16:27:35] ,1,73.355,446.568,88.479,-5.604,474.118,23.199,

[2025-03-06 16:27:45] ,1,8.567,437.934,-52.125,-10.745,478.534,-60.505,

[2025-03-06 16:27:53] ,2,15.289,461.266,0,15.223,497.45,-127.171,

[2025-03-06 16:28:02] ,3,21.287,413.35,10.408,38.094,486.18,17.716,

[2025-03-06 16:28:12] ,2,59.119,446.173,-119.932,20.233,497.384,-152.076,

[2025-03-06 16:28:23] ,1,74.344,431.739,14.534,-7.713,500.68,73.639,

[2025-03-06 16:28:30] ,3,28.509,467.462,-71.801,17.927,487.575,35.362,

[2025-03-06 16:28:47] ,1,68.742,451.182,-75.101,5.271,497.318,-71.089,

[2025-03-06 16:28:55] ,2,64.523,405.243,163.698,-0.726,454.412,-90,

[2025-03-06 16:29:04] ,3,3.629,404.321,-81.167,74.674,429.742,80.789,

[2025-03-06 16:29:13] ,3,-8.89,431.969,67.703,49.609,435.705,64.618,

[2025-03-06 16:29:22] ,3,53.78,464.232,-29.604,45.423,488.138,43.394,

[2025-03-06 16:29:33] ,1,4.546,406.166,29.302,-4.088,447.096,-9.211,

[2025-03-06 16:29:41] ,1,49.101,448.282,-81.444,51.144,462.321,-65.225,

[2025-03-06 16:29:49] ,1,74.937,471.152,69.146,55.955,516.366,15.03,

[2025-03-06 16:29:58] ,2,36.908,466.934,142.125,32.689,478.073,121.05,

[2025-03-06 16:30:07] ,2,-9.492,499.889,-80.87,32.492,506.018,-45,

[2025-03-06 16:30:17] ,1,79.617,413.021,-53.13,50.089,464.957,-20.674,

[2025-03-06 16:30:25] ,1,18.189,484.532,84.489,-1.056,495.341,59.816,

[2025-03-06 16:30:35] ,3,73.972,411.313,41.441,14.122,433.65,-53.054,

[2025-03-06 16:30:45] ,1,78.167,403.068,-46.848,42.048,501.141,-86.424,

[2025-03-06 16:30:57] ,1,84.23,496.33,-45.725,28.208,508.391,17.628,

[2025-03-06 16:31:08] ,3,2.621,456.256,30.12,44.726,504.568,-72.168,

[2025-03-06 16:31:24] ,1,16.542,435.364,11.706,-2.572,451.841,-60.068,

[2025-03-06 16:31:33] ,1,13.971,456.652,14.281,-4.945,465.221,-34.663,

[2025-03-06 16:31:42] ,3,-5.604,413.416,2.306,40.548,429.27,81.601,

[2025-03-06 16:31:56] ,2,51.473,460.343,-38.897,78.562,474.184,-138.621,

[2025-03-06 16:32:04] ,1,74.344,430.487,55.597,-5.142,449.073,-53.936,

[2025-03-06 16:32:12] ,1,37.039,463.309,51.73,-5.406,467.659,12.2,

[2025-03-06 16:32:21] ,1,42.312,477.809,-70.145,6.655,479.984,79.963,

[2025-03-06 16:32:32] ,1,-6.461,434.639,-51.499,55.56,513.466,-88.968,

[2025-03-06 16:32:47] ,1,5.271,402.937,-35.119,69.137,431.673,36.973,

[2025-03-06 16:32:56] ,3,28.142,417.371,10.784,7.805,457.091,32.326,

[2025-03-06 16:33:07] ,1,48.376,474.777,24.986,11.269,500.811,16.991,

[2025-03-06 16:33:15] ,1,85.417,512.148,-47.936,31.964,516.432,-57.295,

[2025-03-06 16:33:24] ,3,-8.786,413.943,-63.435,13.278,465.262,62.592,

[2025-03-06 16:33:35] ,1,32.821,444.13,-29.745,69.137,461.398,76.584,

[2025-03-06 16:33:46] ,3,7.832,430.952,89.618,31.406,460.144,70.017,

[2025-03-06 16:33:54] ,3,22.469,485.95,86.987,-3.758,486.18,0,

[2025-03-06 16:34:11] ,1,-10.745,399.905,26.333,7.248,406.298,-87.955,

[2025-03-06 16:34:19] ,1,38.489,414.339,76.464,12.587,418.293,80.789,

[2025-03-06 16:34:28] ,1,32.623,428.905,86.455,13.839,434.441,7.063,

[2025-03-06 16:34:37] ,1,62.942,464.166,-42.51,24.319,507.402,-86.961,

[2025-03-06 16:34:46] ,3,-1.192,426.242,53.664,36.827,448.272,37.247,

[2025-03-06 16:35:17] ,1,10.214,422.775,55.465,-1.517,455.268,8.556,

[2025-03-06 16:35:26] ,1,11.994,467.857,-15.255,49.892,502.064,41.424,

[2025-03-06 16:35:37] ,1,-8.108,413.746,-3.608,46.662,503.382,-73.009,

[2025-03-06 16:35:45] ,3,87.253,424.607,80.283,52.622,426.466,-70.602,

[2025-03-06 16:35:55] ,3,78.192,480.512,-31.357,30.647,500.548,-66.852,

[2025-03-06 16:36:05] ,1,-9.031,400.366,-1.562,22.012,428.246,56.17,

[2025-03-06 16:36:14] ,3,9.292,456.521,-14.494,22.21,495.539,-16.154,

[2025-03-06 16:36:24] ,3,18.651,404.17,66.701,-3.297,482.423,27.917,

[2025-03-06 16:36:40] ,1,14.564,417.832,-53.637,86.801,436.418,-1.548,

[2025-03-06 16:36:48] ,1,0.987,440.175,42.51,24.648,450.259,80.372,

[2025-03-06 16:37:04] ,3,-7.515,426.334,27.582,20.241,461.303,58.392,

[2025-03-06 16:37:14] ,3,47.788,459.701,34.838,48.893,512.346,-79.97,

[2025-03-06 16:37:23] ,1,53.451,399.378,3.608,73.355,416.184,-54.048,

[2025-03-06 16:37:32] ,1,69.73,436.616,0,-4.813,448.282,-84.44,

[2025-03-06 16:37:42] ,1,11.203,400.366,-14.534,13.114,447.557,26.565,

[2025-03-06 16:37:51] ,1,37.237,466.934,14.769,68.478,505.425,52.619,

[2025-03-06 16:38:01] ,1,87.064,441.032,64.12,4.942,481.039,-61.869,

[2025-03-06 16:38:10] ,1,-1.913,509.973,-68.671,61.294,510.896,-16.65,

[2025-03-06 16:38:20] ,1,20.496,452.764,-88.479,44.948,506.611,-79.695,

[2025-03-06 16:38:30] ,3,9.621,486.575,27.582,2.727,506.677,-57.792,

[2025-03-06 16:38:42] ,1,22.144,406.166,83.774,66.896,509.841,73.843,

[2025-03-06 16:38:58] ,1,64.985,397.598,-53.13,24.648,418.491,-45.36,

[2025-03-06 16:39:06] ,1,35.655,427.982,57.295,15.948,473.327,5.957,

[2025-03-06 16:39:15] ,3,-1.875,432.596,-71.806,50.353,440.571,-29.275,

[2025-03-06 16:41:43] ,1,12.389,430.948,40.711,4.283,465.221,80.949,

[2025-03-06 16:41:50] ,3,-9.958,430.465,53.358,57.007,462.169,48.493,

[2025-03-06 16:42:00] ,3,54.571,483.28,0,8.658,496.65,61.571,

[2025-03-06 16:42:09] ,3,32.558,497.318,-8.717,18.292,517.948,-71.686,

[2025-03-06 16:42:19] ,2,80.539,472.405,112.463,37.83,483.807,84.987,

[2025-03-06 16:42:27] ,3,44.572,464.627,-50.339,0.694,486.443,-88.116,

[2025-03-06 16:42:37] ,1,68.082,397.598,-73.051,7.71,397.993,-4.677,

[2025-03-06 16:42:53] ,1,54.505,420.073,60.945,29.921,425.016,-82.875,

[2025-03-06 16:43:01] ,1,46.333,443.668,-56.449,50.089,497.516,72.525,

[2025-03-06 16:43:10] ,1,22.803,498.768,83.379,31.569,509.182,50.001,

[2025-03-06 16:43:19] ,3,32.356,471.284,-36.193,3.953,504.766,11.459,

[2025-03-06 16:43:30] ,1,36.973,398.982,-36.973,30.383,426.927,-34.951,

[2025-03-06 16:43:38] ,2,25.769,446.568,156.801,28.339,469.834,-60.751,

[2025-03-06 16:43:47] ,3,26.823,485.191,3.411,40.994,515.905,-9.588,

[2025-03-06 16:43:58] ,1,41.917,421.457,-38.501,60.173,436.814,31.842,

[2025-03-06 16:44:06] ,1,79.155,448.677,-49.343,-5.34,454.346,58.69,

[2025-03-06 16:44:16] ,3,7.152,429.037,-71.445,25.769,429.696,-24.001,

[2025-03-06 16:44:27] ,1,-2.176,449.666,76.817,-10.876,474.58,84.943,

[2025-03-06 16:44:35] ,1,67.819,489.343,47.521,-8.965,510.896,19.895,

[2025-03-06 16:44:51] ,1,24.055,402.212,-69.146,83.176,414.668,14.664,

[2025-03-06 16:44:59] ,1,-7.713,437.275,74.612,42.312,444.723,-80.372,

[2025-03-06 16:45:08] ,1,41.851,464.825,-14.517,85.68,514.257,20.072,

[2025-03-06 16:45:17] ,2,62.414,430.816,-59.123,58.789,470.493,-17.475,

[2025-03-06 16:45:26] ,2,48.771,429.037,-162.372,76.585,474.777,126.064,

[2025-03-06 16:45:34] ,3,47.546,410.582,-44.728,30.84,426.768,49.028,

[2025-03-06 16:45:43] ,4,69.467,402.014,90,27.812,472.866,49.236,

[2025-03-06 16:45:54] ,1,-7.449,403.266,-60.001,73.619,411.175,-23.806,

[2025-03-06 16:46:01] ,1,46.003,469.966,-84.987,62.744,480.248,-9.13,

[2025-03-06 16:46:10] ,1,30.712,492.375,-36.469,54.044,495.011,45,

[2025-03-06 16:46:19] ,1,67.687,497.648,55.465,81.528,504.371,-88.968,

[2025-03-06 16:46:28] ,2,57.208,418.491,-67.537,1.58,436.484,-5.102,

[2025-03-06 16:46:37] ,2,84.757,448.018,170.789,40.401,448.809,-132.173,

[2025-03-06 16:46:45] ,2,25.308,451.05,-35.362,50.88,456.191,-150.505,

[2025-03-06 16:46:54] ,3,38.296,407.5,45.815,32.033,430.484,56.626,

[2025-03-06 16:47:02] ,3,68.28,464.825,-9.211,76.83,480.297,71.086,

[2025-03-06 16:47:13] ,1,65.842,408.275,-63.204,58.196,420.6,-23.6,

[2025-03-06 16:47:21] ,2,-6.395,398.323,-17.447,76.848,463.902,5.102,

[2025-03-06 16:47:33] ,2,-6.461,443.668,-10.214,66.632,472.8,8.707,

[2025-03-06 16:47:40] ,2,79.617,493.166,155.726,23.923,518.871,88.968,

[2025-03-06 16:47:49] ,1,31.635,409.725,82.747,61.36,458.234,-24.319,

[2025-03-06 16:47:57] ,1,-2.901,490.53,18.435,18.453,490.53,-10.125,

[2025-03-06 16:48:06] ,3,39.676,479.852,-23.199,33.253,502.855,-41.791,

[2025-03-06 16:48:17] ,1,33.81,411.9,86.392,81.989,436.946,71.727,

[2025-03-06 16:48:25] ,1,86.273,453.884,-75.593,-7.12,494.089,-36.469,

[2025-03-06 16:48:34] ,1,61.492,495.473,37.786,63.93,511.686,37.381,

[2025-03-06 16:48:43] ,3,-10.456,448.743,-45.535,64.773,448.875,-84.668,

[2025-03-06 16:48:54] ,1,29.723,480.907,-58.261,69.796,491.189,69.146,

[2025-03-06 16:49:03] ,2,40.467,446.502,135,48.31,511.752,-125.952,

[2025-03-06 16:49:14] ,1,34.403,444.789,-68.385,9.489,480.512,38.66,

[2025-03-06 16:49:25] ,1,34.733,433.716,25.659,25.11,492.507,42.51,

[2025-03-06 16:49:33] ,1,22.21,475.437,-55.62,5.469,477.084,-37.476,

[2025-03-06 16:49:42] ,3,39.903,399.246,-70.837,4.48,496.659,-1.146,

[2025-03-06 16:49:51] ,3,31.569,510.236,28.095,65.976,511.752,-34.961,

[2025-03-06 16:50:03] ,1,45.08,481.764,-50.323,70.917,482.687,51.103,

[2025-03-06 16:50:12] ,4,39.303,453.621,-69.887,43.233,497.54,54.728,

[2025-03-06 16:50:23] ,2,60.898,415.657,106.504,59.514,503.58,-161.727,

[2025-03-06 16:50:37] ,1,7.38,407.418,-22.184,-0.792,454.082,55.337,

[2025-03-06 16:50:45] ,1,14.433,464.693,52.431,-2.045,501.273,-4.554,

[2025-03-06 16:50:54] ,2,30.844,406.628,-71.727,38.226,442.218,-35.362,

[2025-03-06 16:51:03] ,2,11.994,481.105,-178.986,77.639,482.027,71.727,

[2025-03-06 16:51:11] ,2,2.239,485.652,17.475,47.123,508.589,172.372,

[2025-03-06 16:51:21] ,2,39.412,419.084,-177.955,5.337,443.932,39.999,

[2025-03-06 16:51:29] ,2,16.146,464.364,-79.472,35.985,477.941,118.811,

[2025-03-06 16:51:37] ,3,-8.076,462.255,-71.086,86.076,485.85,-11.988,

[2025-03-06 16:51:46] ,4,19.31,434.243,-60.018,86.537,463.902,20.854,

[2025-03-06 16:51:57] ,1,48.244,417.964,-13.416,-6.922,427.982,12.918,

[2025-03-06 16:52:04] ,2,28.669,434.441,-169.287,4.546,470.032,158.106,

[2025-03-06 16:52:13] ,1,24.978,468.187,-42.173,-5.933,473.855,-31.739,

[2025-03-06 16:52:23] ,3,56.419,407.559,46.357,10.412,410.846,-20.735,

[2025-03-06 16:52:32] ,3,70.719,451.248,13.761,77.564,474.712,-65.145,

[2025-03-06 16:52:41] ,2,12.389,483.477,-108.911,53.055,490.596,67.73,

[2025-03-06 16:52:51] ,1,82.253,452.302,85.914,1.185,457.839,10.125,

[2025-03-06 16:52:59] ,2,16.608,438,144.048,43.235,468.055,-18.277,

[2025-03-06 16:53:08] ,2,13.773,479.325,-72.676,33.217,496.132,-141.814,

[2025-03-06 16:53:18] ,1,20.364,491.98,43.933,45.278,516.696,89.484,

[2025-03-06 16:53:26] ,4,-8.438,432.727,-5.711,57.502,468.867,40.147,

[2025-03-06 16:53:36] ,2,52.989,506.084,96.116,80.078,506.348,146.454,

[2025-03-06 16:53:42] ,3,-1.649,496.396,26.395,-10.613,512.148,6.129,

[2025-03-06 16:53:58] ,1,11.401,409.066,-10.808,60.239,410.253,-68.962,

[2025-03-06 16:54:07] ,1,57.867,449.073,6.062,78.298,456.389,-12.308,

[2025-03-06 16:54:16] ,2,72.63,397.268,-122.672,65.117,434.112,-137.175,

[2025-03-06 16:54:27] ,2,46.728,441.691,-142.829,34.667,444.196,4.05,

[2025-03-06 16:54:36] ,1,43.828,457.312,66.342,49.694,474.382,70.145,

[2025-03-06 16:54:44] ,1,8.764,483.477,-27.688,30.58,514.125,56.592,

[2025-03-06 16:54:54] ,2,78.694,490.727,-124.403,47.387,502.459,112.27,

[2025-03-06 16:55:03] ,2,19.771,505.821,-14.281,0.658,515.971,-173.884,

[2025-03-06 16:55:12] ,4,38.185,425.477,-31.483,-2.517,434.375,-37.476,

[2025-03-06 16:55:22] ,3,28.437,466.271,74.778,55.728,495.241,39.316,

[2025-03-06 16:55:29] ,4,36.125,484.49,-45,-10.811,510.171,80.707,

[2025-03-06 16:55:41] ,1,11.005,420.6,80.287,15.685,442.35,53.13,

[2025-03-06 16:55:48] ,2,-7.911,427.455,-101.81,74.805,456.191,37.786,

[2025-03-06 16:55:57] ,1,-8.306,404.057,-68.962,20.628,500.284,38.897,

[2025-03-06 16:56:06] ,2,16.805,455.862,-51.028,52.33,484.927,-107.956,

[2025-03-06 16:56:15] ,2,57.273,498.505,-163.843,26.955,512.543,-124.535,

[2025-03-06 16:56:25] ,2,28.669,458.893,46.779,29.328,513.993,-160.758,

[2025-03-06 16:58:00] ,2,78.43,435.43,7.253,55.494,501.471,21.991,

[2025-03-06 16:58:07] ,4,9.806,401.874,37.1,0.262,470.427,29.604,

[2025-03-06 16:58:16] ,3,40.564,472.471,-77.8,19.639,497.911,-27.582,

[2025-03-06 16:58:25] ,1,-2.836,486.18,54.638,53.187,510.434,51.814,

[2025-03-06 16:58:34] ,2,35.062,459.75,146.032,39.939,507.402,-162.525,

[2025-03-06 16:58:51] ,1,-2.967,420.534,29.302,81.528,437.671,38.1,

[2025-03-06 16:58:59] ,1,64.326,438.264,18.595,78.167,458.037,32.276,

[2025-03-06 16:59:08] ,1,76.717,471.614,-87.444,48.903,508.918,-73.009,

[2025-03-06 16:59:18] ,2,52.396,443.866,-14.769,64.458,460.409,10.214,

[2025-03-06 16:59:28] ,1,14.894,500.152,77.692,71.707,509.446,-74.97,

[2025-03-06 16:59:37] ,2,20.694,442.284,80.87,48.178,452.698,-72.676,

[2025-03-06 16:59:46] ,2,79.748,465.616,51.499,56.944,510.434,-165.466,

[2025-03-06 16:59:55] ,3,18.791,404.75,67.557,61.689,415.459,23.452,

[2025-03-06 17:00:05] ,1,44.619,400.63,-34.403,-3.758,402.343,42.447,

[2025-03-06 17:00:14] ,1,50.419,431.212,-2.556,37.369,437.473,-77.307,

[2025-03-06 17:00:23] ,2,26.428,397.466,-63.204,70.653,433.452,-94.086,

[2025-03-06 17:00:32] ,2,62.348,473.262,42.138,55.23,516.3,35.952,

[2025-03-06 17:00:41] ,1,36.183,453.291,0.507,45.608,471.812,-52.734,

[2025-03-06 17:00:50] ,3,-0.284,474.959,37.776,46.135,495.011,17.716,

[2025-03-06 17:00:59] ,3,9.951,498.702,-9.15,41.978,511.159,-36.336,

[2025-03-06 17:01:10] ,2,17.992,463.639,67.647,1.712,478.666,126.469,

[2025-03-06 17:01:18] ,2,22.012,489.607,-129.289,-6.988,494.089,163.496,

[2025-03-06 17:01:27] ,3,63.265,449.864,-65.651,35.392,468.912,16.88,

[2025-03-06 17:01:38] ,2,17.992,412.164,155.045,-9.229,426.466,-90,

[2025-03-06 17:01:46] ,3,-3.183,409.72,30.504,55.794,470.032,-41.791,

[2025-03-06 17:01:57] ,2,7.117,410.846,80.2,69.994,505.096,93.576,

[2025-03-06 17:02:05] ,3,87.921,494.616,25.53,-0.266,504.107,-66.501,

[2025-03-06 17:02:15] ,4,-2.988,399.043,86.849,5.337,466.143,-51.103,

[2025-03-06 17:02:26] ,1,26.758,469.307,31.477,-2.242,475.107,-30.619,

[2025-03-06 17:02:35] ,1,34.864,435.364,-23.6,77.969,455.071,3.576,

[2025-03-06 17:02:44] ,1,-8.372,462.848,9.628,22.078,493.166,53.231,

[2025-03-06 17:02:56] ,3,9.885,431.014,10.339,2.099,480.709,-80.102,

[2025-03-06 17:03:12] ,1,18.321,406.166,-44.275,83.373,451.446,28.163,

[2025-03-06 17:03:21] ,2,48.244,425.412,45.725,73.092,426.137,-164.836,

[2025-03-06 17:03:30] ,2,24.846,452.237,-59.207,-7.647,457.443,-135,

[2025-03-06 17:05:18] ,2,58.064,446.305,-95.56,-0.99,460.673,127.171,

[2025-03-06 17:05:23] ,2,58.064,446.305,-95.56,-0.99,460.673,127.171,

[2025-03-06 17:05:30] ,2,78.167,468.582,28.61,33.217,499.889,-9.13,

[2025-03-06 17:05:39] ,3,45.312,410.978,-42.558,7.345,427.125,-70.962,

[2025-03-06 17:05:48] ,3,45.571,466.095,40.479,19.705,471.548,-22.36,

[2025-03-06 17:05:59] ,1,73.157,409.132,-35.119,4.48,413.021,-86.934,

[2025-03-06 17:06:08] ,1,37.501,432.002,-61.39,49.958,455.466,28.369,

[2025-03-06 17:06:17] ,1,78.101,469.307,68.199,6.128,470.889,-28.811,

[2025-03-06 17:06:27] ,2,11.401,433.387,-79.287,4.612,444.262,69.326,

[2025-03-06 17:06:38] ,1,21.551,419.15,-72.86,37.369,419.546,35.538,

[2025-03-06 17:06:46] ,1,47.651,476.162,-27.924,7.512,517.157,22.932,

[2025-03-06 17:06:55] ,2,0.394,405.903,73.202,-5.406,504.964,-147.724,

[2025-03-06 17:07:05] ,3,31.415,509.292,86.186,50.856,509.973,-62.241,

[2025-03-06 17:07:14] ,4,50.617,397.466,-47.203,86.076,424.621,-29.358,

[2025-03-06 17:07:25] ,1,83.307,454.412,71.241,49.76,456.323,79.287,

[2025-03-06 17:07:32] ,1,61.755,481.302,-88.986,6.919,504.107,-18.273,

[2025-03-06 17:07:42] ,2,36.908,397.664,-166.342,28.933,448.348,142.524,

[2025-03-06 17:07:51] ,3,24.347,414.091,40.684,6.586,459.322,54.111,

[2025-03-06 17:08:02] ,1,22.539,445.909,47.49,2.305,474.382,-54.23,

[2025-03-06 17:08:11] ,3,70.719,487.432,24.001,-10.283,513.202,-22.797,

[2025-03-06 17:08:22] ,1,55.033,468.977,4.554,42.839,489.343,-35.655,

[2025-03-06 17:08:31] ,2,43.235,445.58,57.995,51.539,453.687,-98.631,

[2025-03-06 17:08:40] ,3,86.186,471.263,38.243,32.558,475.766,-13.671,

[2025-03-06 17:08:52] ,1,54.044,483.148,33.408,52.989,511.291,19.895,

[2025-03-06 17:09:00] ,2,0.394,400.828,-60.191,37.567,406.364,177.936,

[2025-03-06 17:09:10] ,2,-3.956,440.439,-6.116,4.019,488.355,11.706,

[2025-03-06 17:09:18] ,3,47.876,439.042,85.426,80.43,511.818,-55.989,

[2025-03-06 17:09:36] ,1,4.678,437.473,1.521,-4.351,476.096,38.972,

[2025-03-06 17:09:44] ,1,10.742,483.082,32.164,11.269,514.718,-18.113,

[2025-03-06 17:09:54] ,3,26.626,503.448,-1.528,48.442,504.832,-23.694,

[2025-03-06 17:10:03] ,4,85.351,459.816,17.628,83.439,509.446,-4.677,

[2025-03-06 17:10:15] ,1,73.355,420.996,60.446,-0.331,432.2,4.554,

[2025-03-06 17:10:22] ,1,30.185,433.387,66.602,41.719,516.959,59.56,

[2025-03-06 17:10:32] ,2,72.498,397.664,-6.282,17.267,425.346,-102.804,

[2025-03-06 17:10:40] ,2,50.683,434.705,102.918,-10.811,498.702,-112.932,

[2025-03-06 17:10:49] ,3,35.977,450.721,-80.166,62.81,457.905,13.392,

[2025-03-06 17:11:00] ,1,-3.561,448.941,7.063,5.205,472.471,1.507,

[2025-03-06 17:11:09] ,3,38.555,401.948,-10.784,22.597,420.732,-65.304,

[2025-03-06 17:11:18] ,3,18.651,450.589,22.36,23.989,470.955,7.866,

[2025-03-06 17:11:29] ,1,52.067,418.689,57.45,69.598,461.068,-83.379,

[2025-03-06 17:11:39] ,1,-9.031,423.105,-23.6,-10.679,516.63,-86.934,

[2025-03-06 17:11:48] ,2,59.976,461.793,-145.751,34.469,493.43,73.639,

[2025-03-06 17:11:57] ,4,-2.349,459.489,74.314,41.323,467.527,23.394,

[2025-03-06 17:12:08] ,1,21.748,479.918,58.1,3.755,480.709,39.999,

[2025-03-06 17:12:23] ,2,3.294,402.212,2.045,-0.99,452.566,-13.791,

[2025-03-06 17:12:31] ,2,12.587,490.925,142.524,39.873,495.539,-117.242,

[2025-03-06 17:12:41] ,3,6.326,412.164,90,19.244,446.041,-13.305,

[2025-03-06 17:12:50] ,4,20.826,471.218,-34.663,36.973,473.657,12.958,

[2025-03-06 17:13:02] ,1,84.428,414.866,63.204,-2.44,429.893,25.659,

[2025-03-06 17:13:09] ,1,20.298,441.559,85.486,7.776,469.373,17.324,

[2025-03-06 17:13:18] ,1,57.735,477.414,31.739,79.023,480.577,-48.576,

[2025-03-06 17:13:28] ,1,26.56,487.564,7.561,-9.69,501.141,-25.442,

[2025-03-06 17:13:37] ,1,11.533,497.977,-67.73,7.842,510.105,14.899,

[2025-03-06 17:13:48] ,1,35.392,454.609,24.528,5.271,479.457,-57.144,

[2025-03-06 17:13:57] ,2,25.571,424.884,117.474,86.932,456.652,29.302,

[2025-03-06 17:14:08] ,1,40.928,498.834,81.798,3.294,515.575,41.379,

[2025-03-06 17:14:16] ,2,40.203,403.003,57.45,-2.572,416.909,175.365,

[2025-03-06 17:14:25] ,3,57.699,424.555,-43.643,-2.44,476.162,16.88,

[2025-03-06 17:14:37] ,1,54.439,403.068,77.978,-6.658,480.577,37.171,

[2025-03-06 17:14:46] ,3,85.764,467.264,-86.927,21.076,474.712,-38.073,

[2025-03-06 17:14:57] ,2,24.78,433.782,84.391,-10.942,456.257,166.701,

[2025-03-06 17:15:13] ,1,35.655,440.966,-90,19.046,443.405,81.444,

[2025-03-06 17:15:21] ,1,3.03,461.2,25.894,71.707,463.441,-58.426,

[2025-03-06 17:15:30] ,1,35.985,469.571,3.013,2.437,478.798,-47.459,

[2025-03-06 17:15:40] ,2,73.882,420.864,-170.112,15.817,489.409,-159.503,

[2025-03-06 17:15:49] ,2,-1.386,507.205,-8.707,36.314,516.3,-145.886,

[2025-03-06 17:15:58] ,3,22.541,471.68,-80.91,32.894,495.977,57.995,

[2025-03-06 17:16:09] ,4,80.671,495.868,-20.556,15.223,508.162,50.013,

[2025-03-06 17:16:20] ,1,30.514,421.589,71.405,6.392,436.616,2.511,

